dataset,image_id,label_id,label_name,official_split,fold,is_final_test,sha256
MT,MT::exp0_num_461,5,Uneven,none,4,False,a3a572cd983eeacfe4274a8d186b16104ab569c3f49315f49741805807956324
MT,MT::exp0_num_743,4,Free,none,1,False,3b36f866d07e453f8875a6513b10749a68cd5e6255cfd7304a0697131d1b4954
MT,MT::exp0_num_797,3,Fray,none,4,False,6ac4c49bd08b5dee004dab2881d93ca13a46869abb0cd4612b49fff9aff69c4a
MT,MT::exp1_num_10181,4,Free,none,0,False,89319bb94a9fed8e7c46063a0137fd4cb4926e5fe05461a70db43f2798406b66
MT,MT::exp1_num_10334,4,Free,none,4,False,77dfad3f5a4fcd209778674c1601aebfcb24d7255f65dddc03c61959372197a4
MT,MT::exp1_num_106151,4,Free,none,2,False,6336ef34a907a039e207b580fd4c09f2890f8315eda0d8b58f8bdb1ec4bf7d3e
MT,MT::exp1_num_106729,4,Free,none,0,False,4d8297c1b49d216ea05575481181c444e7790aba33b1cb9eeeddfcc3af5af432
MT,MT::exp1_num_108719,0,Blowhole,none,3,False,46a40cf3202c39a720ce06a2ea0f302923cc5b27e80bbeb6e30439d7140c83d9
MT,MT::exp1_num_108889,0,Blowhole,none,0,False,37cd2b8f217eae48c439a35fbf685ecf52dc8c85fc6530862f8e739baa7940c6
MT,MT::exp1_num_10903,4,Free,none,1,False,14098e1a4ef6dfee57319140eea028a531c4f304801087f820d8e73fe2501c9c
MT,MT::exp1_num_109232,5,Uneven,none,4,False,10f7973514ceaaf82698a97c8441d4cf0e0575af6ba851fdc58f8aee2530adb0
MT,MT::exp1_num_110086,4,Free,none,4,False,1c9e4c06224cd4305a166c5d9d74089a28d5034466c4201507769c4b715be8a5
MT,MT::exp1_num_11276,4,Free,none,2,False,2a2a9b948e6a95404f02f45ad234baf4d70128e42665ffaa4f65c3aeb4dba607
MT,MT::exp1_num_114376,4,Free,none,4,False,40fe291b4ee37ed5dd2286dda97adb64a0ee4af3b051d9faa062e8726af484ba
MT,MT::exp1_num_116270,4,Free,none,0,False,bcf17cbbfd61c3b1d20e1513428400395e91656389abbf11f297aa2e168f89a8
MT,MT::exp1_num_116934,1,Break,none,2,False,7dcd6e804296353dc022321918a8c3c09c73bfb01fb073e2119bef9ddebb1374
MT,MT::exp1_num_116949,4,Free,none,3,False,a68ffdcaf6ce402bb8a96f6f2a20b381bdcb6a64479937ccad5e5073a6c95bac
MT,MT::exp1_num_118871,4,Free,none,4,False,4ba4e636df1bb4d18517d51bbb426769e32bbda3ee7c70995d551bc1094a7012
MT,MT::exp1_num_124236,5,Uneven,none,4,False,4197de583f7f7239860202a22dfcdc74acf52019ef628317de7c3cac7d8395e0
MT,MT::exp1_num_126299,4,Free,none,3,False,81a975fbd3ab51eaacac3c6402ce79be8275310a90b159d5766bd747f10b3247
MT,MT::exp1_num_126795,4,Free,none,0,False,3ffbb2ab9a599b3ae77cd6d5c93b67570e73d6294f578ed48967ebc3dfb12812
MT,MT::exp1_num_127649,4,Free,none,4,False,9041941337e255d1b558dc0daaaaf0b83c0c38577768da0672f1a3c2b6d2fa5b
MT,MT::exp1_num_128075,4,Free,none,4,False,ebf2eb801eee10681b5c52989d2148fc5ed2a29135fb503f64f354f8b69708e9
MT,MT::exp1_num_129031,5,Uneven,none,0,False,c481e0318fa4047bd81946f834aa09de4aada3485ba72edafad04406b20150d4
MT,MT::exp1_num_129580,4,Free,none,1,False,41298012b8d44b5cbef34a4f767010832f879dbd7bd320657280030b919d09bf
MT,MT::exp1_num_13526,4,Free,none,1,False,0a5e7082a5d02c8ec927485c1f024d652b1e9c069a64f05b7547fe338ea5e724
MT,MT::exp1_num_135544,3,Fray,none,3,False,78c8c50cad8019aaf1f90eba648073925e8a940132d0b96e31e07c47a294610b
MT,MT::exp1_num_136254,3,Fray,none,4,False,5b472ac57ec7120077e05da8caafb942fa3f33058d7c2d135c7d3fa65a316ade
MT,MT::exp1_num_138599,4,Free,none,3,False,89d73067e4aae8646d0ce58c7e5e8ec0bb1b78171aa493d9fa5dd5e38802d719
MT,MT::exp1_num_139798,5,Uneven,none,1,False,60f2dcfd4235d72f352022426f7f4764cf12ee1377c258ecb6cd93201e6a0d39
MT,MT::exp1_num_143147,4,Free,none,2,False,add68398b361295e5f238f6a6e54b13811288af43700bad716af183db31911f1
MT,MT::exp1_num_144162,4,Free,none,4,False,d1e14bdd91e39ed063e8ee5d955a80f1e936a11b33ee4575667c07ad4811c21f
MT,MT::exp1_num_147928,4,Free,none,2,False,79783ff5eb88d8ce5d232c4b4d860cf51a7381a010b415f2da485c2f60a0ccce
MT,MT::exp1_num_148923,4,Free,none,1,False,f5fa16032662b1deaf04bb2a466e77d060ce0b0839bfabe35fc3ed5487c2e4e7
MT,MT::exp1_num_154549,4,Free,none,0,False,8b5f8c958d2f59c7ce194616c20e93be50d9e6f8cb0af353d613501349d6f55f
MT,MT::exp1_num_155300,5,Uneven,none,0,False,348acd527f701f01f5e62709be29b211af342d8424d42138be0e050b1cf8aac9
MT,MT::exp1_num_157166,4,Free,none,1,False,197904cfe4ba4ded7fa5d2c1e9880cccae029f6aa359f46223d0a26b7a8d2b63
MT,MT::exp1_num_157675,4,Free,none,3,False,70f85715f20554423af2609bae1c9353a6afa0f4050c0af5c989ab5bde69325b
MT,MT::exp1_num_16503,4,Free,none,0,False,8b9ff616011677194ceeaa3db17724257b80fe08e8f2e9dbcee9f194d1d32ce2
MT,MT::exp1_num_165362,4,Free,none,3,False,5e1371a1c0968e7821fe58715003fe78113914a12d987c270da8220167470e09
MT,MT::exp1_num_166172,4,Free,none,3,False,3a7388e4e854462618849122f268e4528816d771feea02073b00fb86fa99cd20
MT,MT::exp1_num_172241,5,Uneven,none,1,False,d02930a1489adc57925f2c7b99d21fdbe461e75513ef5655e29e7599bfaf5f8d
MT,MT::exp1_num_174647,4,Free,none,0,False,8c9c488aaea2924593bdfba4eb69b571e28c0b5a48a0791bd2244c7a177759c2
MT,MT::exp1_num_177906,4,Free,none,3,False,1fc768d3d0e4558f61517d26076006aaff66d5df759f44eb80fb69bbed4f3976
MT,MT::exp1_num_178453,4,Free,none,3,False,237982f898a99bd0cea5b4a76349aecd0221a43e2554ad6c8c9bd7d584c96fce
MT,MT::exp1_num_180298,4,Free,none,3,False,60a288aa417049e3adb4794ef1e27ba019e41bc92a8861c53c41886d847d0864
MT,MT::exp1_num_180836,4,Free,none,2,False,6c45fdc5022570b82d0299978023d08ebd609c3f070cf0d5c2da4dfbfecf86e4
MT,MT::exp1_num_1810,4,Free,none,3,False,0453192a78afb807eacd4d97786b2b24532de7e25df67279a4f4507252e88834
MT,MT::exp1_num_18129,4,Free,none,1,False,8d9eab87a8f9bdebded17cc18b9791f40abe3db0f7398722e7b80a4539f5facb
MT,MT::exp1_num_183137,4,Free,none,4,False,9c623376e7ea160156f1279b9097e0aea0e3df3821be1eefbe430e1da1c58f6b
MT,MT::exp1_num_183798,4,Free,none,1,False,4d1034fc84639cc6476f03fd0ac3409df9438a79f61c6c11d57b5e2bb96551d1
MT,MT::exp1_num_186826,5,Uneven,none,2,False,d56bd32616289580e4f0ae9f4d2f4a7411b2e058eee26f281a5e535b40679105
MT,MT::exp1_num_187505,4,Free,none,0,False,75c7fa6716c03579a907c4262040034303ac2b847b69cc84e386801e3ebaad53
MT,MT::exp1_num_192126,4,Free,none,0,False,382db573fe8202e81aa776512da9511258b669a10466d65c3bcaec77e2b64a34
MT,MT::exp1_num_193104,4,Free,none,0,False,658b475ab098f3171f70f5582261ddf6c6f899048de9199df15a0e33361fd081
MT,MT::exp1_num_194173,1,Break,none,4,False,7dd57f24a9ed884199035fcc79c275778dcd250bb24d2acfee9ae4cf2b2b7faf
MT,MT::exp1_num_195647,4,Free,none,1,False,3af61142dc58f20a79437559fd9640ded88b216a3c064a3781dd089a7cd569d0
MT,MT::exp1_num_19695,4,Free,none,3,False,2a654e45a840d0e249cb4a66a38c6b7e682098517d29c198ab6c70ba2fa10bf7
MT,MT::exp1_num_20362,3,Fray,none,1,False,00d8916563f9148b281e055c030d0233cf6ffe799bb128ca38dac617044df1e6
MT,MT::exp1_num_2038,4,Free,none,0,False,86825f1021df04a0e8433992b108fb3134b503a73e288cabbff6fc7a7a13fa53
MT,MT::exp1_num_240048,4,Free,none,4,False,da5778fadd941b8a0fcaf0594767e1a7f89d6a9246d589d0dbf1adedf8eda9d8
MT,MT::exp1_num_241352,4,Free,none,2,False,0feeb41a8159afa33aab88633b970ac4863d6ea7b1e038d760b17cfee2dcbace
MT,MT::exp1_num_241889,1,Break,none,1,False,404258c4c64092782fad7797658cb91badabab2c524106ec592fe12234ed02ca
MT,MT::exp1_num_245763,4,Free,none,3,False,6c9013896a64764afdbf905e5d8878f6e2b3b6181224c5ff6d96e4caf2fa7e12
MT,MT::exp1_num_246296,4,Free,none,1,False,ea1d9206a967081a2ded37de9df52c1ecdb689dccba5ccb79ac5e52c245bb2e0
MT,MT::exp1_num_24793,5,Uneven,none,2,False,ed9720e0b58f3e8c69ab4e8096b89ec7ccdb1cda7a1e0a9a3c0d5ae318e9e31b
MT,MT::exp1_num_249594,2,Crack,none,4,False,f666b811ebcb5a46f18e6e60567566b8a28669e3e7660de95e149a0a05099f31
MT,MT::exp1_num_251427,4,Free,none,0,False,a67c1863a288d42b5dc26ebdcb62fe888c43a3fea93db54790820487a280bc67
MT,MT::exp1_num_255641,4,Free,none,3,False,f322f864da668593eb8363ecf1f8feb987ff3b0a966c62b4ef8aab9e71119b53
MT,MT::exp1_num_256261,4,Free,none,1,False,2d7488cac09e93ccc1c181ca81f027d4360dfa5951a2062bd5662d48b4266b72
MT,MT::exp1_num_257103,4,Free,none,0,False,05913a35d9e961e1c7a66e9116abc036210fc8512bf139cef427e9a3cb96d070
MT,MT::exp1_num_257630,4,Free,none,4,False,86105564e0480968ff9345a059121d1d4c2dde1e40bc3ead57a01c16fd8efc55
MT,MT::exp1_num_258511,3,Fray,none,2,False,cad183a4b225e06295c7bfd301cf60396bf5a9da01d69e8fcce0a4e70a0e62e3
MT,MT::exp1_num_258819,4,Free,none,4,False,b40190e6f8f0d70caff7d3a4e527711a0e322200182955ac6fdc6803fccba28c
MT,MT::exp1_num_260482,4,Free,none,0,False,30b01a6cc4a1b95679d3ff6d2c95d053bbdc5915552790efdb8ac2f5a13e10a6
MT,MT::exp1_num_260927,4,Free,none,1,False,107c3ae497b75eb5b5eebcfcf07b1ec3a0b4308bdc41c45e8efa404bb9028ec5
MT,MT::exp1_num_2610,4,Free,none,1,False,fe503a52846e0056517e2da4cd4fc46608a5253cce242b457f21dd4727c7ac64
MT,MT::exp1_num_26106,1,Break,none,1,False,3e93ab7d4a1e6d0fc2f98fbe619af1fe1c2601e36305d8735dd62e7501c281b1
MT,MT::exp1_num_261937,4,Free,none,1,False,ad7c2500668f33b3dfe1afe65c3e5304ac762cde23d01989b4c834e246923c3e
MT,MT::exp1_num_262216,4,Free,none,3,False,fae31a17975af06539c234dcc24553a829f101d79a17365f9b4d1a642b35c3ce
MT,MT::exp1_num_262480,0,Blowhole,none,0,False,651bd0ab9f6e0b254b830233d93a7435db7de3422bacb29a8aae6009bff09fb5
MT,MT::exp1_num_262642,4,Free,none,4,False,3b3e21b96926be0af93672e2444a4a4a2d01d92a642952f8979909240a1b1d20
MT,MT::exp1_num_263839,4,Free,none,4,False,bcb40ba5cdfccd333abe80b233b74135e9701fb82c9fc6b86c5cf6d90d3ce94b
MT,MT::exp1_num_264189,4,Free,none,3,False,248ca163ca25e86c5b032952f795165898a205e8b54d4c2b527fae190204cff2
MT,MT::exp1_num_265077,0,Blowhole,none,3,False,c57ae07d5daa20782508bc8156cae537cce71d044059cc7eb115cf6b4a857aa7
MT,MT::exp1_num_265613,2,Crack,none,2,False,a433a5979961cccaf2ed0ca25050eea19b66d1f61d936400cbd283f98f68fd0d
MT,MT::exp1_num_266278,4,Free,none,2,False,efd67b7e1f1fc37d136ce5269be1068035974d9c9912fd4b0e6f3c94bafe7cbb
MT,MT::exp1_num_266790,4,Free,none,3,False,1c2744d0d7220280b369b8bb3e85373b14920e49c8de9ae361c4d3bad35742ba
MT,MT::exp1_num_269086,4,Free,none,0,False,d0f1712870fb878e19fca938ef01d1caa4786cbb84663951d9f7bd3bbd543163
MT,MT::exp1_num_269626,4,Free,none,3,False,e88f8c3358d20ac9e8cb346302e0a0bcd1a36565076d90cd848e16669d7ee315
MT,MT::exp1_num_270128,5,Uneven,none,4,False,4ac1343b5c40d96ea6915682041eceedd8f22c63385b0f90368954bbb006cde3
MT,MT::exp1_num_270550,4,Free,none,2,False,df050318c3a57f1249750c598e70b8542c7d863f634258c55ae1f04a0a8b3696
MT,MT::exp1_num_270753,4,Free,none,4,False,9e4421f6f754dc141479ab5179e625fce5bc2cf83857b44440efe04949285f81
MT,MT::exp1_num_271361,1,Break,none,3,False,489d156892a6d6e10b38a48856dd46ed6466fd80e66857eadd21909af1b562dc
MT,MT::exp1_num_274094,5,Uneven,none,1,False,637323d9a6a64dc3620e57f0a66916d3afe5d365372c051c50fb5c31d505f0f2
MT,MT::exp1_num_275371,4,Free,none,2,False,4717b7744a6dffea0529a2feab46b4765fd57e17b2952c9d261154a51b822cf6
MT,MT::exp1_num_275662,4,Free,none,1,False,d641b1b7d66a1d2bd6b3c3e0e7751685f93d8311cb10d3679be91500b720635f
MT,MT::exp1_num_276355,2,Crack,none,3,False,61bdbdc818fb8b9dc4269f99eb447db22e5f0c6ec7ee0e785a8300c26e1221d2
MT,MT::exp1_num_276985,4,Free,none,2,False,7986ab4f0f02cddf4cf7ada086e91f7ec56166ee27d038a115640fe20256af2d
MT,MT::exp1_num_278570,4,Free,none,1,False,f16c7f702a13724f349c808978a2d5e69490bed33c6fbd34feeea661d4a04fd2
MT,MT::exp1_num_279090,4,Free,none,1,False,cc86a8d8766b2f9bcf47e2ce20db9b8221f2cc0254edc1d2a0790a531b1d0bc4
MT,MT::exp1_num_280205,4,Free,none,1,False,f97582b73eeec1aa2b98e32feac6840187404c5463832550892878e3d4c40aa5
MT,MT::exp1_num_280939,4,Free,none,2,False,04af4f946d3dba4018da1c0133839a6acf38eea25d2cd7ededaf8608cd6a7cea
MT,MT::exp1_num_282886,4,Free,none,0,False,ab91238a9579cada7b6b56d2a6eb760b0779c1638b467f4ad463d54b13ccb543
MT,MT::exp1_num_283203,4,Free,none,3,False,f766ad8f7205c5fe8694230b6236a538a63014b430a9357fc6bb2087902c5a82
MT,MT::exp1_num_28341,5,Uneven,none,2,False,17ea07b048f3747be556e5a7ef266f8349039ca31e03e00cf3d5dfd518baf78e
MT,MT::exp1_num_284482,1,Break,none,2,False,0882d513fe9cf7041c2322623308503413083cea927b51138b67f85bee806736
MT,MT::exp1_num_284841,4,Free,none,2,False,d07fd5f3819dcd7673d5d2b1ea62c31cfcfb69e90329f6d479cc4060c542e777
MT,MT::exp1_num_286232,4,Free,none,3,False,9b0ef174e593bb4e1d372478ed79f9b22deaf0178273473a9e6ced51fb57eacb
MT,MT::exp1_num_289590,4,Free,none,2,False,2e13ee7edf2fc588161ce2ed40b2bca671c8cdbc17b9565aab809349fd75f1b1
MT,MT::exp1_num_290047,4,Free,none,3,False,7e981ea8db54d6e8ff0c983e807997e699fe76142a48967c7c1da2b651c01cdd
MT,MT::exp1_num_290998,0,Blowhole,none,2,False,b4019c3e19a848d2c12f7de37d93409a55937ac51a41cf67ebb89822feb7dbfd
MT,MT::exp1_num_292087,4,Free,none,3,False,9c0eb606f1aa560341acc9f856b35721c961ae733aa58e8000d0b27ca4756a98
MT,MT::exp1_num_293254,4,Free,none,2,False,3f3d652200b152ae3d7c4c3e802d74c59e4e9ec1b7c540b02207c93795f05aad
MT,MT::exp1_num_293709,4,Free,none,0,False,6d5a02dca74242e174b6e4e3433f033e7546072c501297ca9c1f1349ef2dccb0
MT,MT::exp1_num_29469,4,Free,none,0,False,8d909231b417e4f682256a1011ee882e6d5f868f67edf6570d6cde697a8ea851
MT,MT::exp1_num_296631,4,Free,none,0,False,a32ef808ab9179b4abe703af43e5d737df8772de98e88d81767ba48664734b66
MT,MT::exp1_num_297276,4,Free,none,3,False,fe811674a4409c7d2feb034cb33bd9bf4d15c6937b8814cdcea62991706b2eb8
MT,MT::exp1_num_297464,0,Blowhole,none,3,False,34fb0ea17caab52cadc1447fe3bfd2e0b674962b73bc8b58f0675c427caccd92
MT,MT::exp1_num_299713,4,Free,none,2,False,f800fdc97c79bcb4ee61270ca0192963bea4e28908c994eaa486dc7bbc70c357
MT,MT::exp1_num_301474,4,Free,none,0,False,7d070fff41575e2ebfd42411dbadf66af4e8932c7fd4a58572a3641fdfa199e1
MT,MT::exp1_num_304290,1,Break,none,4,False,89d1f9ee92400fd150209e565d08742879812d5109e9d6c741b83cec36828102
MT,MT::exp1_num_304293,4,Free,none,1,False,85e8b01e0b51389a1deddf83755362fd65202d9bac2c79a7e4a289b8a686268f
MT,MT::exp1_num_304672,4,Free,none,0,False,49951fd2cfa14a6a8647648fe4a0ae9951afed1f6a9f6464314391dd2271b30c
MT,MT::exp1_num_304836,4,Free,none,0,False,03818c5e886449c559317eb308c89d6d3f83ce5633bb1d686e12e4a6eb76fb80
MT,MT::exp1_num_306425,4,Free,none,2,False,b6df67524df95c448761f6ab26e8647ca88560b339d86614eea119fc4edcca21
MT,MT::exp1_num_306586,4,Free,none,4,False,689f41f66ab833e2405d8042e9fcfbab7e813476076c04e5c552db00cfe65b6d
MT,MT::exp1_num_308015,0,Blowhole,none,4,False,324c259105bf2a2561df9459acec6a5bf712e16e9e263977044eeab5ae26a529
MT,MT::exp1_num_308806,4,Free,none,3,False,60499074e50740e9edf324cd7d2fd3845ff3c10a9d28704fff67c7bd818b7794
MT,MT::exp1_num_309352,4,Free,none,4,False,95c684ae66af530809440c70145555a3df41895e0607a55fedd4f4e65d418f21
MT,MT::exp1_num_309648,4,Free,none,4,False,35b9cbdb974f360b95e08bb5ac9e3744abacea55a3ed2fa7505d192bf1d82602
MT,MT::exp1_num_31106,4,Free,none,1,False,71ddacbffca2b682ba038703a9f7d0eec43a25e2a569893c560e490dee4ec749
MT,MT::exp1_num_311322,4,Free,none,1,False,3dfdc1b42730d6fcbd96be8bcd8df7d0c919815fd110d49e3adf78bdea5198dc
MT,MT::exp1_num_311809,5,Uneven,none,0,False,e7a818650cbe7450defc487aa6e5e3086c8279f0008a10312f4be91a154563e6
MT,MT::exp1_num_313478,5,Uneven,none,1,False,6a2ec4829e73b03c475d73882aa47a334442a0f9820d771a01b190905f651d49
MT,MT::exp1_num_313835,4,Free,none,0,False,bb82bda60425d2a3c0fd94465e30f245e9db916fefcffbce243f7f65a96f6f97
MT,MT::exp1_num_314979,4,Free,none,3,False,f0864a049d5d089e196af29d4920434b0f338ffc2b7423780322033c66c9f03e
MT,MT::exp1_num_316333,4,Free,none,4,False,87c1dcf71a6a877ccfb61d31b157d6a6fcf63c75b70347ed57eb86a40d39243f
MT,MT::exp1_num_316698,4,Free,none,1,False,c00d5b955571f8c8eddcc31a88087045abde1b5a7d4aacd4f17686a6ebdb8733
MT,MT::exp1_num_317483,0,Blowhole,none,3,False,84fd212c6ff35095ae8f05fdece4e93f5a88f0b46b826bea9fc2f6b213c87940
MT,MT::exp1_num_317560,4,Free,none,0,False,5134cf98d51706b724568e0656e8d3288bc2ff02e8ff3007621de2df68e022ea
MT,MT::exp1_num_317885,4,Free,none,1,False,ef53da492d83bf2a04bfaa0312adbdc53246b39d77daebcd424db160a3bdf50b
MT,MT::exp1_num_3191,2,Crack,none,0,False,a91f7cd1f40d217554f89fd3dd97de4a0f2834e7a0e7a32e6ddb4ce25abf5b81
MT,MT::exp1_num_319321,4,Free,none,2,False,750513b05a4abd7e970460d088537d01d6a7c4d4aff29b53c7b94ea002b0785d
MT,MT::exp1_num_319420,4,Free,none,1,False,16175c497dc4b700cd8fa55659cce2d505923d94379358c0a9ed48d820c202c3
MT,MT::exp1_num_319680,4,Free,none,4,False,30f50835a595e24e1c79f55ed47483c81c70f4fe3dcd2637b6c1da4158c5e678
MT,MT::exp1_num_320441,4,Free,none,3,False,c7e9538a79200ce43e03a6689f08fc2af3ff1591c259082420e89a2ae033efc4
MT,MT::exp1_num_320649,1,Break,none,1,False,0a11e60a9cab862d4f2870879aa3e3d0a13e39006e9c81bed3e52486968c7011
MT,MT::exp1_num_320808,4,Free,none,2,False,8e085f2db368a53d09d361b2f8b07564788da3a41583a595ccd82b335167c797
MT,MT::exp1_num_320895,4,Free,none,2,False,14c54b7d0b6dbb29f4d5ec5a39f622aa9c378ac5f9c7828a094f610bf972a627
MT,MT::exp1_num_32128,2,Crack,none,4,False,518361610ce8ed5e238664f5ad995dfa5dedf9e1c58f2545d48a8ceb9ca9acbb
MT,MT::exp1_num_322605,0,Blowhole,none,1,False,2a9754e340e61be9fc3b377ab3d0bc9e11ce11ed88020ac64ba812f30f87ae9b
MT,MT::exp1_num_323319,4,Free,none,0,False,a2d84f6a9f382e9a8d5d96fcdac99709bd07b093a14da0b716ffcea8e60e13ee
MT,MT::exp1_num_326586,4,Free,none,4,False,c4ed32ac79b577a6cf7fefa68a322b5ac9dc110007077778bb03132aa6953d70
MT,MT::exp1_num_326904,4,Free,none,1,False,0026ea247288d7f7d9a5a3e013c8626710d041c7da296eeb5d2e9a232b6ef9f2
MT,MT::exp1_num_327970,0,Blowhole,none,3,False,f3dfb6241458d21a847f1c59ee69df72dcb85ac185bfd1b7b5cd648e6b4d757f
MT,MT::exp1_num_329206,4,Free,none,1,False,f9221c7da580ee9a3466ab8e672f5faa9aad8c6d1925b2bd754297721561eafb
MT,MT::exp1_num_331149,3,Fray,none,4,False,52b23b715dd92453d213246d4cafc1a8d8b1df919ef0963b0a8f65ee010fe2ef
MT,MT::exp1_num_331931,4,Free,none,2,False,fa8fff755567ce136d8aca84a3d2c32b3e5d3c1c6b46dc30b1c64e3172da64c3
MT,MT::exp1_num_332686,4,Free,none,3,False,53bd551009e2ab4234abcc8a59ff67101342517ebdf2c6aa11f9715fdb059801
MT,MT::exp1_num_33365,5,Uneven,none,3,False,d7cd79c0fb25951b217e526aae76322daf96ac97db4a6ac51d3d79809a635ef9
MT,MT::exp1_num_337646,4,Free,none,3,False,e842ed38e94b058b97f56b28a149f4e1b76c14cb10a9c6896f4479bcb200f616
MT,MT::exp1_num_338856,4,Free,none,2,False,4fcb9b3c124ef9f3f7e5401467300b84d23539e5df78012a66b4e80f1208f724
MT,MT::exp1_num_339819,2,Crack,none,3,False,048755cbc6849c82478650316ecad0d7939c35e48804efe49b250e744dae76f0
MT,MT::exp1_num_34078,4,Free,none,1,False,09d43e47622fc4e513729fdaf9943a9943a57e18549b908b2cbdf8268c5c169f
MT,MT::exp1_num_342140,2,Crack,none,1,False,24a793f67439ba559453b90ee7cfdcde4bdf096f0a68773505520d61e2445d98
MT,MT::exp1_num_342849,4,Free,none,4,False,da06f09e3c8ed6dea8938eff05e1ff497b6c5e505021b717e1499d2339655f48
MT,MT::exp1_num_344557,4,Free,none,2,False,4471f5a1f3dff9db0c674a5a2bb481740c9b89dd1790f6cf63edb9b418cbe86f
MT,MT::exp1_num_346311,0,Blowhole,none,1,False,7a6329c195dd122147fe9bc055e61a3c60543b3e1d26d9bdef827479500a0d8b
MT,MT::exp1_num_348629,1,Break,none,4,False,38b84c98ff518fb4a17d8fe45df10ac86457baa476748f0f5fa27c3e41a90826
MT,MT::exp1_num_349824,4,Free,none,0,False,8b1af28ffb7f57c9eaa2c9b250837db8fb78bd7f1a14994aa91542691ad21ede
MT,MT::exp1_num_3504,4,Free,none,2,False,ca6be6b3245ccf2ae8589bd0c2eb2c5ea48400d0cd6190e881cc12ab87d7a557
MT,MT::exp1_num_351039,4,Free,none,0,False,877aa6a1e3b30830d6d2ae81ad4b1ced6935b43bead3d12f3853ccdbd52e3d25
MT,MT::exp1_num_351427,4,Free,none,2,False,e1cebd8f8680db334091900dc824767e1fc7b9970395a45daf0b95ee05471ea0
MT,MT::exp1_num_352479,5,Uneven,none,1,False,866e58e4d93f86cf4c51d7ea0773018b4206339205386397b2dbd7cfe819a2b2
MT,MT::exp1_num_354377,4,Free,none,2,False,dd42d28f5df1f4502625703aa6738d3f805c4abb0648bd2cd36c28501b620c75
MT,MT::exp1_num_355636,4,Free,none,4,False,1644c61095fbffa66d84409bab74e135e90fb098c219e0aa98b2712b7a2a8d9b
MT,MT::exp1_num_356718,1,Break,none,0,False,9367bafcb63cb251a30efef32dfb6fe650b61397a822dff2922e76e90a14afa7
MT,MT::exp1_num_358102,4,Free,none,4,False,64efeb5786341029f34d8dd0fafc16241401ac8c24f1a1921d3e5f3685f91ffd
MT,MT::exp1_num_358933,4,Free,none,1,False,ba23356bb4ab63a98bc5ebf412269ee39c89a78165e638ae309ef3f3f2d742c1
MT,MT::exp1_num_359448,4,Free,none,4,False,8de1cc483af082f208c0b28c17f8506fa0d1f735696fe96bd2d3c41d2f78e042
MT,MT::exp1_num_36290,0,Blowhole,none,2,False,4ddc0ecbcfbc39cb03ee23392c029f4294199bbe1e548000f41729b113f87681
MT,MT::exp1_num_3667,0,Blowhole,none,4,False,748136262aa6b3be15252ee0b8d25735494f29e9cbac411cec429a7ed8898957
MT,MT::exp1_num_37243,4,Free,none,2,False,8702647db6e62376b97e9b2b9a7a121e17bd873d1bb73b5edbf697084cf3b36a
MT,MT::exp1_num_37262,4,Free,none,3,False,01356ba69ac75224cb956abfcc453df9c774f437a85c95cc788b7a0c6d03a9c3
MT,MT::exp1_num_3786,4,Free,none,2,False,f3e29c7c8dad4ad84b4675e8d0c7da935984c89f38cf7c69c9aa5cf79e45005e
MT,MT::exp1_num_37978,4,Free,none,3,False,c99a8fe4c6a6f2a9d0f8e8911a6312e09ab09f53f7445b1ffdf1571dd27de29d
MT,MT::exp1_num_39412,4,Free,none,2,False,68816b96a1b19fc754b7b4711923e107467b55e09cfb95792422419cd3e82a13
MT,MT::exp1_num_40410,0,Blowhole,none,2,False,a3072b83ca50696acf7e4ff58f893e123e64833264a2b4f73dcc0356762eff61
MT,MT::exp1_num_43817,4,Free,none,1,False,5e67e53678307826d496e4073f14c5ec7bce62b9e2d8602ee486983b75018bb2
MT,MT::exp1_num_45007,5,Uneven,none,2,False,66175f1e967be5e37735f358087f5e71120182a4325310569ca31989ffb6018d
MT,MT::exp1_num_4727,0,Blowhole,none,0,False,464e45c3230a80ae5cb3445dd0c73eb3990746dbe91e9a0765930b63bbe7deed
MT,MT::exp1_num_4944,0,Blowhole,none,4,False,cd988e3d121eb5ceaebbb87a522bfb6bf183410319dae0cb964fc9729755b9dd
MT,MT::exp1_num_50387,4,Free,none,0,False,e28cf8372485a574bdb7fd1fc82dc6fac6b6b6c065090f25cf909dec2080520c
MT,MT::exp1_num_51080,4,Free,none,0,False,457e78cfc31f86a2442f4e72d59e81be4dac8517f94ff137cd3f0b87a87ee94f
MT,MT::exp1_num_51674,0,Blowhole,none,1,False,2516510653e631c552e46647e1b390684323e4984583576adfc3bfc92504e735
MT,MT::exp1_num_524,5,Uneven,none,3,False,ce21725016d64378f24c221b04e3140e3cf63ee3d6b2e3474da54ed2ad81bfc6
MT,MT::exp1_num_52659,4,Free,none,3,False,20292027548598d72203f6b00a8d8975b9c48103f0adb76a4431b53dd6a70c75
MT,MT::exp1_num_53011,4,Free,none,0,False,9e404322b7d12f5e03e3211dcc3f9f2151003b44a57b952335f6bc1b5e4544a1
MT,MT::exp1_num_54107,4,Free,none,4,False,6d058f6ab465f726689f56e8f24e63e5c3298efd8235285454be7cb377189219
MT,MT::exp1_num_54246,0,Blowhole,none,3,False,9e9dc884bb2d56c2e594200127c1b1f14275a773b06e4c6593f7b58f73442bc5
MT,MT::exp1_num_54901,4,Free,none,4,False,7fa5c207366dfa4c1bebecde480416d9cfa1a2c4088a4020d4bdfae60b66e44d
MT,MT::exp1_num_5907,4,Free,none,1,False,cfb74c93af2f06825a487b399e9d743967677df404592be5da7b4a29db04d091
MT,MT::exp1_num_61310,4,Free,none,1,False,a93930eaa7eda4b79420c3b445babe1f3ec20fdacede7ab68095140d8d4a2730
MT,MT::exp1_num_62553,1,Break,none,1,False,a14f754d04941c3ac5a88333733298b5deacce7792e4ed641863ed9c67034dff
MT,MT::exp1_num_65001,4,Free,none,0,False,a4ebaa9840b0087efbc12c47bc748e297043a1df9dbc6a7475c926ab9805db0d
MT,MT::exp1_num_6508,4,Free,none,3,False,847f6043d468ee79dce0f4dcd658d3a9cb26e2a9f2bae41a482b6c3a4b8646e0
MT,MT::exp1_num_6539,4,Free,none,1,False,3eccc23900b3b0d6c5df97cd767884194453e491be6e23344085040e56f8d294
MT,MT::exp1_num_68359,4,Free,none,1,False,6bb5566dff5ed5d6f06e84243d37bf4cad7ace6e9fb6214250a17cb834b086ed
MT,MT::exp1_num_69803,4,Free,none,4,False,394173a9f5df31ae6b3d6b1c346ea86622841db0bb089e4ca8a0559b78e3df21
MT,MT::exp1_num_6984,0,Blowhole,none,2,False,3f1ac730a8a072c2ba325a7b53cefc8e545c02d80367aec503c657bd1ad98bf7
MT,MT::exp1_num_70491,4,Free,none,1,False,d666c6fa9a39805cb12ae3cde2ab962993eec1228500d02a57fd30c4f730d6de
MT,MT::exp1_num_71177,4,Free,none,0,False,06aabe3d1c625b655c3dbf75c6a6c037574913d87c66ed096f2f6bec662a4eae
MT,MT::exp1_num_75090,4,Free,none,4,False,2ac18aaa2ab3a97632630e73340e8cb7a4a7296076dc36604b0f06535b3b73af
MT,MT::exp1_num_77531,3,Fray,none,2,False,389c17b2edbce6706418bb46e192ae6af6d939eb7448e291861f311cb74f8e6e
MT,MT::exp1_num_7871,4,Free,none,4,False,8c6fa08548151406c4b26026c32ba0232f6d1ff084be8f46c88ee41fb2566fd4
MT,MT::exp1_num_824,4,Free,none,1,False,6f96b6b9105e2c2dd7a3a8ad8ea795b92ff0fd2c8e17eb941754a088c202ca29
MT,MT::exp1_num_855,4,Free,none,2,False,77cdf16eac2d6a008633c49e96cc1bbf54e37fa46d8e27ec301af891711e8796
MT,MT::exp1_num_85781,2,Crack,none,4,False,80bdc7316734d3c2f8dea79bdc46f8436c818f9a3870d3502fa04566db9e2c96
MT,MT::exp1_num_86828,2,Crack,none,4,False,61cecea6f7cadb5b7931a7d5d590933920690b790620a8a756a336c76840e4f5
MT,MT::exp1_num_90966,4,Free,none,4,False,ba1211e80ad496a4d7eb8ac48d5acc031c6dc53057a13b7f46091e9477017a5c
MT,MT::exp1_num_9473,0,Blowhole,none,1,False,465646bcd6d963107f8afc83a0bb30f565220f9092eeda7a3fa418c123ee215e
MT,MT::exp1_num_94899,4,Free,none,2,False,52fe5fcddad3854259464ce07cd9c807c8d4596e397cb1dc309eb9ae06d85d18
MT,MT::exp1_num_98080,1,Break,none,2,False,eb5d30ca4e1357b303cf792d5127255efb9ed8ff9224203afab8ef6a9147cabb
MT,MT::exp2_num_10202,4,Free,none,2,False,adb81cdfe3bf7bd8073048ec2a14e00c1ce7aac14e81c6cd98ed606bccf2867f
MT,MT::exp2_num_10410,4,Free,none,4,False,347c51c6de4eb223758f68d59f4299c5172f7b7091f3a34c9070a7c099817bbc
MT,MT::exp2_num_105807,1,Break,none,1,False,62ded3f022f2c7e41273c01a037b9ff1cb70a26e86d5addef2c4bf5d232641aa
MT,MT::exp2_num_106169,4,Free,none,0,False,127016b12235b5f76f9466f92ca5360d9dc3e4b3cefad7fefbd553acb64245bb
MT,MT::exp2_num_106752,4,Free,none,2,False,396006bbab159e67300ac40c876dfd28fc964148a8411e412904cc87920c102d
MT,MT::exp2_num_108741,0,Blowhole,none,0,False,3fcfd32045ead14c178e3b9e47bc767ec306bc17c39595699ee3e9a64500c060
MT,MT::exp2_num_108923,0,Blowhole,none,0,False,ef74e00f68614fd4479c9e468f9fdfd6e1baf4c668838ab5c849b01ca30c0dad
MT,MT::exp2_num_109256,5,Uneven,none,4,False,93923d982e721792b9281a4913f76bfba157baece0a7f7082686d4d79dfe1397
MT,MT::exp2_num_10931,4,Free,none,0,False,0d757eff05df4a36eba012f1eb1c39d9951ca3256b1a15080dcb12a5803f3e50
MT,MT::exp2_num_110118,4,Free,none,0,False,9b0d015555c75a713c15df64402dee20ffd025d3d896120534078b9ac6edb0a5
MT,MT::exp2_num_11292,4,Free,none,2,False,af1fd24271be96ef7b92f07a69d454d76a5b3b7d7c11d1e8d59af590ab15379e
MT,MT::exp2_num_114403,4,Free,none,4,False,fc3fa6d3b7d10acb00a8a560d791b73ac011f524e1654dd7eb530b486824a987
MT,MT::exp2_num_116286,4,Free,none,0,False,6282529af8f8ff6d04d0cde3168fc915a7c212eb4544054f0d17546867149e5f
MT,MT::exp2_num_116527,2,Crack,none,0,False,b49808c8a5effaaf1360a359fe8866245579b0efeabe4fbd2ef811d492075613
MT,MT::exp2_num_116961,1,Break,none,2,False,d8e3d86e8e1fc3fc6b2cf138b2b4c9af469600499f067f6c7d037149c270ed12
MT,MT::exp2_num_116971,4,Free,none,2,False,b1badcad5540354e8bba879d8bc6827484c12a3714a81a28659427a70bd76534
MT,MT::exp2_num_118897,4,Free,none,1,False,811df8676e5459312cf6623caef8bad4ef739e7f3790e08222aea8580ba376f3
MT,MT::exp2_num_124592,5,Uneven,none,4,False,e21079b0c0bccb937dad783435a8e7c9ea1a1f61262b7bb670e9f5a13e27af1c
MT,MT::exp2_num_126325,4,Free,none,3,False,411efaaf9054ae330b049b335cb582c1951e9ed4205812f06a80830cb0879fd9
MT,MT::exp2_num_126814,4,Free,none,3,False,6970aee94d1b7ea90e49627e2e96488a415f52572256aa55845954e3435b3174
MT,MT::exp2_num_127664,4,Free,none,4,False,3ad516c61e82dd024cb8a39f8e31b9545ea2540018fc96385e8fd2ab1b42f859
MT,MT::exp2_num_128095,4,Free,none,4,False,65fd41a1d7fe1170abce11efd45c81488c84f3c878cca66dccd6a03bc7877107
MT,MT::exp2_num_129056,5,Uneven,none,0,False,723f8ca944a3caf3502c43f7d1f1cd5ffc926a24a0c19ceea2da5b920b24f2f2
MT,MT::exp2_num_129608,4,Free,none,2,False,6d161fdbea30be9e1c4b7ba1aa8ba00e7c79ea16db2d02943b0649999c5ceb25
MT,MT::exp2_num_13549,4,Free,none,1,False,e5b6a59d6d18f8f27d7e34a4cd646dec765250aad348fe1df9f24ad5450597e2
MT,MT::exp2_num_135572,3,Fray,none,0,False,1702f6beac8a70c4f9d13789682b906879aca2b097ef6bd8e7cd7e899d77b9f7
MT,MT::exp2_num_136286,3,Fray,none,4,False,0363dd1e8f1b2a317d8064405a36a237ff06d6df19bf1ce1dc79bc040349d04e
MT,MT::exp2_num_138627,4,Free,none,3,False,421fe06539bc760ee2ebe4c68c7dbcd903c549ba5d92862283c030e6255dc691
MT,MT::exp2_num_139820,5,Uneven,none,3,False,36dfe0b875ef7e4dd2676574f580a216f6a37136b8e25f527b83326bd3cdb100
MT,MT::exp2_num_143192,4,Free,none,2,False,dbaef1af219ee5eb47e4cacb40e04ae34eb70202d8b17eb910c3c47a9ca1de4e
MT,MT::exp2_num_144192,4,Free,none,2,False,b47703ab5d0fc4c9ee8608a1017df167e04164dea6f2bff7fc24d13df847b0e3
MT,MT::exp2_num_147954,4,Free,none,2,False,9c5af4cec95abcf8784c2e7d1cea5b97e7a9acfacae78d14001dfce5c7e8a855
MT,MT::exp2_num_148952,4,Free,none,1,False,41fee990823bf226510045decb0c45a2043a1d32df256503f03412cb35954860
MT,MT::exp2_num_154576,4,Free,none,0,False,2285c2c14a976b0075f26ce6e194e061c17d8b20dc534fb2b12d426ba175fab8
MT,MT::exp2_num_155333,5,Uneven,none,2,False,7c832af24c8b9e900157246b6671c3c82d11a8bc6df9c6acfb8d144d19623a48
MT,MT::exp2_num_157196,4,Free,none,0,False,e97fc5ab6dfac12df8490a900ae4b8cd97be717e0eab2b335422b1da2fae9767
MT,MT::exp2_num_157736,4,Free,none,1,False,9276685da7bd56d2b781ce184773932f0ab246ab5e1b5e8c9cbf8fd913458671
MT,MT::exp2_num_16532,4,Free,none,0,False,ec94ad8d00f00996bf53e14a2a239dbe675e1f45079ae64a17469fb7cab8d6cf
MT,MT::exp2_num_165392,4,Free,none,4,False,d8147a5f3472866f16837d1966859fda03527247d8e7a7fbafefdba10cc816de
MT,MT::exp2_num_166200,4,Free,none,2,False,787b633242f5b64209e329fb59003efee5ce8d1c28575efdf445915faedb1e1a
MT,MT::exp2_num_172267,5,Uneven,none,3,False,d09f31002ee457ba12b978fd7664f1ac3348cabd7787e0b5c6eac05a1e5b7c41
MT,MT::exp2_num_174675,4,Free,none,3,False,e3b3a58631c885f2b5639170440b8d7a1c6e20e061d044a96b6a3c64ae335bcf
MT,MT::exp2_num_177935,4,Free,none,3,False,b6884d7f59ae62a743155fd8c85fe49301774aa749710e6dfa3b86bbe96febfa
MT,MT::exp2_num_178482,4,Free,none,3,False,24bc11f95cbf87b3844608d543eb0a796cfe4e814b3a057c962ce44584a0d80e
MT,MT::exp2_num_180326,4,Free,none,3,False,8c3f1adda2dee8ef122f47fe5fe13f9815dc0fd2f5d9f681d0f05d7d90488f14
MT,MT::exp2_num_180865,4,Free,none,2,False,297ad2c21b2f71222ea733d287cfb44cf52895a5c5e6e4ec897a51a1f7c4c62d
MT,MT::exp2_num_18159,4,Free,none,1,False,5fd8f48b245c222961eaa9ae5fb394353b21e5865f251cb55c5bc1717741c030
MT,MT::exp2_num_183171,4,Free,none,4,False,a3dc36e5052887d1d9b42fc26be3ff8bce44135ee80ddf4fbd8c1b30aaa7c841
MT,MT::exp2_num_1836,4,Free,none,2,False,d95c706e60a4fbde3c5d74f15c81edbb77cceb9d6bace96ab7dc80653d7da2cd
MT,MT::exp2_num_183825,4,Free,none,1,False,f8996b720b029996d0f3b368cc1267d2c6583a8c1bffdd8f183599bbde138b0e
MT,MT::exp2_num_186858,5,Uneven,none,4,False,ce0503a15f28256a60e287b3d44f4bbc04ef5d887ea6320661b95573bcc04311
MT,MT::exp2_num_187533,4,Free,none,2,False,68787a91a446af5dd31f2c5a4f1a86be5325cd68b971f2f854043d72030f5c71
MT,MT::exp2_num_192155,4,Free,none,0,False,bf1c92f18327bb43b18fa1c60268c8a04737fa09f5fcd50889c3c86c360ebe1d
MT,MT::exp2_num_193126,4,Free,none,0,False,8374bae74a7feb3691d51bf4a735e224e9780dba6e63e54da8bd35e54a05b4d3
MT,MT::exp2_num_194202,1,Break,none,4,False,8b9ad1bbb8d1d1b9744a83d63a01b0f1fbfc52224362f42bf3e8535636ec6d76
MT,MT::exp2_num_195672,4,Free,none,2,False,b7dc75bff3e4836b18c52f6cd2e923d07af495390a0dbbf4aae964dc9fc707b2
MT,MT::exp2_num_19728,4,Free,none,3,False,d2fa9b69ce50bce502d07cb06b93ed470b682cf1ab35db76733850e0ad995e6a
MT,MT::exp2_num_20390,3,Fray,none,0,False,27e37897eb1c21e71197cbe0c40470685e892143ef13365a77cda96aa9353513
MT,MT::exp2_num_2060,4,Free,none,0,False,9fbb221e445ef829e868a3951d2ef3a6f1c613324a8efcc15657d5967a57d8cc
MT,MT::exp2_num_240063,4,Free,none,4,False,ccd5ac39a264234e9665ffaa015e0c02250b99f6405bf78b11c858e9126981d3
MT,MT::exp2_num_241368,4,Free,none,2,False,58abcb669ed845a32aad75718645edaa9d134d0b9e4f7e942f418a75683abdaa
MT,MT::exp2_num_241913,1,Break,none,0,False,b5456b59dca33a47ce58b7671a12d0c1d4d2948397b15c315dbb77555b8076c7
MT,MT::exp2_num_245780,4,Free,none,3,False,2769e434f0819c99bc8caab4650a44654ea625341d721139c4633cbfac0f486f
MT,MT::exp2_num_246323,4,Free,none,1,False,4f7972b5ff26da35ae2d09342486d308f5d297382193a124bd3ceab4e3d16b5d
MT,MT::exp2_num_24815,5,Uneven,none,0,False,922e58dfa51113fc51bf349f76bf52713d102b5dccc30ae8de1e96526d193e65
MT,MT::exp2_num_249619,2,Crack,none,4,False,99e33412dd95f776e8ab5e8c625e25bf4a5c446404762c766797b35b0d1891df
MT,MT::exp2_num_251454,4,Free,none,1,False,1275a59f51518a4e67cd89823e88f6ad6f1cd1144b4df21b2e66cb0eaed7d255
MT,MT::exp2_num_255674,4,Free,none,3,False,763ba92fdb422f4b33b95823b0be34b48364507b1a9ec0d686189f79090baf86
MT,MT::exp2_num_256286,4,Free,none,1,False,107f51de74bbddd33a2b5cd93dbcb16af75c62396f717f1407c13b91e32cb1c8
MT,MT::exp2_num_257132,4,Free,none,4,False,8f72dcc9bcb0a22ca455b50b9f38e3f62729d47cf2c7d86f5039a8acfa389bbf
MT,MT::exp2_num_257656,4,Free,none,4,False,1ff4dbc9b26b723da8f62c23ee73299c8de7c64d5cc5497cfa9e4778e5c3285e
MT,MT::exp2_num_258536,3,Fray,none,1,False,dee352b9a17bcfbfd0e00dc03222666279e8789f37b3b1e9c1f9567a6911d38f
MT,MT::exp2_num_258847,4,Free,none,4,False,b63683a686a23db63db6b0e4fe3fb678c2495db8da5d5a78b82f14a99d3be056
MT,MT::exp2_num_260505,4,Free,none,4,False,666f7b32efee62d41ec15cefcc27a6aca7ff984975dcaa2f49f586d4ae169685
MT,MT::exp2_num_260949,4,Free,none,1,False,b5370142f75fdaccb3e1806ca8277e582a0318401b461999f7dc2972f626c72f
MT,MT::exp2_num_26130,1,Break,none,1,False,908fb43d477e4087a213ca78df54cea28212657d9f67cd00386f19db163979c2
MT,MT::exp2_num_261961,4,Free,none,1,False,0255c8775f8541213710df69ca7ca933850dcd5e26314177fce1f085ef267065
MT,MT::exp2_num_262233,4,Free,none,0,False,d3efdc44d5146b279745dfdf91a1ac4bb78120098f97ba8bc95c223223d4afe4
MT,MT::exp2_num_262572,0,Blowhole,none,2,False,2eb2103c0bc91a1f770c38ff76980d445e483c65e4f442d2acd406f29feb5f14
MT,MT::exp2_num_262661,4,Free,none,4,False,dbccd7e06c197123e6f1447f88760c7a2301c14bc7dd47826779e88363dcb173
MT,MT::exp2_num_2627,4,Free,none,1,False,15e36d994943403f711b21721741bb85631ad5afbd1166437832da0adfb1a52f
MT,MT::exp2_num_263852,4,Free,none,1,False,b1900c14ec374215894bbd1040f1517b54efea533e1c8299b7aad46d53630878
MT,MT::exp2_num_264206,4,Free,none,1,False,b51c88863e70fca36a76f5d3d240824bedd73c0f780183271d55a1e870a6aac9
MT,MT::exp2_num_265103,0,Blowhole,none,3,False,82aa07d88c491a95d9fd897de2a166d5474746983e0a1f63273698933cf83676
MT,MT::exp2_num_265639,2,Crack,none,0,False,15efc0dd5c323fcf995fbdee31ea6be42f531a9b626219af67cefa2ca374774d
MT,MT::exp2_num_266301,4,Free,none,2,False,570800e43bea6bea8c2e37a13de525f1f63248b7c6526353cce51f1b30d1bdf6
MT,MT::exp2_num_266815,4,Free,none,4,False,ffc5d8680a18281046bbb25a07a0ed995565e58a72b182536174da17b43e1469
MT,MT::exp2_num_269104,4,Free,none,4,False,685b7d47bbbaf70337eb3a088f028983c2d984deeeecfdd4bb72dc0f5daff956
MT,MT::exp2_num_269652,4,Free,none,3,False,87e7e9368a55f0a67846ff431b268e230843890c822fb613536efb951efdb323
MT,MT::exp2_num_270153,5,Uneven,none,4,False,125fe6a68bea0d351a66fec411f31e85c2d20bfd3d7f6ab0a477c31e3dc90b92
MT,MT::exp2_num_270577,4,Free,none,3,False,77ae28f6a275e80dcab572f1b17a28e8e1bb534c136d32d9a2efc9971b07be53
MT,MT::exp2_num_270781,4,Free,none,4,False,420ab68b7f2f70fd4c1443aaee6b5bf7e16318669d834e3207650eb6a5fb505b
MT,MT::exp2_num_271384,1,Break,none,3,False,c1a167a5bb2096dd7c6eab7b2ffa125449f6cef090fac2a8aae9e345f1d3bedd
MT,MT::exp2_num_274120,5,Uneven,none,3,False,9e8638c1e81910f7ab2737d6ea3c24844fae8b4cefd51cc89e20b183f03302c4
MT,MT::exp2_num_275393,4,Free,none,2,False,379b336c00dc97fb91b2463e5970fbc33faafa428560379b3a907bfadd6ad1ff
MT,MT::exp2_num_275685,4,Free,none,1,False,b85ead9e7e8e6f17929971ed2c813cf43d3990f72d5ef9aedae898c5fe6826a4
MT,MT::exp2_num_276373,1,Break,none,3,False,4cb99b2fabde2200853bc6ccf4df091042e167872356df699e669fff8652986f
MT,MT::exp2_num_277012,4,Free,none,4,False,dd08e0f7830612f6d16a7faa109913c8c07bf6f04e8078ab9edfad7dc82f86ac
MT,MT::exp2_num_278584,4,Free,none,3,False,76cae47f3ffd27c41038b79b0d85deb6780c41fa4b77479ea077642e7f8cfe24
MT,MT::exp2_num_279109,4,Free,none,1,False,07b8d617c3c4abfa6b6aef42d11948bf4a424a187a2f9e8084de22c0e313eee0
MT,MT::exp2_num_280233,4,Free,none,1,False,a46c7e4dc2da0cd4fc480490c2e1dc41521ba05def187de312ce41f45bddbab2
MT,MT::exp2_num_280962,4,Free,none,4,False,5b35f12dfe006d358b7cacc0ebb186b18e42596ac2bea37c861b139a1cb1a4ea
MT,MT::exp2_num_282899,4,Free,none,2,False,b2de75d98819ffe6286525398a16a553c24383ea3095d0ccffa7f7df6d210ebd
MT,MT::exp2_num_283218,4,Free,none,2,False,9b47b2719225ba3264a858a2564f976d3d3c448df02e82a70d76573f2a5354ba
MT,MT::exp2_num_28359,5,Uneven,none,0,False,a86f8365f6e4e9ddabdddeb382c5a53dde9257e52541cd6be72304478f638613
MT,MT::exp2_num_284506,1,Break,none,2,False,de66979145114480b5a98f7361d38907befa8c84bb893024a8765272186261e8
MT,MT::exp2_num_284861,4,Free,none,1,False,41887750bc38c0c014312bceee3911eb3fa2b46c8fb49cd6ed514f59b4937086
MT,MT::exp2_num_286251,4,Free,none,0,False,eba3854c6a92432701f30c0da6f0a88b2b64b8a8084ce2ea2684ac006b8b251d
MT,MT::exp2_num_289612,4,Free,none,1,False,701d6a0585a587f4680805330aaed4c3f87f8ef73b45af91602f8020695329f6
MT,MT::exp2_num_290068,4,Free,none,4,False,35177c2054512650787d5e47c7566741bd4193e65d87baf3a66624de89ff2d6b
MT,MT::exp2_num_291023,0,Blowhole,none,2,False,756ea1998ae2382fc6d141a223b82c54a1eef8028789eec4d95b86af877ae1da
MT,MT::exp2_num_292109,4,Free,none,0,False,334d0115278b6bde898e6d27f7e80c4ced15410923abf98c91828645efc29500
MT,MT::exp2_num_293276,4,Free,none,4,False,ff2a14e80be4fa6514d95cacdd0efdafefdf74811a0ad56bd96ffa8ceed8a1f7
MT,MT::exp2_num_293729,4,Free,none,3,False,691bbcd21b45575895c3bf5288f05dae09b3bb525e3c1307e63f121bc769b060
MT,MT::exp2_num_29493,4,Free,none,1,False,10fa79743fadc8a0b297ec6fac751df5a91fca016c799e01e0904adbde5486be
MT,MT::exp2_num_296655,4,Free,none,0,False,7e9d2550a17a82f1039141b10181f87777746cafae1d2a617396b248a6c51008
MT,MT::exp2_num_297298,4,Free,none,3,False,18eede3d9f2347b095890b9ab1bf08c8a31dab83f628d0fe07479e1d61fd98ca
MT,MT::exp2_num_297490,0,Blowhole,none,3,False,8c0547e749212f6b4af183f50f3702429ace73e6a5b87d0377661448c605b2c2
MT,MT::exp2_num_299741,4,Free,none,1,False,7991efbad556977a8215c81ee5ca164368775e5e0e8f12f1fa869e2336d36828
MT,MT::exp2_num_301499,4,Free,none,3,False,e7eacdf2c480c8282ec46609c1a08b292cdd47de29a48b9ecbaa0b9fbcee0753
MT,MT::exp2_num_304305,1,Break,none,2,False,84dacaf1da6e1892b21939566e4cb9fb8a80f21fcff3d61281f714d7dab196c2
MT,MT::exp2_num_304307,4,Free,none,1,False,0cb3d165b756250c71ca9bc1447a81358f982db17fb559a44bc5ebb7d1022f38
MT,MT::exp2_num_304688,4,Free,none,1,False,5c317d09b41a5759eddadf344eb1403db0c0d14d93264516bea4f6fe3e7bd48a
MT,MT::exp2_num_304861,4,Free,none,0,False,ee66a873bb5fd6452151685c5885d274c3362a8bb313faa20aea7a5afbb51597
MT,MT::exp2_num_306443,4,Free,none,2,False,9ca24c9aa532568f1a45f67fb5cbd3bbb71a8fbc0e8e30d28c7564b7fdeffe86
MT,MT::exp2_num_306609,4,Free,none,4,False,40d4e37f9d514723ae27ce594c7f85a5db29e013adbf0d4f893e98ced756115f
MT,MT::exp2_num_308043,0,Blowhole,none,4,False,03a562f4d62c1e9bff18e7983dd5c7a0c0ac40ab03a0ef6524405b1e780e53aa
MT,MT::exp2_num_308824,4,Free,none,3,False,b0261119d43e7c24fc9dfd8cc3077d0ed19e8f3ec694da1674b559bf06fd6583
MT,MT::exp2_num_309366,4,Free,none,2,False,6508efff2c51337f6b9d92c0e6f4008de6061c90b20517a09e5bb03567abc724
MT,MT::exp2_num_309668,4,Free,none,1,False,89709fbe541e110a8608cb024dbda36d7098e1040feb598808173c95565eac89
MT,MT::exp2_num_31124,4,Free,none,1,False,e78915361ed4a575eff0f16fb6e8c43710e5e68ad0a8f006179b096559747ed5
MT,MT::exp2_num_311334,4,Free,none,0,False,387c4e3a0c8e60bfd2edd044e8b09c0b92efab373f9ca816e340066884906774
MT,MT::exp2_num_311834,5,Uneven,none,0,False,236ceaf5e677c944d1492d5bd64963a7b7730c4a64f3036794452433ba588b3b
MT,MT::exp2_num_313494,5,Uneven,none,1,False,705d1b905f35cd368572f80b520acd77d339ea9129d52bee9d29171e8b0226b5
MT,MT::exp2_num_313853,4,Free,none,2,False,c3de040037883d817d6cf3723e59fb7a38cf454e0c9baa3727f9cefae7e7f73a
MT,MT::exp2_num_315006,4,Free,none,2,False,3a21898ab315c49395690dee2981979692ddd1a35d2e6867db5a3f375ff851b8
MT,MT::exp2_num_316344,4,Free,none,4,False,6ba6a82bb587a7482b8b799e95a7f8cf1fcbabe30509210c08136fcb7e157818
MT,MT::exp2_num_316715,4,Free,none,1,False,1cd3bf975f060526f4dfdc3aaeb66bb18ade97b111da12f6442bd9668393419e
MT,MT::exp2_num_317512,0,Blowhole,none,0,False,8315689ea4a0add44b47e719b31d9a3d0d063f2dff23827ef91cc5d0cb9494c6
MT,MT::exp2_num_317576,4,Free,none,2,False,0e5777ef9b29d23cf2b53b696e4bb86b80fab8f3dc48cfe6fbcab8a8bc3bba24
MT,MT::exp2_num_317911,4,Free,none,1,False,8276e5a8c58fedd122cbece8e17f6118e6085c42c2a54c251d502d97348c126a
MT,MT::exp2_num_319334,4,Free,none,2,False,f1b5524a8f7aad6da3711dea1a46829bc99a526e733a3d26d96970f2f0f3e077
MT,MT::exp2_num_319440,4,Free,none,1,False,bc288372ce1bb835c73c39e56e96d2e7ef3993687bda89931f4b989065658d17
MT,MT::exp2_num_319698,4,Free,none,4,False,6c18c9c21edb000f0708d4f7392ea0947cc48eb51b3f1c6c0eb78605b83c1c5b
MT,MT::exp2_num_320463,4,Free,none,3,False,35664bee4dadff9482dc38de0f45ac0b3be9c507e10d40dc15ccaeb6acda9907
MT,MT::exp2_num_320673,1,Break,none,0,False,a4ceb79d3c46f451dd60492d82decffb7ffe27ac847b62ce11d669f2d6432af5
MT,MT::exp2_num_320822,4,Free,none,2,False,f9c29517963bf7a23ee499ad1b19dbded97130dfb3f91df3a6ef78896fcfe949
MT,MT::exp2_num_3211,2,Crack,none,4,False,428d83ccd4efb9b8d66ae5a4d597f6e582196df1cba577535be003a3513d9936
MT,MT::exp2_num_321452,4,Free,none,1,False,d186992fa4ba9bad24a4b3885eec79524ff65738b744b967f9a2e1b18e1a3fd9
MT,MT::exp2_num_32153,2,Crack,none,3,False,243aacea6f2af79751eada813d040cfde64ec4c53a0fa8d789a1958412d4e94c
MT,MT::exp2_num_322630,0,Blowhole,none,3,False,baba039a811c99ec499b75513a00af358caccaaa7dbdce8f174c420eabd94c71
MT,MT::exp2_num_323339,4,Free,none,0,False,b0c26f84075607fbed609ceb9613bf31d2224fda00dfbab4158cd852244b2f40
MT,MT::exp2_num_326603,4,Free,none,4,False,4b5ea9ff1245b7b01bf0c0849c550b162a5dcd0271108c2c37e68b4d960ab4af
MT,MT::exp2_num_326923,4,Free,none,1,False,91291680845524c2a0ddc4959ff7e3e108b2046ef415ffed9e66a58632e574a2
MT,MT::exp2_num_327997,0,Blowhole,none,3,False,600e0a7fb9f4b6d01705b5c07e355c89788beb51aa72e76958948aefa90696e4
MT,MT::exp2_num_329231,4,Free,none,1,False,f23b58f3330b44ae24bd434fc87388ce1fbc15ddf842e343653c7b22201761f1
MT,MT::exp2_num_331174,4,Free,none,2,False,ffd7c50e077fcd3613182dfa5c61b643ee8ad0cf19daf7450a57e4a93a9802db
MT,MT::exp2_num_331946,4,Free,none,4,False,7acb7c28406594c19f54496a8566f964dbe1875c555d369a56c79104a65c3cfc
MT,MT::exp2_num_332707,4,Free,none,3,False,bceb2ce598aaf413da7b76ff80be3b6854f34ec939236152cc300998a93af5f6
MT,MT::exp2_num_33380,5,Uneven,none,3,False,6d493e57cb888e5861b2c0006bcc051cd6dee033f8804e07b4bcdb4213737dab
MT,MT::exp2_num_337671,4,Free,none,3,False,015777087e989ccffb3cecb39a6c486736542aa8012be4341823f89a7b471334
MT,MT::exp2_num_338872,4,Free,none,2,False,c901b37689d98eddc4249b64769ac3c9b1e7b3b0d0a2a39066ca5a74324a5cd1
MT,MT::exp2_num_339841,2,Crack,none,2,False,aa3b35e0b3e89088cf8b449a5477075fbeffa95f4bad37658bc3b4c95e886a9c
MT,MT::exp2_num_34101,4,Free,none,2,False,08034ba7af53660f937e6aec3c8bf6415f879994425693f5dad0a51f21bc0d1a
MT,MT::exp2_num_342162,2,Crack,none,4,False,7b24bb5811025bb1cc7b7ef8c64cf4735dd3f18549c023ac969365d394bcabd7
MT,MT::exp2_num_342873,4,Free,none,3,False,5b24a82f129374299ac807557575288092f92837c5d7e99aa0d891089d0eaf40
MT,MT::exp2_num_344570,4,Free,none,2,False,09234a7f7b396ff6f2886c450e53005cb013953c77e877d967034f34746f9624
MT,MT::exp2_num_346332,4,Free,none,1,False,7b4745d6ae0655a9b71a6f3c15d6d5adcb28dbee1a3c72dac7f7c2741c709b01
MT,MT::exp2_num_348648,1,Break,none,4,False,3359d6c69aaff46dc1ef15aa1c9e75a4b5fcc83cfe8d75157f1ccf02193733f2
MT,MT::exp2_num_349844,4,Free,none,2,False,b3e8a8c0b0a1430c5aecde11965008a6fb1da8160d9349320d4a67b2dd513a1b
MT,MT::exp2_num_351066,4,Free,none,2,False,0e8294157f3976cc46a9f76135223573e7aef218803a41c67b035dbd79fe344d
MT,MT::exp2_num_351450,4,Free,none,2,False,1df6cdfe11561d340462135873a10d7adaf9ea1be1e2cea275a0c4f1e75986f2
MT,MT::exp2_num_3524,4,Free,none,0,False,54a9956987eb4159da1e6aa785117938752116b58230613fffa19488f41e321c
MT,MT::exp2_num_352504,5,Uneven,none,1,False,25a83431c397a97f26e6d3b1cd3aedab2e3db9c2c941ed31e8c89ea877f84223
MT,MT::exp2_num_354402,4,Free,none,2,False,db42f4dea8cd20fa509d00447dbf554ba1eb5924de0e402b3e21b3d4122eb920
MT,MT::exp2_num_355658,4,Free,none,4,False,0430017dc9c7bae7794acb6c55a0c821c3431be33f0ecf43987414ff06a8048f
MT,MT::exp2_num_356745,1,Break,none,0,False,41561171d42f43b33b4465c945cd2a367e4e4a03c97b4d82ca9952019dc2178e
MT,MT::exp2_num_358116,4,Free,none,2,False,b81b3a27b32d81851509ba12ebf3e459bc15a8628460e517b94fc039c465d73f
MT,MT::exp2_num_358960,4,Free,none,1,False,b40efe5decec6e1bf2fa11952d50b59cceb571c35766b6ae63733d43ff57f242
MT,MT::exp2_num_359476,4,Free,none,4,False,9eb7c3e1e412a6f0e769397cad87dafa44f7e9234cd608625e42b5eba95560a3
MT,MT::exp2_num_36302,0,Blowhole,none,4,False,ba4d81bc645bf85dc3fd8d321edb0aa259af3ded86738f04dc63e92e64448cb1
MT,MT::exp2_num_3696,0,Blowhole,none,1,False,a2af5ea7174e59582509a2f633366f9d1404f9aa5d9ddd31b400fa0d915f94b1
MT,MT::exp2_num_37263,4,Free,none,2,False,3074e9ad857367c9dbead6b043297d7edddef46782d94d596a2dec94183af2d5
MT,MT::exp2_num_37273,4,Free,none,0,False,2b6fcb4de59567299579a605eb371e1f1d37e04b8572b12b04bd7797b5c8cfcb
MT,MT::exp2_num_38004,4,Free,none,0,False,f60a173bdc11b0a2025648798d868477d1c13d38662f7d87298f3303d068472c
MT,MT::exp2_num_3811,4,Free,none,0,False,7678f69a2e9867fc8299af9f0e8e57a7863db440220ab48cd54d09e87625058e
MT,MT::exp2_num_39430,4,Free,none,0,False,63eca7f9eb337526310088a93a11509e5fefdce8b0ac883772db5d25b16aa9c6
MT,MT::exp2_num_40424,0,Blowhole,none,4,False,b06f1870698bbae7d08cd6e6453d215e42295bdd625e837a3162c37d8db77a30
MT,MT::exp2_num_43841,4,Free,none,4,False,071d7c5b7b12cd12577b0f334c96f6420237b0c40cbd1132ad47860c2ce3f928
MT,MT::exp2_num_45028,5,Uneven,none,2,False,6981fc60877d1561f62aeaa1948af9803773eea00c75ef6cf002b914b8ca9279
MT,MT::exp2_num_4748,0,Blowhole,none,0,False,3fe4985886d96b6e000911c8c2c36e4885f11aff5647e3744529edca31c94ab0
MT,MT::exp2_num_4964,0,Blowhole,none,2,False,b824498794c0b08c390ccbdd7c2096a6d8e07acc0b6c63553fff0d1ed42ad768
MT,MT::exp2_num_50402,4,Free,none,3,False,75376678edcb44141b7d7ff18e20092e3053899da78181c39566679367be3add
MT,MT::exp2_num_51097,4,Free,none,0,False,7d8d2c467dfb2ebaba82caafd697e7c949edd4a5b639aef6a3df565e2b9672e2
MT,MT::exp2_num_51697,0,Blowhole,none,3,False,484bc2d956ae76a3187d26a82fb03bdbd97499c038458cdfb3b3a7bd801cbcf5
MT,MT::exp2_num_52677,4,Free,none,1,False,684be9fd45ebb3da5f4e816d8c18bdbd32b5f6656cbe7a30ba1c2a8c6c464d59
MT,MT::exp2_num_53025,4,Free,none,0,False,9bf141bf5590035515eddb4187fe8914519b41eed16b9ccf6ce3db0aa9bab60d
MT,MT::exp2_num_54126,4,Free,none,2,False,d1cd123f4c7c1c6665d2221a733504f79a550013f06228c29b3f43d4a9e8d06a
MT,MT::exp2_num_542,5,Uneven,none,4,False,874539f62813421a5d80bb22ff2f92cacaadf722b37a5b65b09194bcc5840b8c
MT,MT::exp2_num_54273,0,Blowhole,none,3,False,98b74bf336fc57afdd797a48c3f645a401edae6bce4694ac773924dfd1970dd1
MT,MT::exp2_num_54925,4,Free,none,4,False,5e3055a32f039e01a69828a2b0ebcc399c6743fb45ec6ef6c9171bd737e94913
MT,MT::exp2_num_5924,4,Free,none,1,False,34121e282920512afbf771140fde5f7fa5245900f0d5b59e49d86119ffb41713
MT,MT::exp2_num_61324,4,Free,none,2,False,d32dbcd040e5a856be6e712a185711d06c682ea95842c6b02ee3c53fc7040bd8
MT,MT::exp2_num_62577,1,Break,none,2,False,3765e45bfeef2c0f5c9fd9e56db9d8a8f6658177efbfe755497e8fce0eed0cb7
MT,MT::exp2_num_65017,4,Free,none,0,False,d5c7702867884322c2f65e795d23d5c73b9b4990e6ca692881ec866a035d7717
MT,MT::exp2_num_6528,4,Free,none,3,False,bdcb1571c1578c7b8ab8ee05dab4c51c79f30bbdf8f8c184a94dfce47b8ed9b4
MT,MT::exp2_num_6558,4,Free,none,1,False,59c17c978088d904f0843c5610cb54792aa9dbe4db480e8638ab062c7778f783
MT,MT::exp2_num_68382,4,Free,none,2,False,45a44169ae30b30f554bcb081888a6a8101ce192cd255e34b28d2557ecbec25c
MT,MT::exp2_num_69830,4,Free,none,1,False,34191904997669123e0d81ef4ac6342b762da06a38ea5a2106e7c277f009a9c6
MT,MT::exp2_num_7009,0,Blowhole,none,2,False,38125f2b486bb9279a87362fd3255847a56ab92f1294b0100873b2ca668a9812
MT,MT::exp2_num_70514,4,Free,none,4,False,40f5f47077759ca1c7749cfefe088fa148df773ec3e4d838f08c7fb18d354815
MT,MT::exp2_num_71201,4,Free,none,1,False,c0b46b2115ffa655b95d442ea3518dfd8e01a27e277b14d0bd1f2a1cf16a1b9d
MT,MT::exp2_num_75106,4,Free,none,0,False,a58684c1e94ef29726811ff1bf9d74749c40752764d6c84fde617daa0988106a
MT,MT::exp2_num_77559,3,Fray,none,2,False,e0cf8077fec9765fd8fe3a05f31e3a0c6c5ec05cf11ca84bf5e3d16b9739ee02
MT,MT::exp2_num_7886,4,Free,none,4,False,597701364e8c2e0fa61870c68e1d1b95c9177ef6d799929fceebaf51b51f7707
MT,MT::exp2_num_834,4,Free,none,4,False,81195ff9898b9931207eff9c18f3a1af2ffdaa59a845d61db7ec887d1713f814
MT,MT::exp2_num_85846,2,Crack,none,4,False,d2020c96379ba7b2a514be979c0880c7288135455d77bbceef6b9fe36ff63cf4
MT,MT::exp2_num_86854,2,Crack,none,4,False,17e38aeaeb41d47bc5373c4815c32384e8a900d1cab7c325ae158e44ec8ce127
MT,MT::exp2_num_887,4,Free,none,0,False,de9143acca279456e7dd05bcb4e1af3666e320c78a7bc34619931dd8cc5d4559
MT,MT::exp2_num_90988,4,Free,none,4,False,2e88c60125544fe79821e2955496a14e50904d3b03461698c7e8da1ecc47860a
MT,MT::exp2_num_94922,4,Free,none,2,False,36a9e6f17dd6cb7074030cba895f74f2e5e78dd10c2bb527b8f476354a841bc6
MT,MT::exp2_num_9496,0,Blowhole,none,2,False,f206ac1aea797df2514299b7a641973668d70d8acc96facf3e6436498859bec6
MT,MT::exp2_num_98102,1,Break,none,1,False,86f1531816384795d2e6f1672f5cc194e5cf42e9a2f9b853535c51add991ae54
MT,MT::exp3_num_10215,4,Free,none,2,False,b21af02fa5ab6bd392e25e1497c2bff0ae44b7f4599d244f120d69c3cec8971e
MT,MT::exp3_num_10448,4,Free,none,0,False,4239d60f1871c761fc2e60db38f8263f544fcd22849eb94b500f1c66510a61ab
MT,MT::exp3_num_105826,1,Break,none,4,False,cb4fd9d351639429066106d50fc46a3f592b8c943032661a37ff58e3c018b625
MT,MT::exp3_num_106186,4,Free,none,0,False,56865c0936f16e3ccf34ac342581274c95bf11a9c3b206cb621a887d640c3ecb
MT,MT::exp3_num_106779,4,Free,none,2,False,d216319fa03a2f191339eba04096a27dc768e368143e9966663a56d3b985d120
MT,MT::exp3_num_108757,0,Blowhole,none,0,False,3d0864e24287469563e7b379ef9e2f20cc6ad29cd24d3e29efae7fa72913196c
MT,MT::exp3_num_109271,5,Uneven,none,4,False,0e04c502e707a0a9d5a2334fb34b7f5790cfa567973f0f6b3bc7e29eaa451687
MT,MT::exp3_num_10945,4,Free,none,3,False,339f196277acca1323ca7c12b492225159f8a0300f73f69d3b9552e408fe09b4
MT,MT::exp3_num_110136,4,Free,none,4,False,9f8d4aa6c1ba6679e875a6c78eb34f8820fcbfd4aaafc519e4aecc47511eac61
MT,MT::exp3_num_11304,4,Free,none,2,False,7a9a6ae134728ee2827015cb1d42414c8c5c96cb666b4214ad6c2e536d335266
MT,MT::exp3_num_114419,4,Free,none,4,False,084d7a5dfe1f1c33614489488f98a362d7affcdbe5d42fe0273bf006da1d5e3d
MT,MT::exp3_num_116299,4,Free,none,0,False,c21175cc6841e42c5ce436c824fe3a869ae364af0992d67bcef8450592399945
MT,MT::exp3_num_116541,2,Crack,none,0,False,5d311b2a84b4c8eef7d00f3ce9a262d63c83db161b487692c52304d0fc3a43fd
MT,MT::exp3_num_116981,1,Break,none,0,False,9431ece3ad834a987c028e29bf8743e9dccd2fb47dd110b601c37d3f4f7e7130
MT,MT::exp3_num_116991,4,Free,none,3,False,79b49ce866afc8993d89b0b4da5f5ef74bf46dad9c829fe62ad06838fc050407
MT,MT::exp3_num_118911,4,Free,none,1,False,b171e288b65afe9f62d39537ee1473a731669d3e3dc3c2d503c9c5a441d601ea
MT,MT::exp3_num_124629,5,Uneven,none,1,False,0b7cf9005c85dc6a8dd789f9a663684395ec5e709715017e4def8824a2539474
MT,MT::exp3_num_126339,4,Free,none,3,False,515d6942c506f137dd2cc496e51a3114b9e62700e5f107cf632307a766040445
MT,MT::exp3_num_126827,4,Free,none,1,False,432c9366e11ac0e970f7207abd594795a663eaaaac1fba772bf772c17d6c8db3
MT,MT::exp3_num_127677,4,Free,none,4,False,f96ee0fd25938d8d8d94fc9446e6334db515034ffb77b42cc6c4367e80cc0bfe
MT,MT::exp3_num_128108,4,Free,none,1,False,6668b9295fe6a36b1ff27274bedb18bf22b11239056e2af656bc0a3e9dfa4169
MT,MT::exp3_num_129069,5,Uneven,none,0,False,0ab0ce963b4397b3401513e5f24a4c31c0a1b7ee2bf2134cc0e1f441edc84c90
MT,MT::exp3_num_129632,4,Free,none,0,False,68fdb955e11e9b6afc431b3e9073b7f61c8c851ee65269f0a3b0e1a51dbd6618
MT,MT::exp3_num_135593,3,Fray,none,3,False,a65418d439d2222714b41028656f33fedaf4ef8ef394e92cb0c9db101e525566
MT,MT::exp3_num_13568,4,Free,none,1,False,4fd372ff6b6b5bfc1e757c68d301c28bea8274d6ff98181ad551ad11627474de
MT,MT::exp3_num_136351,3,Fray,none,3,False,b38a23128cfa6f120be7e5683475006d33a534b56119183c47cd0ca9b3e78acc
MT,MT::exp3_num_138649,4,Free,none,3,False,263e9fb06e793983a9d18609a25f568e69c8fba3677a085491374bb187875f1d
MT,MT::exp3_num_139838,5,Uneven,none,1,False,055085aa149e595cf1d896abade93b2a72e2d9555dacd296ea8bce5e6765683a
MT,MT::exp3_num_143234,4,Free,none,2,False,0272411a1b98e936e0bf13fb1e9c36af65e97022a771d03376e13075b5bce89e
MT,MT::exp3_num_144210,4,Free,none,2,False,c456b2c444b25e19591bff5ebf257620a24ef63f3f54399ff12b7e32bfa66c79
MT,MT::exp3_num_147971,4,Free,none,2,False,3335f99957303dbd8888877f6e4a51ac43d2c697adf09c5e173fe4ea88cece45
MT,MT::exp3_num_148977,1,Break,none,3,False,8fb64766850e8a54b757b81e9c8c654f869526b88108460208c28d33d304197c
MT,MT::exp3_num_154595,4,Free,none,0,False,a02bd3209bba5740ae38ca0b6400d729c451a0a3cf852a183e370b525d287b1a
MT,MT::exp3_num_155360,5,Uneven,none,0,False,848924217c7ec4b1a40d50a8371e2b2ca78a3498cf767bdd09366b6620d655c4
MT,MT::exp3_num_157220,4,Free,none,0,False,55b651acb33ffef31da73c35ab19b873e9e48e846ad76871cfd07faa79d6b570
MT,MT::exp3_num_157763,4,Free,none,3,False,542132fe96b0a5f78364dec16d8ab91183309f611eb1833e2f571656704be28c
MT,MT::exp3_num_165409,4,Free,none,2,False,9f52b326e3d4d3d499f0d3cf11580e070a24e5bd8f19247cc7e3cb70f551894e
MT,MT::exp3_num_16556,4,Free,none,0,False,25f8748201d067a07ab9830acdf98546e05f74404c727d260acb612c482cee10
MT,MT::exp3_num_166221,4,Free,none,3,False,daca98f93fba9e59317bd06cfaab840ffc0efafecf4ec701b3184863fea1b62d
MT,MT::exp3_num_172286,5,Uneven,none,1,False,699f2f08cb5062a6357862be13cdd806f929bc080efb17d10e1ec347d7d25d8f
MT,MT::exp3_num_174699,4,Free,none,3,False,3a575187565523da6ec9c3ae1c3a37f989926db6a704ce8e611f23653cca8f1c
MT,MT::exp3_num_177963,4,Free,none,0,False,c5a04e63a9caf93f1796ed3746101379d76030bff8f66a76c8b6c422b41bb536
MT,MT::exp3_num_178510,4,Free,none,2,False,d759e17e7897ff795356aa75b28771b5ebf11958393689c6f713807301528810
MT,MT::exp3_num_180350,4,Free,none,4,False,bc830cb63467611a2789c635f7117fcc4dc040ae8c09630813c3691555ca4c00
MT,MT::exp3_num_180885,4,Free,none,4,False,8c2bd999a16c5ca7ba5c182211ca069f3d4794a3f8f5f16b673ca374ef9938e8
MT,MT::exp3_num_18185,4,Free,none,1,False,d6b0b7c7fac1cf7387cd421423d78bb2522468adf09fca69d63bbee2862922cf
MT,MT::exp3_num_183198,4,Free,none,4,False,f5535f4905e52b1475a2970dfa44e1a946abd0a81c8199b5e6d43f2e39b243fa
MT,MT::exp3_num_183846,4,Free,none,4,False,8d7b235b5f6839f994c3a540d30dfc28184637309e220eb719fedd09c7a77a59
MT,MT::exp3_num_1855,4,Free,none,4,False,6ba44576d4ad3a31f0a05faccbf462d82f411bf0d91f32725cb78f537beceb93
MT,MT::exp3_num_186885,5,Uneven,none,0,False,73170cdf11e27a287ad838f31047ae9cea38aae3c335212bc8094b770b5b5ed6
MT,MT::exp3_num_187556,4,Free,none,2,False,8266a5c9376a58d414031d33c8b93924192492b47089d8990dc884a767c45468
MT,MT::exp3_num_192174,4,Free,none,0,False,19979f89868d6a6feb4df07ab97a01ad032ca9966517120c29149026a2af0cad
MT,MT::exp3_num_193139,4,Free,none,0,False,9af68fec8f78da5adf8f79ca3db82be68a9b4458ff44dfa7a383ccfc93668570
MT,MT::exp3_num_194220,1,Break,none,0,False,720cbed4b49b0cb1d530f1b91e4a4a6dc68a1afaa1200c194111b727ee90ee74
MT,MT::exp3_num_195685,4,Free,none,2,False,14339c735c0cfbc427bdb213d3d61cd8cdaefd9513aee8a7a6afb7214784fb35
MT,MT::exp3_num_19753,4,Free,none,2,False,e1354f5274ce0b7ed04aa01cc1b5cd3ad4f529290e566d4ba1fa3de85cee4547
MT,MT::exp3_num_20409,3,Fray,none,3,False,a351e849132440ecbc55fdf8e4015d7d3a420afcefdcfc44a82c8037c3857305
MT,MT::exp3_num_2074,4,Free,none,0,False,5647a3d4b83722edbc90f178c9180d81d364ea9e075eef1f7dd3ca95614c75ee
MT,MT::exp3_num_240077,4,Free,none,4,False,c20802815d596e0fe64b20789dc147b74bae0356a60d50c9d9f0e66b722d91d8
MT,MT::exp3_num_241380,4,Free,none,2,False,287fe5ed9c640f736cf896afb38c0c2cf16462ed8f125475471e69ee767cdd1e
MT,MT::exp3_num_241926,1,Break,none,1,False,14371a876d60f93f80724cf3676a2b05eced0708235e412a23769326d8cf0b12
MT,MT::exp3_num_245792,4,Free,none,4,False,580f633aa2827fbce3dd410750ef82ed1b65d8bce72e846f705e6f8a651a420c
MT,MT::exp3_num_246338,4,Free,none,1,False,8ba282654b621ca0aa8cd869bd4d69c2cbb7e823ee12fafbed7c2c6d0a63407a
MT,MT::exp3_num_24829,5,Uneven,none,2,False,12df8dd463a83d7199ae4be26b6be0377070815936db5e37c0a277b100ae7774
MT,MT::exp3_num_249637,2,Crack,none,0,False,5275c99f65ce6aa0a66609723145de06850358e948faa8da7c14eb61f8275307
MT,MT::exp3_num_251473,4,Free,none,1,False,b2c2ba54914b1dccaede6a713e047aa5d4a2d13bec7d3f53ab7befa7c4de079e
MT,MT::exp3_num_255696,4,Free,none,3,False,63c8a82523861922a6de3ce0f142fbe1825861abe8451b90362ba144fafe04d7
MT,MT::exp3_num_256305,4,Free,none,2,False,85d9d5cfcf6ad6973351c515ed41b288fe6e3d4beac79922b19785ce555d92e7
MT,MT::exp3_num_257158,4,Free,none,0,False,b3c98244f30fdd9346bb7e61b9386efa6eb4c24a71554a6743e102429cc28b0f
MT,MT::exp3_num_257678,4,Free,none,0,False,7654d6d201aecfb8a59df4cd22492c0f90233684b67d2ebb653bc341ee401ff5
MT,MT::exp3_num_258558,3,Fray,none,1,False,52f8b825bcb825af258afc876f586b579e610acd0c7b8092f79b7f5d38d29b9b
MT,MT::exp3_num_258867,4,Free,none,0,False,5ca35e81b5eefad33c2250ba8c334d67384419608969d5a96a5e10c33d0bfc08
MT,MT::exp3_num_260521,4,Free,none,0,False,6d9ad5e6d4f4be884aed47e683bbc1a24976ebbd3c6b3505fc6faec9ff219478
MT,MT::exp3_num_260963,4,Free,none,1,False,f6c7195ff8335df925cb7b8aded91734be59d6b5489d3325fe31e8301a98d64c
MT,MT::exp3_num_26146,1,Break,none,2,False,2c23003cf6420654c040b7092a81ac24a2f523aef6d1f0a766658ac685eadd57
MT,MT::exp3_num_261977,4,Free,none,1,False,5039ca12400858d8225047b76f646944845447cd2a91d0058a291ebca8fc8bc1
MT,MT::exp3_num_262246,4,Free,none,3,False,99e33a6139c087d93b497f391054a3bb2e0163da6b04e343ce29d77d259aff74
MT,MT::exp3_num_262601,0,Blowhole,none,2,False,822023354d2b025693dc308cf4acf15782e77d5ebddcaeef8eaa00c0938f3e59
MT,MT::exp3_num_262674,4,Free,none,4,False,d1466598b7812123bf09ae71ee3e8abe88405a7a410eaf1921c5de3408af2558
MT,MT::exp3_num_263864,4,Free,none,1,False,b0451eccfee3163b5c1374f4445834bb9f28b694c171dc377e87a0873c67444b
MT,MT::exp3_num_2642,4,Free,none,1,False,8764377b65aa2bbb528874d82b5ca8df5fa3d4cc75abb9ee633c9e69e172577e
MT,MT::exp3_num_264225,4,Free,none,3,False,d7d5fbb0af6ece652f165f9f57ad08a8a6f249bddb7b08d55d447e1070cd8bdb
MT,MT::exp3_num_265117,0,Blowhole,none,4,False,64075d3169ceb7eb46902eff6f08fa54f8afaefaeaa0a48de9a0b9d1e776f008
MT,MT::exp3_num_265659,2,Crack,none,1,False,351590cf07018775d43b24a614162e28df4584924ab4b8430f99f49523896828
MT,MT::exp3_num_266316,4,Free,none,2,False,939320ea02b9c464c4d90c8d5e9ffaae77436099c6bcd8164636817446b5ed13
MT,MT::exp3_num_266831,4,Free,none,4,False,efd8a08f92b5c4721bc52050e9c4268d152a5eae6213e787ddb3df6d6294ecd1
MT,MT::exp3_num_269121,4,Free,none,0,False,71ba4fc905ac5a7bfbda2405ba8f1e53f1a6694178db28a3cce2742ff1093ad6
MT,MT::exp3_num_269668,4,Free,none,2,False,7ef5ecdea8d18b196ea67693b207e6feeb074ee4bf50d7df581783706f605c4e
MT,MT::exp3_num_270169,5,Uneven,none,4,False,66670cd8c80a2947ddfc12b51bc8aab1ebb09812bab75e77c4e8d31eb5afee35
MT,MT::exp3_num_270593,4,Free,none,3,False,3c8d1f8be07b3cccdf4725bccaeb7f86873629db6f619b848971958619e9ae5b
MT,MT::exp3_num_270803,4,Free,none,4,False,13de9267cf03a1ae552e42401d65137c9e0e13fd13f316a099e8435e3603e16a
MT,MT::exp3_num_271400,1,Break,none,3,False,09e27f91bb6ef7b4f9228026d55062011de57b7fd3b0aa31d8db1f6adacb23e2
MT,MT::exp3_num_274138,5,Uneven,none,3,False,29235df890c560c9b2fdff027ddbaf400724c33fee865a038ec8bf64926f96fc
MT,MT::exp3_num_275407,4,Free,none,2,False,9368c3aee4114402f05d542bd21b701810733971cfd4fb5163925cb9e1f7f111
MT,MT::exp3_num_275697,4,Free,none,1,False,22036adfa3d6a9b8a41c6b8f91fc4b1329345ee1cd58ea9662009f1a517bbd31
MT,MT::exp3_num_276387,1,Break,none,0,False,045a71f375497f0f3d50f7b6fa70f885d4beb6e639a44af8506c18ee33bf7f24
MT,MT::exp3_num_277027,4,Free,none,4,False,20afc7b4006eca8899a2d5ee7d021c76f8b0f18633c5fb2fc780b2d04e3b2ec3
MT,MT::exp3_num_278595,4,Free,none,3,False,e72e15907dd18f1d6d51575ed4fe6fce9a91076dc9045a9c5316b14b14791961
MT,MT::exp3_num_279122,4,Free,none,1,False,9555d1a7498c296f4801e84c33041f211ae20ae9414bda95862d4e70fe387c9c
MT,MT::exp3_num_280246,4,Free,none,0,False,f8fad248374eb8f5409d23cdcac5a1893f971006f9ed14f2c718209ef3fb065d
MT,MT::exp3_num_280977,4,Free,none,1,False,aff75319cd59bd5dab86e17153d13339fe507d92cde85ee827d322d0cbcba2cf
MT,MT::exp3_num_282911,4,Free,none,2,False,d3e81283537197ba3c05a19a9661a78ccd600031530c1d490fae7961612d2ecf
MT,MT::exp3_num_283229,4,Free,none,3,False,3f5f4d13a43cd9326bb75ef62c5dbc003f1f5dac1565fce90db48c98d283fb7c
MT,MT::exp3_num_28373,5,Uneven,none,2,False,a0b6d967f02960640c2f961917f3c58cefffcf91ca844053d7ccde07a9ac57f6
MT,MT::exp3_num_284520,1,Break,none,1,False,947765c36bb13010c5a9db21cc883bfa9fa3da747f4a81c0db3acf33c39084a4
MT,MT::exp3_num_284875,4,Free,none,2,False,50ead9441a750e1aca600efc16e3b861d4e12982046d86ffa3746644ebb8738b
MT,MT::exp3_num_286265,4,Free,none,0,False,cd628ebeb65b5e1ab50d829222ac3544b3c267546a40092389db781666e9803d
MT,MT::exp3_num_289625,4,Free,none,0,False,296a733b97897b62ce265850ff413b025ee5fca38141fa1f3144470662ff078d
MT,MT::exp3_num_290081,4,Free,none,3,False,3a90b15cf89cd22fab08a5ba9c24be062bcd34b83a1fc6f6849ce0ab4fb48c10
MT,MT::exp3_num_291038,0,Blowhole,none,2,False,70d8ab1f5711e6edac00c60609b822e5d70bdfd56394b8cf99f37d4a04b41719
MT,MT::exp3_num_292124,4,Free,none,1,False,8442912e75a5b3f2cd8c80f9cfe036f50c892987520bfd76ae10a2e3627c2480
MT,MT::exp3_num_293289,4,Free,none,2,False,8faddb9d4a67fae99ef5336f77d74db0fedb516e2896ceeab708bbddd1a84f66
MT,MT::exp3_num_293742,4,Free,none,4,False,afda04a876047e1082f0a0285f209cdff7a613454e4ec962d8eced7b9f40ffd6
MT,MT::exp3_num_29508,4,Free,none,0,False,0b9cf74d8b08b994df869841de70f107e4b00cfb056896328c31e386754a5718
MT,MT::exp3_num_296668,4,Free,none,2,False,c947eef6423705a4425a172f94be97a50799cd4cf2c766359d802c7437fffaf5
MT,MT::exp3_num_297311,4,Free,none,3,False,bac79f9179547171c0ff6d9e967100e0cb5a3ca3cd4143adb2e174aaa2a64e17
MT,MT::exp3_num_297506,0,Blowhole,none,3,False,4bfebd8546fd0aeec1ea402e5ba1e959b764b83cf338133006b508e9be904228
MT,MT::exp3_num_299758,4,Free,none,2,False,84d43e4eb1dfea0ee922dac9ca8fe50ea564c52604d8e5ae6aec30c639977c73
MT,MT::exp3_num_301511,4,Free,none,3,False,860d63978fae3dc0c8ace8c88a5ae1d355b73678955c8a514697206ddfa855df
MT,MT::exp3_num_304317,1,Break,none,3,False,5c490bf30d77f84010f34a1ce4cd08ec7de1ca685d069385f547f7c1bb901d8e
MT,MT::exp3_num_304319,4,Free,none,1,False,19d9ca64514433c801c90f175e4a37c5a6fece7567670ea050c18d39851f1e32
MT,MT::exp3_num_304701,4,Free,none,4,False,b2fd25c7aefa7cb2c2bf8921cfea9afa87888d83a2372595bd048295992b276b
MT,MT::exp3_num_304882,4,Free,none,0,False,eebf74065f9352c1c03b7161aa62ed2a698c346d996a684253c783e6852f4e7a
MT,MT::exp3_num_306457,4,Free,none,3,False,52d8ffe141bd0d9a2b8623c9be58a576dc22213ffba182ab61985e112109b8f6
MT,MT::exp3_num_306622,4,Free,none,4,False,c2d393b6478a4a6b5e8cceaa15fc41e9a564d7efd0725907cc99628cf23fe45e
MT,MT::exp3_num_308061,0,Blowhole,none,4,False,9c0c9acbb2d0241f93c4911ee1e31559953869be8f65dad500c60e2df2d3b4b3
MT,MT::exp3_num_308837,4,Free,none,3,False,33362500fd0ef2919721077e7ce7963bb11960ccd6fbbbb163364b6f20d0cf2a
MT,MT::exp3_num_309379,4,Free,none,4,False,add5cbb582485a3dd890fc5b7d45403941a963c3646df3999e3e14b3a42dbffc
MT,MT::exp3_num_309681,4,Free,none,4,False,a4c5ccbcc72716656ea2e0268830272369bd583d418bdc3dc021d033647c8456
MT,MT::exp3_num_311344,4,Free,none,0,False,ffdb402459eb96d6a7ed898300a5fb52653850fc86c3dc844dceb05b5a8a3cd0
MT,MT::exp3_num_31138,4,Free,none,1,False,7b3ed09dec0f6cd42c46b7dba5045e340561709025fd6265d5d71309ae7e5aef
MT,MT::exp3_num_311847,5,Uneven,none,0,False,60cbd437130efd297568e3eab7ae29e67f710eb7a590ecf1d39710e1a8a08b3a
MT,MT::exp3_num_313507,5,Uneven,none,1,False,9ec5ec55a444838316e527c5c1bcfa3cc0b995284016687448ef6e0e662709ca
MT,MT::exp3_num_313866,4,Free,none,0,False,1615ef2c1613c311ca744ad3e2e8ff4fcb2c51df48d8e3073034778905f99bd1
MT,MT::exp3_num_315020,4,Free,none,2,False,02918b8199ee0da69b6c0fd6528624878a9c0cd06419b6eed7d22b21e7d635e5
MT,MT::exp3_num_316354,4,Free,none,4,False,5997c02b6e76e230cb2343ade8429f24b1a45983236c857edb2275c8a249f8fb
MT,MT::exp3_num_316726,4,Free,none,1,False,a6775955bbe12336f966afe893c10dcf1ddcd624958ebaa42c314d5783ab7582
MT,MT::exp3_num_317526,0,Blowhole,none,2,False,eb91f087bb34435d829304baff10230ec6fdcd28b9ab0f409eb433104570997c
MT,MT::exp3_num_317588,4,Free,none,0,False,3e16e2d87d33a3b6a056e074fa9d4aca2d8a7174a6c861e49361cf368a5c0409
MT,MT::exp3_num_317925,4,Free,none,1,False,d66e19b632996945dcc62523006ad2d94e0bfa7f3ddd4760873d4618154264a3
MT,MT::exp3_num_319346,4,Free,none,2,False,6616b21a19c412254bcc03323cc49e0bc72d0a8d5d4ca09a087e4d590b97c187
MT,MT::exp3_num_319456,4,Free,none,2,False,e890a079f488a3df4c099777dfc63d403fbde3df88bf9789894945ffc7ac4be9
MT,MT::exp3_num_319713,4,Free,none,2,False,4df9b560767cb86e1abd12d470571f374b76efca2ae20786e276108b1b16223e
MT,MT::exp3_num_320486,4,Free,none,3,False,875c7b2d7d36707aa080e01a76e5931f5b961c4eb2f0296f8e7d5b52d8a3e866
MT,MT::exp3_num_320689,1,Break,none,4,False,dc3053baef2a25f7ca11562ee2b62aeeff743be9aa1352c84fd737a8e2744c01
MT,MT::exp3_num_320833,4,Free,none,0,False,77d2d32c37586ebf5279ce13c0c72ff0440f0b88466170d76c9be400bda5e3aa
MT,MT::exp3_num_321466,4,Free,none,2,False,915a19ed2790285f1fdfe43ff9a85e029fb7eadbc33e4ebe751c5af9963b326d
MT,MT::exp3_num_32171,2,Crack,none,3,False,c5f3251508314626b9a774de7c6a702116ef1a5f4333d4301145a725d9a5458d
MT,MT::exp3_num_3223,2,Crack,none,0,False,0c8a167acad84e37fd77dda250ea3c07091bae7bb64552cce466cd0e4c6f901a
MT,MT::exp3_num_322643,0,Blowhole,none,3,False,dd4ef436431ea5f4c534b8ae1d1860bb21d1bb49aa39dc617815b58b3790f4d9
MT,MT::exp3_num_323352,4,Free,none,0,False,e95364dd88e88a5b30a7a2b227c3728c4694d6a9fe2850d8fdae67ffb800dfe7
MT,MT::exp3_num_326615,4,Free,none,2,False,47e81b3a5aaac87f03f35fc334737e91751f8ddff768550ebb4ee46e3da12e57
MT,MT::exp3_num_326938,4,Free,none,2,False,bbad8d203186622f0d6bc1813493d433f8f05d43f67343179d5f4bd1bacf6986
MT,MT::exp3_num_328014,0,Blowhole,none,3,False,547d2b13cc783ead1ac6f33de8cdca3ae929a6ed926ca325763225dd4bcd5753
MT,MT::exp3_num_329247,4,Free,none,1,False,366dc1c69d2d69feff7caf07a213aec83857ffc427a8d80dddf67d7d6c3b5352
MT,MT::exp3_num_331190,4,Free,none,2,False,9a4d5da0cd135e7e43d2c73108d3ac391fcaac50d4aa51842c8fbd69e435caa4
MT,MT::exp3_num_331958,4,Free,none,1,False,2e39e37ef683f708b60738ef01c6fb75380b7efff97709254c11e6f2f7373bc3
MT,MT::exp3_num_332719,4,Free,none,4,False,354ea87af2c8d0ad58ef606088ebb8da14e9a94658a0590d331d4941c8d115e8
MT,MT::exp3_num_33395,5,Uneven,none,3,False,90e6f94ef80870103dc6b2bfc7bca4388c1eff2349cf8540dd759baf45a3b2c3
MT,MT::exp3_num_337688,4,Free,none,3,False,03d078c1b514aad41507f82f3d59e8e22ced5531e261b14781ed8c936d6979bc
MT,MT::exp3_num_338885,4,Free,none,2,False,2cbfd17f74fda546ab95a0e11261ffb253dba3b6324c55ce32cb2dc6b2cbf5bf
MT,MT::exp3_num_339854,2,Crack,none,1,False,025685f4a1aea1ab11f01d5d534f9b453a9631a2166b7cf27bc3174d0f2bda6e
MT,MT::exp3_num_34117,4,Free,none,0,False,bf73f4a13be2aada82589e14e3b8d40a990ea70e45a26a72a822acbd0d4af218
MT,MT::exp3_num_342176,2,Crack,none,1,False,a80ebdf59ac16c8057693cf0bedf43201cef8bdffaa6da4e368a2131a01a0fd9
MT,MT::exp3_num_342889,4,Free,none,0,False,2c720aee917e548c730427a203cb5446d5aa9f6d2d297eb730ec02f5285fe9ce
MT,MT::exp3_num_344580,4,Free,none,2,False,501aa29692bb6f4bf4de2f3cec8f9346d3203f67daa439c6169c41ed933fa709
MT,MT::exp3_num_346347,0,Blowhole,none,1,False,5ff426e9704f2a64d23c141dc672661ae050ac9d15bcff8634ca69c9a71873a6
MT,MT::exp3_num_348661,1,Break,none,0,False,74462c2218034c1445b79e3920371ab162342e91deb4c7f8daa8b769dd64536d
MT,MT::exp3_num_349856,4,Free,none,0,False,814b1ec34d5411ac813a6cfacd269b0af7179a56ab40cb0fbd5d97c346a55f55
MT,MT::exp3_num_351078,4,Free,none,2,False,c5c9b093883561c8ed1d2f9161c213e0576bed839a949869a7b1eac76b39f4f2
MT,MT::exp3_num_351463,4,Free,none,2,False,f415b61c8799cadfcb0bf1881fff0a2b6edf90a4c4650d43afe25e1aa7e85a64
MT,MT::exp3_num_352516,5,Uneven,none,1,False,b25feb5c8fea80e6fc9706b97955a051eb733c372b11e5c2fe1b1cdbdba3e363
MT,MT::exp3_num_3539,4,Free,none,2,False,dfa00a7769ce3c74b56798f17227c963062f84fecdce0f9d96ab4c59395b8aca
MT,MT::exp3_num_354417,4,Free,none,2,False,cf21c837d597e8f6963f5159231c460a197deb31d32d8480117021d3b4a550b2
MT,MT::exp3_num_355669,4,Free,none,4,False,503033c6adef1f127f03be327642eee057c0e2545ee587fd18139871a686bb8d
MT,MT::exp3_num_356756,1,Break,none,2,False,b020997b4783ef1e464415bdb4f36bc46edd90d863e3b5c4e8b406ff85dd4f11
MT,MT::exp3_num_358127,4,Free,none,4,False,6946731cb6f17beef671a8c1f237417f6ffc274f64a019093841f590c5697610
MT,MT::exp3_num_358972,4,Free,none,1,False,2579c36a45b4ccd6993c3ce213291f58490914a051bef16947db03346a614b30
MT,MT::exp3_num_359489,4,Free,none,4,False,1bacccd88d14294dfe2ccfb535a08e80c2df03884c15374e33ae194069b0a5b5
MT,MT::exp3_num_36246,0,Blowhole,none,4,False,c93691afeab65165f1b62cfaa9e3cbfee9cb9b8a978abd1a5f7d2bdb200bf84b
MT,MT::exp3_num_37056,4,Free,none,3,False,42871d66b7283c24f5f723ef1ab3431264590c16cba347b60a382c8979fd3f2c
MT,MT::exp3_num_3710,0,Blowhole,none,0,False,a9010bd066ac21cabd9e314fa511f3927100058125d4e7e5b26dead7c1c9635a
MT,MT::exp3_num_37278,4,Free,none,2,False,d873df1f5ac0d63c2224012902604a15e2b96a1fe30ab87c697ecdcd108faaa1
MT,MT::exp3_num_37556,4,Free,none,3,False,45e02773d006f136dabcfe3685e79322cca1ca10fddf52513a1a29b3c71998fe
MT,MT::exp3_num_38023,4,Free,none,0,False,b8b26e8cb53ffc5d65652314a4a41274209fd717e6a9ee8a6cbdc67aaf6020ac
MT,MT::exp3_num_3828,4,Free,none,2,False,b465070eb72e1586ec01428ea69d93b1b5627302b973c41cf02b16b6ad3264b3
MT,MT::exp3_num_39447,4,Free,none,0,False,fc7e4bacb3e3f390598827e15707fce837b0bec110652c78050c8eb1f67672af
MT,MT::exp3_num_40438,0,Blowhole,none,3,False,1090f3de225b927343a7d244f850bf103505b59bc6386db64fa8c29fbff49b51
MT,MT::exp3_num_43853,4,Free,none,4,False,8e6c9f5c2a58c550002dd7d75e521e9f51eb1a49e0569263628dac75674fe694
MT,MT::exp3_num_45042,5,Uneven,none,2,False,95adce0dd3f5d5fc5438d6e1684680c1abca929ca5929ca934a549cb3f667a58
MT,MT::exp3_num_4764,0,Blowhole,none,0,False,216f15f50764676cda5fb7c7527bffaea67dabb05f89ae414366f8935ca3bb82
MT,MT::exp3_num_4978,0,Blowhole,none,2,False,8a0fc96ce1e2360b59454db1ef319cd2e97ce4f76cfd5f215db0426f536b1f38
MT,MT::exp3_num_50415,4,Free,none,3,False,b0b3d05c66c418751e9a02b6f864e8ce199319bc86871dbd013b591849029d33
MT,MT::exp3_num_51112,4,Free,none,0,False,a337aaca3cd799198af0a7360ec2e3fecef9b8d149e59490c238097c17b793b7
MT,MT::exp3_num_51711,0,Blowhole,none,3,False,c1ea23e27492ca00f534bbdcf513410b0e98b9c527fe2279e1c0a05c677a99e5
MT,MT::exp3_num_52702,4,Free,none,2,False,703854c0d845c4444e932a0c88bc7444053dda56f1b5066c3362629b4612f8a9
MT,MT::exp3_num_53038,4,Free,none,0,False,bc0d4688d288f7be93860ac125925aafcddee6297670ba198435fda8e2a24b19
MT,MT::exp3_num_54145,4,Free,none,4,False,3ec5e0bed4a3d3c4e4db88ff68a4405afee6f819f190c469d9fcfe1cff875609
MT,MT::exp3_num_54291,0,Blowhole,none,0,False,4e2f3b8c838e29e552d63a5d251a3dc8a0da6107b620c59565c9a3d6c7b4f633
MT,MT::exp3_num_54942,4,Free,none,4,False,13e23088cc2998762583f5ab9fcb95224c30aedbc8628a9febbbe2179f0427f9
MT,MT::exp3_num_557,5,Uneven,none,0,False,9bdc6457e2333022ee83e90d0c436afcb339399d729a1fb4e15096d0997450a0
MT,MT::exp3_num_5941,4,Free,none,1,False,4ad4fa887147879ccc5a4938fc94899f868c3b4e2d6243364e05f6a88debfc72
MT,MT::exp3_num_61338,4,Free,none,1,False,7898cdcf5798d2571d88312663c2f4062fe821b0d1ab78f8776a06471befe4b3
MT,MT::exp3_num_62592,1,Break,none,4,False,30ce99b1176e011bb2cc2f5c36188d2a29efc02a356cdd8c0786f3ac7e104d7a
MT,MT::exp3_num_65031,4,Free,none,2,False,b28d7a3da0bf1fdc4419f690ca40f015cba9c087ffaa46b3d163dc5fa4e00f01
MT,MT::exp3_num_6541,4,Free,none,3,False,1f193bdcd7ecbc69c5ac01a4f5417acb0d8ba0a6b6020b36b5660fa6ee5a90fb
MT,MT::exp3_num_6571,4,Free,none,1,False,24cf05554a623ebc49789f3795700fabf4a60da9c494d8d9bfa17d958c5d90fb
MT,MT::exp3_num_68398,4,Free,none,4,False,944ab3ba582e7f94251c47087800164e8191cdebfcfac149c332e470b1d24597
MT,MT::exp3_num_69845,4,Free,none,0,False,eced32025cb97d586349d8d405a6f90c1ea9acdebfa9bc0645916df4bc03a5e5
MT,MT::exp3_num_7023,0,Blowhole,none,2,False,c81382b0cb2c01d1d26177f16a635c08d9fe19980866b470be13709a7400ee5a
MT,MT::exp3_num_70527,4,Free,none,4,False,201d2646cc295d6037f659800d541f4c755fcdc9948c1b227cad5ca3953eec8b
MT,MT::exp3_num_71224,4,Free,none,0,False,808c1c0a3c73849ce88f667e14828bee6f56ea16bf6a50dbec85bb314dc708ec
MT,MT::exp3_num_75119,4,Free,none,1,False,ec869498ccf54580f5ac26f408cc830777fb28f561badb9c713ca20424775615
MT,MT::exp3_num_77583,1,Break,none,2,False,42063ce18af5c5ca2687d0c0fbad3e2e948d4c51b94c5506d030d0f78efd519e
MT,MT::exp3_num_7899,4,Free,none,3,False,d35c1e522c394c9f8e296361babb89fc6fcbb36004b05433dc06f93de9aef58b
MT,MT::exp3_num_853,0,Blowhole,none,4,False,7fcb812ba0cfb4c8c609bcf078286fcf7614ac956846b299c56525fad56dbdec
MT,MT::exp3_num_85897,2,Crack,none,4,False,9b98101e568529cdfac56daf4ea8f6f51b68f1af21eebca6560307fe929e4cc0
MT,MT::exp3_num_86892,2,Crack,none,4,False,0682ac09ac26593827f3bb9ad7b72a1be29d97820fee16643db54ac54ca446db
MT,MT::exp3_num_91008,4,Free,none,4,False,3e55ceda327d81afb3e8353de3bdaf6282dba91a19a4ba55f3e1844ae11d2921
MT,MT::exp3_num_913,4,Free,none,1,False,81531b7b6ee330f2f8f0d34a7cdcb1a6c3abedef7f46a9ed9bf2baaac2710d22
MT,MT::exp3_num_94938,4,Free,none,2,False,1eab7bba4846dbad87e04fad079726b219aaa7d6e7c163c284e4c06db783f9c7
MT,MT::exp3_num_9508,0,Blowhole,none,2,False,c3f2703db77315e913b7646fe90df987c10a7295412aa3f9b080b8bd13fce658
MT,MT::exp3_num_98116,1,Break,none,2,False,921cca193bdc6276593b36fd19aa769679a9d44ceb581e7feba41f3cfb070b06
MT,MT::exp4_num_10227,4,Free,none,0,False,299ca81e10dbf131e8247b122a60c7690bd6b4df49df8e1a53f084bea1b3dc55
MT,MT::exp4_num_105851,1,Break,none,1,False,e35dda0f1c319ca5e3dc81f326eae0ab02aff33538cd868223fb820a4b0503a3
MT,MT::exp4_num_106203,4,Free,none,2,False,fbbff4d1e49d99833ff69c2f9c5a4ef3c75e1ca59e8dca408bc1ded9aa707ae4
MT,MT::exp4_num_10642,4,Free,none,4,False,c192a667bb53c5ed75a2e95723cf052f20a4a335b82d862a2ef2df1d83fe76d5
MT,MT::exp4_num_106801,4,Free,none,3,False,f7e78d859c6acd291c160e656735d082315b7794da6a6ffbb59fffb2c35714f7
MT,MT::exp4_num_108774,0,Blowhole,none,0,False,12234a1d14b5ce0aec096583099b388a9230240e80dc6bf04330aa3cea755987
MT,MT::exp4_num_109286,5,Uneven,none,4,False,f770b01ffebab9e8b95c9f02ddaebb08562428ca70645e487a601db78b8d9226
MT,MT::exp4_num_10957,4,Free,none,2,False,16ea16bd20437a2c676ea2e98e1fabff89ac463316a4d5c02470b26cdf3dec84
MT,MT::exp4_num_110151,4,Free,none,1,False,ea9792c587e20c0ba581e8f15e3e04f3614230aed275ccccb6639e10c4956f23
MT,MT::exp4_num_11314,4,Free,none,1,False,303e273b923eaa3560e0958980e359280d2c0e7e5da2176ded15e9247942f00b
MT,MT::exp4_num_114433,4,Free,none,1,False,d1d6de256d4d11934d1af1b0342153a5eeb960e6a46fc32061b716c6bbefb488
MT,MT::exp4_num_116311,4,Free,none,0,False,8c06c904377d57cac7afb5247be8567107b151b20fa71f99eb00581a80ebb924
MT,MT::exp4_num_116553,2,Crack,none,0,False,6eeb71b85de4c753b65289f2632d9ee4ef65974f81cd77bcfb9f3d7a2ee2b2d4
MT,MT::exp4_num_116999,1,Break,none,0,False,5a9d59ecb95fd2d5aad81d2a2031e4b509e4b7f5c5b2c28157beefc523f1f9fd
MT,MT::exp4_num_117012,4,Free,none,3,False,976f916e9e188205c001b802df03bb1347351ec08656afc1118acdce62525e85
MT,MT::exp4_num_118925,4,Free,none,4,False,864b00d22553229e6e67d8379e4b8172a4cbc887d383e96db5082204ff6796f6
MT,MT::exp4_num_124690,5,Uneven,none,4,False,bb077623448136cad9af97c3e8ba44c3a34554ba22ed3673c8dae4fc470207e5
MT,MT::exp4_num_126353,4,Free,none,3,False,611ebd93742e80890f6638f67671ae5bcda2d6750142a6c7702e9a5e46f6d8f9
MT,MT::exp4_num_126840,4,Free,none,0,False,c3e683a5035b748c2e7c58eff03887f641a9108b8f76778514831c27bdc4d6b7
MT,MT::exp4_num_127690,4,Free,none,4,False,01b6c22e5991422784275752bb17d3b8b5a19a52ae082e7b5da2c024d9eb3a1c
MT,MT::exp4_num_128120,4,Free,none,2,False,32fc485d7746051d7584a7703d9a708993b0016ecbaca92a5c13908dc8efaa6c
MT,MT::exp4_num_129083,5,Uneven,none,0,False,4eb609fafdafe13942969eba778d25f8b00a509d7e4d8598ef88d6219c635662
MT,MT::exp4_num_129654,4,Free,none,4,False,a89d48e749bb041a4ca0ff82214129ff404b7afa08e48ce278a884e3d69fc845
MT,MT::exp4_num_135615,3,Fray,none,3,False,40c1f82ae9ac7126e6664b031f9372678e8709b42e20265bae9cca58eb8620d7
MT,MT::exp4_num_13589,4,Free,none,1,False,7031a51c11b9c7bb2c87f14bed0d282aad69d15490645e776cc1c5ed8fa44255
MT,MT::exp4_num_136676,3,Fray,none,2,False,b3875d20250f7e166f4aaaa3852082092289c0f061d9f95dfce7e39bad7a4683
MT,MT::exp4_num_138670,4,Free,none,3,False,3858423b3828b43483dbcfd414af4fc76565307eee7ae8d440ce6a6cd35a0287
MT,MT::exp4_num_139856,5,Uneven,none,1,False,176e9032d3682966dc4dce87a5bd9c9dc12d4e2386bb4d4664c96f1884d9189a
MT,MT::exp4_num_143255,4,Free,none,4,False,60768087dc90bf6267183cbeac58d53ed1d5bbd35bafb34f55eaec7cdfdc1516
MT,MT::exp4_num_144227,4,Free,none,2,False,3535f6ad5d8fd46ab5f7ab382e9ef39d4c671902273ada8c0c05431e60698e8c
MT,MT::exp4_num_147986,4,Free,none,2,False,649a5b33adc724636b0a3c6b59664d5642ea3bbb8dbbbecfc6186b6a0eb377ab
MT,MT::exp4_num_148998,4,Free,none,4,False,ed171dafcf898d92b79c38af24178e755538911c2bf452d7bb47408316ada34d
MT,MT::exp4_num_154613,4,Free,none,0,False,a580ce0c976460ad3eda1f722760d1158cfd40827cfe289622df27e7668309a2
MT,MT::exp4_num_155384,5,Uneven,none,0,False,23cfcf0facd781451d8533ec8e357ea878c7ae9f58d0f200d52c0fb1c1a87ffc
MT,MT::exp4_num_157245,4,Free,none,0,False,34b3c339acd70c678aa8335cdabab1eaf18c67563305eaad89f1383ceae1bd38
MT,MT::exp4_num_157789,4,Free,none,2,False,0fee269dadc6161722ef89eb06c8d2b5bd20c9192e91f2879754000e8058fd2f
MT,MT::exp4_num_165425,4,Free,none,4,False,b6ae959a219753d1729fdd8f640d2c9a875f35c33d868725f7397c67ac4cc4dc
MT,MT::exp4_num_16575,4,Free,none,0,False,21cf908e3045b02d129a95bb676ffa84c2b4b4cb3a80e778242515436d6141a6
MT,MT::exp4_num_166238,4,Free,none,3,False,952162bb1ccb5804010b8659e2e9bb8ee7d2e4d431c0ff8f6ce87ad45f47208e
MT,MT::exp4_num_172304,5,Uneven,none,2,False,e292a9056e9dd4689747a7e0f349b64c6218595d1690486460373570486fa263
MT,MT::exp4_num_174720,4,Free,none,0,False,0ccbe14ceeb775e507b02b02470dd33ce236208e02f43cd16998230bc1916773
MT,MT::exp4_num_177987,4,Free,none,3,False,c12edfdba7b8f7e8c018b772b69f8f5577cf0913e5ef72b1a6c4f98dee3e224c
MT,MT::exp4_num_178536,4,Free,none,3,False,d081819acaabb51f8d765ff83c0622b3a9d846b51ea8ae1490b8c14122431f6b
MT,MT::exp4_num_180371,4,Free,none,3,False,8cfae30cf00b3dc79b4496a1300177f35fe1bdbaf547dc16de0eba5a4c249c3a
MT,MT::exp4_num_180903,4,Free,none,2,False,388d2965705ae722429c4d2cd8da70b73fd522e4a8520677fa76aabb4e0c4a87
MT,MT::exp4_num_18204,4,Free,none,1,False,e4985b30f9b6f7041546c1b6d588f8c8b004aa0476ef5cc146200c109023756e
MT,MT::exp4_num_183223,4,Free,none,4,False,eaac7fc526b504377d6438d26df99b9d85327cb757a3aa3d9ee7adc202015290
MT,MT::exp4_num_183867,4,Free,none,2,False,97254ded4d401729c58d2d6be83625a03234cfeb48fc179adb4c347695bb7e0c
MT,MT::exp4_num_186909,5,Uneven,none,4,False,2726cd29667a14523622e64fe284d79379c71e6f388a1057f4e24e8858e9a68d
MT,MT::exp4_num_187582,4,Free,none,2,False,e3626b82fd8ce740b460c8ed14f9d97f1ee2d5c4fccadff41af407c4e237d1dc
MT,MT::exp4_num_1877,4,Free,none,4,False,58d126621461c42c11664550be579d881771e3c64a00064a28bb0f94d73f7713
MT,MT::exp4_num_192192,4,Free,none,0,False,a0e9bb06db43a9c81dac15100403bd7636ab4de648f10155490631a518796a72
MT,MT::exp4_num_193151,4,Free,none,0,False,e45d78d6535184869b6ff9ebfd2123e1acc23d98061236acf70985134f753c1d
MT,MT::exp4_num_194236,1,Break,none,4,False,60898fd47525598c7d3dcc724436cbfae7e6c7ee3ed229785493703d5e89953b
MT,MT::exp4_num_195700,4,Free,none,2,False,78a60ed4b14b279b12b329dcc623d85cf5b524a8249569d434c7a3fd357e380e
MT,MT::exp4_num_19770,4,Free,none,3,False,29ffdae7a3ab18ecac38223cf5274852ca36eb4294b3c68f22e77a7dc2afafb8
MT,MT::exp4_num_20426,3,Fray,none,1,False,dbd6982a8ff0ddcf48689161c82609614d14ac59d6ccd7470520327941af40ef
MT,MT::exp4_num_2086,4,Free,none,0,False,9cc93d91da92ecf44daeee9665fbff4c1a4a24f5cd68e287efb398facf13866e
MT,MT::exp4_num_240090,4,Free,none,4,False,49a73137ed201deaf088188140c925ab11092b0bb068f8ec180b8514a641e97d
MT,MT::exp4_num_241391,4,Free,none,3,False,7a3cfc487c25f99ed81ad4c7c6292d64b4f032da1a98efef908beffe274600cb
MT,MT::exp4_num_241939,1,Break,none,3,False,1b04117ac24cca5a99093a2558a30bafd38610c96f15e983fbc8a365074b20e0
MT,MT::exp4_num_245804,4,Free,none,4,False,4a78fdeddb04190505689d92b071dc7a3ab45a737300179953666f47153b2e4b
MT,MT::exp4_num_246354,4,Free,none,1,False,b18b20499a8370632f6514ae00acb78252685d763315e34c3de3b27d0c5a3ec2
MT,MT::exp4_num_24843,5,Uneven,none,2,False,b52f97f8370fe695e838d6679c637e2e5d2bdd9917e9058185f2fcc91656c044
MT,MT::exp4_num_249762,2,Crack,none,0,False,00017cdec71db399fded718b42741b484b157cdd31045a958b8a6b09e35056f8
MT,MT::exp4_num_251495,4,Free,none,2,False,551f40eca37b1bc22acc2cf94d86b2c75160ef077fe3b7778b9445cbc9ee65c3
MT,MT::exp4_num_255718,4,Free,none,3,False,739e39988ae6bd835702e4ce740abd4b6a88d86b4c76d64c4af6a626f8314551
MT,MT::exp4_num_256324,4,Free,none,2,False,0a9ea16b422a8fd0727100b434f4def2a07c0fdd6ccc7696fa203b2b64ddfde0
MT,MT::exp4_num_257190,4,Free,none,3,False,5178ce81bd2edece9da8f2ce203de32c6f9034fe0b9fd2b3b17886ba16d1da5e
MT,MT::exp4_num_257938,4,Free,none,1,False,9e448a507005460ed7554e34cabf043949c2d18e7558f12958a55882d7665fb2
MT,MT::exp4_num_258590,3,Fray,none,1,False,4e66c3b48803f228fdbb4c1cd953a2ca212d1eeffe7f9c20cd2e8ff9ead60edb
MT,MT::exp4_num_258885,4,Free,none,4,False,bf2aad551b90e0371f49892d446c32a1176b4d49529d521faabcab9ecf0bf45f
MT,MT::exp4_num_260535,4,Free,none,4,False,996c58810c66cc9a2d77e5983762175c65b3c3fd81972c63e50dba466e57d463
MT,MT::exp4_num_260976,4,Free,none,1,False,c608ab62c95ef381b27a6062a2ec8593158b33cad9efa0151f6d26fb26632e5e
MT,MT::exp4_num_26163,1,Break,none,2,False,b09a721e70dc3a53fab6f85ffcbe2739e1dc798236e6a8b22b4b4f8c8df0a803
MT,MT::exp4_num_261992,4,Free,none,3,False,e0ce5440ddf5e6e08534515174752250bc5c7bd2930e909dc5d8bc17da489afe
MT,MT::exp4_num_262258,4,Free,none,2,False,423175578ddc5c932027da62111723d202badf9c0790fb72b85ab463764ae165
MT,MT::exp4_num_262626,0,Blowhole,none,4,False,1b160d64467753d4083d143600e9f9550866e24315f8b0f72758ed0f4c7ef781
MT,MT::exp4_num_262687,4,Free,none,4,False,3fd2d997ecbf800185db2793503d4b27e5a6eb250436e8e68b856dc0ceddc33e
MT,MT::exp4_num_263875,4,Free,none,1,False,65a014f825409e70d2f045b4773c9c05ce5cd633a083ea9bf1c143c1051b8bc6
MT,MT::exp4_num_264241,4,Free,none,0,False,a6ac3fe6da1b4095cba4820b27f93b13f0de02081d8e5140171fe36653719f5c
MT,MT::exp4_num_265131,0,Blowhole,none,3,False,488e6ebdd7d4560160d01a7824f110a8ec2568613179094b8b50b8564c72f8f5
MT,MT::exp4_num_265677,2,Crack,none,0,False,55359656d8e5f4ccfc9657f2639cd3f00ac200ad456d7eecf16d98e05c836ac3
MT,MT::exp4_num_2657,4,Free,none,1,False,15b49278a35ea4fe53644ef706492dabead319f4d43e1141e095e017af192fd2
MT,MT::exp4_num_266329,4,Free,none,0,False,064241de8f9dae00bd5cbd01441c3cdfdda3daeb0735ef9a382ba3bd0e490ee1
MT,MT::exp4_num_266844,4,Free,none,3,False,ff95defd80ac083829c591cf28b2db1e0099061ae8e0cf9bf488a20d3380d22c
MT,MT::exp4_num_269136,4,Free,none,2,False,6d3e5a00c1a519eaacb52bf1b7a0d9e375e1acc61524b5b5f1fcac1032e675c7
MT,MT::exp4_num_269682,4,Free,none,4,False,fd75eb9a31dc3509f1007b0057de7be6d36f7b1c7c07b2b3522549f24b3e4ca3
MT,MT::exp4_num_270184,5,Uneven,none,4,False,6aaa66560da9d675e5c0a382657c981a7573ca5b8c74f9643b2f109c089c1223
MT,MT::exp4_num_270607,4,Free,none,3,False,e13c26a6c02ac9edd4d85891b810db3a40eb499faccb4aa6e5c4a5cc94818282
MT,MT::exp4_num_270824,4,Free,none,4,False,840af1e044f7ff5dce2094d1982c157e729f1100672a092490b0a96dbddee680
MT,MT::exp4_num_271416,1,Break,none,3,False,7e345213d8f0787163f590df798a2fc3aa66df4eb0e9aba3e7068d87823d3b30
MT,MT::exp4_num_274154,5,Uneven,none,2,False,59051e969136c9e56305b20408a03321175df7a9ac5a90cf34ea917e707e84e4
MT,MT::exp4_num_275420,4,Free,none,2,False,08d1fe58463e3546afceee1d70d1ebd144a49ef8aa527918f157761df844b769
MT,MT::exp4_num_275709,4,Free,none,4,False,eafca16bb829a981b57d9bc450a2473aa4c6c88d545f1d8de559aa0cd5010fd7
MT,MT::exp4_num_276401,1,Break,none,3,False,4ea6db2d7bb328101e01c80c982d32155f4d9929d7545cc7d126c82df2ebb7df
MT,MT::exp4_num_277041,4,Free,none,3,False,48ffdf65ff6f26e5f4de4d55d22128b8f4b0b60e4bc65e01e05bf1b4e65c61d9
MT,MT::exp4_num_278605,4,Free,none,1,False,33ca2e9850c1a45e2785ce590d88a7351849010793577a72609ff42727d94810
MT,MT::exp4_num_279133,4,Free,none,1,False,2f9a0139445ec248936f4d4bf4fae08f1ede8770f110c8adb5fe8bc919b18ee9
MT,MT::exp4_num_280258,4,Free,none,1,False,d79dcf7e190b2f4309111138b10d3f4812d6487ca2d2d6126feb36b8087b9d4d
MT,MT::exp4_num_280989,4,Free,none,2,False,d1f1f83e2bbfc00630eba949750774647604c4cc95957fb35ae97fe5ef79c78f
MT,MT::exp4_num_282921,4,Free,none,2,False,bef87702b4f4be969211fad7e88607dd7c21903d23226f936af3243b20ee5f0b
MT,MT::exp4_num_283240,4,Free,none,0,False,79143f166b7b10a2ee659a7295bb250ff8f78d175f5c370e602aac56bde1e0fd
MT,MT::exp4_num_28388,5,Uneven,none,2,False,f5b420696a6e766f6d20f5748b309b089d34f18071fff21d9be25ebcb7a9b949
MT,MT::exp4_num_284532,1,Break,none,2,False,f812e403808722e26f9984236b1d070ed82bcf498db3a732138fdd9ae6dfb5a0
MT,MT::exp4_num_284889,4,Free,none,4,False,28b785aac1cc36af3ef32173c263eb1d552dec290d8ab00c435643cc919985cf
MT,MT::exp4_num_286277,4,Free,none,0,False,886d52a9d88b87a9f4ba704b82e4dca1ec3d5d600410ad47dc79c179c8069586
MT,MT::exp4_num_289638,4,Free,none,1,False,67eac20e2008d1dba5d36acf7b05d7a01f0bca2c8444474fbd20292cb7beab64
MT,MT::exp4_num_290093,4,Free,none,4,False,f91a2451ecb639a5685e237b5d398e50c53f16016fff785516ad857adc94c0c1
MT,MT::exp4_num_291052,0,Blowhole,none,4,False,81a468799487b1f94022f063999f00fc7ae8bebc7c19e9c3dd2c26250bd3bd8d
MT,MT::exp4_num_292138,4,Free,none,1,False,1e70b059c394474b6d7fc1cb717ae37226fae696bff797e1066c9a2e53b819af
MT,MT::exp4_num_293302,4,Free,none,2,False,0fdab2cd5a7d1f0786269b413a61b3520539dc784f9ca3b3205d83491e4aa57f
MT,MT::exp4_num_293757,4,Free,none,2,False,cda7c678f3855cafd843f46aff4c3ee73c84d95f68a25e18242899f972b98202
MT,MT::exp4_num_29521,4,Free,none,3,False,bc69d7d06142a20fccafaf9d22c99f218a32ea447b39fcaee5fd7c6eee29aa6b
MT,MT::exp4_num_296682,4,Free,none,4,False,b141b8fc066788a59964cd5d263cf4fd819a5d65ad5f5fef307dfdf9a15249d6
MT,MT::exp4_num_297324,4,Free,none,3,False,84664ef544c6de9df8eb599ede830a7fd73a9d187d806267140101b1db6a6e9a
MT,MT::exp4_num_297524,0,Blowhole,none,4,False,8dccf24f289616c11585817e8a10a04fa98824c8bcda0456f4eb4ae0c75c72d4
MT,MT::exp4_num_299772,4,Free,none,1,False,42871e1b22592fac2a02dc40e8aeb12d0ff28527a9cd307dec3ed102e9f0c60b
MT,MT::exp4_num_301523,4,Free,none,3,False,7a5eec57fd88d50b5ee362b1fc673560950b0268cdac29a4682b50d42b9d8ad6
MT,MT::exp4_num_304328,1,Break,none,4,False,1b8139cc629daf43a552fd5e5c6433cde77afd3bfe13eb4e0047845e9966aa50
MT,MT::exp4_num_304330,4,Free,none,1,False,2bf1411856b0b0b9e0b11508b28f943173d642122e8695d909abc4003e323e2f
MT,MT::exp4_num_304714,4,Free,none,2,False,526f6896350f4e4a8cc8bee18f81c8e90b6c58cb1e7cf8f3aeed54e2cce6ff1b
MT,MT::exp4_num_304904,4,Free,none,0,False,f93267bb952ad0a511b67e435cf8628a35c8e9edea0af6132821246da5aabfdf
MT,MT::exp4_num_306469,4,Free,none,2,False,623532353ddf0b608fa950b9edea925f3e7be41cc5c61b71cd095c66eeeb5f76
MT,MT::exp4_num_306634,4,Free,none,2,False,2369642447a832667abd4da9241542335b264188aa45795942754af03a3c063a
MT,MT::exp4_num_308078,0,Blowhole,none,4,False,eb213175968cb255569e73ab74f3c06d5bb2d36674f4197aa2e8045209b8410a
MT,MT::exp4_num_308849,4,Free,none,4,False,c9547febfbda2424ea1f1fce97c05871317f9913fb24c48d3ac497f920f0f385
MT,MT::exp4_num_309390,4,Free,none,4,False,f4062d68892afe9586bb16957d39818c8d4eeb11baf311e94a5b088e84b558a1
MT,MT::exp4_num_309692,4,Free,none,1,False,1f78bc98759d7cfef14faf9062bf1328f1dd3abbcbc3b5fd2e8567201f36dce5
MT,MT::exp4_num_311355,4,Free,none,0,False,5de86ca2d2212e6f61ebec382a4b067318192639483aa72ace0edd63469cfc6d
MT,MT::exp4_num_31150,4,Free,none,1,False,7075c05327e7c080544f73cfb1a953a8560170f9c30ba8d20ec9402353750741
MT,MT::exp4_num_311863,5,Uneven,none,0,False,de4a251131e1a09e51f97acb011d9e56d91339a5e874ef8db7844625bc91dc78
MT,MT::exp4_num_313519,5,Uneven,none,1,False,d017b22f0f72708571143b010385525c380aa18631123e5d2a524eccf8054ce9
MT,MT::exp4_num_313877,4,Free,none,0,False,aeb34463053966bd057e25272e81e8ccb559204f5b593d64ca76e643005bfe76
MT,MT::exp4_num_315033,4,Free,none,2,False,9ec4b1006923e174efa19f8dc5a6b041201d21b99f02d432bb6700d2d87aab67
MT,MT::exp4_num_316364,4,Free,none,4,False,085794335f26ce626d661a64585ccf2fa5f63b81c8762c99d3960ceca1de6c9b
MT,MT::exp4_num_316737,4,Free,none,1,False,107d08f9257aac4a302d8ef3fe81e2d0b1a8eb65e06472377964ee980879f671
MT,MT::exp4_num_317540,0,Blowhole,none,0,False,efed08811f628394b34532c8cd50bf08c0aae8426f7a23e7abfca5f39af05a4e
MT,MT::exp4_num_317600,4,Free,none,1,False,44e3ff363a44b29f3046cba979c45e115a6d3cf8169ba9dbc6fedf1f4bd0d3ed
MT,MT::exp4_num_317937,4,Free,none,1,False,f73e351d74eece335076ba303f992389e1be9d7fc593f29fab8701da084e2a5a
MT,MT::exp4_num_319357,4,Free,none,2,False,a4a636da788b7fe6809c4e1d6e5b14dadbe238481fdaa447042a37dd63c6917a
MT,MT::exp4_num_319469,4,Free,none,1,False,320869a8e25ec1bd7f4e3704ab5520e9cd14a67a7ab9b5006f5776f3e0e51a25
MT,MT::exp4_num_319729,4,Free,none,3,False,b1936f1dd1b4e7392c6be5c77f9a55a1557569b7f599c38f8291f79c17a4ef1e
MT,MT::exp4_num_320501,4,Free,none,3,False,862f8f58a9177c7aab97f969e1710ee6f45a52ec158dfbb5db8655c8a0f493fd
MT,MT::exp4_num_320705,1,Break,none,2,False,442bad587951e160472d026211cc6dc97e0326e6b6ab07dbfaca73d722905faf
MT,MT::exp4_num_320843,4,Free,none,1,False,706b7fd354a225119bee96a85dbe0dddc801a610936a5b6236b34707761dabca
MT,MT::exp4_num_321478,4,Free,none,1,False,8c40257eb13e3773ed96d75bc28c544133be50c21c59823b777027feea82952c
MT,MT::exp4_num_32185,2,Crack,none,3,False,d2a0a23dca7f89571427b7332bf4e1ab3941697ab9a07854e3bd7e58652badf8
MT,MT::exp4_num_322656,0,Blowhole,none,3,False,a2510ded027410bd6f74c30034c0eac537cd9fec0d71231719f6b1b6a2f3e552
MT,MT::exp4_num_323366,4,Free,none,0,False,8f735945a87ea9f7db681be4dbdfa3bd5b5e0aa90265bac123f92e0f0ae980e9
MT,MT::exp4_num_3234,2,Crack,none,4,False,afd1d3681430fd337e3da9b82c9da38ba84aaf637782eff298f29df6a6f0ffc2
MT,MT::exp4_num_326627,4,Free,none,4,False,570998ef51b5be70270f29004372e949a651446ceaa3a2c0eb5278b160cf1728
MT,MT::exp4_num_326953,4,Free,none,1,False,9475eab529d0cacc9d7c300eb13da08ac8be91f7d75ee7db57b02f1f7760949b
MT,MT::exp4_num_328029,0,Blowhole,none,3,False,c10264dc164c5e3ad66648a9ec3283406d1c58836baf0d15f16abc1a96425922
MT,MT::exp4_num_329260,4,Free,none,2,False,01a0e7f125a100d9f35c32c9ae4acf895ccdacdc8f72e3e9469b080a25c5c286
MT,MT::exp4_num_331207,4,Free,none,3,False,36b137d8d6cf0281a767da67f1259e719df999f0311ccb59b9a0dd2e3106704f
MT,MT::exp4_num_331970,4,Free,none,1,False,08cf1ec8f005210f6afbc027902a5da5a13be234d20620d2e0d00c20b5a68d09
MT,MT::exp4_num_332730,4,Free,none,3,False,f8c45f69f9bfacd1c59200b67de5b7098a445b8d1d757176bf5c979fb6e217f6
MT,MT::exp4_num_33407,5,Uneven,none,3,False,1e15aadf5b35331bf89aeb36099c9c9d10fb3b8ca1c5a55a6b35e29e24782eca
MT,MT::exp4_num_337703,4,Free,none,3,False,5fdda09752b6f7cb014aae322e746782ea5dd3f8ac2b70fea984c8f39564b252
MT,MT::exp4_num_338897,4,Free,none,2,False,7509525107a91ca8c324d03c91b6a65a66e9bba7c9e330a3c55b2b47e0efa2cb
MT,MT::exp4_num_339867,2,Crack,none,2,False,dd587f7a909de06a7e9e6960d05423903552723454a441998fb10bde87ac641e
MT,MT::exp4_num_34134,4,Free,none,1,False,db44b77ace21168af4953cac28d9647f297cfd54981bb38135fd273e1a073d7b
MT,MT::exp4_num_342190,2,Crack,none,1,False,fda9e5caff7238cdf924469b217f7bbf5a63a63657be56549acf5009807d41ea
MT,MT::exp4_num_342904,4,Free,none,3,False,74d30907429c18e6537ff440d8f037e5e8f416aff139d9444e451ca26e4889b8
MT,MT::exp4_num_344591,4,Free,none,2,False,3a9561408abd22c43c183ebf21048789d753e9e524bea1724b1869c4ac64ca39
MT,MT::exp4_num_346361,4,Free,none,1,False,f64c2fc2a777b53d31096a9fdb2e80d0715d616ca4652bb78c5b0f15227ea0b5
MT,MT::exp4_num_348673,1,Break,none,0,False,6f6c9a171fe45de390362b99fad14ca47b52773434d1cbfb9a23c0c70d33b2d3
MT,MT::exp4_num_349868,4,Free,none,0,False,f11b90294a4c0f4a75ab54f15bd018ccf659f44e5eca0f6187fa03237b419a88
MT,MT::exp4_num_351088,4,Free,none,2,False,a98178ba7fa52107420100a0e83005f3a494639b033f66c65607170ec13d03e0
MT,MT::exp4_num_351474,4,Free,none,2,False,a92e0b11474940a18ae47c740e8636138472c3607b73d4c830e6a7f4508ea137
MT,MT::exp4_num_352527,5,Uneven,none,1,False,21ede6b3df29baaf07d5a66ee701a50df7010694581631349a94a7a62ca80bbd
MT,MT::exp4_num_354427,4,Free,none,2,False,f43a07b08bd48cca0ccb993b9617ee8ea9fdfebac8b380e27cce8adb70a1cca2
MT,MT::exp4_num_3554,4,Free,none,1,False,f353be29c2d85ab995e2e35fd633ff8cdfe1e20d0e0a9ec244be3b7f9072866a
MT,MT::exp4_num_355680,4,Free,none,4,False,2ca6d153dbf67c5ab9278ec20e55488db952972963e614cab5a7484c8162dea7
MT,MT::exp4_num_356767,1,Break,none,2,False,0988379ff09d4817a68ec2056a14a7da8ec7f077aa59abb0b9c7e9db91285785
MT,MT::exp4_num_358138,4,Free,none,4,False,f96a595f749a92e268cdbc40d2f8c01d7433c835ee00dacfb7d2c39a3d6af089
MT,MT::exp4_num_358985,4,Free,none,1,False,e044d5763ae2bb5ec68d3e5dcb27c28bd1db37893d089600ccd9fbea0716e162
MT,MT::exp4_num_359501,4,Free,none,4,False,3c76af771955b414b77faa88936c34c5b01e22e3196c84b44a8fb78aff5809a4
MT,MT::exp4_num_36258,0,Blowhole,none,2,False,d71b788cf0cd3ee8b8b8b3802eac0956816addbd36e6e9e2117a980a48684f30
MT,MT::exp4_num_37071,4,Free,none,0,False,434de7c30bc3f69d9e3a4bca07b93aae03a71d8e1f4c571b74dde09acc89e363
MT,MT::exp4_num_3724,0,Blowhole,none,1,False,406ae5cc5ec7301a2b6399dbfb598e353989ba672b1d441cc10fe1398d4f30c9
MT,MT::exp4_num_37293,4,Free,none,2,False,e7372e8e4664ae048236a0afb37ec878c31c0468f02619366f24cd97ff3f4fb2
MT,MT::exp4_num_37571,4,Free,none,0,False,5e409f32c7f9e1debbc966248e75f96f41da49d4ad68043a3cc75de93dc57d1a
MT,MT::exp4_num_38041,4,Free,none,1,False,a8d95cee46a8596b2d3908eaa7b844253e624d7b3bd5ccea136344032d953b14
MT,MT::exp4_num_3846,4,Free,none,0,False,aa958fe583a12fd00f3cffe88e2fc8ab987ce7a44362883a6d156ee8af71ca4e
MT,MT::exp4_num_39469,4,Free,none,0,False,be162311d87a0d549ebbfe44bd6c173688ac3648a557be98af486258e95cd141
MT,MT::exp4_num_40450,0,Blowhole,none,3,False,74f64d8115485e29761f5810246e64ca32e827d6b99fc368823a8ea44cfcbbc6
MT,MT::exp4_num_43865,4,Free,none,1,False,3ec55887f48d9da4122695e54f7bf039c5aa033072d0e913f88dccbd74231f67
MT,MT::exp4_num_45057,5,Uneven,none,3,False,540e61553a349bd116daf43622ece10196805a752b75ecba4c65d683c42dce14
MT,MT::exp4_num_4779,0,Blowhole,none,3,False,ba685825768994f5f74940576c31c69fab6ff54dfd402cee5b1c9c8d3a9fd412
MT,MT::exp4_num_4995,0,Blowhole,none,0,False,8a112e9dc505e23a4532cc067ef08e8ac026e9a285a2d412c16ff429a58b4dd5
MT,MT::exp4_num_50428,4,Free,none,3,False,75ef29cc79f82497e225aa7f9a7a203fa0c64abe2f70c3afaf38d66b430f8af5
MT,MT::exp4_num_51125,4,Free,none,3,False,aba9edd338e51a65d6a01eed937b51283c5c38b8b3898fc13b738b4db9f75b65
MT,MT::exp4_num_51725,0,Blowhole,none,3,False,9f22af240f3d3c6010bbae9a3eda233adb4b3b4ba29c2e0ea8e1b3c413bfa04e
MT,MT::exp4_num_52715,4,Free,none,1,False,dcb119fdea32915693d16786739cdf059ef095444d659ef495ecbfeb4b47d4fb
MT,MT::exp4_num_53049,4,Free,none,0,False,988fc8343f706e32c30073674051e481eb78237995223823541a1a1a06920c71
MT,MT::exp4_num_54165,4,Free,none,4,False,b90fc4b4c9fe59f5202bae2e3ae9569810442cfd1c0cbd9b1c9dd91752d0b250
MT,MT::exp4_num_54308,0,Blowhole,none,4,False,0c3d4e57d42e76bcee18e198dbaded50170067bd8c9c161b183f1c5718e08281
MT,MT::exp4_num_54958,4,Free,none,4,False,a3176e5e3be9343189935b8097616954a4e0a095c34bcfb558f1860a149c5f84
MT,MT::exp4_num_573,5,Uneven,none,4,False,2ac831e6c8730cbb695c3b1984b6b9da6d3f70c6c11edf58b77ea11ebf66a203
MT,MT::exp4_num_5959,4,Free,none,1,False,8b8ca4c3c5763070327c9dcd8d9563473a01cb59ed7d6280915ff3758fbfcb09
MT,MT::exp4_num_61351,4,Free,none,1,False,29f1c42c0e5e01db5b928c328a8ea0ef9c5b8fe94bc7d8a893f609c322aea29a
MT,MT::exp4_num_62606,1,Break,none,2,False,202a693e030980edc1eac954b844c18d63a3ace556723aeb0804aa27de33867f
MT,MT::exp4_num_65043,4,Free,none,0,False,44d878c4631b64ce62e4b1151c6eca9af7a6b671d069b096b14a413668494473
MT,MT::exp4_num_6552,4,Free,none,3,False,726c283e923ccfb7ee5cb8eabad4ec9ffd3c74a9d9b64584ca66a42229779c8c
MT,MT::exp4_num_6586,4,Free,none,0,False,2ecf17f513b6ef56a5a8cb0003de6597dbef4d08b24d54d7cd3d17160670fc20
MT,MT::exp4_num_68413,4,Free,none,3,False,370e8912fc3adba23109bb3c57029d1241171bbd624c35775424004549cfda77
MT,MT::exp4_num_69864,4,Free,none,2,False,ffaa74d91a2ca268b251360862865dd31dd1084bf061a68d09eb6b4ea32c0131
MT,MT::exp4_num_7036,0,Blowhole,none,0,False,9079e5998db35fa6d1f7e779bcb4b973388182da120d426284ee6931984c62ac
MT,MT::exp4_num_70541,4,Free,none,1,False,3a8077c6a9903dcffc0ecd2009a0ab4e280550e8c434716792a2eaedfd9928f4
MT,MT::exp4_num_71245,4,Free,none,0,False,cd6567b0bd63bfb8941753f8f4db22715a06d58bc56f29ccd22c4a0ac04a2380
MT,MT::exp4_num_75132,4,Free,none,1,False,55ed550834a0fe6db9e30b186ed6636a94135253f7a305037fdb5ebacd13ba77
MT,MT::exp4_num_77613,3,Fray,none,2,False,ab2d922478bf175f897698e086dac8687332519b855d051bb42ef13920be52ab
MT,MT::exp4_num_7911,4,Free,none,4,False,a807d060b71be97d2648edb975d2424c2ca853235a8089b5bd0e7b47589109aa
MT,MT::exp4_num_85602,2,Crack,none,4,False,1d399ac7f0cf8012314d306a4f0c3f5f335133b30e7df44ab79293c2526542db
MT,MT::exp4_num_85998,2,Crack,none,4,False,645c474f9d7d1b90dafbc9d0d408ed4b0cad66c0e19a2f0a0f8679611365016c
MT,MT::exp4_num_88149,2,Crack,none,4,False,0718bb3109674ccee46cca3a4bc9790eeba23ff9b8083d1a591c42cec6fa0a94
MT,MT::exp4_num_889,4,Free,none,4,False,d49983c9a41330765bacb6c756e8630ad302d7546b84f185d6fbd4c36265f5a9
MT,MT::exp4_num_91034,4,Free,none,3,False,310df22344365abc9b17983ecd2bf2defe2284b2cdbf1234df344ad3ef46f5a4
MT,MT::exp4_num_933,4,Free,none,0,False,ff566807016982a6fcac85fd964ee54449b45c6f5a309498fd8a9f5a4d993532
MT,MT::exp4_num_94954,4,Free,none,2,False,e798b06d2d20d80b5b3bab2012dd13cd727d4702b5bf208d8f490b709d157cf6
MT,MT::exp4_num_9520,0,Blowhole,none,1,False,a225eaebfd0ecaebeb7604f57f7f21bd99e1a0f51d2d3de03d490dcef0e74d0a
MT,MT::exp4_num_98305,1,Break,none,1,False,d0afc02cc62fa84d93eb35fa75567ad73282f710ed7cb3581593c2dea2c43123
MT,MT::exp5_num_10250,4,Free,none,2,False,b274c42cee56219883a4a5c2018440bfa0c8783027843cdd808b2ec36940957c
MT,MT::exp5_num_105879,1,Break,none,4,False,a6c1f1afec157f43a8cbd00afda00c4ed8e702722f7cd72e3b299d13f23c5d4b
MT,MT::exp5_num_106221,4,Free,none,2,False,938768377b74555bbeb0c3cede12c0c51b52c3c34cc0ad9c0d7731bda0f87c5d
MT,MT::exp5_num_106824,4,Free,none,2,False,181389cf091f11e6ced490f1039af954453901a1b46832c22d1d2ec872296127
MT,MT::exp5_num_10714,4,Free,none,4,False,8f66dbb387f79f38a545a52c44031f00bef0c591c928a58bad15644c720569f2
MT,MT::exp5_num_108791,0,Blowhole,none,0,False,a2431cab12f3e390c41485ee6a3819d4ada96e9ad164174e2e72b44968a266b0
MT,MT::exp5_num_109313,5,Uneven,none,4,False,837d3ea5e80f9a293c235cdbd8d00ab427ffcfd5a370c25729dc44498cc203bc
MT,MT::exp5_num_10969,4,Free,none,1,False,eb30803352b9187fce9552f8863ceeb63d2a8bc0f78f7bfae00d04500bd17ccc
MT,MT::exp5_num_110188,4,Free,none,4,False,a95477e05fc78ac1b3cb81d9e37e239a65c1d763c43940b09222ccbe36cb1ecf
MT,MT::exp5_num_11325,4,Free,none,1,False,6067759596dec1eeedf7c23ffb1415e5b4f2a4782a24eab7fd1492533c02e154
MT,MT::exp5_num_114453,4,Free,none,4,False,4831a2700a612ddfecdd0fbe920529786f7f7bccf774131e5d83fe1c6841721e
MT,MT::exp5_num_116324,4,Free,none,0,False,73e128d654bd53752a167b42fa4ce3a793f71bb452569770deec1b1de8d77307
MT,MT::exp5_num_116575,2,Crack,none,0,False,69bd497f2146a484dbf31facd5910eb239bb06fb015dfc1910f8a96715c5c27a
MT,MT::exp5_num_117030,4,Free,none,0,False,6d931ab12ffb5737c04023a2a0d08d057a8b3dea5619820f4a35c983c2e9aa4a
MT,MT::exp5_num_117033,4,Free,none,2,False,148db75d7c8e29e2e224aef4be831d73d56791cfc2df40792b7991da99ca906b
MT,MT::exp5_num_118948,4,Free,none,1,False,11f0611b92d34d3aaca5d249ae5ef0213e66a499b12914cb450eba5705c6996f
MT,MT::exp5_num_124744,5,Uneven,none,3,False,852a93f03d977dd79186947fa3b40b873b78a654dea58c2f8924df8e5bf0044c
MT,MT::exp5_num_126370,4,Free,none,3,False,f03d703f1ff98a99d4d0cc0d71f39e4c02203c71d15777cf4ece879eab139c22
MT,MT::exp5_num_126855,4,Free,none,1,False,b5ec312539e358f34a8b1e089aa1cad9e692468d22a72ad8a6e9a594ebbe499e
MT,MT::exp5_num_127703,4,Free,none,4,False,20d08783faeb9c7efa17fb55b2ac29d7bfbf22be0a3cb36f8b8a29cfd8a9ef92
MT,MT::exp5_num_128134,4,Free,none,0,False,c57de7e8a487afbef735437fcec4bdbb3216b29ebb66ac4403bc1171303bc534
MT,MT::exp5_num_129103,5,Uneven,none,0,False,8de8e9ff2ef0e8df6679bf766a1f0ee80b07ef522428bae3e5f71897294e007e
MT,MT::exp5_num_129678,4,Free,none,2,False,dfbcead1a67fbc427859144f640366f3d3c81c32a16c951a23dc6d506c59f01b
MT,MT::exp5_num_135651,3,Fray,none,3,False,4561faddf1e0d4299bfd6526c18279a1a0540881cf1ad9a721c53ca782432664
MT,MT::exp5_num_13636,4,Free,none,3,False,bfcb31debcdd1155f3485454506e453796d83cc610930c36b7fb1a12ed22fb7f
MT,MT::exp5_num_136716,3,Fray,none,3,False,e6002d3439d8ec30cf967f9a005301073b39cdb0ca0811f402620704e0d16b01
MT,MT::exp5_num_138694,4,Free,none,3,False,8419877c312a77428064360d5119f97f1c1e74beed9b02e447f6d4e2f875a946
MT,MT::exp5_num_139883,5,Uneven,none,1,False,7a0f8a8f2c5807c5eb6c80b699c0aaccec20653616191e5c1a9aba0857b64e56
MT,MT::exp5_num_143282,4,Free,none,2,False,73f6548bcd99178d3c0a77b985860a7014d155059ca7173adbfa6911c3801a78
MT,MT::exp5_num_144247,4,Free,none,2,False,91fca0da57d310531d51c7da396c4a7ebe39941d1842d118a60a0b0bad60298f
MT,MT::exp5_num_148007,4,Free,none,2,False,4154d504baf0bcd543bb08dd8f9723cd6508e71304269e87ee55620141ac8d46
MT,MT::exp5_num_149023,1,Break,none,0,False,27f667984e652b36c8ed372a52ef4187bc5d6216845d44424a7c775b198825e7
MT,MT::exp5_num_154637,4,Free,none,2,False,2a94b0b66f3a4a5e5637161c230baa141df970d4af9b853ac54cb725f41f769d
MT,MT::exp5_num_155415,5,Uneven,none,0,False,972c193888cedf1a97302ad36c0be1aa6c2005377733614b725612b966ab53a9
MT,MT::exp5_num_157271,4,Free,none,1,False,b0a8112e9c2764b177cfcab9939e8b16429724d17d6f55a0a6a35add0d3dce47
MT,MT::exp5_num_157829,4,Free,none,1,False,917cb9a45505cf93797d2e8411ee172b8a5ae29f6afe400028cae1f3e89f297b
MT,MT::exp5_num_165457,4,Free,none,2,False,a7d096c28f336a245cba28a61c56375278b830b73a679bb08a450eaa35d4295a
MT,MT::exp5_num_16596,4,Free,none,0,False,f177bdabf7e5b692519d2cd5c72a90a877157f47622f443c83781486fa996e16
MT,MT::exp5_num_166258,4,Free,none,3,False,14ccd23a8538987da6de5214472e2e26b9c903c8675f721d0b66cd8241437f54
MT,MT::exp5_num_172332,5,Uneven,none,3,False,e8e30ded53fa204d8168b32895f5fbd23b510bb62d9b371a5961667103a39b71
MT,MT::exp5_num_174768,4,Free,none,3,False,d63378c20be6f7815e038b40f2b25ae6c0bd2f37f765461c08a081850e3dc573
MT,MT::exp5_num_178016,4,Free,none,0,False,38e30889511eac6ccc770d3ac27ef5b565e0173ac60559a6e712b44fe3f6588d
MT,MT::exp5_num_178566,4,Free,none,2,False,65d94b906c6ddcb12dbfc544ca07d9481d58d7b69efc7f27a51f39f43e8306dc
MT,MT::exp5_num_180393,4,Free,none,0,False,b232f34ec6c0f157223703627650ff35ce2160363f09f4e16a4af78ee8b7b34c
MT,MT::exp5_num_180926,4,Free,none,0,False,2adc2567c7d9fc38d87b09b86cddb016c7f03c9a7fccd9ee2485dafbfb941b5a
MT,MT::exp5_num_18227,4,Free,none,1,False,062158b9110bf046c3afe25e56d114e401c4d8f213067ea7ed2991909a7d2433
MT,MT::exp5_num_183254,4,Free,none,4,False,1b901c5165108cdc428a65ac0ef099ce9557bd1b4f03aa9ac1ca2464f883c53f
MT,MT::exp5_num_183890,4,Free,none,2,False,56621f11a5095f005d36a7dfd942867e89b5c7efcdcf7e7606dbfe16fc1b0944
MT,MT::exp5_num_186953,5,Uneven,none,4,False,b506bf98a13760199b5458e25bfd878b5909aebd79edd8c237089216bd24265d
MT,MT::exp5_num_187612,4,Free,none,2,False,8532d82f5d4d6b5eda184df1149e10f774d26eee733b5370ec081f4194fdc396
MT,MT::exp5_num_1903,4,Free,none,4,False,92f6ae8997015ea061345abfb5ca0ef63273d0b6c27bf76f370949c28e110e47
MT,MT::exp5_num_192233,4,Free,none,3,False,d9deded12dd9ae1c9cee46864068b2e20014320f4c6b07de39ec556dd8fb64bb
MT,MT::exp5_num_193164,4,Free,none,0,False,85ff30c4e700fe9ead59dd9696f3ff83c2ad812740169f56aabdf323c3ea26d8
MT,MT::exp5_num_194256,1,Break,none,0,False,acc36edb84edcda6913231e503d49193679e13b144ddc23b83e987b72cc20b7c
MT,MT::exp5_num_195717,4,Free,none,1,False,297ca4065a5b0cfce9f91b9b13d070f2863ce60e6cf2be981cbe37be8d48426a
MT,MT::exp5_num_19790,4,Free,none,2,False,a7c14a34b938528598f6129a82d6f43fe021543e79621d1401c4658de62ecc66
MT,MT::exp5_num_20449,3,Fray,none,0,False,dad7bf06df340e6c7f4e173799f7266215f8cfe54ad8261e95652c5c3376af86
MT,MT::exp5_num_2089,4,Free,none,0,False,47c0b24c7fbba1558595f6f1b7f97e2cdaef4d130225dcaad020f8d80face6a8
MT,MT::exp5_num_240124,4,Free,none,4,False,b2e215e283d061a958fd05ae19299db0a5897835ebdcb0efbca87138b7296548
MT,MT::exp5_num_241403,4,Free,none,2,False,209a618f2e1cd8316b26357fcfd43944083ccb8283def94cfd72c1f109ca831a
MT,MT::exp5_num_242089,1,Break,none,3,False,be7e1bf8c913bd05aa646c68414b020dea67f38fd7e16b5a8df12247a7b7a550
MT,MT::exp5_num_245817,4,Free,none,3,False,420dcb02b50a0c8c9481337e0aab589a7eb20e7dc734d0bbec8685c22b1b43c1
MT,MT::exp5_num_246375,4,Free,none,1,False,549d38cfd68d65218a88ab8d34a350caf9c79743425e0156ed0615be0c84c130
MT,MT::exp5_num_24876,5,Uneven,none,2,False,1127ac9ab63c36242d09b2741809b090fd53bcee9ae4320bfa9a7b379ecf264f
MT,MT::exp5_num_249786,2,Crack,none,2,False,02ab4e04a4191b2e0da17f442663fbd77255428a6e13a208d7b5dc17931fd107
MT,MT::exp5_num_251519,4,Free,none,2,False,e9d6def29dea3fe462899608070ca5bd88a2121cc3db20bf53e2800cd1585051
MT,MT::exp5_num_255775,4,Free,none,3,False,2744219340f35d97455a1d85212e36f4b4fc0996bd76ac3261fd902daf767cac
MT,MT::exp5_num_256354,4,Free,none,2,False,0223c3b1b95905385a92a40d8beb02023d43510837dd8bda3ce1a2ee8b2eddf1
MT,MT::exp5_num_257273,4,Free,none,0,False,65d04d5f03749cfeab16864bfbf119f7ad3d110b611991a5a4de38ce734c253e
MT,MT::exp5_num_257962,4,Free,none,1,False,592fbf2fdcdf5c3e092bd4e7168897b32acc7d63f0567a88dc8da6d44f2b2141
MT,MT::exp5_num_258619,3,Fray,none,4,False,de46751d6ddeef2328c6d82b4a31bd2163211e193086542895d96f4b52450ce6
MT,MT::exp5_num_258905,4,Free,none,0,False,5983c1aa824af5c94222906dd6e6dac5e895ff414d4cd7e3f70561916fe65812
MT,MT::exp5_num_260550,4,Free,none,4,False,acf99d836bd0af1ba437c82ca6a85719b8bc7e5cdb100a32af47a4752bd8c783
MT,MT::exp5_num_260989,4,Free,none,1,False,5cf4e7bb3e0444bce5a709687f6bb4e822b0758bca277aab1fe4df64a48d8769
MT,MT::exp5_num_262018,4,Free,none,3,False,3ea61b9a20961367679a899546910d41874b1401831590151a9f3be3bd5e66af
MT,MT::exp5_num_26212,1,Break,none,4,False,f180f64b391500c7129f7608df20a9fce16d86f75711c9b7580b6e17d358ae81
MT,MT::exp5_num_262271,4,Free,none,0,False,b05dbdae18ad249446a98b68ff701b7f85b9aec5075ed5708bff556b422b42e3
MT,MT::exp5_num_262654,0,Blowhole,none,0,False,46dc52258dd7365594675a1f60788eaaf141778f571be9e1f73913246270b982
MT,MT::exp5_num_262702,4,Free,none,4,False,4ab9bc59f436d985a714c1935f47d5c8939b0ae43907c54f8e9e9f076f19d41e
MT,MT::exp5_num_263887,4,Free,none,4,False,d0828e5b430cb501c3bf8eb45ff39c2161c1404963b1f7206588f5b22a526720
MT,MT::exp5_num_264257,4,Free,none,0,False,0c57befd0348047dfcb9696f951a3c84a504e408729aa81e87279d8651c64d4d
MT,MT::exp5_num_265149,0,Blowhole,none,3,False,9abae916fc7a7b63931b0a63bb1d39323d572d9af9cd3c2a0bc7abc617d251e4
MT,MT::exp5_num_265695,2,Crack,none,1,False,d9b99df1c2e6227567f8d8217717778069cf58e1245dce06802c159226c496ba
MT,MT::exp5_num_266347,4,Free,none,2,False,7e2e323d912af7a47865121eada3ba111db3de3e7e64ae6a658dadc24fc8e649
MT,MT::exp5_num_266861,4,Free,none,3,False,1e2b743816ee7b871418dd33382286a83ba3f3276dcd83308c46affa667de201
MT,MT::exp5_num_2673,4,Free,none,1,False,56bf17ecb0eaf574ee8f31080e02d6dc546d4f80f250cd78a35fba1b861080fb
MT,MT::exp5_num_269152,4,Free,none,0,False,27a823e02b81e0313aebdfc74cc957aa52d5b061eb8d37a9f4636706ad22f6ba
MT,MT::exp5_num_269697,4,Free,none,4,False,56236107aa515df6027dd3d96bed4fc59343b6a8045ba7360ebab652f6b98448
MT,MT::exp5_num_270218,5,Uneven,none,4,False,c08d39dac9a535b788ea8eb6e3d4dcdbda8793615c0093ead784f376e5d47c90
MT,MT::exp5_num_270623,4,Free,none,2,False,d9ac7b19ddd849bb1f5626736c6a4760b32ce4f425c5451acff4b7495dfd732f
MT,MT::exp5_num_270847,4,Free,none,4,False,1bfc60711ab9886c79422f6f38a8f0b30c35d468d8740a68e6bf144fb5d38728
MT,MT::exp5_num_271434,1,Break,none,3,False,cbbf59757693ca44f9b6d8f4f77e47cf846ab7426259d276e844d81e7219c189
MT,MT::exp5_num_274174,5,Uneven,none,2,False,cf1771d76b3bebac0a34d3269dfe2dc8082378df4df4b30b4525cd3f3a96f7a7
MT,MT::exp5_num_275434,4,Free,none,0,False,a22bb8734caeb2ec2ee1ebfe5b17daf28d75b481a38d2fcf083912a23d0ba874
MT,MT::exp5_num_275722,4,Free,none,3,False,ceda964f8e2ff903dabf9f285c30edbf0a2bb7362b9ee8078dba3066ce42e2df
MT,MT::exp5_num_276416,1,Break,none,4,False,a677b9dff0ab475105af958c0ea11e1f133792c3f644c78cf1c32148298f5c21
MT,MT::exp5_num_277059,4,Free,none,2,False,245a5e7fc3e11e5101327cda40dd9a1b6cc9f9709165651b3429678c8518c850
MT,MT::exp5_num_278628,4,Free,none,1,False,a31af418fe311332574fa8ecc28e83455add4d84ed9c53c61e8fd36c7eb4395d
MT,MT::exp5_num_279145,4,Free,none,2,False,f3ac07254e9a59a9cb355003cd18568464ce71b115f8d03fda84606a1aef9512
MT,MT::exp5_num_280271,4,Free,none,4,False,14dcd82ec6f41e482fc6be3bc968a81af6abc74d67592be948b4f83d621fa8d7
MT,MT::exp5_num_281007,4,Free,none,4,False,ccc64bb56ce641860ac9ddcc31cb89198fe2e53aadb7f9d6c4c1b450b7d6ed45
MT,MT::exp5_num_282932,4,Free,none,2,False,849bed1e420d105056febe863a6e12159e7cd423a40983784aa33137b2860a28
MT,MT::exp5_num_283254,4,Free,none,3,False,692cf8eb4b8bb80f7b03d391e6870710f28fc6ae359b278fadb32f20d0bbc5cb
MT,MT::exp5_num_28404,5,Uneven,none,2,False,d8fba03c423235e7520696b399f1a78b4180c92aa54f52f681bcb0814e9069d7
MT,MT::exp5_num_284552,1,Break,none,2,False,27225e0767eecd763b7218df74fc2029ebe7267ccc33b2d9a3799ac5a917b024
MT,MT::exp5_num_284910,4,Free,none,1,False,f8452314fff18f5eea7bfd988e5b0571057e787e61dc8652b3883bd814b67537
MT,MT::exp5_num_286294,4,Free,none,0,False,9770758469786168a93f8c702b2cd8ae6e8d39e80e971eb3a2768a96783a0d35
MT,MT::exp5_num_289653,4,Free,none,0,False,8a6b8f71502377743e6be3639d4da5d2b2f75cf9150782e63fafda76b0c04a62
MT,MT::exp5_num_290107,4,Free,none,3,False,a17e30c58515d35fe8e797734ba77130332431a680e8777f41d3b69969677353
MT,MT::exp5_num_291077,0,Blowhole,none,2,False,95e3625aec6f1b0fc9a6db371ebde53b1f785794f433219f4cb941e85bf7db92
MT,MT::exp5_num_292160,4,Free,none,1,False,95f4fea6d7448842d08e12c73f2d81dee4ae059b5e835880b0f8eff0704bc21d
MT,MT::exp5_num_293317,4,Free,none,3,False,d0617bb2c7ed2816300c3e651f02353472b5120bd46923ce817524e00944dc4a
MT,MT::exp5_num_293876,4,Free,none,3,False,ba5573b40d48979a2bd47f879c68c13cf195959002db8c8ccb9eb74211560c69
MT,MT::exp5_num_29537,4,Free,none,1,False,685b772348f44b31ed24b7630950761a8f327d7bc462a7c6d3c6f5e501454ec4
MT,MT::exp5_num_296701,4,Free,none,2,False,b8034f30e79e1f5a95f9d0ef577586570731562afed966d9915ead03b3e2d770
MT,MT::exp5_num_297341,4,Free,none,1,False,7f9f90853cb082098af309a79b464293a57d9d281a012c5c3f622d16d1ce9830
MT,MT::exp5_num_297552,0,Blowhole,none,4,False,384b61463d53c86d3ee20961133dacbf78951458d17637db1d1a265cabada6b2
MT,MT::exp5_num_299793,4,Free,none,1,False,01cb1af09198888a6e716fd1338f9c45bfdd92a2ab54fbc15bd1c75eca4236a3
MT,MT::exp5_num_301547,4,Free,none,3,False,7b8fdfd172122314c268a380ec576d267d88dfc5efec236258c15b7337ff4d6d
MT,MT::exp5_num_304340,4,Free,none,1,False,cef9dc554bff171f93fa57ea2d06ba93b871fd26171d2aae654774fdc86d0693
MT,MT::exp5_num_304345,1,Break,none,1,False,f0942344b5b8a70ad3836a17858cfcbd73ebf54934a700e567915ea28d7220e0
MT,MT::exp5_num_304772,4,Free,none,1,False,d4b2c38ba70740d1991318df72091fdb3b7ad58fb7328c8a4611c2197a80774a
MT,MT::exp5_num_304927,4,Free,none,0,False,25ee5355b1e8e511c04088a0aed2686b7ef4a167e739f531aae96a588e11e32c
MT,MT::exp5_num_306480,4,Free,none,3,False,21ba875cf9f2354251b352a27f440f5d3aa9bedf01d17f0086de6cd0f851dda9
MT,MT::exp5_num_306654,4,Free,none,2,False,3c4a264f6c66a997c32a93b2615983e524ce88d838d59861eba6fd4e9caa1ad9
MT,MT::exp5_num_308098,0,Blowhole,none,4,False,017a0405ecfc40fd86f081879be3c057b71901c6f648e6584a4cf6d58837856a
MT,MT::exp5_num_308863,4,Free,none,3,False,e52da11471664d80b8facc9a5a6c4f5a67c335348ecd4ec6f681cc5bcf8fd746
MT,MT::exp5_num_309407,4,Free,none,2,False,59e17ba6571e9c6293fbd835c3c6d59f7f7ff670cfeae347b1f5a35a8ab14b34
MT,MT::exp5_num_309704,4,Free,none,4,False,3dc3e08ece6e47217c015278fd4591c50f4e60639107d2eeeadc06df7621a869
MT,MT::exp5_num_311371,4,Free,none,3,False,c0467fe5d913af69ddeb397160d120e27cc9d95f098fafae5ade4f602e8778e8
MT,MT::exp5_num_31166,4,Free,none,1,False,20b7627eb3c9e858622d82e0295cc023e260acd7040cd411cb7f27edac9a67ec
MT,MT::exp5_num_311887,5,Uneven,none,1,False,7c5735fe685f00c267d758bdf5412805fe151945d01f4bf82797566b081b38cc
MT,MT::exp5_num_313536,5,Uneven,none,1,False,cae0aff6f5ca386fcf9f2edff0642893f14c97c56ccac9eb924a1576998f2778
MT,MT::exp5_num_313892,4,Free,none,0,False,622c5586cd4dca37fd63498d27915a44b774dfdcbbba634bb9f1cee74b66c7de
MT,MT::exp5_num_315045,4,Free,none,2,False,8791dda1e852c058f1e7820c629cef92d4d4b45cf9db9b80123a0d7dd013b3f8
MT,MT::exp5_num_316375,4,Free,none,4,False,4c70e110b9590c0e01ac352501ac1f7e3f3066df5a9fb6965ab59fe00d30ee37
MT,MT::exp5_num_316749,4,Free,none,1,False,da9cce923a18bcc85b0dfdb6b892eaaaf6d9662ed2e7ac549501b217cab3535a
MT,MT::exp5_num_317558,0,Blowhole,none,0,False,101d1261865528e26b88c56790361546f9fd2bd94ebe109a37a37dd974a9b8f4
MT,MT::exp5_num_317612,4,Free,none,0,False,484125590b3b99ae28824b0179c8baa9ff6b606d547a230fb3b412b30b046d79
MT,MT::exp5_num_317949,4,Free,none,1,False,abe5510b5319980be3186562b777eefa21057401a2d467e4bad38d144392a525
MT,MT::exp5_num_319370,4,Free,none,1,False,fdd6cb05d90f2850be1e07a4d18689cc96cd3cfbc42323c8a6cd06a247d8d60e
MT,MT::exp5_num_319483,4,Free,none,2,False,cc6ef1c7303e7152ecd4993f132dd1c3b3d9c0e29eab03b9d708d7730523dcd3
MT,MT::exp5_num_319758,4,Free,none,3,False,1b4283d4691b8c78abc6a4d2c8b684e9a850d3760178dd0f78214e94eb9ebaff
MT,MT::exp5_num_320520,4,Free,none,3,False,280e32292d947c4a0bcdf14bdf08f152360d6e13dbfebaf28a30c5e5f5f75c20
MT,MT::exp5_num_320724,1,Break,none,4,False,5e890e94feea448fc7b7dac2b2861f05508b8799e5c1abbd3658081cd2ab2537
MT,MT::exp5_num_320853,4,Free,none,2,False,b5a45519ec7af64bd6463bae9b920a2ed44e2a70e251bbf626139b099f7a993d
MT,MT::exp5_num_321489,4,Free,none,1,False,01f52b94e6dfb758468e9e5208bcee8eaf0c376f6bb9c1026febbec162272978
MT,MT::exp5_num_32201,2,Crack,none,3,False,f64002c4b5fd08ca684653d13a769c74aa0f16c18e8be2356c95031e41e7c520
MT,MT::exp5_num_322672,0,Blowhole,none,3,False,312f3f36758bf25ab96478d35457d6a32bec98121358172b528815919b4fdcf0
MT,MT::exp5_num_323381,4,Free,none,1,False,18c40ef5171fe079be1a8f098328d1c1596c78590ae59165ed28ceac2d2076db
MT,MT::exp5_num_3247,2,Crack,none,0,False,d9ec35acd9467db271605a3d1013ba8be17cbe4622b0efb669af90cbc6706e69
MT,MT::exp5_num_326642,4,Free,none,4,False,ff8bd76e42d04f2f3de34d1cd26d632ea381d502469249b454b4490d2f0343b1
MT,MT::exp5_num_326973,4,Free,none,1,False,f8e2095db165d005c19aa5ba1dae30bf2c15d3e95c7ca679d16dabb87cdf82bc
MT,MT::exp5_num_328057,0,Blowhole,none,3,False,7ee3a6937f7bb7d13a17273a86f993e049fe85108f311f8d3159128ec6d4d78a
MT,MT::exp5_num_329283,4,Free,none,1,False,79f525f76bc3308aaeb0b2e4fcba62ba7ecb8689b136209c0aaa2e87ad84846b
MT,MT::exp5_num_331230,4,Free,none,2,False,2480fbe0a9527505902619dfedbc76cb0c5838510528f70ccda6945accfe2bc7
MT,MT::exp5_num_331983,4,Free,none,1,False,a6f2f250954a89c58e4bce7c7b85b34ab665f48916ceed96eb64298f92d7fb93
MT,MT::exp5_num_332745,4,Free,none,4,False,9f7b000fdf9c425aee03d788e5ec1c22c40025431bb01ba22fd68282d86ffd82
MT,MT::exp5_num_33487,5,Uneven,none,3,False,27691bd0c2ce049601e30d696a0ccd1dd9014e38b1dbc9fcd7496930c806d42c
MT,MT::exp5_num_337720,4,Free,none,3,False,5c7499dd34b532c06d7bfe1bcb0451ae584d6cb7ef0a5e46e3c18bce1b30b2be
MT,MT::exp5_num_338911,4,Free,none,2,False,6b2e9f3e0239d5452f178b646853d5570d8cc03561929318dc4edc0c9e6d987c
MT,MT::exp5_num_339932,2,Crack,none,2,False,fbed6c8ee02877a5142db863981cfa9b525b863b47fe15400a602e00b227e258
MT,MT::exp5_num_34157,4,Free,none,1,False,d857e84ed15b0a336659d583656d1af0883066b0103e014a8059c6c4144de484
MT,MT::exp5_num_342212,2,Crack,none,1,False,529d3a22e29334186c5715fca4025376420ca4b27699fb3093604c76f6f2d386
MT,MT::exp5_num_342943,4,Free,none,3,False,4baee9266327ebe58c1cfd58dc4f254edfd5aaea2a8c95c891ad5b1e5e6aae79
MT,MT::exp5_num_344604,4,Free,none,2,False,85a5e368bfd7365b5df713a1f9d435002a3162b2971faa5f46d2fc52aa7099a1
MT,MT::exp5_num_346381,0,Blowhole,none,1,False,59c08d69bf99e612d100ea893499a5f56f8a6cb5b638ae32ee0517e7b559f770
MT,MT::exp5_num_348696,1,Break,none,0,False,61ded551ccf3296c0e3ac8bedffd61f848deec7bd1eda5f17401d6add22cf07d
MT,MT::exp5_num_349891,4,Free,none,2,False,0bd21ddea17c8e6630f6c4c82f2caa0c8e1652371f4ced180b6fde016c94ba65
MT,MT::exp5_num_351099,4,Free,none,2,False,05097e1f8f0e054cb01822dc336f832335d6cbc951e7ddea021fef3120ab154d
MT,MT::exp5_num_351488,4,Free,none,1,False,5af9290013a025b7d22fc734bd0fc4afbbf9f68ef7ba1fddc6028a8f979a1053
MT,MT::exp5_num_352540,5,Uneven,none,1,False,a836e4f8c934d98f27823e248610f4e7f22a4a92de7d326918e73c4f3bdb5992
MT,MT::exp5_num_354439,4,Free,none,2,False,834b65c8e6fd5aba1ab1d7487f509bbb90aa34c7c7ac53901485bdc36be4f05a
MT,MT::exp5_num_355692,4,Free,none,4,False,f19bdfb4ea474d0d28af9bcb9e15870c33bbdc3c843a5381c33882b1d21f386e
MT,MT::exp5_num_356780,1,Break,none,0,False,c026278679f88a8f0fca6f1da70bd89e467dedfb151ab670bd25ef0e7bff10f1
MT,MT::exp5_num_3572,4,Free,none,3,False,6cabe73f7b2fe276a937702535515af7a010e88cb6c8b82ed27a3913fefb64e7
MT,MT::exp5_num_358149,4,Free,none,2,False,99e8fbf675ddbd6840c841bc521d79579c7107c6f4f9b98e1f5a3c4d14affd4f
MT,MT::exp5_num_358999,4,Free,none,1,False,cc2ef38ebf35d22f1f0aa828ecf44715b72fad41aaacdc2029b5cbb187b401d4
MT,MT::exp5_num_359512,4,Free,none,4,False,70f234a903fa139dda314b6f1e48ef1e613714b9b61d00c134793431931f5f49
MT,MT::exp5_num_36269,0,Blowhole,none,4,False,8313b9a48dd3f2333ff43a6c69e4c8da058db0387e3ed33669b6ccf8d20c0051
MT,MT::exp5_num_37084,4,Free,none,4,False,dfe0ddf366caa8b18d19fbfe59de956bdb040b846509f464004cd14f80f7aecc
MT,MT::exp5_num_37319,4,Free,none,2,False,4b019fa2d115c1d743651caadaf7d3e00ab8c000a51d7e9b239cf668e9b33193
MT,MT::exp5_num_3746,0,Blowhole,none,1,False,91637e1fe6e3336be1bab16dee50cccc71d19d69d2d2433450a5b1226b28ba20
MT,MT::exp5_num_37636,4,Free,none,0,False,ebff3052ece333a96e4bb0e784e1d9e035c21daa499af16e03155ba0a28887c9
MT,MT::exp5_num_38064,4,Free,none,0,False,c6257442632b45132099d8393c77751fbd811117e89ba5aa5f3a1ff0965afba4
MT,MT::exp5_num_3899,4,Free,none,0,False,94113f1811126dbc53d94e87641a3232ccd13f8b464155e8e90c631c7a8c1dab
MT,MT::exp5_num_39497,4,Free,none,4,False,26d75249fbfcc4a7845e6dc5d74529d19ecf5c9e9d567eb1b4ecc9368850e6dd
MT,MT::exp5_num_40480,0,Blowhole,none,3,False,a377d8150ec4aec02a65fadc8e52066209e3ad6b6a8af5e1f2a28c7a5b901749
MT,MT::exp5_num_43878,4,Free,none,4,False,9a8d3d05950ce6c59f520eb4bbb0ab02635f083bba8e3c645f0021146cbbf969
MT,MT::exp5_num_45084,5,Uneven,none,2,False,ea4e5b4928a1c6f262700ff78245686c8bd2a5feeecc406e5f66e265f4e4295f
MT,MT::exp5_num_4801,0,Blowhole,none,0,False,146bcd8863f013b026c0a23a41811b92f8eb8e1e766d9fcd1159f6cb8b880ae1
MT,MT::exp5_num_5022,0,Blowhole,none,0,False,e1522e5846c455d5ac2a6acb3cbe5a8aeafa6c4d939cd974d26cb8cc57e987fb
MT,MT::exp5_num_50443,4,Free,none,0,False,df26171cd6a59aec9489e07c6b372f6edf470c98b744713516e86a8dd368e481
MT,MT::exp5_num_51139,4,Free,none,4,False,8772f59ab4af07525267523bebe4ac0facaa5911b04be24ec61009e2b4240e9b
MT,MT::exp5_num_51739,0,Blowhole,none,2,False,52a2aa478dbd8e67436bc704cf7a424139c29c47565c18eba046b0888eb30679
MT,MT::exp5_num_52740,4,Free,none,1,False,942df791bd27be8a733bf370d1453b05c3882f92f62deb8b7db2b5f34e6d02cf
MT,MT::exp5_num_53060,4,Free,none,0,False,68d37a489d8629bf3b5faafb934a58d999cf2bd411da2aa2cb819aa10665a2f6
MT,MT::exp5_num_54191,4,Free,none,4,False,316bf906e0f4955a81a7ca37640839e06353dc4fbfaf2d3a8ba2ad4ca755efdb
MT,MT::exp5_num_54331,0,Blowhole,none,0,False,d4c321e0d81965ead2653ae8970e8a297a6537273e374043ef262b2bcbdb7e49
MT,MT::exp5_num_54978,4,Free,none,4,False,a59f3177885220f7a0f89844a27fb6b499056db53a9f21675c6e9003f2e53662
MT,MT::exp5_num_5874,4,Free,none,1,False,e6cb366b62c35531c83f2c8deaf1b60267389f7293a72067089763af22d942a1
MT,MT::exp5_num_592,5,Uneven,none,0,False,a631deecfe61ff70b8879a1f5d3ef362ebbfe434f015d852bfd79681a35ca2d7
MT,MT::exp5_num_61380,4,Free,none,0,False,c556497cd79ace4af745cee9297cd0d2a2f935b0f7a2e27a3796c7b34e8a8428
MT,MT::exp5_num_62619,1,Break,none,1,False,7e84b68f328d2b8e59ff8a415d4dc96961b113c809f3ffe8645a905b85ba6a96
MT,MT::exp5_num_65054,4,Free,none,0,False,c06bcacecce7aae04ac9600a0bbb9d14c5ad9b08988cccad6f07c0aaa74e3826
MT,MT::exp5_num_6566,4,Free,none,3,False,1988241c877df6e0e58a71e116e8f67b81d8a377afaddb7e6ad18da032e9e5ac
MT,MT::exp5_num_6605,4,Free,none,2,False,e7b0075ddc727255f8cefa2ec77e32ea5b3f8c1acfcd19b8678d47d454d39bd0
MT,MT::exp5_num_68428,4,Free,none,0,False,f761e39f7adc7c5976aa62dd3b26a84cf976902b6418c3f98fae7bc0c41fe9b7
MT,MT::exp5_num_69885,4,Free,none,2,False,06aa775bfc48eec381861965d2617527a49e9530f1624dbfd23294652477ba9c
MT,MT::exp5_num_7054,0,Blowhole,none,2,False,4b5cf9c925b1b635d5a290e9fe9f301c8f0ba956c481390770c33c9fa2509589
MT,MT::exp5_num_70558,4,Free,none,1,False,8fc7f35ecba5ae307ffc691771c69e497d83c27366e658746807f1fc26385552
MT,MT::exp5_num_71267,4,Free,none,4,False,7522831dc247f84d05f20f79b5da5a6c64408ede87a63f0aed61c67253e03972
MT,MT::exp5_num_75157,4,Free,none,3,False,f744a9d0edd775bb8e5e2479cb538ed8505592b4abd06df952fc7cf633fb8b11
MT,MT::exp5_num_77692,3,Fray,none,2,False,71d8da53c37b942004406981b5e3d5122466afa612d820957b6aaba4b18091f5
MT,MT::exp5_num_7935,4,Free,none,4,False,2450080ad530d85a28cad0e31b94e3bfc45b04fa77c124486ccc2824895d8c21
MT,MT::exp5_num_85642,2,Crack,none,4,False,aef21a92c58df525f662f3abd841174e74009d012e1226f051a7a30a19f97fd5
MT,MT::exp5_num_86031,2,Crack,none,4,False,ff1c1dee336650b43b7dba8e7b1a327954983c34744ee2303db0c51be2f5df8d
MT,MT::exp5_num_8676,4,Free,none,4,False,84e760406a18e8d4fe4697821448545804e6b800f74e9e26c50bb8d8f4260cca
MT,MT::exp5_num_88170,2,Crack,none,4,False,7b990ea5a3f1b7a13eaf8b3bdb047f9309ff2a97010b7c787bc24f5bc73b5ef5
MT,MT::exp5_num_91072,4,Free,none,4,False,294438ee152d1fdc1ebd0032e7a44041a3db2a58ee7ddff76b9c3a5bd01ed22c
MT,MT::exp5_num_937,4,Free,none,4,False,5f8e2573cf818da002a52ef7e13e287b4e7312fcef5f45a4a0b64f46e6b37550
MT,MT::exp5_num_94986,4,Free,none,2,False,3abee4e6eaf23f0c85147a681e21652d895123114ab13ce655dd39f8665a4266
MT,MT::exp5_num_9549,0,Blowhole,none,1,False,52c1a027fbd44267ffdd80f41d52c6228296118fd0fbb87abbc4548a772cb963
MT,MT::exp5_num_964,4,Free,none,2,False,2a7e179e17a38d6e78e1711e680b7cbd849f96a2e13c787ee4c8baf0ea40f280
MT,MT::exp5_num_98336,1,Break,none,2,False,0ea84fa02c9c562f712e46363d741764c0b713b7cfad1529e3797534a4f7b417
MT,MT::exp6_num_1012,4,Free,none,2,False,ce4cb85920474b8b8bb7aea93903beea816dacfac20c4d1c344328554b97c5a6
MT,MT::exp6_num_10280,4,Free,none,2,False,052ce697567c5bc8dc5f067e3c7faaaf54e0dc44add8aa12863de7da5120cf90
MT,MT::exp6_num_105927,1,Break,none,3,False,5a695da1881a8631efaf707d90fbf3ecc68351f40b37b7adbfc7b729f97cf7cc
MT,MT::exp6_num_106244,4,Free,none,2,False,c5da06e19e914d3790305ed8ad8801c14e5c1e846f5982d523ac0f52fcc5511f
MT,MT::exp6_num_106873,4,Free,none,3,False,c1ac472f02916b62237578e1cb97a9f57fc690ae1f1748119c9995e741313d8b
MT,MT::exp6_num_10790,4,Free,none,0,False,61ba8950f59b97a859a94051246a11905263aae2a36d5d0cafd37cd7232fabdc
MT,MT::exp6_num_108812,0,Blowhole,none,0,False,b1f21f7e385e709571751d552cde7c5f2f246541e061024a5068fdf549420d6b
MT,MT::exp6_num_109350,5,Uneven,none,4,False,0db061f536686d458655ce5208b9e19e11bae1e23f6acd7618280c510c9f03f1
MT,MT::exp6_num_11001,4,Free,none,3,False,d29a07ada6fb89eebaf8c2b29e5fbc088a67588828e14a8017b2be9fbf68fea5
MT,MT::exp6_num_110224,4,Free,none,3,False,ce83b8fecaa5706f3b914ca241c1a0cda8f3ab9d43ab8c6c72f9b65be339ae97
MT,MT::exp6_num_11357,4,Free,none,2,False,ca045a9b6db2da66ac47a542e468849c992a10f8998970e1b995b06559939054
MT,MT::exp6_num_114490,4,Free,none,1,False,f0184c7a2216248a969dba8e79a6b8c14abd565178c9321ecb98c973a5d78faf
MT,MT::exp6_num_116352,4,Free,none,4,False,1cb1910a610eb068c34dd746970c1da6f805e34e7231c61f58a558c2114f125b
MT,MT::exp6_num_116623,2,Crack,none,0,False,7424363b3fc56c875f9ab12755ca782388fe1fd14fddad25b778aa03d8ff7b58
MT,MT::exp6_num_117060,1,Break,none,0,False,bfd15e9e46c6de78177d7ad39d09b3c24b19d01ea946e8e07428a41847e9289f
MT,MT::exp6_num_117068,4,Free,none,2,False,626c999f007a75c2fddc4c24f8b80753f1c5c190e468a11fd4be00f0dd91e488
MT,MT::exp6_num_118981,4,Free,none,1,False,c60cd660d7ee0c6c5d7a7fbc65f0ab32ce121c8812676cd110995907cb13d21a
MT,MT::exp6_num_124787,5,Uneven,none,3,False,d3e4e5177c97b1170fc376f4d9a8330b368f46cedf4af87aaf1ceaa308f2cfbb
MT,MT::exp6_num_126419,4,Free,none,0,False,56cd476e1c32e74045a81efd67454b4d7d4151fd29f4ddf9bc5f3e7242c197ed
MT,MT::exp6_num_126888,4,Free,none,0,False,58e633bf6aebf6cea0202967905f207f351c05cef17f7a4df8a07814361e0c24
MT,MT::exp6_num_127730,4,Free,none,0,False,58ff65ef7355dcb36dd3cdef973d6feed9ec8940f9755d90e2883e178675c38b
MT,MT::exp6_num_128176,4,Free,none,4,False,9a37bc5b8e542a2602fc9f36c54e383967702505fec5c08dabac23ca88a76a19
MT,MT::exp6_num_129148,5,Uneven,none,0,False,e8d04370878839e9960ab755a522e0462bd02981eea31e16503b2a63aee365d1
MT,MT::exp6_num_129718,4,Free,none,4,False,f62727ad749e32e7021e57ece97b1b43d72e62b140cd98ac2314fffb8b74bd38
MT,MT::exp6_num_135686,3,Fray,none,0,False,03abe83cdd1e70ab26dac7945f2c936659f27d8825e3ddd5fedc504a385b18d7
MT,MT::exp6_num_136770,3,Fray,none,2,False,f9533ca21e15c249efd01cd0364bfb9e034f3e135d3929eaf1862e842ee5287e
MT,MT::exp6_num_13689,4,Free,none,1,False,b1fa387d401051c2755a162274dc0d09714aa6ba8ea7eaf3e8eb63cde7425ba9
MT,MT::exp6_num_138723,4,Free,none,0,False,087d0961df71a9edd9619dd150d8013cfbcf0a0f4ba6d2dde96e6fe251b40b4c
MT,MT::exp6_num_139916,5,Uneven,none,1,False,f72a77077d848b38344be3329f33796ea946d2c209d9686bfafa6ab6a2bbc633
MT,MT::exp6_num_143316,4,Free,none,2,False,9b340d2df1a497bcc5542c35db17e95295f6a25b2c08f9c2e758d06a8dba5452
MT,MT::exp6_num_144276,4,Free,none,2,False,1b4c1998560c0a43725f58698e9a91c6f7bda4361473656342b7d7b575a3034b
MT,MT::exp6_num_148035,4,Free,none,0,False,f7cd82a6e6df2ab5a6910bb9cb90e4a705360081b8bf4631e7631811b95d12d0
MT,MT::exp6_num_149097,1,Break,none,2,False,3c13d55a8eb4b9eea06a72dd4e9d26d76acdc453286a2f6ad3d77f069202e0f3
MT,MT::exp6_num_154721,4,Free,none,0,False,fa3f785e64f581fbc76212b3b0cf918d6987940f64e2c83af53b33a180bb97ac
MT,MT::exp6_num_155478,5,Uneven,none,2,False,d0fc9a26f6650aee3a286504234ea7ce84db3f871004c1305e340905eb8ba0c0
MT,MT::exp6_num_157298,4,Free,none,0,False,65e36490b46cd9a5b14024d1e56266984f666c55b4e2cf1ad3bc40f94aa42d03
MT,MT::exp6_num_157877,4,Free,none,2,False,04826c2ff933341cbc211869ce30ba1aeed5947219ccf381546e587133e110f5
MT,MT::exp6_num_165523,4,Free,none,3,False,6b241388999bfbc90962ab6ffa2125fe5fae2dd4f890fafd42e4dc5f8464e21d
MT,MT::exp6_num_16624,4,Free,none,0,False,19e61a83d77258c56257934912c045e97f717c289ea09e0880ce6eee536c132b
MT,MT::exp6_num_166278,4,Free,none,3,False,e9b6b5c82f146673ec57138f74c2bc425faac6c15da2c19a2f6364e1f5579579
MT,MT::exp6_num_172365,5,Uneven,none,1,False,f5b797d02d5bac06333210bbe4e66c325801d61abe87cc775a5056b8d0cffe5c
MT,MT::exp6_num_174804,4,Free,none,3,False,79cbfeca7aa9b1cde7a0e35c491bed4a7d9878a89d07f5eeec494f5ea8df8933
MT,MT::exp6_num_178058,4,Free,none,3,False,0f223b245da1d6b115f5a80b111158892fa3a124d2810a2ac59d48ea587e5834
MT,MT::exp6_num_178602,4,Free,none,4,False,019f9bc8642819aa3bed45d7556a7b444300adc9f3a5388302572ae0d2846a42
MT,MT::exp6_num_180428,4,Free,none,1,False,f8ba43cf0759ac1d6ea254df390f270031e19363ac6b821d18109b987515d271
MT,MT::exp6_num_180965,4,Free,none,0,False,cf3ff36795c204821a244551009cf6dabb799220b2c24b31ea385de750a9e620
MT,MT::exp6_num_18258,4,Free,none,1,False,0d5a30b866bcc8872dce05acb26a775a1284643dfd3a3a59aa73f8974125b710
MT,MT::exp6_num_183290,4,Free,none,4,False,4ddb10933c026c53a6e7be88bf56c9bf052a60912043c520efef2096178b63dd
MT,MT::exp6_num_183930,4,Free,none,3,False,4020f4723abb267b02083b185cebf71aba2cc3390578e783c30e038f236c7368
MT,MT::exp6_num_187011,5,Uneven,none,0,False,48944214f89f1afe5c9329e774a0db6aea5600e84a6128f635795b8a734d5538
MT,MT::exp6_num_187701,4,Free,none,0,False,a83076adceb612ad3f415b895770e62625b66823d3ced834e14a60223898eecd
MT,MT::exp6_num_192263,4,Free,none,3,False,401c5423656c417837c8f122e4dffab0c02151d50e4c894de5b0ef73a0d98e51
MT,MT::exp6_num_193234,4,Free,none,0,False,7178cd66dd1dcfeb1ad2eff83ba0fa1650ca5ed68e67fd2c21f50874fad070ef
MT,MT::exp6_num_194304,1,Break,none,3,False,7a993a648b0bd8d39da0f8015b391dd9c6394c6dd203c4cb4c1af225ac07aaf9
MT,MT::exp6_num_195761,4,Free,none,2,False,cb8dbd0ae58520868c9135e751a1a927e63bdd27ae4bbdf76df4e1f019725249
MT,MT::exp6_num_1965,4,Free,none,1,False,59b66edf243e37bc88f60b66f9be4cff75958463c184bdbe1b11f9c835dbac2e
MT,MT::exp6_num_19822,4,Free,none,2,False,fb22b3f317c26f1957867192771d90bc033e12727508f86290a267404baf90d2
MT,MT::exp6_num_20496,3,Fray,none,0,False,fa27c1aca56e8c9d172af7c534fb9ae39baa199f421e1cf1be7a8d76498e3423
MT,MT::exp6_num_2121,4,Free,none,0,False,dec618f7bd36884d34ea2fce6652ed5d8f876d3bb87ba8d7fd8dd42a299b9ed7
MT,MT::exp6_num_240188,4,Free,none,4,False,35c9cd5e5b18acd052f41285201e0151aa2ad14421246ebc4001ce4ac76aa58c
MT,MT::exp6_num_241417,4,Free,none,2,False,455343334a956aa37f3710fcd3ffb5ccffb8a62109a88b6e8fa2240b0fc55fa1
MT,MT::exp6_num_242123,1,Break,none,1,False,1eaf1a6389785555e18b9b5b2d67147f630f22863ef23349e7a8ab18a883e26f
MT,MT::exp6_num_245834,4,Free,none,4,False,c93c3c962abf75758de73625b38978389fe466d058ee4d3fec6183e4e33f9a40
MT,MT::exp6_num_246442,4,Free,none,1,False,5cbaa7a78bc8055c982cc91f78000c74d25ef30e968cb60b1268004266f09f92
MT,MT::exp6_num_249821,2,Crack,none,4,False,e9ca1a34a61f9864f5150104dfd7ef8e95dc3ea7f0d72734a084f4d4e1808be6
MT,MT::exp6_num_25007,5,Uneven,none,1,False,9e56d0d4fac6d0d5e13a5970b6d5b2bbe11c60f498fc3e134dfb6485e0fd2689
MT,MT::exp6_num_251550,4,Free,none,0,False,fdda2cc5710e562fc4fcca1a8d6737a519f681a8e89bca9fc2e34149b6ed5df9
MT,MT::exp6_num_255822,4,Free,none,2,False,252087fc206cba70ed0e48a841f97d534918f608309d86e5bae9cd757359b499
MT,MT::exp6_num_256392,4,Free,none,3,False,cddaba56b83a2ae35d327037172c563931963bffdfee01ee6a0f20dccd6baed2
MT,MT::exp6_num_257334,4,Free,none,2,False,9bfbf852447b2e6586b6e23375ac6d8aac829f43b3a05925f29708bdfb0d9044
MT,MT::exp6_num_258043,4,Free,none,1,False,0982e18e53277d83d0c6718a2bc2a16b69ce4ff6cb583a6e6446c0397829b8cf
MT,MT::exp6_num_258703,3,Fray,none,4,False,56098b2f34c7bafe82dd403580a58f107d5ede6abab64dac7cc986265b849bb4
MT,MT::exp6_num_258935,4,Free,none,0,False,f022f90aaaf3dfbc93264b348fe0402d59e1c0cda6ce4689c6ee5484cf90ce71
MT,MT::exp6_num_260572,4,Free,none,0,False,fe27dac80ed81094e86cda5e4be5dda0c1ce29c3dad773a54c734f3f360b852e
MT,MT::exp6_num_261003,4,Free,none,1,False,b77e099e79ed98a44e8fdd6e6871b235e76d8795612a75ee4f17302995aea74b
MT,MT::exp6_num_262067,4,Free,none,3,False,24ec8567f3afeb46f5fb1ebfd5908fefb298f82bf04037050866f741965adde0
MT,MT::exp6_num_262294,4,Free,none,0,False,626a255cab0e0bcaa0aadae9be502b3b38762c00c03dbbf8ca44622fca6be432
MT,MT::exp6_num_26244,1,Break,none,4,False,75fbd6c68d0e121ee245cb64deeb7bf6966f2519257271a47507142c395ae7a5
MT,MT::exp6_num_262705,0,Blowhole,none,4,False,f6bd3ccc140b1f841aef9c5504ee81f035c1283528ca9c3c835a62ea113e86ec
MT,MT::exp6_num_262733,4,Free,none,4,False,3b07dd198e62ca53c24e9dadae2bb94d46a628f78cbcc3f8317809c426fff68f
MT,MT::exp6_num_263900,4,Free,none,4,False,f9f55a6f7c44403f77574eb1ced30421dfe599b35f3043129e0cf2e02b1e24d5
MT,MT::exp6_num_264283,4,Free,none,0,False,e3bc78aae130c50e26f4329c03048f87f3c087f76482807623ffd843e85a9e09
MT,MT::exp6_num_265182,0,Blowhole,none,1,False,2cdd9b6e86676e6fecd80f026611e0bc9fa31c2ce93ef47528321c02841eb58e
MT,MT::exp6_num_265737,2,Crack,none,0,False,b7b3c869aa450debcbc3fc92725b1fb526a35c530f52a520a6f9babadbdb8b06
MT,MT::exp6_num_266375,4,Free,none,2,False,ee20662626f7451c1fb3e05f28efaf56897e0017d8ca66e171a5ba31ae4d2316
MT,MT::exp6_num_266888,4,Free,none,4,False,d354dea82e8b85d94402ce2e844efa1ecb2fda47b32314b1f66b6e87e21c188a
MT,MT::exp6_num_269180,4,Free,none,3,False,899bd62ec1f1cd1934fa0e9538361848fecc0e20ca9d34ef9d2e22d361cc66cd
MT,MT::exp6_num_2697,4,Free,none,1,False,8ef61397a704c634de42e41878f2318df66fa58330eb052949341096e01bfc9e
MT,MT::exp6_num_269733,4,Free,none,2,False,295fdf82a2ddfd605ee464a120e5eb511ea04aab2fe7badf0889418e91e04bd5
MT,MT::exp6_num_270255,5,Uneven,none,4,False,8b81e630204066015dd6fb94be1656177849a13ed99910a30c31ed407c27c057
MT,MT::exp6_num_270665,4,Free,none,1,False,d8c9d7ada373cfc59a50fb04bb878939abebf613ce50cdf75eb3545666fb8ea6
MT,MT::exp6_num_270880,4,Free,none,4,False,6cb40c0a2eab3049208f144c6784f98af124d6e6db9d79df01071e858813304f
MT,MT::exp6_num_271512,1,Break,none,3,False,70ceb880f649ae0b30af745662bf94fe0bc9130972c780484bd6eceb233aada8
MT,MT::exp6_num_274218,5,Uneven,none,4,False,dfb523e02c29e16314b4ce056851e2f3f4c5f8d72341cf1f03aa4e0a891093c8
MT,MT::exp6_num_275466,4,Free,none,0,False,6de69337cc9e7aa6122aba1ea9b239dfb2bd28d151f88db1df47d535b925dff9
MT,MT::exp6_num_275757,4,Free,none,4,False,370dcb50b6b38040862f843cf66e3421254be118db22921bfc944d3ebf21d48a
MT,MT::exp6_num_276451,1,Break,none,4,False,ccc78a196e72e013145c76ec83ca0da3388dd8e6b1f47d3e7d021efac1401a21
MT,MT::exp6_num_277095,4,Free,none,4,False,f9d18eedc80097729f0b97369b33b405ef61ae14e6fc37803eb3bf874ce2d36d
MT,MT::exp6_num_278659,4,Free,none,1,False,ae31e0028860e83e4da297dc1a7b89f20839ee9d06d1000220c4b29de47842c4
MT,MT::exp6_num_279178,4,Free,none,1,False,1b1730324bd5e0bb2c96fcfa213c4fbe6b612d53619eb116856c0780d15e4c62
MT,MT::exp6_num_280303,4,Free,none,1,False,7d473d21ddbc0e469a6d370d599b92e5fa6f8b31de43518a8dd1542beb0d8885
MT,MT::exp6_num_281048,4,Free,none,2,False,50bb848e2ad1daec5b95e723466948e5c3f262a1f4c425541fa02575b3ee73d1
MT,MT::exp6_num_282965,4,Free,none,2,False,910912fcfb68ef824d5cc16819911c45b270e579bdb699c0e4b21ede79256068
MT,MT::exp6_num_283465,4,Free,none,1,False,4307880aa973ec855a18c526248b26d9bd3471b44252258c5ed4ec6404f0bcb2
MT,MT::exp6_num_28424,5,Uneven,none,2,False,8ccc768365f2fa0321735fc86e2d01ba4459b4a30165b1786eb1d309feea3063
MT,MT::exp6_num_284593,1,Break,none,2,False,64951bec8cea12023c6fab30dae8b7ce923596efeaf7995ceeb69bd5436e8a32
MT,MT::exp6_num_284942,4,Free,none,2,False,5082e64cf9dc150976df33eed1df93397f651d30288df902e41a51cb6730899e
MT,MT::exp6_num_286336,4,Free,none,0,False,0661a5b8dadbad4f6b6d2e264a14dd0e3743b50ca1c9334ba03e21780359827c
MT,MT::exp6_num_289705,4,Free,none,2,False,cc9203d5a58418296cb641af14266213662aed226b571ccde4a0d6aa1198837b
MT,MT::exp6_num_290165,4,Free,none,4,False,82e0079b63238161996a16bd0ae17caa38a0e8af47cd9200e03590ccfcdfb250
MT,MT::exp6_num_291134,0,Blowhole,none,0,False,d0426eafcb13e78622b9b09c6c18a77aa6f7c82ef88c7d421c8b42b8b04a29cf
MT,MT::exp6_num_292199,4,Free,none,0,False,f7862b20c18597a146b8b9078b2a59a3570fe4d7fd5e315a484b1e7bf2cad6c6
MT,MT::exp6_num_293354,4,Free,none,2,False,d831dc08a037a61f96270602417bb4157fe00d120c03a43c83e4d4289b5d1864
MT,MT::exp6_num_293912,4,Free,none,3,False,7a858cc395682718a40e86caff5536f43b9594041816edbb1b290a2971f87628
MT,MT::exp6_num_29564,4,Free,none,1,False,5c5d7953d4afdcea1ab78453d2edd06dfc89327dc30644d35c8b6b61d34bf869
MT,MT::exp6_num_296754,4,Free,none,4,False,6fb6257e5fcf805b8c84874c4b8db5615ce79f0f9a50d49000ea5a400337be01
MT,MT::exp6_num_297388,4,Free,none,3,False,9d9e30d67a8c899dc8ec47e5fe97e1d96042e279f1a1bde53bf89b768776f2cf
MT,MT::exp6_num_297601,0,Blowhole,none,1,False,af23e2f94b71d0c34e0e8bd5d733eebaeb3a32a4c024c7d6fb5f1917cedf9b6e
MT,MT::exp6_num_299824,4,Free,none,1,False,cbf38da7b07ac79e310aca5e2cf75d8ef2ca76df91a83781161e7b49085eb00d
MT,MT::exp6_num_301599,4,Free,none,0,False,ee8fab278be91f766a125af476398fbe56449044d231d9e45de8b38d523ac35c
MT,MT::exp6_num_304352,4,Free,none,1,False,1aade7cca8ea610bd76fc3dfc4b10c92405dc6fda7bb30672dd866ded411bb16
MT,MT::exp6_num_304361,1,Break,none,3,False,08ec0bdff403bf6c364098c0b42f19e1dacb5c4d4fd8fe2ccad009b7d8d1007f
MT,MT::exp6_num_304811,4,Free,none,4,False,f0860b32e786638a6e6a1ca756fea369c84730c804bb4f079d0e59c1e4a1d814
MT,MT::exp6_num_304958,4,Free,none,0,False,cdbe1d8d29b05b48c74c272df7c3a7c43c73b6af5571a98fc78b80b30f92fbbf
MT,MT::exp6_num_306496,4,Free,none,3,False,d37765442d505389212a7c08964685a48c8e794c3fbafebbb0dba3b61bd7b99c
MT,MT::exp6_num_306696,4,Free,none,2,False,931b0403d1ee9a73d3bdd6edd2fffe08e9b0f479ef2bd5aca5570a4e8fcc0e68
MT,MT::exp6_num_308130,0,Blowhole,none,4,False,5d0b563c6c7a831c584119c0cdbfff8240ca7a4fe01bf17772d94337b51c98e5
MT,MT::exp6_num_308897,4,Free,none,3,False,2b7654654cced1a1df419b95b023c876eed94b2d37d81272bf954225c610ae65
MT,MT::exp6_num_309443,4,Free,none,2,False,00ef05e1536f33f5f009175ecf8b264105c3a94f5e49f8d8aa2d5004b445d9eb
MT,MT::exp6_num_309719,4,Free,none,2,False,5658a736c9bde7be1b9677339d8303f4fc0824002af0de0ea45e6992ea999da3
MT,MT::exp6_num_311392,4,Free,none,2,False,cc0a38ac787ee0e720db67c1ae4adc2864c1f892388ff2e78a7e69563c4b999e
MT,MT::exp6_num_31184,4,Free,none,1,False,7a99488f4e2a15e13dba00bfa221735927929f68ddf2fa7ff7ff2952739616dc
MT,MT::exp6_num_311924,5,Uneven,none,3,False,9f87a41b54a7a682c51fe8b66ca8260fc1fe5d22536fff24a53997a22a3af55c
MT,MT::exp6_num_313568,5,Uneven,none,1,False,599cb98328d1d96aa4b95ea6f8788ecd843319e1d05a5b19b7ac8c20661810e9
MT,MT::exp6_num_313921,4,Free,none,0,False,68d549f54bbae6933100dff49e105cb7ec3489e52cdc45cbd0030f03a070f417
MT,MT::exp6_num_315056,4,Free,none,2,False,8f0c44003ee2c46815bc0511d0447d87fe6d870fb767e14e1645db7c8f52e0aa
MT,MT::exp6_num_316396,4,Free,none,4,False,0f133ab3719e9cdc143a8bbcaff1c1b8a441bf315e507eb864d01229b5531742
MT,MT::exp6_num_316778,4,Free,none,1,False,479476e6bf4d2b5a6ec9e3298133e5efc5fdda38d6fc4074ef3c7a05f2f29415
MT,MT::exp6_num_317592,0,Blowhole,none,1,False,06d0417683dcb8c2fb123c827c09220bd1819372db4d7a78d29ca05655ff23fd
MT,MT::exp6_num_317640,4,Free,none,0,False,ae8c9f48c7934dfbb2da305febf91a753441dd2f0b63054f09acf6e528c0ee91
MT,MT::exp6_num_317978,4,Free,none,0,False,a66e30a8e1e1c99faaf7cfd792bc05517782811bcd6768a6d7a572cf95fa021a
MT,MT::exp6_num_319398,4,Free,none,2,False,d86030c67849b105c9b0ba3af41fe519cff45adea1258ac223818afb1564e82b
MT,MT::exp6_num_319512,4,Free,none,3,False,4de428b8c350fef1e1a42d7177a83d004e70f7a789762f07d609ccf9b8f5f2a1
MT,MT::exp6_num_319796,4,Free,none,2,False,bae18476e9104e447d7538ca535f8e6e3c63fdf2b194d23f0e969f75733544b7
MT,MT::exp6_num_320546,4,Free,none,3,False,a6e3b3923bdf1a5627e21ae3d1079ff8c780dfca435fb07939fe6539848b5d20
MT,MT::exp6_num_320759,1,Break,none,0,False,28db4d881f46bef8a8661c471a2325828a15202b74a1180491db2f5508c5a62e
MT,MT::exp6_num_320864,4,Free,none,2,False,ecbea27b9eb4e57e4d55967e54d9ac7e4da25e7eb99b951cb2d1dd98d3518cb4
MT,MT::exp6_num_321501,4,Free,none,0,False,952e777d3b6748c33fd65c536652a5f6fca48aea7979a387e57779c112c77382
MT,MT::exp6_num_32235,2,Crack,none,3,False,52ee5d190c9d895290c43c3d31042a8386c17e71ca77e0a46532f8748d92e87c
MT,MT::exp6_num_322697,0,Blowhole,none,1,False,0686d9776c69a8a6ca146f92310315fec626266f86cd3f84c41efba4b3f550b2
MT,MT::exp6_num_323405,4,Free,none,0,False,4d1777a0e9c17f81b87a98b13e4d3ff7e31f507fc919e69fb228cfccc1eb5168
MT,MT::exp6_num_326679,4,Free,none,2,False,4f5ee1cee719a3ee1a4176efe80cbed38ae726855af3085d1f716c0d6f56d1bb
MT,MT::exp6_num_327003,4,Free,none,1,False,8f0358aaeb93bc2728c31b42c15c41e46f9d82ecdcf3765c8b023c16484a62d0
MT,MT::exp6_num_3279,2,Crack,none,3,False,485b38513a85cad0e5e2a1cdc9988ff54c7a7de731d7e8eb5c75e8985a192066
MT,MT::exp6_num_328105,0,Blowhole,none,0,False,c76ecfe9e0a40b987b7ad9ac502531c9f5bb94df131b61e01683ca171399feda
MT,MT::exp6_num_329323,4,Free,none,2,False,69dd5c5fa36fca8372e8e95c1af58dc552a51855b4428aa2a6cf78db80fb0383
MT,MT::exp6_num_331267,4,Free,none,2,False,4035c9dd5444fec135f63ac953fc455458db42be413176afd5c8039e01260fb2
MT,MT::exp6_num_332013,4,Free,none,4,False,433a66cead9bfdc752840e0c2cdd2f332ad06ec9becd4dec1a333d644ae8e604
MT,MT::exp6_num_332792,4,Free,none,3,False,489cf006be5c7057ac243ddcb85d2dc2e3fbc3ee582f210553ae00837af51c0b
MT,MT::exp6_num_33541,5,Uneven,none,3,False,0b67193e7f15c60490400dfb12536e879e603d4fff6f11d20832a3a67e28b11f
MT,MT::exp6_num_337757,4,Free,none,3,False,2c63796fdedac9cc31e0be6b62b31a0bb27178b2b36bef77c436e4c5470187d8
MT,MT::exp6_num_338952,4,Free,none,2,False,d19c491f3863c68d9b7ff610aedc2827f358973e578f03e6a811fe3df8e902f8
MT,MT::exp6_num_339965,2,Crack,none,4,False,85772d19de6311d85e1a7cd22df7ec70368590797efda028276b6f28d5f2b4e2
MT,MT::exp6_num_34208,4,Free,none,1,False,d1f70f34e876166e2adf90daea83c96757c6cc4b9b61b54fa19b3cd0dc38213c
MT,MT::exp6_num_342249,2,Crack,none,1,False,5c8a33bb9c9f2951c3d11bc791ea03928092d4b3f470f625d9a7a6288713fc4e
MT,MT::exp6_num_342992,4,Free,none,4,False,4a951e9f9b3e0231e67aaeee970cf5f7281af5583bb7b4afd5079a6a1534b49e
MT,MT::exp6_num_344641,4,Free,none,2,False,d419cd633ae1f52c53ba1c49d788fa8b4257b9199720ad1772f14533a2401935
MT,MT::exp6_num_346414,0,Blowhole,none,1,False,741c50f4144053aacddaa23a32891ca317069e38d92ed44eb8d25d98e1628a96
MT,MT::exp6_num_348888,1,Break,none,4,False,3c31152e3f4e34e86099adb8a428de82f8e741994b4adb032ae4c67a4aecc429
MT,MT::exp6_num_349930,4,Free,none,0,False,17c02837a379fc6f2a71fa6892399d9191d586b3e59e060b4a6f07530149fd28
MT,MT::exp6_num_351127,4,Free,none,2,False,9a27ca9147709280cbf840568f717c9da550e216fb24ecf19e91b85254213306
MT,MT::exp6_num_351520,4,Free,none,1,False,7a0524820d2b5b454436fe921d08365ce942f7d1d83c427a945c803f4dd50ff5
MT,MT::exp6_num_352572,5,Uneven,none,1,False,1c130db1e48867a26e872dadeddb7a72adc68ab7a06bafdb2569eb6026f6468e
MT,MT::exp6_num_354474,4,Free,none,2,False,0538a87d8e72384a5f23192d0445da8fd6c1a7429bb57fa6b5bfb6b2e20623ea
MT,MT::exp6_num_355732,4,Free,none,4,False,6101372cfa80398c95f22c7dbf305df9db3f6ec9b47d6c4dfe97bb36b5bbbbec
MT,MT::exp6_num_356817,1,Break,none,2,False,69278f23f45357171e7d302c250c72c416bf1467d4195fa4e62a99d1adb44c19
MT,MT::exp6_num_358179,4,Free,none,4,False,8c2bb84a380b8fe7ce6399d682595b7f3ca5936f7cb883f1b53252823248e8cd
MT,MT::exp6_num_359029,4,Free,none,1,False,c8a0b0eaf41f1895a1182431ab27a0f8a0656231a4c7e2d50da6a22484fa8fef
MT,MT::exp6_num_359542,4,Free,none,4,False,7e488596b73caa3db1fbbd3cd89b91a94050f3dd90cdbf2bb7fddd0dee53a803
MT,MT::exp6_num_3620,4,Free,none,1,False,6ad5910bb198113372db86ea8d8c25dce3657e5850830fc7c869af8b58531f27
MT,MT::exp6_num_36280,0,Blowhole,none,2,False,54bed843a681265a7dafb6e5a2b1c06eac80af85de5d845f5296f267668e8f59
MT,MT::exp6_num_37098,4,Free,none,3,False,89b857a0fdddabef80bfaa40c4a2bc8d1e7d133be0997a23be258fcdbf7e882a
MT,MT::exp6_num_37354,4,Free,none,2,False,ecaba8e6a88673f112393fe3e8e1fe86afe504f6945e04be8956a8638fb7cf74
MT,MT::exp6_num_37675,4,Free,none,0,False,dd07977fc441f39ad55d4b27cee1dc0b690b292342e3344c8aaf5c027c7565e7
MT,MT::exp6_num_3789,0,Blowhole,none,2,False,64835810f763ecc8cd14c3de8d5945f5b518517dfbec848962a24c61073b962b
MT,MT::exp6_num_38098,4,Free,none,0,False,9a5783558e10951633f87b4ebfde4c0d42317aa9e333c5da19e0cd3d6e871ad4
MT,MT::exp6_num_39559,4,Free,none,3,False,9c2a84c4b319fb737c9668fd838a590e7501b0abc551aa7ed9bee19c7d0d33c8
MT,MT::exp6_num_3981,4,Free,none,0,False,d3de175677b3650f2552df663d508a0df78789a0ab2226dc33fad0feaf0eb307
MT,MT::exp6_num_40515,0,Blowhole,none,3,False,cdc87c456c98b17da0f50922788f7197b13a4f7b2783a85b703eb27b01ed4cc2
MT,MT::exp6_num_43955,4,Free,none,4,False,c1808928762f0246cff10c788987272aab339c9f17cf15cfaecb3d8da321c0bb
MT,MT::exp6_num_45116,5,Uneven,none,3,False,193f3e80a286b7dd379abd343abf0a843ae80cde991c5edee5113ef90ff5d12f
MT,MT::exp6_num_4841,0,Blowhole,none,0,False,26e5e363399ea50057f25fa6b9d2399ecc517e1b113777097664ebcf12d77c0b
MT,MT::exp6_num_50468,4,Free,none,0,False,c369ee3eaa08a3dc4d819ad023f06c9e6165fb80ed01b2f342e6bd07bffc688e
MT,MT::exp6_num_5106,0,Blowhole,none,1,False,caf0be118d2077d81b9cfe5fef00de80478a27873a9f854321e6e261bd8c48b5
MT,MT::exp6_num_51154,4,Free,none,4,False,3fc0656e15f57ebe6168714008fc691730a7dde9833b02e2a69a740dc8f4ae9b
MT,MT::exp6_num_51771,0,Blowhole,none,3,False,9e082b8739e1f10f1f24f98f9fbdd6c428b2f065466175413baf5a10433d7b87
MT,MT::exp6_num_52784,4,Free,none,3,False,b3ee32487a7ace9bcdc8502b22624ce7c64eaaf83415f0d953cd011ed6c066f5
MT,MT::exp6_num_53080,4,Free,none,0,False,8cb1dd81df249203f1912ede106065b40ea4864c66b9f22f8e9eae4fab6e2d1c
MT,MT::exp6_num_54271,4,Free,none,3,False,14f09075f8ecbecfdac1bc3507e61d571009a88c7dab1e115b6c3f93202cfd91
MT,MT::exp6_num_54366,0,Blowhole,none,1,False,e5530ccdf77b65649de741a029c58cd0c05078004c805fdf591cd18a22a4e3a9
MT,MT::exp6_num_55020,4,Free,none,0,False,e87d1a0f58567a8e83e9fcaccbe5a95fdaa6f24304dac0aceea689c62900a516
MT,MT::exp6_num_5892,4,Free,none,1,False,66ad031242ae181716749f5d94b5d145e1cd2031f0748dd8c86ce9ddc59c1a5a
MT,MT::exp6_num_61501,4,Free,none,0,False,9fd7fa087d3e562edb03e7d74d2679b58d59b8d7545cd58232b8fac358c4c8e0
MT,MT::exp6_num_62649,1,Break,none,3,False,d1a68239266d4a34a98eb1713261e4e41960cf1610b55f3d80f0ee9ce6c7c3bf
MT,MT::exp6_num_628,5,Uneven,none,4,False,1f7ed0f208093e00dd2b7bbf2b7a2663bb22a6cb23e27abfafaf547589ffc29d
MT,MT::exp6_num_65067,4,Free,none,0,False,e2e95203e27d9e70f0e48eba70f4a0eb944ec2d5f27ceb259174f655326a7dca
MT,MT::exp6_num_6600,4,Free,none,3,False,1952a941c4f154d48f8589e74f07329da63aacd8fcebbbbb9313e0cc01a3a75a
MT,MT::exp6_num_6634,4,Free,none,0,False,e47f4a8763e6fa32485f403d64519e08d6eb8b6fc4bc7d3f9d58c13a5b5a43f9
MT,MT::exp6_num_68465,4,Free,none,3,False,53b03c319738a794048c9dc960e1a845527ce247902b1d88db17185220b7932d
MT,MT::exp6_num_69923,4,Free,none,3,False,ee2dbd43b2510bba53690e8a57cb20074bf0ee24b038747cbdf36e0224748dec
MT,MT::exp6_num_70585,4,Free,none,1,False,858768c9b9e6ed507bc2ce0d268fed1c233de9fe039fb0a15777ef92872ac138
MT,MT::exp6_num_7102,0,Blowhole,none,0,False,6ad5c2ae256ef07c3b06f5f6e01db7b4a601083898235a90f81367f3b46b5d8a
MT,MT::exp6_num_71297,4,Free,none,0,False,0fd45e64872433936bbc9d36d90cbb7d8613f47297ac3fccf197d8605170add2
MT,MT::exp6_num_75343,4,Free,none,0,False,0cb10b3adbbe63f7b4257fcab2fc1172c5e15b3f1fcde89eb71bcd40d38db9f1
MT,MT::exp6_num_77744,3,Fray,none,2,False,25f0cebd067bffea620dff9dba43f637f841dd5550d4b8acdaf9ded331565d24
MT,MT::exp6_num_8015,4,Free,none,4,False,6bf325315ec5f40ec437c4a388b1a5115ac601fbcb2e4aa9f73a0d3b2088adad
MT,MT::exp6_num_85665,2,Crack,none,4,False,913dbfe3238350e5f8c19d162075c89ee855aa87f37abbfbe84744225b6de481
MT,MT::exp6_num_86064,2,Crack,none,4,False,f056d4295d2cee6e3a513a476e7fcf05e40055ede82f4b14c632654d1a089670
MT,MT::exp6_num_88201,2,Crack,none,4,False,421855376b5adaef3d02f173a61753ce19ded2ea53d060f60bd099299d863648
MT,MT::exp6_num_91131,4,Free,none,4,False,d91be6007dd9fbc8dd69160c8af54a0b1c5ffaf2acd4b911d273e26b4a3ad6bf
MT,MT::exp6_num_9196,4,Free,none,0,False,68634cf1a36add417b247236a17e7c7e27e279211fc277ba05a1e085af33337d
MT,MT::exp6_num_95059,4,Free,none,2,False,bb63aecd73a090ae57105fce8a2426553bcd0d4844428e1b8274f82595676412
MT,MT::exp6_num_9594,0,Blowhole,none,0,False,8add3156168d9f91bf903c525643b11d0da3522a22fce98c9a61eea138e7e987
MT,MT::exp6_num_972,3,Fray,none,4,False,b86203051e68928f63a1b943bf10ff7993df433c4812fa68f6b58b9e19c22a8d
MT,MT::exp6_num_98402,1,Break,none,3,False,64dce6db53a311230f82987c1119a505afdd3c558d4d9ef4a887f8fc62949c7a
NEU,NEU::crazing_1,0,crazing,none,2,False,5278cd3695adbcbd7a16a7e4b2c6bc27f18095ab8a1e034d2b06c0fc42020eca
NEU,NEU::crazing_10,0,crazing,none,2,False,522352a6c3532d45a64184b7b1435a74e8cdb732ebdc8e062ced67fa737cf63c
NEU,NEU::crazing_100,0,crazing,none,2,False,9d0d09aec1914e8bdc876052f357c8d898acfe38d1f9eae835944e5de432f969
NEU,NEU::crazing_101,0,crazing,none,2,False,0c4ccbfd539aa9d0a151f25b3e798fbad36d2a3532218bcc5c313f06c2c1dda4
NEU,NEU::crazing_102,0,crazing,none,1,False,b4e276eb131f61b44084d0c06640b00cbaecbffb48d3a8f3120d7aaa5cc84a53
NEU,NEU::crazing_103,0,crazing,none,2,False,244204c49439f6b663a277e2e8c65344e0f2e51b5c3c763fa02a3ae925933f64
NEU,NEU::crazing_104,0,crazing,none,4,False,1b60cd12649d9a695a693be42c29b1b3837fe81788b923a37546f6505b4e221c
NEU,NEU::crazing_105,0,crazing,none,4,False,1163a4f6e0a9f9fc950748e1abe52b6c6fc6d8253d13fb36af3c90e78aaee884
NEU,NEU::crazing_106,0,crazing,none,3,False,1dc8951b8ea88596d00487e98772e8c2a5403940e94772ae5ee7363e4718a287
NEU,NEU::crazing_107,0,crazing,none,3,False,e1bddbbe0200853e17a71649a61eb6867286847f6a532e270769d4f345e183ed
NEU,NEU::crazing_108,0,crazing,none,4,False,f3fa6a34aecaa1af2e1e31c2359b1d730f450c166377a622ef29f85848c26c54
NEU,NEU::crazing_109,0,crazing,none,2,False,798ada3a99c5c1d694902dbe04a9b74f834f9b21f1c7477eeefede49256dce06
NEU,NEU::crazing_11,0,crazing,none,0,False,dd961ee1c4139335b50ffa9ba2c6b8d366d92c82107b3fc0b8ed6f3957db6f3c
NEU,NEU::crazing_110,0,crazing,none,1,False,7ee07aebfe8997bd5c57f958e494b9468fd788b10a73a7f390e777e7602f938d
NEU,NEU::crazing_111,0,crazing,none,0,False,28e8357c2731740ea42757c69d52e9308119cda379da601a8fbd63bb83b68962
NEU,NEU::crazing_112,0,crazing,none,3,False,851ad33e391aae4854136029058467881d156d4318714c60542f5d2acc4cfcec
NEU,NEU::crazing_113,0,crazing,none,4,False,d3b215c4e9bdac856fce33b9c59029583439010135c26d9e75adc24744594d32
NEU,NEU::crazing_114,0,crazing,none,4,False,bfbf237d5d9cdd29527db2d4c2a7d825d3cbcf8a188977f812917b6b49519781
NEU,NEU::crazing_115,0,crazing,none,2,False,778fb5214ca3559c563dc5f7e498f51285f45fa4fae0e04db78206b3b9c4304d
NEU,NEU::crazing_116,0,crazing,none,2,False,941e6bd4be28f83dc5892c69fbca178867d385d6088d0310c942ebdefb9f8b59
NEU,NEU::crazing_117,0,crazing,none,3,False,20db791a37ebb26f078cf8575568a3b147256ba5477fed59fb9755db7e9ca3c4
NEU,NEU::crazing_118,0,crazing,none,2,False,f9c42b5730267693e831f3286b900e8df2eca14441380c75975e0e1ac10ffcd9
NEU,NEU::crazing_119,0,crazing,none,3,False,812c159da60d62e21e3c1e56b720385cd0b0a2c5dbdd19503612b355915e433e
NEU,NEU::crazing_12,0,crazing,none,4,False,13311f667aec82e20670265337866b50a4a546dd6845f3700fda088c0172afeb
NEU,NEU::crazing_120,0,crazing,none,0,False,9e88d467b31b526f0cf3732264d72af070365a87edfcbcccbe0f9a3845a30974
NEU,NEU::crazing_121,0,crazing,none,0,False,e8a92b1981daca6071464cad61b03a41cabe33e921d01d4c12ccc767576457c0
NEU,NEU::crazing_122,0,crazing,none,1,False,1e6cb35c14532fa7d1a47012c2a6c0b5117eaf6f8ece0870a12b4d0a7b3e2bee
NEU,NEU::crazing_123,0,crazing,none,4,False,bb2020c554decdfbc6a8499e2d9179781e2aa3427f31d48c626a3da367abb15e
NEU,NEU::crazing_124,0,crazing,none,0,False,25e1b0b087e53166451ae14ea9f8c46959c156f0560cdb253abddf6c9eedace7
NEU,NEU::crazing_125,0,crazing,none,2,False,efb63be3add2d88ca121a33a77e39955b14f3ab32917896a98a8923f3c838dbd
NEU,NEU::crazing_126,0,crazing,none,1,False,16db7a20320de7c04fd4d40701bee6caca636d7d436bc642075d07b38dd43f29
NEU,NEU::crazing_127,0,crazing,none,4,False,a223d7201459a1206bec6a6ddedaa5297d2e0ce54ac31659b394cba23352e98f
NEU,NEU::crazing_128,0,crazing,none,0,False,6c9f506429318b9eda3235d4fdbb150fbf81c5cca42fd2213ca9a88a01377402
NEU,NEU::crazing_129,0,crazing,none,3,False,a466019aae3e0d4a5324e0bd2a9c1d8298eb113b7792f90354ee400a59574a7c
NEU,NEU::crazing_13,0,crazing,none,0,False,428a5d25cf2fa0487cf9737d637ad160008c0b3ca84e7dab89c0f93dae83c7a2
NEU,NEU::crazing_130,0,crazing,none,0,False,79cef251160019422e3e4fec09c37bb0376574018990d604c505188f50e879c3
NEU,NEU::crazing_131,0,crazing,none,1,False,d5d3daf656fa4d7c7a66cdccbe90b7b1eed94725446f6b228f02620deabeb64a
NEU,NEU::crazing_132,0,crazing,none,1,False,311f5cb186dcaa5163d470088ede7e45948c0b0a2ee6be5d6711cf32e61639b2
NEU,NEU::crazing_133,0,crazing,none,1,False,81511a77a5cd85d208c411bd87242168bc80b652706e07461071b5596bb459b6
NEU,NEU::crazing_134,0,crazing,none,1,False,35fa0a639b596f8fb7be7e69b10bd3369913d7a3ccab83a5871da2ab32709747
NEU,NEU::crazing_135,0,crazing,none,4,False,6173b9bd597a0b8cf594b5e257a1c4912568f786966dae96e59dd5ebc1821ff5
NEU,NEU::crazing_136,0,crazing,none,0,False,e21ec9cc6273ca4729a58a991368b5b66c6cd7b05b945bb1d0725fb48987a2e7
NEU,NEU::crazing_137,0,crazing,none,3,False,cf573f466bc44d4cb0316eb3c661b8bc44776fe186ba237bdfbc4e5011cadd2a
NEU,NEU::crazing_138,0,crazing,none,3,False,b30b127032406ef0d87df5e1c227ec9b37074254ae9dede42dda31a94ebf8565
NEU,NEU::crazing_139,0,crazing,none,1,False,b73e2cec62b9478c3ad32b6081d7a87c7dd5da7d8b5a44b2d0f29cd7ceba2ed7
NEU,NEU::crazing_14,0,crazing,none,4,False,97c5efc6fcc1e2ff1279718c15554e2a3681b95c8f70ad6603f6264f6ea5e660
NEU,NEU::crazing_140,0,crazing,none,3,False,e93030abf5c2b941529e6b105767aa0a6edd92b18c96792a2ef07865c39d7253
NEU,NEU::crazing_141,0,crazing,none,4,False,57fc38c627bf90303f8a6463748416de11212a5d0b5914e68403da487755269c
NEU,NEU::crazing_142,0,crazing,none,0,False,9dcca212ac2d94a88e9a5ad3131ffd21ce83d27a5942af15890c0fabcb8c7d1a
NEU,NEU::crazing_143,0,crazing,none,4,False,eb154bae7ada35115e9bb8d2c2a8f9e4d87ab5c9d2b48aaa331814aa62eca3a5
NEU,NEU::crazing_144,0,crazing,none,3,False,e4a2071037607429d8d859c4b0f3b81141e5e6a450d33831f4a83d5fb240e66b
NEU,NEU::crazing_145,0,crazing,none,4,False,c91b2e3ee3b1a86d955389405bb97e16922d410df54f3fbddb5cf5f4a8bdb16b
NEU,NEU::crazing_146,0,crazing,none,1,False,4bb4d14eeb2ab476b79177cc7bbc57436daf376a3d4ce0f098107e5efb111ee4
NEU,NEU::crazing_147,0,crazing,none,4,False,bff0d186bc10a8a65572e9239920d7efa4a39addccf0f3451b59abb35b1a23d7
NEU,NEU::crazing_148,0,crazing,none,1,False,0f4369b2b9aaea4e843cf4c6a169aa6fadff8fba16abe3e9a1c109a7e2ec7071
NEU,NEU::crazing_149,0,crazing,none,1,False,de6c4056279bc72e580ebdc50ade0d28fa020272b1be34f77588425071f8f0bd
NEU,NEU::crazing_15,0,crazing,none,3,False,466fc481bd3e6d378058b4aa9a4a4612e27da31a6a1844fe9d863e85ab47a5e8
NEU,NEU::crazing_150,0,crazing,none,3,False,78bad28f4e809d41a679584659abb94911736b7a86bec2ebbfda83492965a818
NEU,NEU::crazing_151,0,crazing,none,4,False,2f0f486f51c31a7c7e5f1f5b0755537f18372c61c55b0a09bc7dadc8971262b8
NEU,NEU::crazing_152,0,crazing,none,2,False,7e68d49434009772b394535968ea15d8f1c9707c945d99e47a00eeeaace46960
NEU,NEU::crazing_153,0,crazing,none,1,False,9568a72ddc882108a6defe0f6bb2600e22e278f2e684716b9c563dc810b33bac
NEU,NEU::crazing_154,0,crazing,none,0,False,dcda48b1fa04518744e30db7a378702fbc77baebc2db6c03e4d9c4f9ecb14565
NEU,NEU::crazing_155,0,crazing,none,3,False,af9f0321f3acedf982a652f5f2e9310a783d3ec890c80e4228a66646e9afced4
NEU,NEU::crazing_156,0,crazing,none,2,False,ce6c5cb055c2710fc0169e3ac58c54985b176f0da300b60c00e08ae8f3a9dd1b
NEU,NEU::crazing_157,0,crazing,none,3,False,c50b115700ed6408936e788e261d4243480380e3793a2fd0d25c2a91419a2b23
NEU,NEU::crazing_158,0,crazing,none,2,False,525d70534373c48ced12e1bc6d8923488f5a7db80a925f98d9afbb34cff5d507
NEU,NEU::crazing_159,0,crazing,none,2,False,d9bef22fa9c71d22b0eb2e89176dac41d604361e3756b1dd2882bad1563c7723
NEU,NEU::crazing_16,0,crazing,none,1,False,4fecf9b0e5c9fe781c51277884fa930ab02ebe3c28af636567dd5d52a6f807a6
NEU,NEU::crazing_160,0,crazing,none,1,False,7481e41a90a324d1a6cbde8ea0d1a3996d4a295be5d876f6a14dbe0f3fa6e02b
NEU,NEU::crazing_161,0,crazing,none,2,False,e79aae5302ce4fbe38f7b2e5c32af5f6125a6dd141861e3ed54cc2e407d49673
NEU,NEU::crazing_162,0,crazing,none,4,False,1f6e7bea3a7748605249b5f149910ec71a20d0db43b774c0d5047421f4a71d23
NEU,NEU::crazing_163,0,crazing,none,0,False,12f84f78d5e9f8d8490e5a8842be619cf54b9b477f81e94156aed833958e49cf
NEU,NEU::crazing_164,0,crazing,none,4,False,01c1ce5196958f543a8fd3039eb0e3b66157f8ffb125cc3e1f500bc0548f1913
NEU,NEU::crazing_165,0,crazing,none,1,False,840c450bc6c1a69bdb48e59abc822db5f23e2cd8997b7b0695d49d6117a95b1b
NEU,NEU::crazing_166,0,crazing,none,3,False,bebbae671824925d0537d8c3306120c58e1f2dad688fbe8c2057d32ae5eae13d
NEU,NEU::crazing_167,0,crazing,none,2,False,e2587baf277081662a2034d5204589da064b6151e0a49c77a05592b6022d5e0d
NEU,NEU::crazing_168,0,crazing,none,4,False,caacd794d43649ca3788087be60e16b024c611c66832d4d0aff2364428919b33
NEU,NEU::crazing_169,0,crazing,none,2,False,84a1bd8144ad8b9b280400ec22d2ae1ca09012108b24a90a9599235f1a01f313
NEU,NEU::crazing_17,0,crazing,none,3,False,c811854bc098b5524d3de6c31c21ccbb2dfde665309317a8d92cc59137263e0e
NEU,NEU::crazing_170,0,crazing,none,3,False,ec427bca7b07023ad943e750070bf9caccc054ccd313bc4875d0727816f1ed43
NEU,NEU::crazing_171,0,crazing,none,4,False,1d3046dfd62c8bb7d4f3bed64d8f0dd1df21523c1261faa8c09e10d76f29cfda
NEU,NEU::crazing_172,0,crazing,none,4,False,3374f8f27498b03a8a815a28d4e63a5a745549f6baa38a6ad93c489ee664f492
NEU,NEU::crazing_173,0,crazing,none,3,False,7b44afee9a0978d37328b34ce12909dff980856ffb97fab7fb71ef5d25eafe23
NEU,NEU::crazing_174,0,crazing,none,2,False,8acd00d4737b9aa6817b2961c82d2d10ff8dae8a0687996b71b158af0c08c3b6
NEU,NEU::crazing_175,0,crazing,none,2,False,6be1274fe64d462318296583b601eb7cbe4dc9d2cd81e407f8f380ca53eed7fe
NEU,NEU::crazing_176,0,crazing,none,4,False,20e375fe90ecf726ed1d482c0db90f7aaf7b166f595a65b7a592cc38a401216c
NEU,NEU::crazing_177,0,crazing,none,2,False,7cfad80ed8df45124dce13a24dce66949b774750fe13ab9f3a29ae7ecf32d4ef
NEU,NEU::crazing_178,0,crazing,none,2,False,6a867904651264bedc9470410bb5e1d7125e0bbe15f70ac5b9f50434be9b90d5
NEU,NEU::crazing_179,0,crazing,none,3,False,a796d606ae9c573d722bdec9d282c53cd543006e1d49e4a5152072fe61505d08
NEU,NEU::crazing_18,0,crazing,none,2,False,56b79f6438ea95ae5219c47ed4b7186a1c3cba37d5eeabce21f5e647aba6dc10
NEU,NEU::crazing_180,0,crazing,none,2,False,7b42c2cfe2071328ae4f5c33fedc31ff5aa5a81600ea3c165a8eb223548886ae
NEU,NEU::crazing_181,0,crazing,none,1,False,4dc33b6795a8cea10123e21134a63b0fb8bd79308f8aa53de62ea407d2f0dc4e
NEU,NEU::crazing_182,0,crazing,none,2,False,2fc9cab35c3683874721070262c4b6d0185653b68866173d47fadf51c152b07c
NEU,NEU::crazing_183,0,crazing,none,4,False,235d4d003fcd9444e789cd5e0e1ba547049c7ce1b1e309fa6f8c839697683157
NEU,NEU::crazing_184,0,crazing,none,0,False,8f8338544c1af240c972cb9b65364ccf940fa99a9b49031600eeffeea8e162e7
NEU,NEU::crazing_185,0,crazing,none,4,False,2ecd30de32c5fcaeadedbd7b97efe6910e037a88b7d4a1d82800d5b837977c2e
NEU,NEU::crazing_186,0,crazing,none,1,False,323876549bcf8a22d791d2bccd4f4e227f6338eb5aa3e810b1a57ce470a4260b
NEU,NEU::crazing_187,0,crazing,none,0,False,bf302c6472f4fe52779500515f03789f10533b6a285047bb1248981ca2bf05bc
NEU,NEU::crazing_188,0,crazing,none,4,False,45670819395294b3d2f7ddf0fa702b4a5573f447aecc9b699926e27fb24f66b1
NEU,NEU::crazing_189,0,crazing,none,1,False,8064bef326ab2f1e88f8bdca2b1486f267fe505e5faeed78d6963dae21129ea0
NEU,NEU::crazing_19,0,crazing,none,0,False,9301e1cf2e515a61190106315cd09b2014e912b7c25d7f59bef1953ced7a5cf7
NEU,NEU::crazing_190,0,crazing,none,2,False,2cc88396c55f661fb52bf4cd17c6175a25c079596352986cc030cdb46c77f3a6
NEU,NEU::crazing_191,0,crazing,none,4,False,69a87d220c2665f465cc70fcfb4ffc703e15181df1d5e916f425958d7fa78bfc
NEU,NEU::crazing_192,0,crazing,none,3,False,695a2adff6f47c44e7d0b46efe27b39e935006e261eb773d634f9e3bc2d69b77
NEU,NEU::crazing_193,0,crazing,none,2,False,ad8b326145b04c0e36e738451b010691094b1213792a64d911c093f3a3310c17
NEU,NEU::crazing_194,0,crazing,none,1,False,abdec7a1f84a30c28709f0e373a165c912a18f15aa8e7c992d4b5b0314fc0038
NEU,NEU::crazing_195,0,crazing,none,1,False,1795a0947d87383d2923f69d179e74f532e0f6aa777dafcde7162e445cbde91e
NEU,NEU::crazing_196,0,crazing,none,1,False,ccb1cfb869dfc39ecec28cf20e6f6e3df0fc5739bbbea41a1f487ebe607ff45d
NEU,NEU::crazing_197,0,crazing,none,4,False,4a621bcec1670cf3afbb75ddc98d45a8c5575cf0753c66ef406cd09546a1baec
NEU,NEU::crazing_198,0,crazing,none,0,False,f158dd46f2c647afd928affd30218434d91a54f15678c3b38a103e70f2c3fb82
NEU,NEU::crazing_199,0,crazing,none,0,False,045dd7295bb1c32e3d180ab5092618fd4015852c747a667a67c5b53048c0fd2a
NEU,NEU::crazing_2,0,crazing,none,3,False,c49651a58066f155f1efc0a488bf7415d3d1ef0fb2948f6c2ee6e8296411c9be
NEU,NEU::crazing_20,0,crazing,none,0,False,c81fdfa4f7e457c21bbe7dca824ffcdb602dadf60aa59f6aeaf4ddc71054386c
NEU,NEU::crazing_200,0,crazing,none,1,False,2a2ab581557322cb12c8916a6a3b74c81ccd788aea7bc0950918f89c0dae701e
NEU,NEU::crazing_201,0,crazing,none,0,False,20ae74412c2c5e1271d975356217412b3a2f8c1c68ced06c5175028fa74566d9
NEU,NEU::crazing_202,0,crazing,none,4,False,0c9e4a2a4ace6ececf47b659f9f3babf48dba32b4bf6d7bf26e0b579893b01a0
NEU,NEU::crazing_203,0,crazing,none,1,False,b8cc3d4cf816a1f02b5844c5f7344667db80947581b57f86e3a3363734620fd4
NEU,NEU::crazing_204,0,crazing,none,0,False,b2f9e0689212c067d3dd36923e753371114697911d9e5533dd51f2a775ddef0d
NEU,NEU::crazing_205,0,crazing,none,0,False,893f11bee876f47786e05acecf0acd3007e78908329bdf3eaae7203b13d3dc7b
NEU,NEU::crazing_206,0,crazing,none,0,False,40bbb613dd990d44eb4cf2f8c0b9620ae47d556c041b7555baa52d4d94480d46
NEU,NEU::crazing_207,0,crazing,none,3,False,27f77016ee364560e53e2c3083bd9f47d9d205340714efbe57462bd8365c252b
NEU,NEU::crazing_208,0,crazing,none,3,False,2ecfe579cfe9d6105a160f6d005ca6bcaa3cc6b04131ece0c909a50803a33ad0
NEU,NEU::crazing_209,0,crazing,none,0,False,77e8903891d20e2997a793c3789823ff8133e909b404ce8ffdbd4bb7cc470d64
NEU,NEU::crazing_21,0,crazing,none,1,False,299bdf591092a9582b866d295173c77278b5e2e5adfc82880eea3427dac8d413
NEU,NEU::crazing_210,0,crazing,none,2,False,0eb758928ba3664ebce598e52f122e973ac1f7e8de648bb20c3f54c30e35d2b0
NEU,NEU::crazing_211,0,crazing,none,2,False,36bc59a5854fbe928a35b2b41478f37456721a5d8b5aa723be04a3e5fe6c3bbb
NEU,NEU::crazing_212,0,crazing,none,1,False,a7ce3566d8246d17290452bd22d8e4c8c526d2703204d0491a15fe1d31628fe7
NEU,NEU::crazing_213,0,crazing,none,1,False,ecbcc17281d66963b480397632d6dc90be81cab2d69340d6b379d2f416cf3602
NEU,NEU::crazing_214,0,crazing,none,3,False,0046405b60f2f012edc86c68264e839d574b20bf77777df10cc61acb763de3fa
NEU,NEU::crazing_215,0,crazing,none,2,False,2598ee75cb31b6717eadeedb5f7039893ea8b4fb08417212332f7fe3b7bd7b09
NEU,NEU::crazing_216,0,crazing,none,2,False,23d057d6150dddcf0e0a83e75d2fee86af4a52ce801e454539301431ad2d12fe
NEU,NEU::crazing_217,0,crazing,none,2,False,dd0e2f8a2c6901cc540c53aa7194af40fa2e8ed38a0825608e1b56c846fcf01e
NEU,NEU::crazing_218,0,crazing,none,4,False,0391916cc44a7dbfebd764dd85759974cd636da8208b3a3a47df2d73538ee6fb
NEU,NEU::crazing_219,0,crazing,none,1,False,11e62a880f9d69352c265469c3e6d49783125880a3f2ce31e0a8bdc8f410e258
NEU,NEU::crazing_22,0,crazing,none,0,False,feca81a11578690771b14f50dd53d6a4656bc18a7a80aaab8ad19d48b78a8f39
NEU,NEU::crazing_220,0,crazing,none,3,False,ee6d32c95f87d6489f177f035f4464b5c78e919b72800c33ec029d2292988c89
NEU,NEU::crazing_221,0,crazing,none,4,False,ebdc18e201d36b0c1d68ed71fbdaf0954b04acfc69224b19f51e7fe2b919e77c
NEU,NEU::crazing_222,0,crazing,none,1,False,90521f05d4c3c2fc3f15475e8d00a7af52111db2f8884cc8befd9aeb14b661ed
NEU,NEU::crazing_223,0,crazing,none,3,False,62753656212be7a89c7a882a18e589bf51effc711f9b01bb15fdbeb67a5f80fd
NEU,NEU::crazing_224,0,crazing,none,0,False,420d84308e801c4d24c125c8b2b0b15f53fa7dc7a1c0e51e129a25b428224e37
NEU,NEU::crazing_225,0,crazing,none,2,False,cf6c9fb4f506098d208ad0e77fd60da60eebb7f483eae9a5a56876157f39a428
NEU,NEU::crazing_226,0,crazing,none,1,False,cf59e7a9b758c9af450503774af88a65ce22546907fe59a73ca5533e96c70a75
NEU,NEU::crazing_227,0,crazing,none,0,False,67499dd21306030c383b07abf5c7a7d597313d24d8420e16a46d797fba6d1195
NEU,NEU::crazing_228,0,crazing,none,4,False,acaf388126e0a346c5f5a76920cefcab08ef6121a8edffb1ac4da56fd0a95188
NEU,NEU::crazing_229,0,crazing,none,3,False,f837bf055e053b796928091851c0b848c1c0646de7e458b43df3107ac16db285
NEU,NEU::crazing_23,0,crazing,none,4,False,a395ac78920129571f89635111d30b50ad88b593fe44856d586c7c4adf8f24e5
NEU,NEU::crazing_230,0,crazing,none,3,False,ed6f3c3c49fa25742c0b87379e9e05ca950adcc4d734a15e941b2d13aefbafc0
NEU,NEU::crazing_231,0,crazing,none,2,False,89526e779b3ef99fe1a115262f58d9ad2e7f0012e62a8f86b59ab7c3f770e2d4
NEU,NEU::crazing_232,0,crazing,none,0,False,783748168663bbb816334df63cdc72f8802944e4ad3dd318bcc74ca9b8829ab2
NEU,NEU::crazing_233,0,crazing,none,3,False,6d36474a8491a431c9965b54c53a51538c4bba96752c9af72bd3d82b3f4a85ef
NEU,NEU::crazing_234,0,crazing,none,2,False,3beefc152c0661038c722d0ffb4e2242ca6180a7bb88d196b3683287d92a2efc
NEU,NEU::crazing_235,0,crazing,none,1,False,2f70c13563551d283461a163bc2f6deced9c678740118db144404bf4b9ad61e0
NEU,NEU::crazing_236,0,crazing,none,4,False,6326aa9e8a757535553482e8d99d75f8995f39705b0bf355749dc3ef65427bef
NEU,NEU::crazing_237,0,crazing,none,4,False,18f8b0bcf9692da645238c25dcd17a8f29d9119ec6f84079f9b97bd93d9557cf
NEU,NEU::crazing_238,0,crazing,none,1,False,8eee0652524255e28c455d460e04389c38c6e8ad8ef6bcf60f6e9ca1110aabf2
NEU,NEU::crazing_239,0,crazing,none,3,False,c2c86495e80860b742b5deb1ef96f8a9a6d2fbbbda9cf8ab8f20a675e4800eab
NEU,NEU::crazing_24,0,crazing,none,2,False,26341b60aa1ce81a0f2c000942a9c71deb7eac2de9b58f3bd21b6dd54d1ad4d7
NEU,NEU::crazing_240,0,crazing,none,1,False,81e5ca1b935489de16db4808ec37b4f8525b493d7d3f65f913b5a95696ae8a81
NEU,NEU::crazing_241,0,crazing,none,1,False,1d65ef27eaa9bf27608d954dfe57b40e401fc1aed435884400f35e8000bbf98d
NEU,NEU::crazing_242,0,crazing,none,0,False,6471b0b8300f5b0c809ff9802c4a1c7f747c0738929a952b30ced6d0e65f61f3
NEU,NEU::crazing_243,0,crazing,none,1,False,94e839f26e6b51d8dee5d8a8c3ffc0d4f820015f18e7bcb5fef9582a2df2b295
NEU,NEU::crazing_244,0,crazing,none,0,False,fa3d0c5d7a23b82da1533df61a39a7056a21b021f879da6426f6dc6326abd0a1
NEU,NEU::crazing_245,0,crazing,none,1,False,933abef72d56ca78e0398d4da001d51df4070e4d796af398359b843eaaea4d90
NEU,NEU::crazing_246,0,crazing,none,0,False,0018b62c07b5dfd379d0563721fe46d15d72bf3bdbc1e39d7f8e081692c0266d
NEU,NEU::crazing_247,0,crazing,none,2,False,8f41f3d185b0de0fe9197e70631c7fa148180067ddd8d95e87ca1aa2ecd1807f
NEU,NEU::crazing_248,0,crazing,none,1,False,461c41b74f61f2b38c1110194b783f7652edf89784c69b4a79f521fd7117079b
NEU,NEU::crazing_249,0,crazing,none,4,False,e8a366fe396aaaea124716a1baad189f43971bf78b88e4a4c4c8bbd3ceb849a9
NEU,NEU::crazing_25,0,crazing,none,2,False,0357ebe4e802a34427d3a5c1c2ccd7c3674f690bf8fce4dd0d622d79a29ca1d8
NEU,NEU::crazing_250,0,crazing,none,0,False,811d2e1f215e2d4eecba1dff15b08f138187626e34f57b3c1bb334f45e25e4a2
NEU,NEU::crazing_251,0,crazing,none,4,False,d5a8082d1ffe47364d9d09bec23d5ff6bee3e1e69f8f50016d7e7ae3e486f97b
NEU,NEU::crazing_252,0,crazing,none,0,False,0e7db66e291981d959158176443d58c2d54491bb9c804db19b7e6a2529ff29bb
NEU,NEU::crazing_253,0,crazing,none,4,False,1b4d78036b2313669f4cdfbf4a77619998c68f0807d1e655cbf3edcc70158f80
NEU,NEU::crazing_254,0,crazing,none,1,False,eca94052417c7982259fce8aa9a6aca1693ea34570d9dee9b46374dda8094154
NEU,NEU::crazing_255,0,crazing,none,3,False,a96b1fd4135862349a69a761e76dfbb3af6faccdc3efb97e0d4e52a1f605076d
NEU,NEU::crazing_256,0,crazing,none,2,False,c609f66d29dcff487eaaf6c43e4b7410792a9f07974ed085eaf508c593fa9a2e
NEU,NEU::crazing_257,0,crazing,none,3,False,f4e5cf14e8e352b89da12ed84a98de3d5b7e7e402694d64ecaed9acb7efe9454
NEU,NEU::crazing_258,0,crazing,none,0,False,714900c25988c034626be50863b7e570430d1d3f2009c5a2e01784a7678f7aae
NEU,NEU::crazing_259,0,crazing,none,1,False,a877fc65b57470befe6d482650fc613d2cda028b55df0eb86d25fffd0dba781a
NEU,NEU::crazing_26,0,crazing,none,4,False,6c24d211a06a25d7b1ab80038402f9cebd3932cdc73b348b7871fb690047f0d3
NEU,NEU::crazing_260,0,crazing,none,3,False,f8f182527157c5fad4a77848f79231a203f2366ed8cee3eb7d0dee516d3f1143
NEU,NEU::crazing_261,0,crazing,none,2,False,3f8df47b873cf6e2ade7b42ad3d18d361dbf504e0f1921bfab3dc7a207499e92
NEU,NEU::crazing_262,0,crazing,none,3,False,abc6b2581de60b19137ef9cb68e4b237a1b5a1302820df4809506b5454d02c19
NEU,NEU::crazing_263,0,crazing,none,1,False,1e232e717c44df26f4700547935f55a177ff78ff3187179cf94321471fc93298
NEU,NEU::crazing_264,0,crazing,none,2,False,b69102d4b251f77872eef741bd0e8dcc342bf2ab59d90e8a45dd8c5535265477
NEU,NEU::crazing_265,0,crazing,none,4,False,707d4e141e42dfb3c41fd09764e62423913a54d844b3e851fb9b5ea68cc3181c
NEU,NEU::crazing_266,0,crazing,none,4,False,a59b97cf9671a0ca80101ca67291e977a172f5223f295edc1c8760b7224762e4
NEU,NEU::crazing_267,0,crazing,none,0,False,e2e8e6f90ca2b9d2135613801ef954565e81881938917b241b5c7ffa89ea02b2
NEU,NEU::crazing_268,0,crazing,none,0,False,35cc3d2e7ad513f2bd1fd22d105e2eb68106df4609f4f727a71fb7ce5b9b48ce
NEU,NEU::crazing_269,0,crazing,none,0,False,4cac3f7a6ef724ab817f6e4c0fe8f80117880efb5a80fdbae565a5edc70b32d4
NEU,NEU::crazing_27,0,crazing,none,2,False,10626e2b51d15ee8d30e107d3f92b4d02017ef40188f029ebb7c64d77bace16b
NEU,NEU::crazing_270,0,crazing,none,2,False,4c67250c57703f8fabb6d97cc0ad72000b690e8412c071f0a63fc5a03bb2a5b7
NEU,NEU::crazing_271,0,crazing,none,3,False,2227d033081e4b5d83589d4dea528b0af45d94d22c2a916e1204bf00b372a6fe
NEU,NEU::crazing_272,0,crazing,none,2,False,e57ac6b9b586284ae7d07cf487540d03092daa569d6f949f67db398d23cfa439
NEU,NEU::crazing_273,0,crazing,none,2,False,b67c916c81548576bf226c07c29c081f2fe0a73d2c2b37be5b762bffdb605810
NEU,NEU::crazing_274,0,crazing,none,3,False,7666107c448d2234f43fcf14541e7bf958d41583e7ca38449f59547e030a5f6c
NEU,NEU::crazing_275,0,crazing,none,2,False,6ae4426aaf22b79d3eacb74fc03893ccf3a2ff1f489fd37bd1a402a78a8d5949
NEU,NEU::crazing_276,0,crazing,none,2,False,8440b30fbde2cb5f3d254648340dbc2e4094df6ace47089511ec685f953a2bf8
NEU,NEU::crazing_277,0,crazing,none,2,False,41dee519ca65f342c25b91f0e8a6fa82c0bf90fb36be8ed47360ab57f72b7d82
NEU,NEU::crazing_278,0,crazing,none,3,False,8aa0adc94ab37ba8bc08f828343a938e0a8e24ea459e0eb5ed93a65ab0fbabdc
NEU,NEU::crazing_279,0,crazing,none,2,False,edb42fccfd1f9754fdd6866a0517c1550a46775f004618d3f6747229ba7f1b67
NEU,NEU::crazing_28,0,crazing,none,4,False,933e2ddde52372191f1c211d8750a719f656ce6f8c82a0b381e57a7945b02341
NEU,NEU::crazing_280,0,crazing,none,0,False,f67462e22e7e025d07a09854282b519ad30a5bd802d79ae3c4fb17c609fdb570
NEU,NEU::crazing_281,0,crazing,none,3,False,72c1c814e984a539b879e0a03bd81fc0a1e5146b7d95bd12aea2db9a73d3a846
NEU,NEU::crazing_282,0,crazing,none,1,False,541ea674fef6a8964b6485fd3f14ee79c2a2cd24ab9d03f80e6e669d29e8378d
NEU,NEU::crazing_283,0,crazing,none,1,False,09ec881115d4ea3652342ea63a1bb225cfaf4c9624ed13838208b1477f611ded
NEU,NEU::crazing_284,0,crazing,none,0,False,7e298fc6d48cd74212b6e50c7cbd5c193f91c6ce5ea3b5787804a8cdae3870ea
NEU,NEU::crazing_285,0,crazing,none,3,False,f93b867670dc0f2ac94cf98db4fa8abcaec09bd2b3a22098bc46a20cdea1c891
NEU,NEU::crazing_286,0,crazing,none,3,False,590a7b94145bc859adbf27001833c28dcdc58d8bc67e5f0dd1e3eb978d99b571
NEU,NEU::crazing_287,0,crazing,none,0,False,793aa8808f567cd6552258c01904817b28d481c5224cce86c6b78bdd2721d42f
NEU,NEU::crazing_288,0,crazing,none,4,False,48efd269655d26e04df4dda98d72deac85963a3bee9390be7b26f81889a64bea
NEU,NEU::crazing_289,0,crazing,none,0,False,e8a4eb437e3586cdedf11bbca2fc2698cfbfeabcb8df251c80696b9b7780318c
NEU,NEU::crazing_29,0,crazing,none,4,False,9718f45776957ad8492f896067db6783e448911992b49564f29b0342e5ad02b5
NEU,NEU::crazing_290,0,crazing,none,2,False,adcb1bb45c8e9a837bde4b39b3979eabf08a2ad921bb2b660b3d61a17c6c8800
NEU,NEU::crazing_291,0,crazing,none,0,False,f08ee4fd02d4b59f72263bc8b11bf3af8561d7527be9c5636f1eb4f7398534ea
NEU,NEU::crazing_292,0,crazing,none,1,False,091518252229e30c7a01b80f32aa02a9f1c576b1649deaa7bca26bc4b2b67203
NEU,NEU::crazing_293,0,crazing,none,3,False,d2ba33bf399dabc564bd17c2a3b104d832decf6eaf585ae09e3d3a3eec1911d3
NEU,NEU::crazing_294,0,crazing,none,1,False,067a4d6dd8fbae0a53fe3ed2242c7ceb0cabd778003db32a25205a45ca9f1230
NEU,NEU::crazing_295,0,crazing,none,1,False,baf96b62005b06f8f3e14fd87e5b9748b52f0f8e1598c26d10cff50692bfc6b6
NEU,NEU::crazing_296,0,crazing,none,4,False,92a1d48c1f1b08a495abbc40d999e54f6a2fdb910ecf40cc9675aeb917db3b5e
NEU,NEU::crazing_297,0,crazing,none,1,False,f747b0d994279d4e000f854793f762f3592becb5909afb704d512b9e74f2dbd4
NEU,NEU::crazing_298,0,crazing,none,0,False,767ef7b4c31afd770cd2dfd17341af33ca3eec6a0018ad9cf9ef6c69c13c97a0
NEU,NEU::crazing_299,0,crazing,none,0,False,37cb5a5f9ffcf7226ac5a1963823da5b918c26750897d1926c9bc90b0eb7ec67
NEU,NEU::crazing_3,0,crazing,none,3,False,155778cd3e7c82e81ea80a956a015f4eb3d0d09828fca6956eb8883edc39d123
NEU,NEU::crazing_30,0,crazing,none,1,False,81aff6312a4ceae245855ced6e56719e7e8e3d0911345317d2bb9f8ebbb9847e
NEU,NEU::crazing_300,0,crazing,none,3,False,87595c05d2a5f7792c219dfa245dce2cfc26784e165a5172fecaab73eaee288d
NEU,NEU::crazing_31,0,crazing,none,0,False,11811c52e18ce0f75735982d56a593e8c7d55ce91acbbb276e716d921de03c6c
NEU,NEU::crazing_32,0,crazing,none,1,False,f57a1208c7883891c0bea1879d9d6e45df7d5640a47caccc0df53615f87b5533
NEU,NEU::crazing_33,0,crazing,none,3,False,448d39af4c31bc49221dbaaca70522b51a5c9b000499f395db8292f421788931
NEU,NEU::crazing_34,0,crazing,none,1,False,fdee1c20f4c0476d35b7348d2325e4a933b8992465ed2fb409435cde08f0197e
NEU,NEU::crazing_35,0,crazing,none,2,False,744ed04f33da9d31c23f0c1b1d97157c96e39fb5e8b38a5f98f97473b86baff9
NEU,NEU::crazing_36,0,crazing,none,0,False,84294a46d3ecfbaab1882f992230e73a56852ce3778d0187e8f6ed352e763103
NEU,NEU::crazing_37,0,crazing,none,0,False,4ffcf91ed3cf1fdd3f2d840553b6cb569e4ca1ab0eece4db7810082a7fa7026d
NEU,NEU::crazing_38,0,crazing,none,0,False,5e16cb2c52345acb8e71cf29e98082a6e52074a8e823452ea59705e482b8c4c2
NEU,NEU::crazing_39,0,crazing,none,4,False,4a2b97c587ee93b2ca5ba820ce2c09c4d25fe95a731fce3bd96d6fe91d04f594
NEU,NEU::crazing_4,0,crazing,none,4,False,0f52f3882d3ffc77a5f20c2c4b557a6a79620090e6f8ef9a0568ed508749e436
NEU,NEU::crazing_40,0,crazing,none,3,False,5af42f7b29116f3a377435738a7cada23e573e81998b6a34b1c3f8e137f18dbc
NEU,NEU::crazing_41,0,crazing,none,3,False,53b23674f9756ffbee2d8e24d622ab80c797f9380b881734a62d8f8383bd1f49
NEU,NEU::crazing_42,0,crazing,none,0,False,9381527988faf21bd1241ad42d0dc85f53bc54e0c83c8b5bfdf3b4a0f430b640
NEU,NEU::crazing_43,0,crazing,none,1,False,0e3fae3fea8ac95c28d5d5f791418a967b76ab1f73512677ca13a9148874150e
NEU,NEU::crazing_44,0,crazing,none,4,False,4b95e1f850b1cf16c6117525ffee5cd0669bd8211ef9ad58507d7b3f3c423b9a
NEU,NEU::crazing_45,0,crazing,none,3,False,d3dce85fea7604f681e3da01982c40842e1fb564242c1a755fac59355816df56
NEU,NEU::crazing_46,0,crazing,none,3,False,ebbb23464a4c5be52235fd3088e89930c60802de487a1fa1c608bee259a48526
NEU,NEU::crazing_47,0,crazing,none,3,False,d77ee250330fd1743874dadec8bedd898266c285e810be192742fe470aeec688
NEU,NEU::crazing_48,0,crazing,none,0,False,d79b1cf76ffa81315a8e1a870e374076bdcc01196e4eb9796c8d43297ca4d8cc
NEU,NEU::crazing_49,0,crazing,none,2,False,d9beeff73a60926ebf5a2763df3f02c22275f0d9164b81204d30a4926a1ebcce
NEU,NEU::crazing_5,0,crazing,none,3,False,efcdf6413c7265a1492cf9e9de37ae8b260061b60b06a0212dc9c9b840cb4ab2
NEU,NEU::crazing_50,0,crazing,none,4,False,a7a11fa9737a118af9703e8ea983bee26d5db78ba2c6fe067d536cc200366323
NEU,NEU::crazing_51,0,crazing,none,0,False,185daa31428cf2467d48f9f57ff582575d07a796cd26d77f3e05537bae681503
NEU,NEU::crazing_52,0,crazing,none,1,False,055986e899fafa4a46e80fe01e5dad5255a5158b55e77325bed3b1c9bdc5b9c9
NEU,NEU::crazing_53,0,crazing,none,2,False,a16828a58ab03f0c6cd5947f4a7015eef72febf6e5528b49fb165539046b53fa
NEU,NEU::crazing_54,0,crazing,none,3,False,1bb2a0b5f536370e8565466ec3d6147071fe5a17925ef706b5166bca8f1dd1f9
NEU,NEU::crazing_55,0,crazing,none,2,False,ef625b79fbd0636ce5a4af56e0ff832f5ab3c1b25dc7c0e648b20fbcadf1a798
NEU,NEU::crazing_56,0,crazing,none,1,False,f0db4ea8f3b579799fac33d14d621dc7de2e0c56c0bf83bf2539c56cac1ac3f5
NEU,NEU::crazing_57,0,crazing,none,0,False,d962440b85f1a1b6a3fbfc38562dd10fba994c3e8b269ae34b28f2f44b0edff0
NEU,NEU::crazing_58,0,crazing,none,4,False,b65f1e18d496df96231807c74aab701d680a5d529be56ad97497f6f52443d977
NEU,NEU::crazing_59,0,crazing,none,0,False,a00621e2838535650cc053346039c394cb920e4166eb08785c68b8cc8e65bbec
NEU,NEU::crazing_6,0,crazing,none,2,False,34646d48f4e27f58a044ddac5e893c3208e855676e724a33f9d8e588bc78b2bd
NEU,NEU::crazing_60,0,crazing,none,3,False,564d10bccbc68f4c7e1983493469c7adb25dc89ab37456c748c3e70acf232f57
NEU,NEU::crazing_61,0,crazing,none,4,False,d0e4e13c6a2680da14861607445dec73092103187163bcd0d677d8f43028ef10
NEU,NEU::crazing_62,0,crazing,none,1,False,8abc2a5ba3bb3c562fddf2c815f0803f4ae32d6a05c83ffd424465011e55769e
NEU,NEU::crazing_63,0,crazing,none,2,False,b6870a0cc504de5913c485b462c538bcc6242771cf4fe3f2cb22ba37cae0483a
NEU,NEU::crazing_64,0,crazing,none,2,False,41f29f1de1be87c832619d28a4e30515b2efec24b9b29560efe1957b01ac49a3
NEU,NEU::crazing_65,0,crazing,none,2,False,a35f3d67bd8f90728ff701ab77e49073085bc8ad2fa3ba4bf7ef8599140f1a08
NEU,NEU::crazing_66,0,crazing,none,1,False,c905e814bfb7385132197f1f8efd5b7b76414398c1534dd90114681b3d2a6144
NEU,NEU::crazing_67,0,crazing,none,4,False,c4f1027db43a4cc746e12b1dda42f5d1728ecc093ee73bbb2ec8961e4aaa72cb
NEU,NEU::crazing_68,0,crazing,none,4,False,cc1a491bafa45b321edbd4e82a147279093824fa258a74e942be76f0cc6ed3e2
NEU,NEU::crazing_69,0,crazing,none,4,False,f83a0b7c191f807566e02550ca6d8c3a530c0bf225a50fd68c0da84aaa1b86bd
NEU,NEU::crazing_7,0,crazing,none,3,False,cc919de8775d5528872dc90d26ef796a64e73bfc04310d1a993455ce7a3a9f39
NEU,NEU::crazing_70,0,crazing,none,1,False,2c4a6204c48c5a072726320d3cefbf94a8667580a52b88800bc72997a4b4b653
NEU,NEU::crazing_71,0,crazing,none,4,False,a73890705e7a0d3e52254d0aec000ed0307968450e10f860a7b7e45fe9e085db
NEU,NEU::crazing_72,0,crazing,none,4,False,8477e24640fb56d2644a2460b57c3e653e259d8eb768d87d7342983389c5d4fb
NEU,NEU::crazing_73,0,crazing,none,4,False,01da434c490153c66593c10ec70ab8a776a68d6468c7a28894fe09a5a81b50e7
NEU,NEU::crazing_74,0,crazing,none,3,False,93458f9a74b514a0e88a19b98cdba20ecf2a085d0847b2320133b3765501ed57
NEU,NEU::crazing_75,0,crazing,none,0,False,06eb9b9386adbe1416941871e2f20ac2de1396c623e783ca78252f8549b11008
NEU,NEU::crazing_76,0,crazing,none,0,False,8e670b781eb7113474cc63d5cf47b58070206ac5aeb4b82b6890097e212b4250
NEU,NEU::crazing_77,0,crazing,none,4,False,055ee2a21ea7f1edb8034df061a2a9867048640c4f3993e46c28bb92dba6a9a4
NEU,NEU::crazing_78,0,crazing,none,3,False,89bf4eaf2c246bbb9cd378c6231fe2b188b1ded2e6648f89b5bbe7e4d1f01342
NEU,NEU::crazing_79,0,crazing,none,3,False,05ea42b4023df81cdcab5da55b25f800345152c6a55d62f0d8d413209c8cf0bd
NEU,NEU::crazing_8,0,crazing,none,2,False,641e7ed94550b4f44709faa8d5ccb5b206c82abe81e298e18c4db6f0d29d6df1
NEU,NEU::crazing_80,0,crazing,none,3,False,ce76e8ff95c334621fd7c603b101abdca5ac945e3766967268332831ba41417a
NEU,NEU::crazing_81,0,crazing,none,2,False,79bef32f8309a3e38a5c96e56a1e54bfd5057b58d4b000e08a5815a28bcffaef
NEU,NEU::crazing_82,0,crazing,none,0,False,70ba79d6bd7962c5b1130db39351a223dcd3f5bafd7820c30ab66573e3d4a159
NEU,NEU::crazing_83,0,crazing,none,0,False,b44de873cabd306c7fd31edebcedde3c8b6aebd35ee4d22304324da5db5b6e01
NEU,NEU::crazing_84,0,crazing,none,4,False,c5669030d7526877ac547e46b9bfe8cedcc6e6e0e4f7bb481c8c52706215ae0e
NEU,NEU::crazing_85,0,crazing,none,1,False,2b8c862c81366fe5c8e7d3600216f7d5b80c1b10aa55b1540d18d5eb60461ccc
NEU,NEU::crazing_86,0,crazing,none,3,False,bdfee0b1201604e89f9ed8953bea9f820375c70335c109fe7a434c326868f9b4
NEU,NEU::crazing_87,0,crazing,none,3,False,b8d2d75a4a252c9b8735931f45c6dd576219ba514823cf41e40076b685023958
NEU,NEU::crazing_88,0,crazing,none,3,False,9519c11fd80a47c30c9b46f2820a57a967d0cf74d9db0b2b06345c7af3194751
NEU,NEU::crazing_89,0,crazing,none,1,False,b74f577a82e82a76db9450526b2fc5863ecc761cfb6d243fef8907559711afb5
NEU,NEU::crazing_9,0,crazing,none,0,False,77fa42b142e72ebaadeb44516b791bddcf511db1a4448655e4c16180012a263d
NEU,NEU::crazing_90,0,crazing,none,0,False,d0ffb5df9fa35be28448d4f9b9efc5fd881868fcbd989a66981adee52b061f1e
NEU,NEU::crazing_91,0,crazing,none,2,False,f7b2c16c4506a6c7b3cb97f5a5c7db6ae55d3dcdcea66828866ad2aba7b029c1
NEU,NEU::crazing_92,0,crazing,none,4,False,6d73bee0a96f6225aa34bef31b62743b657c1254023eeebf604d7bad83142deb
NEU,NEU::crazing_93,0,crazing,none,4,False,2585ec106fb28318a0b6ddc3e5b80f3f80876bd0cd3bdd4f6a99f5d7daac44df
NEU,NEU::crazing_94,0,crazing,none,4,False,d33a7c76a9097cbd713eaad36560aa59a825710de6b4e1f11ff7b3050bee602f
NEU,NEU::crazing_95,0,crazing,none,0,False,b12e69d530b6835b738cd918273ba8689b4eb12b931771e3a729571a8f0eaed6
NEU,NEU::crazing_96,0,crazing,none,1,False,a678a984ad795c63e8db2587831755f6d8bad4b5116361ab48a1d93a12479c9f
NEU,NEU::crazing_97,0,crazing,none,1,False,a613d4150cdcc04fae34a4e95814a877e1cccc939851343b46f8e11386190b68
NEU,NEU::crazing_98,0,crazing,none,1,False,8bad4ff0ef7fd0b090e649037db185543ef3db586b3f52e00fd7a1b13516092f
NEU,NEU::crazing_99,0,crazing,none,0,False,2fdc9b193fd36431552fab516805c037a5f6e972ef61f6e0d95ab0892925d96d
NEU,NEU::inclusion_1,1,inclusion,none,1,False,2b0a6eff755d5c5867d3e3ca6b26af9548813e50c9b12b0f3381a49560a42634
NEU,NEU::inclusion_10,1,inclusion,none,2,False,67a9e66628070a2508aced5103bb920ba0a48c8e1897d0ee5058647bc0f67f02
NEU,NEU::inclusion_100,1,inclusion,none,4,False,4a204bd8c11a28973c0f7abd57439cc1116af08aa4e7e1e1dd36eae887c9dec7
NEU,NEU::inclusion_101,1,inclusion,none,1,False,314b71b87c87fe49edd16b947d7161546fdbacc2655c7695da041a31c7026d7a
NEU,NEU::inclusion_102,1,inclusion,none,2,False,0b60560ad9252b5c0f1187c7b5a6a9ec732157ac79b0bd11493cc3b6d44bd3e3
NEU,NEU::inclusion_103,1,inclusion,none,2,False,2dcc3bb7d8c5ac7f3ef0821f9d4bd3a35a7964be1628a80a534ba0bf4646f3fc
NEU,NEU::inclusion_104,1,inclusion,none,3,False,f6d1f086d618e7898841c26ad7f6d1016ed53d61bf472c63f6dad11bd290d5f2
NEU,NEU::inclusion_105,1,inclusion,none,4,False,b017cecce1ed22826088c567cf600c2d7925e2e002b69a0b6abf7f494d8cde86
NEU,NEU::inclusion_106,1,inclusion,none,0,False,daa14864329dffb7423a3bebb1d09e135caa573e059f888b0df8ed73e277b6b2
NEU,NEU::inclusion_107,1,inclusion,none,3,False,e4e9f9a990f83be32b5c034ceb0c4221773b990ac3e16b1f50a4b9198928c931
NEU,NEU::inclusion_108,1,inclusion,none,2,False,bfcdd7d31d4dd71195b20d5ee0ef212776706c1aade4741cb105ce9206bc23cf
NEU,NEU::inclusion_109,1,inclusion,none,4,False,8056fae340d0cf22cc6abf3ab0ca43dc32e22fb75f423acb3a59fe0f6c389e15
NEU,NEU::inclusion_11,1,inclusion,none,4,False,26f65a8837796443967138e5addc16cc21d481795dbdf63da8baf6579d4bbf5b
NEU,NEU::inclusion_110,1,inclusion,none,0,False,ec3ab6724ba7ed34889aceee6de8c9776905df1ad2224ef6c104fa54c0fefbe5
NEU,NEU::inclusion_111,1,inclusion,none,0,False,78c04620e339ecb660b05e50fb3e51dc92ac9bc0e41e4ec4c6fbef9431db04d8
NEU,NEU::inclusion_112,1,inclusion,none,3,False,1d54cf98773f6ed810b6958ec7ea873e2b44311d38c40ee02feb794def78fddc
NEU,NEU::inclusion_113,1,inclusion,none,0,False,a2659ec4b2525f131436db9793d8771c00580577ad002d410e106600f42fa1b4
NEU,NEU::inclusion_114,1,inclusion,none,3,False,c91a9bd5ce5a0afad4c1d879dfec669d1aa5252477921d115bd16c2aff034efa
NEU,NEU::inclusion_115,1,inclusion,none,4,False,e3f6a03fb6aa11cba667ab45b03671dcd4108b183bbac71ef28e620d9864cc89
NEU,NEU::inclusion_116,1,inclusion,none,1,False,17297ed59542a7be793813baf3c7441e2f74e5f79636101c669171e91f0e927e
NEU,NEU::inclusion_117,1,inclusion,none,4,False,84a71148648b705f3697197e5660b36a7e0319acf77300015aafe78d0d555ef6
NEU,NEU::inclusion_118,1,inclusion,none,1,False,033306a176d01d3ed5f0c6ab29b5842ac44e4a52a63e28a852628056cf0cf66c
NEU,NEU::inclusion_119,1,inclusion,none,4,False,f4562ead6fe00c0051cee44830c0c654dbb48b9f198e24d1baf26429aa814256
NEU,NEU::inclusion_12,1,inclusion,none,0,False,399c512883d199635f6233e27e7a7a3d5bed3eb7aab15083dc5bf9f265d2baa6
NEU,NEU::inclusion_120,1,inclusion,none,3,False,9deed64441fc84ee4d040cc532076cb2b68f2c227cf011c10f3ce43b9ee57ff6
NEU,NEU::inclusion_121,1,inclusion,none,4,False,8a441bf016f67aaa0f21112bfbd35a032f157df1869f5b97154063f527891151
NEU,NEU::inclusion_122,1,inclusion,none,4,False,be11bdbb46072c78e354a3531e4370efb39780b56bc59cbe1b776f3986832919
NEU,NEU::inclusion_123,1,inclusion,none,3,False,e5aa3842ea4186e83d97099d5c413fa7ce27296b1cacc374976547412f0d8f10
NEU,NEU::inclusion_124,1,inclusion,none,0,False,97fa15032df6ad2d76d39216b2ffc67f672cb9d84d1dd1d5c8375565e75f4b02
NEU,NEU::inclusion_125,1,inclusion,none,0,False,155cf4ea1d3586310a12fcfe9ed6df92b7bb7f02ed9b83434b65243d6d1eb24a
NEU,NEU::inclusion_126,1,inclusion,none,1,False,8d4fd5282bca4cdcf7ba5996fa44924a89742990cbdbf7dfdc5056344dbfb2c1
NEU,NEU::inclusion_127,1,inclusion,none,2,False,f5491face05957d5c441d52295f15e0d9b917ac2500cd84d8baa0f2d2c39f75f
NEU,NEU::inclusion_128,1,inclusion,none,3,False,679ef3b3bbd5634a8083ec6e29530980d52bf139d98e2cea973f9ebe714272d8
NEU,NEU::inclusion_129,1,inclusion,none,3,False,26b493e2bc04505e128c9a3d1f1b5ab4d248ffc9b50739848fa389cf07643b0b
NEU,NEU::inclusion_13,1,inclusion,none,1,False,b7a8d1df8c1325f4d62076db47c1e08e42a38a7e19e4bf79a38bc98edffb8312
NEU,NEU::inclusion_130,1,inclusion,none,0,False,7d1a7e9f9c8d77814ed0e7f1c64afdeb930f4107556ec754654ab679b28995c4
NEU,NEU::inclusion_131,1,inclusion,none,1,False,121102528272c406ef04d6ed35dc09445581465c39bb3280d15dc9ef837b1fa0
NEU,NEU::inclusion_132,1,inclusion,none,1,False,a999cd13bff0c4a30a879391da70c8f0a39894ae18ce905e3df58a28ae99468a
NEU,NEU::inclusion_133,1,inclusion,none,3,False,5304fe6f94b65fa9ee8871e9b3f6d7cc279de4c3dc4802f8e314a0df60139d86
NEU,NEU::inclusion_134,1,inclusion,none,3,False,56268a1aca392a04bb1a27cd6180614baa5bbcfe2cebbdd9f8e8dce64af9643f
NEU,NEU::inclusion_135,1,inclusion,none,1,False,96a0fd79d5c8d6eab03b09e2331e258b931fd1b4523668b5b49f8ab69075ce67
NEU,NEU::inclusion_136,1,inclusion,none,4,False,e3f794540ebe533da72cf1066ed395705d0d46013911015619477d01a5123aa6
NEU,NEU::inclusion_137,1,inclusion,none,4,False,83e36ce6a0c6c52df50800121a1f786b0b5006a0af5034bcbb64f76feb3a1a02
NEU,NEU::inclusion_138,1,inclusion,none,2,False,adba4d9671f1e57d2360ac94f566fce3c56c531ea69921530d71c251a643ee6e
NEU,NEU::inclusion_139,1,inclusion,none,0,False,916b7498706c9af4adfdaf71e8c10a0611699328cfa2d44003fc089c38385b5b
NEU,NEU::inclusion_14,1,inclusion,none,1,False,3e5d44a4bd16a2674b3365eab98670cbce42be701f6215e13e32cc2d1dd74b66
NEU,NEU::inclusion_140,1,inclusion,none,2,False,39b0022061709787cf48658c6fb8dd15731e66c4610fe9d75712366d74a2a7ae
NEU,NEU::inclusion_141,1,inclusion,none,0,False,84a06d731f725be3d828a132c4a5af91d30a4c04e9ba1ab1129d44fef35066c9
NEU,NEU::inclusion_142,1,inclusion,none,2,False,3ea22fcbc9559df0c49efd5c847dc1b8e2bac974845996bcfdca20013aa22572
NEU,NEU::inclusion_143,1,inclusion,none,0,False,32e8bd39347f2d1d039aec781076f7a096afd5a80df15958abfbfa59e40cefaf
NEU,NEU::inclusion_144,1,inclusion,none,0,False,8aa78a39a516fda6f89c9ff12162e9eac95f09f2e308436b84c561ad64579f52
NEU,NEU::inclusion_145,1,inclusion,none,2,False,bd928a997d31ef67da19b3fb130b504e198e0687dd5ab5adaf5f1d888f2b9f95
NEU,NEU::inclusion_146,1,inclusion,none,4,False,a6df6483c6af20b75a4833e3727863820153949d6c9a9a85903846571925ca00
NEU,NEU::inclusion_147,1,inclusion,none,2,False,87066da067983f42d34b65bcf8daf90f8a88081805eb83190cefffd587e55528
NEU,NEU::inclusion_148,1,inclusion,none,2,False,08fadc55bbfc38e5b1bfb98edf6647e8071a03b440d905a4b5a075ea8e20c7ec
NEU,NEU::inclusion_149,1,inclusion,none,2,False,ce474a3f31f2970dbe9c0ffdca8450df075601d75043a5f3443be5b8eb35f907
NEU,NEU::inclusion_15,1,inclusion,none,0,False,d97cf69a0e573de757e2eaaaa35451f9121242ce528a872b6e38927feb537fb8
NEU,NEU::inclusion_150,1,inclusion,none,3,False,d1c6327a8e25505b2fc0d78a7a4acfd6a178d33bd57153c4ad19cde34151b073
NEU,NEU::inclusion_151,1,inclusion,none,3,False,2f54b0fd9e6dc52ffcc99a6b21a9ea87ea2c2f87bdc1004cb65f9a6ec4fe9fe8
NEU,NEU::inclusion_152,1,inclusion,none,3,False,b001742d109eaca3abdbcda69c81e660f07eb26b687e98f13cafda10656d5b49
NEU,NEU::inclusion_153,1,inclusion,none,2,False,45d7514244ee1334c276973371a33bf1d5791ba3ee8548a19ed996ecc4279bf5
NEU,NEU::inclusion_154,1,inclusion,none,2,False,93ced17f4532f10811fe84d12c5b7c366e778f5f1cde4da0923be991d10a2305
NEU,NEU::inclusion_155,1,inclusion,none,1,False,c5858265ba4571fe22ec933cb3e43d91742f98e57d39a2a7c36734b1a140ff5e
NEU,NEU::inclusion_156,1,inclusion,none,3,False,ff382e577013e3c6ed9c2edb09ca4a2fa01c9dc7b2c6926577136b72bd0f8f31
NEU,NEU::inclusion_157,1,inclusion,none,1,False,43a920eaf92b342c118b81d1cb5d9996dc73bb2ecbcad3ad2ea69c7f61c8d271
NEU,NEU::inclusion_158,1,inclusion,none,1,False,1708c782c65037a4e1002c179ec593782fcd4f0b086a5cac0ffd573ef58dc7a4
NEU,NEU::inclusion_159,1,inclusion,none,2,False,334f175f1c20608fe83aca78b84d5e5e174f0faf0e2f0d573a94a58b7978734f
NEU,NEU::inclusion_16,1,inclusion,none,1,False,1ff85f67c5d902bf00a37895e4ea86ca2a49bb1c452fa9fc44d0431f154a3940
NEU,NEU::inclusion_160,1,inclusion,none,1,False,1d313b57bc9d79f93550317dbd2a783a94c718c5a59e60953430655b8a2804f7
NEU,NEU::inclusion_161,1,inclusion,none,1,False,a4cd53d1d2e625c7af5487dfe0710b0b731e5fa84a4f32e2942b2db49286c02a
NEU,NEU::inclusion_162,1,inclusion,none,3,False,f759a7280dbeb3ac000845c90d2f5d9d0324330c543dcfe23771fa3ff550fe69
NEU,NEU::inclusion_163,1,inclusion,none,4,False,0c18abd9ca29890c846e8f8515ea5b676f927333169180b02c83cfe0fd258d00
NEU,NEU::inclusion_164,1,inclusion,none,2,False,99bca7b247dbf186658ebcf83f5746b579a48b6c80ac6dcc2e9abdb38cc6ae7c
NEU,NEU::inclusion_165,1,inclusion,none,2,False,c58092575544dd1697cbe20f5b87b7e45bb1234a5cceb7d0b3399aa786272d72
NEU,NEU::inclusion_166,1,inclusion,none,0,False,6ab19736190e97e57643404649b0ed3d2cb75ab6bc66f1c2bece67d888458573
NEU,NEU::inclusion_167,1,inclusion,none,1,False,5010d4ddf544bbf92f607d8d52659978e1d4c9aab299a222304ce8a5807c3fa1
NEU,NEU::inclusion_168,1,inclusion,none,0,False,993844e1b0fc263877c6b0be51967d55e3f58dfab3774cdc4fa4576e811e0001
NEU,NEU::inclusion_169,1,inclusion,none,4,False,e4936ff375f3bc21a1b7e43c9a0ecce642b1e603ee33d53231b065b458c77d0b
NEU,NEU::inclusion_17,1,inclusion,none,2,False,87581da8b895c19669fe724b00b2180dd183fec337a3af9e0b88d574dba7e66f
NEU,NEU::inclusion_170,1,inclusion,none,2,False,257c47ee8cb4152c4541ba6bad002a52f9de6cd65f20de0d6067fe55ff18b853
NEU,NEU::inclusion_171,1,inclusion,none,3,False,abdc50d7591e7dcdb26660803594aa3dcf81c48fbf52b5b8f46a3c2250e2f276
NEU,NEU::inclusion_172,1,inclusion,none,4,False,aa18ffe8e33f56dddfd1b88fd54e89aeeff1983c71b9f325c6baa021320c185c
NEU,NEU::inclusion_173,1,inclusion,none,0,False,709e3ad3e08c8b75d794df22678327ed67c1683eb2d66d88342621cb6df3a871
NEU,NEU::inclusion_174,1,inclusion,none,2,False,e7904a51bc0734dfb82dbe02ad4deb759942fe04dc918de1d1decde464a7e367
NEU,NEU::inclusion_175,1,inclusion,none,4,False,f57dca12b473803c71d29d3450367083fa6b7da91370a3bea73b951d6914a3c8
NEU,NEU::inclusion_176,1,inclusion,none,1,False,27dbfca58b88c6317b60ffac4c27d61c14e8a3d6b78aca99ed4045009ba4ef9b
NEU,NEU::inclusion_177,1,inclusion,none,4,False,bfe34c1cf0883fb91bbb6c8f91c39f0fa174e3f3f566b6ddee04786764f546d2
NEU,NEU::inclusion_178,1,inclusion,none,4,False,bf168cf60edf6b98da2946fea9f2eae33c8a3d8f7c1127bd0b83fe01b1e703e2
NEU,NEU::inclusion_179,1,inclusion,none,2,False,d2332e2fe067d2143cd44ea60dd023bf5311a74617b761eaa197096cbe0479b3
NEU,NEU::inclusion_18,1,inclusion,none,0,False,c1c54814ecaf2bf4f6d84aaf5c744fb648dc3c8323c3b0cfe1bd9f55df20788b
NEU,NEU::inclusion_180,1,inclusion,none,0,False,d3c5b0f3abcf8c4b8ac9e2ebb5b32dfa2fe9e1f588ffb71562a73492901902b8
NEU,NEU::inclusion_181,1,inclusion,none,4,False,0aaf882e14c80680751a9dee49bc7120a1e78bd270b797535275dd4f40d0e075
NEU,NEU::inclusion_182,1,inclusion,none,0,False,63a2bac652e184372820aa13360ec1595ac8e4ea3ae9242f75ddac79f395c582
NEU,NEU::inclusion_183,1,inclusion,none,0,False,a757f09c4119e5429c9b17381e528a6c52a094856387ea26a7249b0dac43eef6
NEU,NEU::inclusion_184,1,inclusion,none,2,False,bd12f5787eea047e32b3873e3b0dda4cc12bdfef9a9fee6c4086cde1acfabbb7
NEU,NEU::inclusion_185,1,inclusion,none,3,False,044e6041678c98a6ea41fdb7da1eadd75fd29ced0c8f538b43a663d42910f10b
NEU,NEU::inclusion_186,1,inclusion,none,0,False,01d2800e361e3ac79a3a8b07647fe17813559b47f40235c6d12ab29596e6d35d
NEU,NEU::inclusion_187,1,inclusion,none,4,False,b50fde7cffeeb0d207aa54bbab64f3a22c387042392c25a4c3a24b5d47c6b6a2
NEU,NEU::inclusion_188,1,inclusion,none,3,False,15bf876da4e1fab29aef9ec5509c8a35a2d6db00f025a061fc33d1baaa460721
NEU,NEU::inclusion_189,1,inclusion,none,3,False,be2f6c38b05bcb93ada47d50aa0abe2ff4d0cf9ddb7b9a0eb60310ee2cae51d6
NEU,NEU::inclusion_19,1,inclusion,none,2,False,616a573f0334ba53b23e18b7861df0e7017c2a28492b368f46ad1ffa39f1fd57
NEU,NEU::inclusion_190,1,inclusion,none,0,False,9b6a8769184e5b4fee387653ec7c2843b3fba233059c1914a0746fbcc1d9e5bb
NEU,NEU::inclusion_191,1,inclusion,none,4,False,e9ecee694c4e4f78c234679f04f199bf2711599a59a22efc4b87af4ce7962e7c
NEU,NEU::inclusion_192,1,inclusion,none,1,False,150a6917674ff35cc2bae745a3275a26839178074323a08d0ef0bc7360688463
NEU,NEU::inclusion_193,1,inclusion,none,1,False,12f915d6f44c1366132a023c00ed8d932320f8777301705087f784ed2b5c8fa7
NEU,NEU::inclusion_194,1,inclusion,none,4,False,55073f4ed8e7f803cb1412ad27e998fc4c59ccc5476597114703ee9210cc994f
NEU,NEU::inclusion_195,1,inclusion,none,0,False,788bea257894ff1be02820f29d5b4d71b8618189615a989db9122c64cf14fb07
NEU,NEU::inclusion_196,1,inclusion,none,1,False,3065bc0d2a74672b529bd3862b08d598bbc2e40c08842db33df83d6c5f72d215
NEU,NEU::inclusion_197,1,inclusion,none,3,False,38d33f3610b6897a49b7f2277689fc1a92619f25d621c31808decb08848ff2f1
NEU,NEU::inclusion_198,1,inclusion,none,3,False,6da68748488c972257aed5deffb37c06845808490dee0c92d0c3b680a7d0e850
NEU,NEU::inclusion_199,1,inclusion,none,2,False,1a94db598829589f75908a2dffd07030d76f3304606dfe7794e7204926384949
NEU,NEU::inclusion_2,1,inclusion,none,4,False,92befa6113c232f8fa98365a9e491fea7ce06e64bca4ba70ba78655dd1a2a864
NEU,NEU::inclusion_20,1,inclusion,none,1,False,ded73e4967cc83fb26ceb01b84eeb6cd27157029a82cec6ac96014ed802167d8
NEU,NEU::inclusion_200,1,inclusion,none,0,False,25ff4fddec2e56e41ec1589fee3739f0b9166c858a1eb33ac51090d75b352bce
NEU,NEU::inclusion_201,1,inclusion,none,2,False,1d7ffba898128163002177abf22766d368700f6504f4273db2481835d247bd14
NEU,NEU::inclusion_202,1,inclusion,none,3,False,c9ae789533f168d6d93ff866072d605e6612915396ef56aa6e9c77876a3a102e
NEU,NEU::inclusion_203,1,inclusion,none,3,False,b840d901af6bf20738486500037931a6c0e8b331f0a8022bf3fa846570aa116c
NEU,NEU::inclusion_204,1,inclusion,none,0,False,16effdf1bcb08b21d5bea1d9d5a659d905951fb721b16e65261ca7d64a2d40b9
NEU,NEU::inclusion_205,1,inclusion,none,2,False,e5b195d4dae57206a538f2213c1cb94a6bcb5ddd66790b39ae03391eaf8f8fbc
NEU,NEU::inclusion_206,1,inclusion,none,1,False,e925ccd5afe370eae3a6513a3e6e3f8c6ee11c43d8e5c8c4a00c8fda09e1d512
NEU,NEU::inclusion_207,1,inclusion,none,2,False,7512debcf6fc4857fcb2d42326c6787e227e59f819425dfd50dcb2fba37d37cc
NEU,NEU::inclusion_208,1,inclusion,none,1,False,8dac05de84c8383bbf18eccd6e4434d12d0a924e58eb74cb8650141fde74d599
NEU,NEU::inclusion_209,1,inclusion,none,1,False,208c94c15ca21363b31067979f1a7e215262ffa61bf45374aa1683c8dd939083
NEU,NEU::inclusion_21,1,inclusion,none,0,False,fc3d9a98b5a93305aa7ffb438c6de65e66e4f34e81020944cd90328a4d712090
NEU,NEU::inclusion_210,1,inclusion,none,2,False,722df1d6a537db019f7bc0cbf839edda12fa08f9debec9e81e37df0b4496ce65
NEU,NEU::inclusion_211,1,inclusion,none,0,False,1500a2dd882ede87ee5c3e0b48ec03f247d6072d51ead9924d63a10ad25cf03f
NEU,NEU::inclusion_212,1,inclusion,none,1,False,3b7e5c4031b950e6f198321c3746895dc30ba0442c0bcea34a7e257ae56b2987
NEU,NEU::inclusion_213,1,inclusion,none,1,False,4a3e4b850316da72a5aed186b33c93305740253df78f830c16aebe44e0e16e9b
NEU,NEU::inclusion_214,1,inclusion,none,1,False,900b3af488116eb8dc24da60180598a497c4338fd72d1b0065b8ce8194ef5988
NEU,NEU::inclusion_215,1,inclusion,none,2,False,a5fe8af5a90c4ed816914375bf77ee49b4a2840022523cbe59f15e045f3acdf3
NEU,NEU::inclusion_216,1,inclusion,none,3,False,8e5dd324e45046e19a7db5111b54ff15510161f288f6b996d15bf2eb28b00e73
NEU,NEU::inclusion_217,1,inclusion,none,4,False,e40821c51a341286572663cbba1159e7efe8a7cd729c763a5c439d851e6a9c77
NEU,NEU::inclusion_218,1,inclusion,none,3,False,26a96e68851c910ba49738157d5e5ac8b5ab6c1fe776de2647f443e8e36f88d7
NEU,NEU::inclusion_219,1,inclusion,none,2,False,50cf3517b529e47d4c1dd74921d6ec9bd7c6530e0afdaf70ccd05c29b90a5f49
NEU,NEU::inclusion_22,1,inclusion,none,1,False,9879e0ccbe89389e88f8b8ed320f5f7b20ad0eeaa817a55431dd4e55db1902d7
NEU,NEU::inclusion_220,1,inclusion,none,4,False,d84460af1a06a7ecf8761192044de1ec0723dee2143bc5dd9a1e64171b2d14f8
NEU,NEU::inclusion_221,1,inclusion,none,3,False,20f3b47345589e838fa0c942b95fd8f75ece7b1be6909acb3c4cd58edfbc368e
NEU,NEU::inclusion_222,1,inclusion,none,3,False,d589f433204f5f9bc298a210a9473a5c87eee136d15b493dfb61e185f389fd7d
NEU,NEU::inclusion_223,1,inclusion,none,3,False,a3491c40b1182bfa8e0584efefc0a4513814dd8169f79fb054ca3e77818c8f25
NEU,NEU::inclusion_224,1,inclusion,none,0,False,6058d7ef1984735335046fa8c73fd9c4d9bef0b680e5c66b6ff0419ec0c7ccd1
NEU,NEU::inclusion_225,1,inclusion,none,2,False,0b3e713521a07d8074214175c96692a61e5f29e10c8d150e6095a48b2da271f9
NEU,NEU::inclusion_226,1,inclusion,none,1,False,c638b74f0dbc79994f93a558c9fa716dc8d6c5e05881553060f6b7efaf39eed2
NEU,NEU::inclusion_227,1,inclusion,none,0,False,0eb6e04979f48f5e325633dee54162a4a724f5fe6d4ffca9edff000917b615ca
NEU,NEU::inclusion_228,1,inclusion,none,3,False,b4113a4f6c021f81f12f160a617273c98ab3a5d45046f2185de11632d7dd9c83
NEU,NEU::inclusion_229,1,inclusion,none,4,False,ca68d1569d0181418d9abd00a3568db2a8cbf7af1813b5beccc99f432f8db560
NEU,NEU::inclusion_23,1,inclusion,none,3,False,0488dd21d5ea64366bf55529ed2cf05ede3b19821d82c6903f3a1bfc863792df
NEU,NEU::inclusion_230,1,inclusion,none,1,False,6e55505a3c2d7e044fcd9c1592fdcc1260ad213f916afa551a8625c99d886b58
NEU,NEU::inclusion_231,1,inclusion,none,0,False,c0be442399f4699c3923f943958dbbdddd43f5c2a667f83da79c0b0652bd79e4
NEU,NEU::inclusion_232,1,inclusion,none,0,False,53eec1389bb21d3630924236f200c8a3a0600763a34ef69bd4f92bd0c4e45b51
NEU,NEU::inclusion_233,1,inclusion,none,0,False,b623a1f88d2a7437eee86af7bd73b27456056775b4394694d6ebc331fe5f02bf
NEU,NEU::inclusion_234,1,inclusion,none,0,False,c1ece08822cb134c2bdc981d2ab3b79ebc4fc06108877fdbc0bb9e6ef4bcaa2b
NEU,NEU::inclusion_235,1,inclusion,none,2,False,25a0ae931457ddc495dacbc038fee25b864c3edd07cce19f13674f2bbe14623b
NEU,NEU::inclusion_236,1,inclusion,none,0,False,fbfbacb788ef4f9f954bdc1da938c3fae6ecf9ab973f9bbb7f2eb20b0b282a0b
NEU,NEU::inclusion_237,1,inclusion,none,3,False,301e2a0bc4c7b465bbd4dcc282c4053f5433bd56e1f63166fc752a217978ba26
NEU,NEU::inclusion_238,1,inclusion,none,0,False,8a04962fa7fa2fab2ee030691eabe58abfd1a949a62cb94d1668027eebabfbb5
NEU,NEU::inclusion_239,1,inclusion,none,2,False,321b16bf72aa45ae7ff393757ed1b4b608e1a71be81ad34bbd92af46bc8e059a
NEU,NEU::inclusion_24,1,inclusion,none,3,False,bee1ef7420c6f45fdc2a6e20d96a6ab30a8c22e158c7113d251c31cab436d336
NEU,NEU::inclusion_240,1,inclusion,none,0,False,f9f4b2365d0af5b80cc7e4ff3db9209e599884c89aa70d789618578a90244ff3
NEU,NEU::inclusion_241,1,inclusion,none,3,False,5af978330766fcf9acd3823e99bcac51352dcb5315f0e2d9d39109120c60ddc8
NEU,NEU::inclusion_242,1,inclusion,none,3,False,2e604be637f1bebbbb211ebf72e04feb17c14fda5e5135fb7e2e6fc5cf96d1d0
NEU,NEU::inclusion_243,1,inclusion,none,3,False,bc912fa169b782795d9cca21f50b8e9c991147d964fed06a146cf6a07e056a4b
NEU,NEU::inclusion_244,1,inclusion,none,1,False,5e648e4d5c5c8f4bd19bfb7b0304addcf2ac408c9478601509fee08eb4561972
NEU,NEU::inclusion_245,1,inclusion,none,4,False,5b0acd8274705c0c8a79c57d3465b7c97e263f4e0f5715d92a001c6ce7092900
NEU,NEU::inclusion_246,1,inclusion,none,2,False,5da6a636813c7b68b0d740874ca6bc7ea03124b6e69c7a4f4b09df51361c16cb
NEU,NEU::inclusion_247,1,inclusion,none,0,False,5cc7d9256d647c16830ee1ddc4fc57c2fc0b90ed259961da7ebe2ba219252e84
NEU,NEU::inclusion_248,1,inclusion,none,0,False,bdc1619098be2940f365b1ebd7da6a1ce81983c5840be386ae15d00fc77ee89a
NEU,NEU::inclusion_249,1,inclusion,none,1,False,9dc3e60e59bf1db44db73f55031bc44c97dc663241b343dfb4109d15f40247a2
NEU,NEU::inclusion_25,1,inclusion,none,4,False,12364ff0521a417eb27bb5504a6698849a5e45810d5a60055368d69034c6122c
NEU,NEU::inclusion_250,1,inclusion,none,1,False,5ef5d6fccd6032f3ca4d2026eb0b98199436f7e280b58e95b5b1a5fff4f2288a
NEU,NEU::inclusion_251,1,inclusion,none,4,False,34ff2376988c4f420ecf434de2b2c3d98f2c23ebbda0ba87c87797f64bfa3a66
NEU,NEU::inclusion_252,1,inclusion,none,3,False,bf6d4b109becbcdb13b22dbde18ebceba0082e58227bb671c65e40e71c087a65
NEU,NEU::inclusion_253,1,inclusion,none,3,False,78720df6afaf5d771b71cabdb7009856de535560351867d55380e69ab8cf5749
NEU,NEU::inclusion_254,1,inclusion,none,1,False,236100869b6ec735343d8044489064f9f30e82bc0d07408c3923fbcc7de6c254
NEU,NEU::inclusion_255,1,inclusion,none,0,False,aa1149e239a31e679e30cc8b54cb5e7891f110ad1befdf8530cef58a206d4188
NEU,NEU::inclusion_256,1,inclusion,none,0,False,f6a08b773749caf1435416d99fe25457a4cb1fb2a1baf6cd2ba63fe05c616b3c
NEU,NEU::inclusion_257,1,inclusion,none,2,False,e276da9fa99083be544b0ac21a958e1754e3ef80598c0f5756dcd7d3786c4745
NEU,NEU::inclusion_258,1,inclusion,none,3,False,207faafef30696c821b5e605cf299f4a75d8d9f0adc8d03c3de9140c04a6da08
NEU,NEU::inclusion_259,1,inclusion,none,3,False,fa31cbdd9952ac4f904db477f5ee7e173c3238b2bd064cfe15c9eb003f69fb43
NEU,NEU::inclusion_26,1,inclusion,none,2,False,ed21ac756ad80d8649b7c1ffe8be98c9a9a309d6d21bd036e87e7e7c34c93443
NEU,NEU::inclusion_260,1,inclusion,none,4,False,f78638a524ae537623c5ebfb32f8499c55088720bf0054cf7de495441f40d423
NEU,NEU::inclusion_261,1,inclusion,none,3,False,efe10fb4f77ce8af5093e941097b9473201b7b797bbdd40a96ee8fba4f715724
NEU,NEU::inclusion_262,1,inclusion,none,3,False,a7ce7f9929c6a524442a6e6373580912b8d0193b0609c965553898606052fdff
NEU,NEU::inclusion_263,1,inclusion,none,1,False,f3c2363177cccfc7bce51d78484f54ae42db54a2ad878b1479c5d0d0e2960872
NEU,NEU::inclusion_264,1,inclusion,none,1,False,73e0e76bef45d9cacef8485f13c73dd2aecaaf04685bbac11646583ee769825d
NEU,NEU::inclusion_265,1,inclusion,none,3,False,d1b022534e4ec2c3c12fc86ed3120a39510845ebd12212d8a31abfc56ede086c
NEU,NEU::inclusion_266,1,inclusion,none,3,False,cbecbb02e9949bb63a03e790317c872f30ec5f8e37db6ab8ca96c9d23faabd47
NEU,NEU::inclusion_267,1,inclusion,none,1,False,6cfdc2541251da0ce97c64abdfba7fa7934d4f6b572bb4d98782abb5765864c4
NEU,NEU::inclusion_268,1,inclusion,none,2,False,a84b3716b2f7effc2243206de8dafa6874fd19f56b451773aef371c76e6f3a28
NEU,NEU::inclusion_269,1,inclusion,none,0,False,4b1084c0834d5b10be64fedf6e6b61cbc8673b8a8f8d420eadd6c116fcdf463a
NEU,NEU::inclusion_27,1,inclusion,none,0,False,15baf7fe4860f24a2dab40d16fec6d9ad7ab44b17d87859726323969dd631dd9
NEU,NEU::inclusion_270,1,inclusion,none,4,False,3c3e1d109a401b6cb4abeaa4da07bf3d621794041c8b02e80768282614f5073a
NEU,NEU::inclusion_271,1,inclusion,none,4,False,48487d8742cb496db2f311a7e71f64c295977a62f329faa9720e7a73d5585375
NEU,NEU::inclusion_272,1,inclusion,none,2,False,c15071996140e92cf42aedc58a27e178a20c3f592dbbf62f9bcc18a9ebdfdbdc
NEU,NEU::inclusion_273,1,inclusion,none,4,False,e913ec752513deb8cbe6d87432e9314b2a5d41aef881c909180a8f6fc353d1ce
NEU,NEU::inclusion_274,1,inclusion,none,0,False,b5b5718577b5522fedde36f8e22811226cb305fab86541b391b551068998608c
NEU,NEU::inclusion_275,1,inclusion,none,4,False,6c466e7953b1c97b20163b6d69b1e895b92f050219e7d1653ac30b86230f1d1f
NEU,NEU::inclusion_276,1,inclusion,none,1,False,45ed75a4a0b57ccc34b0e27282153a856920353ae075168aea91ff2c5103c26d
NEU,NEU::inclusion_277,1,inclusion,none,2,False,ccb16c05fb1c4e6bacd347363e37a7abdbde9d19542f3f25366631ec0380ee36
NEU,NEU::inclusion_278,1,inclusion,none,0,False,c8e8a4a7e4f73be0dc85a31a112b09e953f98a2760f0fa60ccabeffb1b5006d8
NEU,NEU::inclusion_279,1,inclusion,none,3,False,94a38ea1934412a178570519e0d1c42f7bd5e848c46be510c52e4accaad9c2dd
NEU,NEU::inclusion_28,1,inclusion,none,0,False,38bc145c261f094ce9af5c51a8126645b75584f768fc1d6ecfce63f4bf6aad04
NEU,NEU::inclusion_280,1,inclusion,none,0,False,d12b66004f348638474b6cf7b299494e263963d9639cf250ac0f3fce96c6d437
NEU,NEU::inclusion_281,1,inclusion,none,4,False,8ea45458a7691285a0c197399d2f2b19f1111cb7a3a7336c5dfc02c222fc5825
NEU,NEU::inclusion_282,1,inclusion,none,4,False,7baa41a3a61051f22e5e99400ae072f8a9a359d41bc47dc6172ec3b76e9f7ca6
NEU,NEU::inclusion_283,1,inclusion,none,1,False,20ab6fc6330d683b417404eb49dbc8b6932dcd159a9037c69cd130c12d75ee04
NEU,NEU::inclusion_284,1,inclusion,none,3,False,4bd59750b701df9dcf8b7380309ef5fcb94d896aae4891b53abfcc1942df8ca2
NEU,NEU::inclusion_285,1,inclusion,none,0,False,7e4866042e496e3e7af263172c498ff5a3d75584797ce827e4ad3dd869de43ea
NEU,NEU::inclusion_286,1,inclusion,none,0,False,62525a1b2cae83b20f3a4b8c05ed577086492454adf18609e7fae5668551b87a
NEU,NEU::inclusion_287,1,inclusion,none,1,False,aa4a04bfc65ad081a4165644e442ef1ce050501215dd1b83219ff2481b1a23e9
NEU,NEU::inclusion_288,1,inclusion,none,4,False,6d738aa8d938af3847e17d260b5626e85152a55572dd2d2bfa3774e7e8a1a5a9
NEU,NEU::inclusion_289,1,inclusion,none,2,False,ab9e9667fd3cd58c3b532936c69b4dbb117d5671334e5bcbaacb3722a22162ea
NEU,NEU::inclusion_29,1,inclusion,none,4,False,818b2deae9ccf07d41c876d0b7372ca892a9813d331aedfa3e6e34ef693d6ba8
NEU,NEU::inclusion_290,1,inclusion,none,4,False,f965707a2b7f4645df819d433fa24ed2e5affcb4e492b6b7154505fbb5136c8c
NEU,NEU::inclusion_291,1,inclusion,none,1,False,ba590ecd26f874380ca45fd7e6f5bb9d5e9f135acec0745d69111b382d887f88
NEU,NEU::inclusion_292,1,inclusion,none,2,False,7a688ec367df776ee3b1142d281f6abed8c81ea49bea2bd3d01f9c9ebc1ab993
NEU,NEU::inclusion_293,1,inclusion,none,2,False,5cfae097f87a05dc4b1a6de558aa305f1820f75143e20bf286efb7128ae6342d
NEU,NEU::inclusion_294,1,inclusion,none,3,False,cdf27f9337292c89f59b2e48c79ff16c1767df3864490a42b41d6f6aa32efe26
NEU,NEU::inclusion_295,1,inclusion,none,1,False,c1233156b17a5bbaefc9700881b44fb512cc4ba12bf00b8718af00addb34f6b2
NEU,NEU::inclusion_296,1,inclusion,none,0,False,b47270b2b088b4934f9e6b4a5f26de8805860d695deab4fdf5d437ee8c1a0b28
NEU,NEU::inclusion_297,1,inclusion,none,1,False,cb9c3d5c69cb4c566781d0263b40e1290c44ddfb951a02b58a7945f956166390
NEU,NEU::inclusion_298,1,inclusion,none,4,False,8b05aaa4648d3760f79e9d6805e2070c332f9648a9df7415533adcc17d9ecf3e
NEU,NEU::inclusion_299,1,inclusion,none,1,False,c7e999cc03a2e6dcd3ba42fc9a21e3592bfa9f21f4cec7c4f602dd1d417f6a5c
NEU,NEU::inclusion_3,1,inclusion,none,0,False,35177212789df9229865a2c8a025e2e68a41f248bfe9ee979360f8fe8dc856c2
NEU,NEU::inclusion_30,1,inclusion,none,4,False,6472211d35f109b7697637359174f97800ecbaa0990a77f674bcd78a662b212f
NEU,NEU::inclusion_300,1,inclusion,none,2,False,0aa52d34c0e0baf7e5288f54cb48307c5c76492081ba736cbbdea1edfb94c47b
NEU,NEU::inclusion_31,1,inclusion,none,0,False,139571bd8aa1d6ccde3e7435a23440cf4641a68684a354b1fc7afbe540bcac24
NEU,NEU::inclusion_32,1,inclusion,none,3,False,0dc574a58f0e017fdb612bfad855a50cea451a50b5ca15960f8b5e37fa40abb7
NEU,NEU::inclusion_33,1,inclusion,none,0,False,38e21661768ed76f443f3ecfcfc009dfa3297870e30731bb1c3a16ee6babfabe
NEU,NEU::inclusion_34,1,inclusion,none,1,False,82b8711bbdbd0339337db43a5964b53a522ba31c8b766941dca9299755c8f190
NEU,NEU::inclusion_35,1,inclusion,none,2,False,10eac5c3d002ca0b4ae0955d6003da0226e73b0b9cf12b3d54a8153b8732d284
NEU,NEU::inclusion_36,1,inclusion,none,0,False,03d0c7947ba20593012275692691070501daf9609168f2eaec15dae935dd5adf
NEU,NEU::inclusion_37,1,inclusion,none,4,False,3af4243d7ebdcd2c2f7ab6c11abc1529395bbd9a1878a13f545c83df276f90a4
NEU,NEU::inclusion_38,1,inclusion,none,0,False,6ed3dd061cc183e90d3fe15fa0045855f24e0027a028a1b25750fb530cea0cb1
NEU,NEU::inclusion_39,1,inclusion,none,1,False,4ee5e42f34d3976b193484ec7a8b16a0b16f7303bcc774b795cd6fa31b95abbf
NEU,NEU::inclusion_4,1,inclusion,none,4,False,abbc7412b645883c3266b64f5cf04870aa6969031641f02788122aa7539f65d6
NEU,NEU::inclusion_40,1,inclusion,none,3,False,7d184ad36e7785f3af0eeef6749f8bb23418fd1132b8c14090e351dbde9e9798
NEU,NEU::inclusion_41,1,inclusion,none,2,False,28612ab5241da32535d450c8f68a632551f8c26e391e8766e592a288ebd3507e
NEU,NEU::inclusion_42,1,inclusion,none,2,False,af1f43f4066ce205fc2551daecd5fbc5113222bc11886c69272ee0a2754d9c76
NEU,NEU::inclusion_43,1,inclusion,none,0,False,a8d41006cce96894094a5fa1a294fefa063840dbbfe2e7b0d9734aaff22184c2
NEU,NEU::inclusion_44,1,inclusion,none,2,False,b9fed34b03b2f459b7f11b7957585fa6624326bfb7284d5ab284a0234cc33172
NEU,NEU::inclusion_45,1,inclusion,none,2,False,162307be7f8060a0f4b83762ebd23cb7e73e2b80659226f598b0ce899568723e
NEU,NEU::inclusion_46,1,inclusion,none,3,False,d23590d9155e0f3fd1460c8b5b89f1d41bdd74bbe8b2ebddf91fa94df122369a
NEU,NEU::inclusion_47,1,inclusion,none,1,False,30e0f1e631a3e102c3470971257e2713cfcb7ab8eb202c2c3ae5e13670e79334
NEU,NEU::inclusion_48,1,inclusion,none,2,False,2dc77674ad9a14b32fcad2c9405d8d2d92fdd8b3ff7b98ada46a6f1558cd80db
NEU,NEU::inclusion_49,1,inclusion,none,4,False,2f73b68667c43d84a593cab12432b333c62d4d67236d6d578071f8141fd78ae0
NEU,NEU::inclusion_5,1,inclusion,none,2,False,d01acc37fb22a3ab0d4f6ab6632f7666a4df27f1f75653ce2cb7c6f5c58ce0cb
NEU,NEU::inclusion_50,1,inclusion,none,2,False,ad278704f51eb28d6c62da130d27563dd5ec248aec8df771545e4cf11652dfb2
NEU,NEU::inclusion_51,1,inclusion,none,3,False,6b3c673e82e489f1e49482bb5173a76dfb477ad006c39c773de5719e8ab6ff60
NEU,NEU::inclusion_52,1,inclusion,none,0,False,25be1de5f930c94e4b146bfe20b87a9bc2fa6c8fd4b456f1f7d764fb4c1bfcd0
NEU,NEU::inclusion_53,1,inclusion,none,0,False,cfcbeda713cbbdebc17a0a9847bbd0a9e9e7171500dea6d7e763b8b8a03e4398
NEU,NEU::inclusion_54,1,inclusion,none,4,False,10b35f5da4a3ff79ed9af7cf75abb84f2535d809023c51b7b1e3badaa38a7390
NEU,NEU::inclusion_55,1,inclusion,none,3,False,4c209b20eb9a0cf81dd831e226daa7521b348412956749b0859267b021b46508
NEU,NEU::inclusion_56,1,inclusion,none,4,False,d31ace34a9b85472eea0169cc2243653756cc3fc71c512dd794927274a7a6f16
NEU,NEU::inclusion_57,1,inclusion,none,2,False,f51b7b9c213b8584377c251fd29b0d49087ac1bd2433bdfc69195e8cde481b00
NEU,NEU::inclusion_58,1,inclusion,none,3,False,aa7779ddbe6690026ad73c6d12f24f573e5b3be527edc064c10344d5837a8d22
NEU,NEU::inclusion_59,1,inclusion,none,4,False,8852c6966fd374fe4072b1c9b7ac1e36e3b922b57409e37e8f914d9b4803aaec
NEU,NEU::inclusion_6,1,inclusion,none,4,False,c3e8d16676654a022b58559e9879e882476a25c57be200044140b0e08ce73a11
NEU,NEU::inclusion_60,1,inclusion,none,4,False,36abe20b2d92bf520ef3a2929ac42f12d220317b05d7ec43b6cb43dae5ec5370
NEU,NEU::inclusion_61,1,inclusion,none,0,False,064eb68a6d22169cc6816daaab8b4cafdecd9c2cb82b5b4fb6318fad99e5c3a4
NEU,NEU::inclusion_62,1,inclusion,none,3,False,8e0054f0340926877170c7b74183e76334ac73b213e45f8c19cb49f1fa1c0d08
NEU,NEU::inclusion_63,1,inclusion,none,4,False,549aa383a27d057e88120683adf0ebdf912a22ec26ed52a383fdda64f8685764
NEU,NEU::inclusion_64,1,inclusion,none,1,False,08a995fddf11e95c56b6db06ccb6c36dd2f2340dc0edac8544d6c5354efae52d
NEU,NEU::inclusion_65,1,inclusion,none,1,False,e59317cb276342730a6b07328219fc8b8461fa62d53afca6f921d0c5787651d4
NEU,NEU::inclusion_66,1,inclusion,none,3,False,30f324e65df6f93a5b9b59cb5df7af34cc4c05412c685c58d888077606863acf
NEU,NEU::inclusion_67,1,inclusion,none,1,False,2847607777c2a4e5f9f406cfccfbdd97f4f7c9cbedae33b6c6cb4ec819de9481
NEU,NEU::inclusion_68,1,inclusion,none,2,False,9e237565781dcb4535fd8213a959ff2a5a57b9303bc3edf504c7651e9a46517f
NEU,NEU::inclusion_69,1,inclusion,none,1,False,8ec63b200162284c686649b438a7db5b47b89b092ea52e5bf7e65c733ebe961b
NEU,NEU::inclusion_7,1,inclusion,none,4,False,267f327e8898fc186132dd385ffdc8a75c954e09c9046c9456629e24c4e7f032
NEU,NEU::inclusion_70,1,inclusion,none,2,False,a4501360a85494ce2d302663c0baed512eb1778dbefaa937e0b7aff440641814
NEU,NEU::inclusion_71,1,inclusion,none,2,False,7a244787ebbf3a69dd5fc5cff3eb5e176fda798149284e8e58ec4bd00d3cc64c
NEU,NEU::inclusion_72,1,inclusion,none,4,False,39da29b48daf4aa2dd6a38bcbf744bf6981004eba96c2494f2e91f73d331807b
NEU,NEU::inclusion_73,1,inclusion,none,4,False,3d0b1faa0d49f2eca6d707d0ded89df614aef91c15a8bf301ec0ee6824a312b2
NEU,NEU::inclusion_74,1,inclusion,none,1,False,cb58115fe0d97b8a6fdaf3b800a1b8a98f1eaa9b1771f85b2f50454ef828310d
NEU,NEU::inclusion_75,1,inclusion,none,2,False,a98b7c77c5cb906f24bc2e49e485895dde8d93b8424b0ba9a2934f0f44491f8f
NEU,NEU::inclusion_76,1,inclusion,none,3,False,e17afff1b887a22390e1f348be5bec04655313549a76cbbae5bebb06a8d79fba
NEU,NEU::inclusion_77,1,inclusion,none,3,False,1a7653ee84dd218bdced6d380aef4d394af046e49a5283e7d82d8fb1d73a973b
NEU,NEU::inclusion_78,1,inclusion,none,3,False,4b5f5b95bc5c489e8bb75338e700a31d2f9a540638d803878940a2a5effada48
NEU,NEU::inclusion_79,1,inclusion,none,1,False,215300cb10dfde212df06fe9d7588842b2f13d8e9cf1a1857ac4bc46a6480fde
NEU,NEU::inclusion_8,1,inclusion,none,3,False,f31ffb71c6f63d083e12971694a3fad2ca07a457cece221b681c665a0f4ce44c
NEU,NEU::inclusion_80,1,inclusion,none,4,False,064fecb66f3a7262a587a42d57b7d10cfd4ae48efd738cae62766b7225f9effa
NEU,NEU::inclusion_81,1,inclusion,none,4,False,72c30eecc2beb38a31b41b25ca26c8e380924d2036bda0bf5b6d5f99f5cbb967
NEU,NEU::inclusion_82,1,inclusion,none,2,False,c392db16cf6ba4967cde4e61b1f02d64d396b09c4d4a11784fddf940c0a41743
NEU,NEU::inclusion_83,1,inclusion,none,2,False,39ec6bf215bf2a37f3b91bb2316bdfe85ac3728d507056f81fdbf943dc91fb7e
NEU,NEU::inclusion_84,1,inclusion,none,1,False,99d400c5192164cf65246de5d2c91e54e6a5312655288503487946d573efa0a0
NEU,NEU::inclusion_85,1,inclusion,none,3,False,c4fae55bfccaab43a3abf47d43f6fbc70c564c90430ec5e9754621082b43429a
NEU,NEU::inclusion_86,1,inclusion,none,0,False,f85cf375f7bdb7c8e448f8ee1515507a4b13336f1a5cdf455b9a3d769c6c4d04
NEU,NEU::inclusion_87,1,inclusion,none,4,False,5a168b205040383a97855ecd837708b184ebd83dddf1dff0ef30c4c39c96e55a
NEU,NEU::inclusion_88,1,inclusion,none,2,False,6c88492f949b2bcc2dc1ebc282bcafb272b5fa892c236e606ba9bcd6b95319ad
NEU,NEU::inclusion_89,1,inclusion,none,1,False,832126474eb86a0afb051ed85288fd51e00dcc7c094498787d2736519150c334
NEU,NEU::inclusion_9,1,inclusion,none,1,False,20c34b61ab678832629c6ee8bce155710e520bbbe1435aeb138ea91c9ab6ab22
NEU,NEU::inclusion_90,1,inclusion,none,3,False,421ac2ff62979abd1611571dabdbf69ca673add5f2802c550ef5da347ef4a012
NEU,NEU::inclusion_91,1,inclusion,none,4,False,1610fec2851ec5993a9f543d61afd553e94cdd3a98ef851790984a6e5aaf799c
NEU,NEU::inclusion_92,1,inclusion,none,4,False,1d15666484061bd44fbec995ac395b12dcfd345f977dc066bf9f4cf3ef4db3c1
NEU,NEU::inclusion_93,1,inclusion,none,1,False,448b313e89c52ae512117e2b3d522264d51b6f5d487e5b0d1f60bd8fd0fe2ea8
NEU,NEU::inclusion_94,1,inclusion,none,2,False,0e10df466f922c4d03d7aac46b83afcb99f1198f6775be9eda4223e65a142c9e
NEU,NEU::inclusion_95,1,inclusion,none,0,False,17cda79fc127b80d5d4649103b8debeac0a0b6603fa61da5bcb6ea1a4b696415
NEU,NEU::inclusion_96,1,inclusion,none,4,False,c084ace8c2a494cd70ee68a90facb0676d4cf340584204f9d9867380c5e1fd37
NEU,NEU::inclusion_97,1,inclusion,none,1,False,6d4ac443d14c9f7481edc7da94be06b9dda1b43c05dfe036d218d920f3debc41
NEU,NEU::inclusion_98,1,inclusion,none,4,False,4b5f7c03e5a26c7390067318e8ab9131d0171048190ae7913b1af3d81d58d3d1
NEU,NEU::inclusion_99,1,inclusion,none,1,False,671e5f187e7db6b692b2b812ffad0cda7b22d61e008f12cdaf2ca45a099c77ff
NEU,NEU::patches_1,2,patches,none,4,False,0ea4843aa7801ce5a5e672ec8c0266d4910aa7d740955f38d087b38154d0fe67
NEU,NEU::patches_10,2,patches,none,3,False,0bce06415796cabe1187dd00329893d46ea1f71f07f5c795b16a4629ce71249c
NEU,NEU::patches_100,2,patches,none,3,False,71b3e853711967d5e74010510cfebe9d2793022986a08d4e6f6b456a3a7d1fcc
NEU,NEU::patches_101,2,patches,none,1,False,4d2de82731b86cdbc7a66f2a9bfb01074bb4cb65e47bccf06b66470d53857071
NEU,NEU::patches_102,2,patches,none,2,False,5705722086f38f4ead84fd0d1e8a7aa3df1bf2590bbaed73d4b656d4c6d8e07d
NEU,NEU::patches_103,2,patches,none,2,False,17467d85b47cc880050c304ec54f014801980084b7db8cce7303e2a125368f81
NEU,NEU::patches_104,2,patches,none,2,False,6e501cb64c6075180ec65230eb5d60b98a565532a3c6367efd2bded8f30e8eb3
NEU,NEU::patches_105,2,patches,none,1,False,4d2de82731b86cdbc7a66f2a9bfb01074bb4cb65e47bccf06b66470d53857071
NEU,NEU::patches_106,2,patches,none,3,False,ba7f35d15202c401a79ac9e675b178716c86f55b1ae1d945c9ba1ea7162d4e3a
NEU,NEU::patches_107,2,patches,none,0,False,a15c056f9104659fd5cbfd086cf0b82318eb4fd1391938bc28c69600b396a6fd
NEU,NEU::patches_108,2,patches,none,3,False,c3ae0b7be45e7ba18a9f8de098a03076f9e7aedabf9be697bcac139b5013a9cc
NEU,NEU::patches_109,2,patches,none,4,False,425fde38df51d513d0aa0b4c5a1587fefb270a876aee1e8d8d3da37b3ad71a70
NEU,NEU::patches_11,2,patches,none,3,False,1cb3c476f073744d7c44ef552384d57344dfddb5fd41ed4609df09b5ae8c3a6e
NEU,NEU::patches_110,2,patches,none,1,False,030250f554661a749b7e832fc5b6a3fc336e94b7e25d5da9ce87ecd50c3b106f
NEU,NEU::patches_111,2,patches,none,4,False,e928a260968ef82b0767cbb1d3e3115ace8935854db15d712e4b3c49c0c48aec
NEU,NEU::patches_112,2,patches,none,0,False,2e51c9ed34997d6c6d1992a7ee15988a45cf36a0013a67f222f1a9633f2c7219
NEU,NEU::patches_113,2,patches,none,1,False,96512debedaa44f6fc462336bc99c9eb082da86cdb149331a8880beff8aa60b1
NEU,NEU::patches_114,2,patches,none,4,False,69799974db41d6809f6d1cdb01417cc6409ed6dd0b7723ace455ee548df43d05
NEU,NEU::patches_115,2,patches,none,2,False,d717a70aeca510536d423aab3e1880179593f24ff9fb1874af4ac4b1e33504eb
NEU,NEU::patches_116,2,patches,none,4,False,14e65853add379636cb1daceda84748089b203bbc6b9af4bca8ec5e6860a5853
NEU,NEU::patches_117,2,patches,none,0,False,3ee20e280ec039613a1ce9190d80f6366cef69cc045e53c47dcb788dfab13210
NEU,NEU::patches_118,2,patches,none,4,False,c138ff00ac535bc21ff492590b04a5c9df13bba39bda6f47dd91cb88d980186e
NEU,NEU::patches_119,2,patches,none,2,False,b996e8bb0019ebd447a9eeb03a7c0af31d36dd38081f02f35172778cdb7134fd
NEU,NEU::patches_12,2,patches,none,2,False,261a55f5fe66d2b3dbb601907e1c455b9c3eac1f271bf5abde92e8891928bfab
NEU,NEU::patches_120,2,patches,none,4,False,ff83258b9529bc80bb6c6114e052611fa238ff45bdc6715087441529c7ebc2ba
NEU,NEU::patches_121,2,patches,none,0,False,efbaee1c2678ff433374df25f385927a5b106c8ba3ad9e675e3ca7948e9eafab
NEU,NEU::patches_122,2,patches,none,4,False,d2297aedb4dadf11a6d5963cb4b70d26e68a141252a5044eace2aa9bc6d6725a
NEU,NEU::patches_123,2,patches,none,0,False,f1238c00892079e77ef914d636ab8e9116bfcc92ac12b63783fc0163e72037ec
NEU,NEU::patches_124,2,patches,none,1,False,8e75daa3148fa90158d2a4edfaa9e96b521ba9d07021316a14fce3c112beb91d
NEU,NEU::patches_125,2,patches,none,2,False,9701bd8d49cae20363e0c31f68985ea237b9eb02cdad5e1c5d599802e7d102e3
NEU,NEU::patches_126,2,patches,none,1,False,03b7774e99ebcf4349bd01a904bbb61d9c89427972bb8a70acc910c6942a41bf
NEU,NEU::patches_127,2,patches,none,1,False,e9adce592ef3d885eb5eec4da6264b5008f12540aa5268d407100104c6a6d695
NEU,NEU::patches_128,2,patches,none,0,False,97ce3a3141e7e881568430940663b53b5fc4829a717ede85aa22034fc9db68b4
NEU,NEU::patches_129,2,patches,none,2,False,3fa248c8bf726361accefdae301ee11602d1ef0489e414cde5b711a991927bcd
NEU,NEU::patches_13,2,patches,none,2,False,58cdb77cc09feab192ebdefd3b3ba6dca322cf73e907f02ab301306a3f671e44
NEU,NEU::patches_130,2,patches,none,1,False,8253ad2fc03f6a9eb468759ad0aef69cb9a7925be41c160fd65b9355c3b69adf
NEU,NEU::patches_131,2,patches,none,3,False,6c4bb69ad9a47caef8712455c5b63b6a4096b1134e5d5898f09cf1a482d14dc6
NEU,NEU::patches_132,2,patches,none,0,False,f9e12ac424ba0e9d72834084fbfaa1a746b0ce109ac3fe28fde658008aa33b78
NEU,NEU::patches_133,2,patches,none,3,False,b2da2199a39655b0a56bbb4aef03f0b1e26ae8a6fd699399c3017899e546f68f
NEU,NEU::patches_134,2,patches,none,0,False,608d8747650080d180c34c1f5ec90b4c593d9c22c46796c90df03b504d3dc485
NEU,NEU::patches_135,2,patches,none,3,False,0d29b05f6ed3fff32332f948e29f439851afd6d27dc713b2785538cd12f69b8a
NEU,NEU::patches_136,2,patches,none,1,False,6f92bad92f5ed2e838d27f3ee181301b0125f215eb9bcc856abec4e79973cd44
NEU,NEU::patches_137,2,patches,none,4,False,82fb6d832a93ab370a235ad1da788e4c00e869995829f368f4d58225d416b365
NEU,NEU::patches_138,2,patches,none,3,False,74330d6f6ea62facd45209ab8ae61bc1d41b87dd69a03e810ff7991757048231
NEU,NEU::patches_139,2,patches,none,2,False,91906ca766ab2d87b9d96983d688d067d627d70cb0feb0a951833df4f7c2a61f
NEU,NEU::patches_14,2,patches,none,4,False,1417658bcd2219ee87f67881268f12d96951db240e26b357a7c0a1905b969d45
NEU,NEU::patches_140,2,patches,none,2,False,9232201956ead5b82110289d25fe4d0964b9d9cc0d62b1c75fa72da1d5755730
NEU,NEU::patches_141,2,patches,none,1,False,9c6d455aee8bb4dd474750ba5e8b862e978e82bad024de6b2b5849cd3b4883b1
NEU,NEU::patches_142,2,patches,none,1,False,07108895b311000a2e6f221bb5fadcde41d8908f9442a557372a7a6e147e78ec
NEU,NEU::patches_143,2,patches,none,2,False,214303d47c642dfa9f4f85cd3e166709381120ae46e7ef47c5a7b0571daa713a
NEU,NEU::patches_144,2,patches,none,1,False,a9d39b0ac5c7dea33ab007660ee75de56cd14e26f7eac49690fd72dc6419b02d
NEU,NEU::patches_145,2,patches,none,2,False,6fb38c29252478274769ad1377696796b812be1ea4e32b5335f9680ce823feb7
NEU,NEU::patches_146,2,patches,none,2,False,68a75502eb09f2fce11bafa903976e6ebd301cf882c9fec5d17b14f8a2f99778
NEU,NEU::patches_147,2,patches,none,3,False,3e8572520292a452158735853befe42a089db883b04a173ae5434adffca05bfb
NEU,NEU::patches_148,2,patches,none,2,False,636b01e783962322125e76a6dba37f396899268e68109a1f667443058da6d3b7
NEU,NEU::patches_149,2,patches,none,3,False,1cea8bc35e67216b1c1343e3231418c52c05dd7b370bdab3e79d3e67d0135090
NEU,NEU::patches_15,2,patches,none,2,False,3757b1e2dcdf1b980cadc5732dda2265a2ef7605321a1da6cdcd7b702e57450e
NEU,NEU::patches_150,2,patches,none,3,False,4056930ab385cf2283b3434af3b07bceb143d0b8915c0e2a7b6d0d2013ccb35a
NEU,NEU::patches_151,2,patches,none,2,False,d97b9899a36deefd9754c2874b026b3f30233cf3a69ca94f021622527585107e
NEU,NEU::patches_152,2,patches,none,3,False,d2f30341e0189fdd3c47b4ef3b94b381fcc9d43f4b3b4efb3df1722a203db58e
NEU,NEU::patches_153,2,patches,none,2,False,0d25cee992679e08246be6763ef5cc97be495c201c3a16013f077484d3e2b836
NEU,NEU::patches_154,2,patches,none,3,False,6d1d6467b07e33d7d826dadbf27bcc6a428f65a9f116ad9b8f5464cf517d4331
NEU,NEU::patches_155,2,patches,none,0,False,b87f28bf0895ebcb1273e5d707c40243f1fcdb132ed63eabca253e1c67ae34d7
NEU,NEU::patches_156,2,patches,none,1,False,9961f0ffde85a40516f54262b3fa74eb35cee24fc87a54d4fe8f07b7e7fb2ec2
NEU,NEU::patches_157,2,patches,none,0,False,302db455ade32145d76a587ba113c0a82e56311226f313c4b451410b5402c67d
NEU,NEU::patches_158,2,patches,none,4,False,e0c59d0cf887cbed94ec56da824eee7e347ae2a7b10ea3488d833a3058a8a62f
NEU,NEU::patches_159,2,patches,none,2,False,caa276f56de3cb2c828f36062786f7f3826fcc14b7d6be57bb1fd43929633415
NEU,NEU::patches_16,2,patches,none,4,False,745dccd9dde8538337e406c42870463fd31123cc5925d0c13791b48fa22ad8cf
NEU,NEU::patches_160,2,patches,none,1,False,7163a072ecd14c36764803d154fb8b98684fb56f3bfcbf6fd1d4417aee2ab6e5
NEU,NEU::patches_161,2,patches,none,1,False,bd202f91ddd89c3727996d411e6330301df47bfbce8627e909dcf5cd3ab12636
NEU,NEU::patches_162,2,patches,none,1,False,3239ed10b8c553328b57ed770aeb95e389b78e6c4c0ee3154002ba3754115e75
NEU,NEU::patches_163,2,patches,none,1,False,58a58110791d4f674b52db9086fc1f0c49ccb0eb6283a90a94a6a32f5ac87b1b
NEU,NEU::patches_164,2,patches,none,3,False,87c1b46a01c796c71030ee72ca51ae732fb2e4e8a39117e483e5b42fa55a9b8e
NEU,NEU::patches_165,2,patches,none,4,False,320921e15b7b47236fb08cb0244b81b326a66cd3e79d0fc4459b98a30f38f3cc
NEU,NEU::patches_166,2,patches,none,2,False,49869b28925cfe2db006ab2784edeb1a817ed11bc7f11763b8c3d5227d059b30
NEU,NEU::patches_167,2,patches,none,0,False,631d3384882fbb9935daa7032092688d3bc9d716c12175bc59e2c5767289a205
NEU,NEU::patches_168,2,patches,none,3,False,11551ae1e03110fd3c21ff836b7da31727ac9c53d146735e61854d12850484ba
NEU,NEU::patches_169,2,patches,none,1,False,6f4636871b1447810cccee23d7c432d19595069555d9c5af2940a987e6223d78
NEU,NEU::patches_17,2,patches,none,2,False,5321e25088da9adf11b3455da3a3435ab7a81a5302c46fdb987f6521e65f4f07
NEU,NEU::patches_170,2,patches,none,2,False,15a49a3f74f4cb2dfdd291069afff4a4ce5fef99ee2f83f4bdfa5ec828d6d8e7
NEU,NEU::patches_171,2,patches,none,3,False,e741626eb4750d162a040183755e1403e1ba9af7bc1e93a3f528ba4be929cd11
NEU,NEU::patches_172,2,patches,none,1,False,1cb7032729d52c8d051f73c6be8ad61c3e8a4599f37b554fd43d7652cdb94d4d
NEU,NEU::patches_173,2,patches,none,1,False,5cfabcb4e299b09666c2ddd5e586c9f5705fb8c1fb9b628473465722d42cfd43
NEU,NEU::patches_174,2,patches,none,3,False,58a7540a7be07aebcd8a5a96f9f58bc4322141ab414487160c8b78127093fecf
NEU,NEU::patches_175,2,patches,none,3,False,a531077af118c640daf5c1897d90d194ca9e594de8e21ba19d45254f2ea3e37c
NEU,NEU::patches_176,2,patches,none,4,False,6e86fd9aa036ece2f4827477eb4f06973189e59aa1bbd67644dde85ae51cf17f
NEU,NEU::patches_177,2,patches,none,0,False,8296704a80a15a59e806394db76485fbaf9160ac55f745dcda03da054edb1bb7
NEU,NEU::patches_178,2,patches,none,4,False,81c0eddd3ff44319baf7b1747aa0f4a6761763810fd8b6059137bd3eabfb0f08
NEU,NEU::patches_179,2,patches,none,0,False,c960357bb6f0c3f85b124fbf91f5a53acc730cad0a86b39bc531024bf51fb8ce
NEU,NEU::patches_18,2,patches,none,2,False,58b730ff89fd4558ab7dcfa5686d3c9f6da0bb6428dde3c6e941c826211ca711
NEU,NEU::patches_180,2,patches,none,3,False,11ee2ca3f59b50c11feee7fa223814abe34e7977c6a1183fd42062e95af522e1
NEU,NEU::patches_181,2,patches,none,4,False,fcebed354c17ff4339ab57196c75f7e7d12c77f03a38f0819e22aa2656083634
NEU,NEU::patches_182,2,patches,none,2,False,4495fb8e282aa3a7dd211f72aaadf61b96e79ee9190d2d951630410decccc39f
NEU,NEU::patches_183,2,patches,none,2,False,334b6e74e2b54a6fec042f33d78615e89ab4212d5c6cd83ba808529eb85a5cda
NEU,NEU::patches_184,2,patches,none,4,False,b08da27dbdb393b157c42e014b712358edfcc210a17b78e8b993ed0e6186f1fd
NEU,NEU::patches_185,2,patches,none,2,False,fa83293ba81f4aae52ff4e395c98d6aa81596624f19c2f4539d9d8e3493bae1b
NEU,NEU::patches_186,2,patches,none,1,False,e4be79405f21c621732e4317499f0efa703e78c84f2ff3b597031181e8c72216
NEU,NEU::patches_187,2,patches,none,2,False,da4406453e637084645096a60120392739e6b2057d6db8b5820cdaf301b19d0a
NEU,NEU::patches_188,2,patches,none,0,False,8909063db7f0d72cf2c014a73e164b97eeca2b42c6276867b853cf5a51dba8fb
NEU,NEU::patches_189,2,patches,none,3,False,12d65f261844bc8d215a9091d6452c88654faf6d36e9e8203a5c07a0c0b24296
NEU,NEU::patches_19,2,patches,none,3,False,9fddc984d5c02565fd12b248572bed264d11f810f51c15cc071272837db29ed4
NEU,NEU::patches_190,2,patches,none,0,False,8c96de37135dee7e58a35bd60a623262817fc4e0e9c00d80846546a751f77dcb
NEU,NEU::patches_191,2,patches,none,1,False,389fa2692a890ace1610695cf8046dd9886bdcac29fa485c072e26fecf58599f
NEU,NEU::patches_192,2,patches,none,3,False,7140772ba97405dbf146e15a3edd9a0068f2200a76cfffbd22a023462f18e149
NEU,NEU::patches_193,2,patches,none,4,False,9fcc65087f61af456d62d8fabea419e6eb99faf1b66f92f532a54dbd5ccc63dc
NEU,NEU::patches_194,2,patches,none,0,False,bdbb493f9ce0d7776902e07437977a0abdfe0481abcee3358c989d744be198be
NEU,NEU::patches_195,2,patches,none,3,False,016b5b6f235e54cdd6dca76d0d03087e5d25da7e36c018ff1dfa240c4b8fabc2
NEU,NEU::patches_196,2,patches,none,3,False,6c8ff326e64496001a154cb0f4ffdaae45d077fc86624ded60ace3b00a943ceb
NEU,NEU::patches_197,2,patches,none,4,False,7248fa223902c1398f6d82f8de387d8a795be6ca9f1dc2a33fc0f379b61f6dc6
NEU,NEU::patches_198,2,patches,none,2,False,92ef61aa98bdcda4173603a3dbcec573ff0fd754915f7463103464e105c58c16
NEU,NEU::patches_199,2,patches,none,3,False,06071e67ada2d39202ab845f44317165233135a24aa83ac519b998c25e488adb
NEU,NEU::patches_2,2,patches,none,2,False,2fdb317049ad4e9e14742cd8e134d9c0037d7569c316ac992a449ecbf58101d0
NEU,NEU::patches_20,2,patches,none,2,False,0f894cdac195e33088bf23e665ee018ec79b9904a9d1e55c5d66de95928f952b
NEU,NEU::patches_200,2,patches,none,0,False,f4fea54ba383909b5e71c25f1d327425d5e102fb4619e590aa94933044d828a1
NEU,NEU::patches_201,2,patches,none,3,False,3096d28045ca41280028e716d6c64c9d65a70f3c171a98686f4772c99c7620a6
NEU,NEU::patches_202,2,patches,none,3,False,53117ada4199b82ff4b331c1b8373d67fc5c8868b7923996ac44ee4fe465734e
NEU,NEU::patches_203,2,patches,none,4,False,0d40be789f7cffcdf9914b712b1b4c157f80d2c44a58679dcba1cfb09ba0fc3e
NEU,NEU::patches_204,2,patches,none,4,False,3b78a9f47fd2d1881216ba5c9764e38f1948518a2f73f76e15feabb430c8fbd9
NEU,NEU::patches_205,2,patches,none,3,False,391a1343e891e8b84111d341ad039a8a43375ad6910e16d2692d5dd93662624e
NEU,NEU::patches_206,2,patches,none,4,False,8a610809a1ab93c4ccf80fad3c868d5edafa6fb7ff01d97b1026c3b969401614
NEU,NEU::patches_207,2,patches,none,0,False,82caa9f13416c4039b5e928be14cc48e0709506d895d8d1642f0718043ef5bef
NEU,NEU::patches_208,2,patches,none,4,False,8ba753aca9c53c268cd20bec32d93046316436aae748756b11f5dda4074379e3
NEU,NEU::patches_209,2,patches,none,4,False,4f98a185024e14cb67f9eca63ee70982a240328c139c80ae670f550754398c7d
NEU,NEU::patches_21,2,patches,none,0,False,e9766ef04b4726ab89fa3872716a99f3fc761f080f1b00095b7b8e2245ad3950
NEU,NEU::patches_210,2,patches,none,0,False,8e0b0c93ba4d6f0e07b76908399ffc17791bad48b0cbb01721fc3f7e6df311c0
NEU,NEU::patches_211,2,patches,none,0,False,f988631bac3b31eac7be7a1f56e118d14d3327989ce4b454370761c5c8700305
NEU,NEU::patches_212,2,patches,none,3,False,856463e6892bdd866ea1d73e5a95d2a0423df43e16fb57f40d078f59d824794c
NEU,NEU::patches_213,2,patches,none,3,False,6a4b08214c314135518585256f952cef50c514d5137ab1244e7842cee7167c6d
NEU,NEU::patches_214,2,patches,none,2,False,7a72f8abc4e0b3def00afe8bac2df18c494da501b3de3566fd8542d65853b62d
NEU,NEU::patches_215,2,patches,none,3,False,5a901625c47393f44918ccc9dbafa5bcf716d9edf6138d9eec5d5f1a04180583
NEU,NEU::patches_216,2,patches,none,1,False,b23b9b600ab5718db7201a36cbca183b053060b47ef3052a3749f33cbfc609ac
NEU,NEU::patches_217,2,patches,none,2,False,71285ecc73ee77e281e1edd71a31fba5fbfc123dc4e120910ac9a0696568db47
NEU,NEU::patches_218,2,patches,none,1,False,bdc8d32308a3eaaa7153b16c4ebd6e56ad346377708fedd172da28de464dbee8
NEU,NEU::patches_219,2,patches,none,0,False,8fa718c52b5d4b920510fb65720cfcf0ee9e6ff736229849c59b6154b9af24a7
NEU,NEU::patches_22,2,patches,none,3,False,7c0f0b709bea9e06f13e75228b06366187e92d119650bf2f017fa34acc126223
NEU,NEU::patches_220,2,patches,none,3,False,40ae61cd45e6826404c5ae044df70997a18e14248d051c1e75c6c3397b6c79cc
NEU,NEU::patches_221,2,patches,none,0,False,4dc6536f2e2175fdcc8346933636a0c2fe22535431a4d41de41d03ad0b4e53fd
NEU,NEU::patches_222,2,patches,none,2,False,a284f947f7707d7c2a31e6a816e22c1b2e18934253a0b70df7b126b4e311f577
NEU,NEU::patches_223,2,patches,none,0,False,dc6d186a0f02199210d97007ee503cd663fd82d6aea1499d9af4fa8e4da82b63
NEU,NEU::patches_224,2,patches,none,1,False,af9fac336367e2b8b4e7314d428fc1fb3390401a1670787a3419940157727388
NEU,NEU::patches_225,2,patches,none,4,False,3554340b5a48b23c97a194f7b7bf1776a625cc789d77a0b835ad07052b679eda
NEU,NEU::patches_226,2,patches,none,4,False,7a187942009565b63b6cc73c5bdd7481261e565e1d9981f7ddc7b436077da17c
NEU,NEU::patches_227,2,patches,none,4,False,6e4c68ebe62d2fd805a614a0394a7700a792d5e6d09379122a1b945f75d665c0
NEU,NEU::patches_228,2,patches,none,1,False,a9d5c1daaaeb00a1819b3b9ef87bc8f5fbaabb37e3e2e1320ac344ba61b606ca
NEU,NEU::patches_229,2,patches,none,4,False,e78a97001d6da623401ef5aaa794e710fb2884ae3e9ee20e023a6307a48c80f4
NEU,NEU::patches_23,2,patches,none,1,False,dd1db0ac511a64489da2ef322ada61ea20fe7798488cacd8342cff5462951cfa
NEU,NEU::patches_230,2,patches,none,3,False,f9875ed804f7a3595505650f60bd511262c904e4ddbdbd9aa4a27450c9237e39
NEU,NEU::patches_231,2,patches,none,4,False,6d24d04a14ecb962be8849befa4bc9eb527ac27f711866ca297a4328c5477c93
NEU,NEU::patches_232,2,patches,none,4,False,0b5208b4c5d357165541c510e2b6dc7f35f3601a25db6550854727991fe92cd5
NEU,NEU::patches_233,2,patches,none,1,False,d8d82af5475004befe8aad2d33fa125d4f25a9d133a25f689bd6e434f1dcf1b5
NEU,NEU::patches_234,2,patches,none,0,False,d9094210db614a288863a4d96cc69430ec80189b77ba5a489eb89010d27ff11e
NEU,NEU::patches_235,2,patches,none,2,False,920d6955b3eec2d8777af6b97c21782822c2596c278d57d84a213db9d45ca58b
NEU,NEU::patches_236,2,patches,none,0,False,414ea0d44b8a8694ec810f8773c5318a863ccc30cbbbd0fa98c8c67687d189d6
NEU,NEU::patches_237,2,patches,none,1,False,a4c20056a61539628ff0da81d83a2cdc799136fba97ac8d641525abad293198b
NEU,NEU::patches_238,2,patches,none,4,False,3280a9e88f44688005a0c7b4f3ae7b8593e2791f8168568dd63a229de7598dcf
NEU,NEU::patches_239,2,patches,none,2,False,3231f7b287e4856079b3825f0c8da1c7f73715325bb411f792d40465274350cb
NEU,NEU::patches_24,2,patches,none,3,False,896839c104be92dd6dcd7d1ba13dabca2e2592f3d486e67398e6a536bbaab2a0
NEU,NEU::patches_240,2,patches,none,4,False,98ed6658cdb71e6b6fee8de73e6c203633be44162a80bad806c0092f3f029ef5
NEU,NEU::patches_241,2,patches,none,3,False,d8ee841afe3d24b39a3f1f5656780b75ce9b1e1b6bb11cb6953a99d0cbaaffde
NEU,NEU::patches_242,2,patches,none,2,False,2df3804d5f3d14eff1a21de3e6a348b09739d358ea31bf658a8cb3481d41ba3c
NEU,NEU::patches_243,2,patches,none,1,False,8e8fcd54563e51cb9d72bf739bf1ead8bfee6ec5c39fd6c9134ce0dd5ed714c0
NEU,NEU::patches_244,2,patches,none,2,False,315c904e5d70da210481d8a3d0353a46f3f7b7f10791140e74c0d5b5f32d0c10
NEU,NEU::patches_245,2,patches,none,1,False,aafd4d10099294256277db55a2e7931b10f04c5e55040e2f1a448cb3dbea9dfb
NEU,NEU::patches_246,2,patches,none,3,False,7f45995002795476b698d414a272a5e742e89098d6d15fe633cc6fa36d87f6a7
NEU,NEU::patches_247,2,patches,none,3,False,855c94193ef337063103964b1a6be05681eb08db3892b778fd43e1da58c1da0e
NEU,NEU::patches_248,2,patches,none,3,False,3d2c26ea976d8fffbf4c12713fa5ae9739cdb86702ec99a293fa22e932a32abe
NEU,NEU::patches_249,2,patches,none,1,False,2dc3453e4d6fbfa651d2625258f5b6bfbf234b13c294f82bc66b39b75c0318e4
NEU,NEU::patches_25,2,patches,none,3,False,3c2cc3eff5489f7b63d2dff96f4def2fd2f3a645e30a6f3446e3e0b51c61f67f
NEU,NEU::patches_250,2,patches,none,4,False,fcac664c792126f8bbe6f91e68c0a0dcb0d54cd224def3be7bf49936d7359c04
NEU,NEU::patches_251,2,patches,none,1,False,6efbb6c7d45b29f759993305699138358ed942ea479e3b11b397a8b08a5452ae
NEU,NEU::patches_252,2,patches,none,3,False,9e58a22421d0be152d754b40c490a34a3bc28a997f78dc7a51854c2409364513
NEU,NEU::patches_253,2,patches,none,0,False,b89d0a8707dc655037dccecb89adc179432b22a72f14c962241f30fc1d6eb6dd
NEU,NEU::patches_254,2,patches,none,2,False,59a375029c861f4a9ce59ca6df2ee257c0020aa4c1f2463f12bdb433c1fc4d9d
NEU,NEU::patches_255,2,patches,none,2,False,877905b79e570196b42d6e2befd56a28578a93caaa1ad87adcc64c6e7e2d887a
NEU,NEU::patches_256,2,patches,none,4,False,9b269fb885009d472b311b800460b1dcd0b7b6fdefc07b2588b4dc4bec23a12b
NEU,NEU::patches_257,2,patches,none,4,False,0a3c01f45ef41e5d16a39722fa4f1211cfd2d2e8d9ad17ff1170e491cbc973a7
NEU,NEU::patches_258,2,patches,none,4,False,c84926f3e184c145c36499809377afbfed5f87bebd5ff9d22dbba28291690ffe
NEU,NEU::patches_259,2,patches,none,0,False,19c9a24f2b5aa8b4a8e5b703aa7fb58af80c6b2f9d7d6342add68fe34c1ef3d1
NEU,NEU::patches_26,2,patches,none,1,False,662afb41b7d1c5bde0b9349ce2f5d76fb5d3aee3068b84b6ee03bad8811e69d9
NEU,NEU::patches_260,2,patches,none,0,False,66abc4550e371062fe3fe5eeb1ad4362dfd3a8cf3e53d568ec8bfd5e772f900e
NEU,NEU::patches_261,2,patches,none,3,False,e8a474c5aa2c24719e4409edde2f0b3b78c26f4da3e38cac5b1e1e39ea3c3f03
NEU,NEU::patches_262,2,patches,none,0,False,c89368f86ab398317eb89d1b0f0619206b5d9e5ad94e172b1b7c4fe39c66b23d
NEU,NEU::patches_263,2,patches,none,2,False,6b17042244a90f5fb4c1c95875e3153e136a8def40b32aeeace7b5a50a7c01a6
NEU,NEU::patches_264,2,patches,none,4,False,87bd41d2156623b33e07da6540a4b26df2f36d2469b3d935d33489f2198edd61
NEU,NEU::patches_265,2,patches,none,0,False,41100b9bd8340832ffd683c0d3a8d7f4885af68c3615d7851776430c75a17fb5
NEU,NEU::patches_266,2,patches,none,1,False,8b1bb04fc57972f8392a18c373d260441c819a650c2c0319f1304078c3146019
NEU,NEU::patches_267,2,patches,none,1,False,4c42e1f62c262d8f6019cb78f446b6e353fbb213dba084c4e9f58eb97af38dfc
NEU,NEU::patches_268,2,patches,none,3,False,79c04ddd57264674600662ec8941aaed6ca0d6f82aa4c595b1ae2b8af1eaf2dd
NEU,NEU::patches_269,2,patches,none,1,False,a92362a8674b188bbe4340c7fc47d839110a479cfd52479ce2c3e1db4556edcf
NEU,NEU::patches_27,2,patches,none,4,False,363f4cb0b22d52149a43b469283da65a8ec36bbae23def2ee677db23f9aa0f89
NEU,NEU::patches_270,2,patches,none,4,False,839e441d971b5032b74387b4c6ad73e4a763066ae091e72d34ff2d8f33b5ccda
NEU,NEU::patches_271,2,patches,none,3,False,c156a7fb1638744378b3a1d6cb8bdeefabb794c1b5a8cc7631b8fd71a54d3d8e
NEU,NEU::patches_272,2,patches,none,0,False,fab6bccd498ba53f8a27bede2ec0effa53d3b30c05f2a1df1923ab9dd6417db9
NEU,NEU::patches_273,2,patches,none,1,False,5d0b9c47b6f64c3bf47a139fd53ac2c23111f036d4a61312c57897434ec766f3
NEU,NEU::patches_274,2,patches,none,1,False,5dc9bf890f7261dc1c9a66d6eab3c7de7914d1b8778c67e98a6609fc2febf151
NEU,NEU::patches_275,2,patches,none,0,False,4e9f0be2c1b30d73fcc31215266a98e2fd3977c32d55757da1923170467c5fd4
NEU,NEU::patches_276,2,patches,none,0,False,dd3ed2d74c829c9318b0cef6166dfd146dc8d0853a6d8fe7bd60a0dc69a4969c
NEU,NEU::patches_277,2,patches,none,2,False,dc994b40ea8acfc0083506ff7b2e5b4d8be5691a3cd655e73180349dd0d2a7e7
NEU,NEU::patches_278,2,patches,none,1,False,b7cb46c7b9496613084079842e4b895ec1f69769d6d0d60ec3e051572e85d52d
NEU,NEU::patches_279,2,patches,none,0,False,d2bf11e2a6293675454996b47c2247a4a6dfe992fa9e6890900f47ebbbadbfaa
NEU,NEU::patches_28,2,patches,none,2,False,16e62ede3ef06e13473d5833fe4c43702325e86f6d34855465a35c43fcaf78f8
NEU,NEU::patches_280,2,patches,none,1,False,0c2f7d48bd413351cc0c50b71e806f82d1c54fcee9db74dc99aac2fb927941bc
NEU,NEU::patches_281,2,patches,none,0,False,7a9cee7c60897f04d1e777e760ede9846be68aaa74bc2e870929f46d035eb9bd
NEU,NEU::patches_282,2,patches,none,2,False,d31139e157f9d1b8f7021dac0124019d63847626960bcdc49d98caccd9233e74
NEU,NEU::patches_283,2,patches,none,2,False,65c3ac9d8c00ed212ce359f057e9978a4824d32bd4c06021e6afcca1d8ba231d
NEU,NEU::patches_284,2,patches,none,4,False,bdb2d8ecf644a70e53933064656ee0a272d4b72783c190925b52d2154f26bd20
NEU,NEU::patches_285,2,patches,none,4,False,7def0954602b375c6d4a4c57ddf5a78851549f58f91f4b5e6370343815b029ba
NEU,NEU::patches_286,2,patches,none,0,False,a7076ebb0a338b718a02a4428f4e04d614832513d838e23e01449f6377fc0d01
NEU,NEU::patches_287,2,patches,none,2,False,5261d0b7ee9c4ca06e32cb1b4888d139beb9acbd009ac4eadcb859dda106b5ac
NEU,NEU::patches_288,2,patches,none,0,False,6da34fabd707f6b8fc2bcc8ee164fd53fa881a8276089179e8abecbf95490856
NEU,NEU::patches_289,2,patches,none,0,False,d9a2f0f14640326213f17616892c3e94d22d32ee6d4673f440cf43ab2d5fae89
NEU,NEU::patches_29,2,patches,none,2,False,9751d8cee90dba22e1218cfb50df1942184096520fe2a15f372eec27f8e44b0a
NEU,NEU::patches_290,2,patches,none,1,False,3a3ef9ad75e44d1feafeb60e4e8054e04f226db4f45c8598d5ed75216878e14d
NEU,NEU::patches_291,2,patches,none,4,False,9afa3a077dcf17d80cb2aa4d82dd8ef9d04a9993fa28678214ac4b52aa1266fb
NEU,NEU::patches_292,2,patches,none,1,False,7aa94f790e2e69fcb4acf2e7a7ddc81ac63cb7f8ef9105ab87c9c20e605fb8ed
NEU,NEU::patches_293,2,patches,none,1,False,79c65389caf2906135bc9968e7dfaeeda1067adb821e70765a7e2ad8454b3974
NEU,NEU::patches_294,2,patches,none,2,False,28260a8973c0988bbb15e731191937f8aa06ff8f76b9f637cdd87a3573bae8bb
NEU,NEU::patches_295,2,patches,none,2,False,f3daada7e1852c8bf08f769c940a832e1c0ec514bc5b08a059814b47e87c011c
NEU,NEU::patches_296,2,patches,none,1,False,b80f700f2871cde38bff5a8f0c5adee3731e86116b3e4b1e2eadcfaa1966dd3f
NEU,NEU::patches_297,2,patches,none,4,False,0cec0be4c4130819995d9d766998f08826e433d561619c8f0f635a933c75cf01
NEU,NEU::patches_298,2,patches,none,0,False,7f1193eb62c98ca54123cc9b92cecc4486a79cdb3f489f7f863836ef09ea4a38
NEU,NEU::patches_299,2,patches,none,2,False,249e1897dcc805e311d4ba9ef5b4d57429f0dfc2d9dbcb52fc19928813676adb
NEU,NEU::patches_3,2,patches,none,0,False,2d6e349a35ac2ed4949e6a4b5f50ffef1e0b26172cef027405eea6c188dff699
NEU,NEU::patches_30,2,patches,none,0,False,7592e6e7afadf98080f4dbe6eccf15f9b1cb1e39afbd4e0c1fdc355c9bc721a3
NEU,NEU::patches_300,2,patches,none,2,False,c97e4426198ad6989ddf6c2cf1449e6231b1a6d05cc75443398c4ccc77c51d08
NEU,NEU::patches_31,2,patches,none,2,False,76f02e8cb7ba6f0981006abc3f964838a998cf94470918cce1a525be5c9e85cb
NEU,NEU::patches_32,2,patches,none,4,False,f1cc2da29bceb16f3845896cbfb025a48bbf86e14b38773042a8f3355cbf9ee0
NEU,NEU::patches_33,2,patches,none,4,False,48f16d365f49ec5ae025add65e89951206ac60a74583332fd45cfb541e0c35c4
NEU,NEU::patches_34,2,patches,none,3,False,dbe4aca05a9d06d4a3bd854f5e957943f09d6fc1995c92b4f1022f046dbfe742
NEU,NEU::patches_35,2,patches,none,3,False,82432820198842702516c67da59c853b45a0fcdcc99b7bd4d4067305e563f5be
NEU,NEU::patches_36,2,patches,none,4,False,16d9d374ef799b83365d544152aa4612e6d8aaa2584c2c9ccdbc5ecddca00752
NEU,NEU::patches_37,2,patches,none,1,False,652274f82d438b3e630a15f574eef99e8699daffbf36b0c295269658981777a2
NEU,NEU::patches_38,2,patches,none,0,False,850630a905233629d96e499f95cc288025add64fa216273b81fa0894ca4f4997
NEU,NEU::patches_39,2,patches,none,0,False,7147f20f064932b1608dc0e061836d9432882204b4b8ec8a122932dd30175800
NEU,NEU::patches_4,2,patches,none,0,False,3fa9c68092dd6daf47855bd70c9120cd3066cd9aed6d5b34e542a670aba124cc
NEU,NEU::patches_40,2,patches,none,4,False,f53035ba73bae155171b5f00e97bc030b5c0588a3a29f5ff86129f485908fa37
NEU,NEU::patches_41,2,patches,none,2,False,47fa240620b53d3e904860c9233616ffa07714e76b2bb0570973d42a356acae5
NEU,NEU::patches_42,2,patches,none,3,False,0dfc1c73fd895bfffe2a6d86840b8c44ff8ef4cb5d13e18a0f4cb01664b6e3a8
NEU,NEU::patches_43,2,patches,none,1,False,f39a7c42ad27fbeb5d7b5bc1bcf9db36b63eabdbeecae52aa5e30b8e17d43558
NEU,NEU::patches_44,2,patches,none,1,False,2b73682bf43d2fae72f41b3d0303b83f44dfadcc43d57d9c93dcf66ad316cdc7
NEU,NEU::patches_45,2,patches,none,3,False,1ecc9523532c76a310d26978323a052d086d6b7382673a6544b5bba6589e9516
NEU,NEU::patches_46,2,patches,none,0,False,2bc773158b38f9b4dea792a10311f8ba9eb81222454f6a347e500c8d7b3ebb9d
NEU,NEU::patches_47,2,patches,none,0,False,9480bc5ebd5e144c249be8f41e9cc08f11ceeb38b00f21c535e7f7d249ebfe6b
NEU,NEU::patches_48,2,patches,none,3,False,0d04cbafb4f85f684c20c7c2121d29b89f259d1e90c7c35acc6178e86dc41833
NEU,NEU::patches_49,2,patches,none,1,False,813fd3fe142c2c6a82a3c4d9f0752f7ea0a12e3c051fbc5c6e47417d3d097a1f
NEU,NEU::patches_5,2,patches,none,3,False,9f9d4356fbfc6f750225be8706c3c87c80749db66d5c68edaf43612c936909f2
NEU,NEU::patches_50,2,patches,none,3,False,bd1d51aab6e085e53bbd0511cccbeeebe4a410bbbf6fc2d06c87be776e8e2490
NEU,NEU::patches_51,2,patches,none,4,False,18d85c3b688f740fd42f09990f12327ad9d97238da066489ed8eb8ace4bad2b4
NEU,NEU::patches_52,2,patches,none,0,False,6c63d879043e0bf5a0e514c6205e15bb05cfe5932fb6e6e4e0cf35e899bf410d
NEU,NEU::patches_53,2,patches,none,0,False,e6ae7b224dda86e2217a8ad3695a46a68ba5e0588ad3e535632fa8fab51b9482
NEU,NEU::patches_54,2,patches,none,1,False,3917f309e0b449e00fb619f7f8e4cfa216181ff0a5fcd774b78b874847884760
NEU,NEU::patches_55,2,patches,none,2,False,09e0a0eb4007c107add4c1826438419a80ee03a859cd9878964f6a1e2138d3b9
NEU,NEU::patches_56,2,patches,none,0,False,2eb8a2241f30fe57dba0d3a3e399acdf081a7dc94722e6326defe7de8c28f384
NEU,NEU::patches_57,2,patches,none,3,False,ad85bc58b5b85587725a3d43f80689aed3a6559750a9177ff7cae7424a5831e2
NEU,NEU::patches_58,2,patches,none,3,False,00b535f833b0da0a11d89737458d619d9cb2adcc6f0d0991d17194b3145ecbd0
NEU,NEU::patches_59,2,patches,none,2,False,971381029c915999dd1f6c4773980467ec5188a0c662d438fcb98b8fd25fbff8
NEU,NEU::patches_6,2,patches,none,4,False,3292e041757d375f967dd817e9927477220057e29b61f514d3fba6e6bb867432
NEU,NEU::patches_60,2,patches,none,0,False,1fc9b5946cfd859f68e4c41b2b75171e36db8f6a3ead99d45ac4db7f4548170a
NEU,NEU::patches_61,2,patches,none,0,False,04fbf0f1dc088c1187e0c79ebec84cc1722cf47b27f2f1f6ae072e81c106e6b2
NEU,NEU::patches_62,2,patches,none,3,False,32817a5ff56d28a9ae23dfb54c66af057532e185301f6a9d220f26b39b69a436
NEU,NEU::patches_63,2,patches,none,1,False,f0f766eddccb3418241198b22811f720ac110e3dcc84802afa9ade0c7bd49ece
NEU,NEU::patches_64,2,patches,none,0,False,75ac452389f59bd725c6bf68f4521ba1471a556d30adbcfb5b29d1fa64fe023e
NEU,NEU::patches_65,2,patches,none,2,False,9bc86e5dba604d4f670bd6eb4517e936549eedf56e598af740845de5c7dd306f
NEU,NEU::patches_66,2,patches,none,2,False,c8f5da2d277d603369ac8288683add214cb7976ab9d2b05cfce59cbabe8a54f9
NEU,NEU::patches_67,2,patches,none,3,False,65273259d3645fe141523228332b96bcc3b5a14a053204a4043287970f7a3b4d
NEU,NEU::patches_68,2,patches,none,1,False,b321a0330bef26b422cb79a39196151b783bc28760ecc1dbe3f9efcf5d51b69d
NEU,NEU::patches_69,2,patches,none,3,False,cb53b10f2f667f4e050dabad2aafb14e1cb930abc6618f4ec52cfca6fb615901
NEU,NEU::patches_7,2,patches,none,0,False,45b4388e53fc01bd3c4a19b6febf047e0741c9ff5b592014978666c73df072ee
NEU,NEU::patches_70,2,patches,none,1,False,3c7de7e24fbb1a48d6a302b7f81a1939560708b244193706851e985daa27cfe8
NEU,NEU::patches_71,2,patches,none,4,False,260ebd8bea08ad0fff2b1aaf6d1353f474112c294438f3ced6bdbf5179393475
NEU,NEU::patches_72,2,patches,none,4,False,6d6bed66ce3e74b682388888f50979c7ab563fdd636651b1e3b16ee4d3be34e7
NEU,NEU::patches_73,2,patches,none,4,False,d9be27423d716b677d8a2bbcbc025bb34a076e172622a595a093e074bdcf925b
NEU,NEU::patches_74,2,patches,none,1,False,83e61428e26252fe1f9d4c8d2f0f88b192744a8ff274501b9a27ab5c3444ba09
NEU,NEU::patches_75,2,patches,none,2,False,4182308eccb755fbd7d58861f8662bc6e07234a5894e5dbf7c05fb3fe273e11c
NEU,NEU::patches_76,2,patches,none,0,False,330bdf47b236f1e6f798999556beeb3325c19fffddd8173ef8aa9941f0af86ac
NEU,NEU::patches_77,2,patches,none,3,False,916ccd6be14fd6c8677038281576b6ac0910f5a71f5db3b860e44e06d5edcdb6
NEU,NEU::patches_78,2,patches,none,1,False,e13974fc75cf9fc1af00d028e2a7d7a8f79c4b41ead19a3d64242daf2946d941
NEU,NEU::patches_79,2,patches,none,4,False,a067a12a0a6c2211bfb7a6f65a107bc5c247a47f420208d4504f14d68d456aef
NEU,NEU::patches_8,2,patches,none,4,False,9de6dd8f908d03729a7030de8584eb3018c5509b1fabda27e9312b1cec901cb7
NEU,NEU::patches_80,2,patches,none,1,False,31fe70de9d9bd5a348f84e7523682106f3cbac1a8fe2603421ae4792c98f1623
NEU,NEU::patches_81,2,patches,none,4,False,166d260252071650251d0a7ae8ba380fc33005e882799871fe60074b61da1e30
NEU,NEU::patches_82,2,patches,none,1,False,ef939b0e5fde664b7e4f703004b2227c81800c99aec3ac64aa97b26ee2f12664
NEU,NEU::patches_83,2,patches,none,1,False,bff8b23555a6654dd5a240992aee08df5e9b3fe8c688fefa37cf17bc9c2b6a3f
NEU,NEU::patches_84,2,patches,none,0,False,d0af1504ae045b785a8bfba9ede764ad8cb37122b544979d88beec7e82ce1819
NEU,NEU::patches_85,2,patches,none,0,False,763fb3e085fc251574ac8c8891df7fc1df858adef7bf6af4533e4b8b052c628a
NEU,NEU::patches_86,2,patches,none,1,False,2d3a44b12063dccbfb06c6efff8687bd7223450399e00c1ddcdaa8898699034f
NEU,NEU::patches_87,2,patches,none,2,False,1e5af4ebaacd3bcaf9f1cdb5c446052192c78a2d6a5552d530a1187930e58d76
NEU,NEU::patches_88,2,patches,none,0,False,611437ac025ff97ed6aa321aa504daee4f400921a1149a6ccc9eafe7e227ce29
NEU,NEU::patches_89,2,patches,none,1,False,9d66c91aec906d8be6a0296ffd1fb2fb337b6804bf684adce43229bdd664570c
NEU,NEU::patches_9,2,patches,none,4,False,48158c47d557ab7b499a34dbc2ba4955754a2235db290c5cc3c4a1266111494a
NEU,NEU::patches_90,2,patches,none,4,False,65704f810f46a2dd58e1ff24c78f75e2c46678266e1f76b927da7a340f24eff8
NEU,NEU::patches_91,2,patches,none,0,False,1443c2233065e7d99f7e24135b088e762f5ce1c09ac2662dbd2cb650490023d7
NEU,NEU::patches_92,2,patches,none,1,False,8b3a734f92577c089878018dcf563cfd73eb93fe0c2c3e4be60749f4c3d29dfd
NEU,NEU::patches_93,2,patches,none,4,False,1a7d1dbbb35ef9f8e44672cac1cf2018b00f61fd7547c3bd0283c7336fc7d9f7
NEU,NEU::patches_94,2,patches,none,2,False,be4e2ca0cad95d9dc7effb02b1a10318235767391674217a8b59437730708ea6
NEU,NEU::patches_95,2,patches,none,3,False,88c7fb7274a3d5d18a71143bb3c9fdc6acd0217d715300bd9195ce8eaf85874e
NEU,NEU::patches_96,2,patches,none,2,False,25744eeaf0aac9ecd72d030ca47085843891b2d6e3b1c0971f02bd0eb43b6ba3
NEU,NEU::patches_97,2,patches,none,3,False,9c08845910fa4492a657eaacb89a80890fd83010e79c94223dc38a6f4d6534b4
NEU,NEU::patches_98,2,patches,none,0,False,e366ca0d4ab2d15235a71ada431c48963cbac46c44d730364afd6413648c7edf
NEU,NEU::patches_99,2,patches,none,4,False,032e85df219d8d28b260d21b4171114711cab98cf525b8f61d832efd483723dc
NEU,NEU::pitted_surface_1,3,pitted_surface,none,1,False,38a0ece141350f5bed53c99da4d96ce25d42b3ed4248e536a579ab823abfb318
NEU,NEU::pitted_surface_10,3,pitted_surface,none,3,False,bd2c587072010df78e39b36790392ad28b6a0353b8d78a10afa56a25998a515c
NEU,NEU::pitted_surface_100,3,pitted_surface,none,3,False,df878735886705a5cf3e8d4024cd8d2729fd16cbb8696a289a7252b1854e7f0a
NEU,NEU::pitted_surface_101,3,pitted_surface,none,1,False,7df40e532413e8125e874e0d93467862e9b2aeba436d7e78f9fb93419e68a6eb
NEU,NEU::pitted_surface_102,3,pitted_surface,none,1,False,04cb6afe5cb2b4026f4546a742fb8d19840269e963a684d30c7ab54e576800e4
NEU,NEU::pitted_surface_103,3,pitted_surface,none,1,False,18a3a8a97ca9bb7b323dbba23ad48f391793626f8e1508b132ea3587e125a730
NEU,NEU::pitted_surface_104,3,pitted_surface,none,4,False,38fd5d9f816505acfbdc0bd52255fc6a0a50db2b408fd42aa8b0384115fefe81
NEU,NEU::pitted_surface_105,3,pitted_surface,none,2,False,dff0501d7a09a474271930b63e051e3a15613ab10d169c39d6c0453de23b3a59
NEU,NEU::pitted_surface_106,3,pitted_surface,none,2,False,d0809bf74c816873f48e5690a3d7edb590821f7f7294594af6b29100066fc76f
NEU,NEU::pitted_surface_107,3,pitted_surface,none,4,False,a1f9797208b18976c3ac2d9c80c9783dc747a812c47a40f1b6d72d92d78abf8c
NEU,NEU::pitted_surface_108,3,pitted_surface,none,1,False,78a9395980390808492e802391815b49696c0fd0bc8ed2e2315e82f64b3a27d3
NEU,NEU::pitted_surface_109,3,pitted_surface,none,4,False,dffb4f12feb3be5600277854c58ffe6b1579a5575a1d570838b0991280936c3d
NEU,NEU::pitted_surface_11,3,pitted_surface,none,2,False,64dbfff0db96f94c0b52a4354c93b6196df3e5bb962e22116988d5e0b0eae195
NEU,NEU::pitted_surface_110,3,pitted_surface,none,2,False,603b67f60855f5e5b99be81814987015fc24d8573390ea3995ac316e3739f43c
NEU,NEU::pitted_surface_111,3,pitted_surface,none,0,False,08a6412fd55add10e1547133fde43b852ba20c4ddac317c950ffa05b2647c10d
NEU,NEU::pitted_surface_112,3,pitted_surface,none,2,False,0c88b32244e8952c33367fbc895808513e4c7fc2396579ec0eb8a298777d5d2d
NEU,NEU::pitted_surface_113,3,pitted_surface,none,1,False,85988f6cae7b26bbb95668ae57ba731cd733d700631f1072a41a1c511c7b133b
NEU,NEU::pitted_surface_114,3,pitted_surface,none,3,False,f3baaa7f791f671bad4dd95f528746aaf40e677b8b5a371bc9e954559c5e1c13
NEU,NEU::pitted_surface_115,3,pitted_surface,none,0,False,f1bc1a620c2c46140f68b20fd1d74d1d6f16f0317f9c052ead9c4291550bed3e
NEU,NEU::pitted_surface_116,3,pitted_surface,none,2,False,65e9f60b8ed02f4891ae1b7759c57aa2295a67d5d8008aece4dfe6a925dc8c28
NEU,NEU::pitted_surface_117,3,pitted_surface,none,2,False,0ba87e5908b2d654e157dee81160a2f5a711d6b631c9a95f65203c1d39a02998
NEU,NEU::pitted_surface_118,3,pitted_surface,none,3,False,8fcda1c9f6a355a80e5411b5f88edbaf3069161bcba432fd9e4a529585d6156a
NEU,NEU::pitted_surface_119,3,pitted_surface,none,4,False,22b00840d783585bee690a1be5e7ac194a8fa627e25573252cfff23002ea3444
NEU,NEU::pitted_surface_12,3,pitted_surface,none,1,False,0c0f06d3952f180bb6723d619b50a5ff1c676fe14bfffe037397019f92e4b71e
NEU,NEU::pitted_surface_120,3,pitted_surface,none,4,False,297ec1a0a369123845e17c413587e5ca71563008ceb91c5355162f3b9d7c5938
NEU,NEU::pitted_surface_121,3,pitted_surface,none,3,False,edf9240aa7fe76ecfc0384e64000c24d59e38cbeab699f7c3a80bc908f5564a9
NEU,NEU::pitted_surface_122,3,pitted_surface,none,3,False,5934e4cc5c6bbadc1cea805fe707cbf4180c0b7a1cf341cf79c6788ab87c7bf2
NEU,NEU::pitted_surface_123,3,pitted_surface,none,3,False,cc953c4f1eac4e85ceef824bc68763ce0ab18af51799b5a19a0e258b868c6b62
NEU,NEU::pitted_surface_124,3,pitted_surface,none,3,False,dac1e12ff8fd41f06d5275d1244f7c5b67c98d14bc3b053da947f94cdd76ac90
NEU,NEU::pitted_surface_125,3,pitted_surface,none,0,False,a55b9e4172cde4c6441feb878a394c202b269bda1e9f4a7a61b41da7ac4fe85d
NEU,NEU::pitted_surface_126,3,pitted_surface,none,4,False,51179378d603a639c6a7158107977d2e58c7072c1be248366f3debde1b5066cc
NEU,NEU::pitted_surface_127,3,pitted_surface,none,0,False,f3e3485b985b6fc1bb6dd33232cd7140f25afc90fc8d3e3ac83d81571d847520
NEU,NEU::pitted_surface_128,3,pitted_surface,none,3,False,11cad42985c50774cdfc37f6f91f625e86c73c8f10563c15a0e8bf73130ce945
NEU,NEU::pitted_surface_129,3,pitted_surface,none,2,False,970f912b65572015c6be924332a361bc9033bbed55f7cfba4c9c48151b93cb3c
NEU,NEU::pitted_surface_13,3,pitted_surface,none,0,False,c58dcd3efefdf6a427b95b49035a7b40e952c63be773efd56bdc2163a4db5679
NEU,NEU::pitted_surface_130,3,pitted_surface,none,2,False,0d4d2589783dbf9ac9c1650c0134d14bac51c6e2f1e5308a82e8c4a132d83ec2
NEU,NEU::pitted_surface_131,3,pitted_surface,none,2,False,0a83aa10ba7b994ff4f43e7a2253b1085ff9837f7879136edd37886a6cf16f23
NEU,NEU::pitted_surface_132,3,pitted_surface,none,2,False,5f7a8aff9dc8874ed44837c96fdff07bb59e12d7db218ba92f46a9cf1017c570
NEU,NEU::pitted_surface_133,3,pitted_surface,none,4,False,8d13fd79bbee3c0bce2ad1a50c361e50c172f7e59dfe26eeb5f41b25b096fb20
NEU,NEU::pitted_surface_134,3,pitted_surface,none,4,False,4e77b73c0c3869eb8b9a94495c6296374f79976bfc68c2c83874e19371558831
NEU,NEU::pitted_surface_135,3,pitted_surface,none,4,False,edfbf2614088b45c122de369f0ede6d4cf513b2dbb5e0a2aedc37e912d2ca15e
NEU,NEU::pitted_surface_136,3,pitted_surface,none,1,False,be2dd28519b9d2e35420dab94db63adb8f1a0f5ff3012a75f69ef770c1b9e2c4
NEU,NEU::pitted_surface_137,3,pitted_surface,none,1,False,db701df4413c5913f0f67f7374ffe50b52931b46afe0cf9a276df742983e44b6
NEU,NEU::pitted_surface_138,3,pitted_surface,none,4,False,bec8cea242698b86eb179223494c7dba93a12e6e92c673623ce2148edc628b47
NEU,NEU::pitted_surface_139,3,pitted_surface,none,0,False,3959b69b3cb5d73ca2aeacda703c42b34af2be1c3aacd59c9712de88c54c9e8c
NEU,NEU::pitted_surface_14,3,pitted_surface,none,0,False,7898fe4fe87f61985faeff0c20476488180dca9545e324ce3710c8ac95d084f9
NEU,NEU::pitted_surface_140,3,pitted_surface,none,4,False,b81cccbe01de965e89e23fee0630c23ffca236c2bd7b4a0bca2f5cb45817d1de
NEU,NEU::pitted_surface_141,3,pitted_surface,none,2,False,d2ac0749d95210cdfddadfd8a28dae8a6b9ac7d1520daa2c9367b9a27648441d
NEU,NEU::pitted_surface_142,3,pitted_surface,none,3,False,1aebf4e22b9afea31144533fda985009b887172939f45d20ac027be24fe0abef
NEU,NEU::pitted_surface_143,3,pitted_surface,none,1,False,11989cce1e1ca2509772e88844ec32fb659d1a7a3fcb7e5ce9bf04e78f442fb6
NEU,NEU::pitted_surface_144,3,pitted_surface,none,2,False,195f74c60474e1d873462ca82185a1909911b4e273dcd393514623db193564a7
NEU,NEU::pitted_surface_145,3,pitted_surface,none,4,False,acdd1073b72b38592ca7e9f5e4b027eed2219769095c7fd5a990d310268fee87
NEU,NEU::pitted_surface_146,3,pitted_surface,none,2,False,bd138a884896606799978fcda063bbaf2a1a0d986ffbe808f10b859b0199ea3e
NEU,NEU::pitted_surface_147,3,pitted_surface,none,0,False,7c0b26e35c50d5fad55665427fa3a87712a9e2ea055d87906c56c146228ae41d
NEU,NEU::pitted_surface_148,3,pitted_surface,none,1,False,1a2e08ad1a06c2df27a4e6d90cd433477e2937fe95ee70189ae9571b45ab88db
NEU,NEU::pitted_surface_149,3,pitted_surface,none,1,False,733164e8a04943aae86a7b85d13331401b84f31f3413d99216c325f73306eeaf
NEU,NEU::pitted_surface_15,3,pitted_surface,none,4,False,53e7260d78101d4313f81b01e063e47dd3cc8974062ae4bfe8f9966d9136668b
NEU,NEU::pitted_surface_150,3,pitted_surface,none,2,False,3638923dd4d7c5f98dfbe9378fa009a8612d67f1a56f0f722a2a7f11c01ec6e8
NEU,NEU::pitted_surface_151,3,pitted_surface,none,3,False,5cb95bafcb084497ec3874ad6efba69512ea522feae5e678033b017e847b9c16
NEU,NEU::pitted_surface_152,3,pitted_surface,none,0,False,2f25db31d58ed8d62acd2371c9b9db717cda92f2436c4336c8956aa037d728ab
NEU,NEU::pitted_surface_153,3,pitted_surface,none,0,False,edac63aa6c0baa6e30f86ec7797342cf96605d6e25fc566700589b9f4522e210
NEU,NEU::pitted_surface_154,3,pitted_surface,none,3,False,cb154ef1ed441b221b54a0e298899c95ad04eb511ae31dfcea55d0a60ebc39d2
NEU,NEU::pitted_surface_155,3,pitted_surface,none,1,False,aa593a59fdc9a434f81f20e63741b27c32c5fc8bace9902bdfd154c6971b1683
NEU,NEU::pitted_surface_156,3,pitted_surface,none,4,False,8493666f951523858b3ef610f12f89c58a882e8044b618fe0685611e12824229
NEU,NEU::pitted_surface_157,3,pitted_surface,none,4,False,33afa881416db262ff8d434879d5ddeb6339a1bee6424acbbb89c2dbb2f1e16c
NEU,NEU::pitted_surface_158,3,pitted_surface,none,4,False,f974db6148b295ba3821601b906f828aa20a136cc6458af9fec9c24e5890922b
NEU,NEU::pitted_surface_159,3,pitted_surface,none,3,False,ac4f0a45732551cfa164a3bc6ecd1675b9c8a9a087dd1ddc6bae708ec20c84d0
NEU,NEU::pitted_surface_16,3,pitted_surface,none,4,False,aa77c688ffd4dfa8f6780653b961eb69bd28abfc1c7ec05c90e8bd214b393ad3
NEU,NEU::pitted_surface_160,3,pitted_surface,none,4,False,b9d02dcd7624fa4acc749cd90926411fa3e96d578c7c979ff5f4241df835bb0a
NEU,NEU::pitted_surface_161,3,pitted_surface,none,4,False,2e831d96126f240bc4615cddebe49aeef493d4927a05355541b845d624f4ea61
NEU,NEU::pitted_surface_162,3,pitted_surface,none,0,False,91da27038e46931779bd62a50210ae239a8ee0f0b70725c0d5777414663a294c
NEU,NEU::pitted_surface_163,3,pitted_surface,none,4,False,fab5744932d1ec330661ae33284428e376683c02514119f63c6de5d7e0de8f5e
NEU,NEU::pitted_surface_164,3,pitted_surface,none,3,False,8e85eb2f09f0454ccbb6b209e4995f8c1e134ff2b710e2f983367ac641832da5
NEU,NEU::pitted_surface_165,3,pitted_surface,none,4,False,33c41793939b2240f338bfd9bb83eb691d1b63b90326f48a4304fb44e0af7783
NEU,NEU::pitted_surface_166,3,pitted_surface,none,3,False,60dca15dd3a36d24887daa91eb2a37c9aca3e793801aaaa35cfa70e76c09c825
NEU,NEU::pitted_surface_167,3,pitted_surface,none,0,False,d7079a9f0b6fc5cc2e06959f2da61f863eb5a18454ced8fcc15f1137c8842c43
NEU,NEU::pitted_surface_168,3,pitted_surface,none,2,False,08a5244832af8b28d9246cfe2287d465c133b0f187322da442348bb1f3d1d3d7
NEU,NEU::pitted_surface_169,3,pitted_surface,none,3,False,8adde2933895b423743393c72db703ea996a0bec8dfe324ed055642763af28d1
NEU,NEU::pitted_surface_17,3,pitted_surface,none,0,False,efa2e345933a082a83e015e77c8a6f478cc33c5a28cc4e46c9e6ce53d3769a73
NEU,NEU::pitted_surface_170,3,pitted_surface,none,2,False,172e6d8fd52d7463fcf2576091971550f4b5de2d3567edc0c5e80f19e0f0cc91
NEU,NEU::pitted_surface_171,3,pitted_surface,none,0,False,d6d441431fd93301874b9cf5d291f95c33b3a5424f6b1521f11e0dede07bb6c0
NEU,NEU::pitted_surface_172,3,pitted_surface,none,2,False,1b6c04443bba76556ef7d2478932ea04ddac452ebe954f72c087f0ff8cc47b16
NEU,NEU::pitted_surface_173,3,pitted_surface,none,0,False,70867ad2f8960e4f00f80db2d0dbb1fda2bea7cc382d42ade30606b49a762dbf
NEU,NEU::pitted_surface_174,3,pitted_surface,none,2,False,af626cd84902cd7b4663043a36a81d0a019d954d9607879f6f7aaa96130441c8
NEU,NEU::pitted_surface_175,3,pitted_surface,none,2,False,afb29b73d7fae466b00ad572d37ae5be308ccd91cf57c82309331ea58ebd3fa4
NEU,NEU::pitted_surface_176,3,pitted_surface,none,3,False,8346be4d7aabc46d0886101c531a608c8a5b2873ba89b95648b59f6c91d20ec5
NEU,NEU::pitted_surface_177,3,pitted_surface,none,2,False,cf734cb6382268765c36de9d9fe9fbbc7d082943b271062e1861a71c4da97347
NEU,NEU::pitted_surface_178,3,pitted_surface,none,4,False,cf4f8193aeb1ca4c556720805b6b4ab7d8d0b4e30ee7d3ea1406bbfe0fe4a35e
NEU,NEU::pitted_surface_179,3,pitted_surface,none,2,False,71bc95c2b31192ae504aea3f1dd50f22344f0407ba414da0ea219768189b1b1d
NEU,NEU::pitted_surface_18,3,pitted_surface,none,0,False,d64413fba409a9234c5d72f363b09fec4938dc278f71e97377341671d3346628
NEU,NEU::pitted_surface_180,3,pitted_surface,none,3,False,2b42007398e13ddb5babeb349d90e3635d53c3133d08372d287a95109ed37cc5
NEU,NEU::pitted_surface_181,3,pitted_surface,none,2,False,31b7482b422c3941ac6a11ab1b2760253cd8961701b7a012035522cbea98c356
NEU,NEU::pitted_surface_182,3,pitted_surface,none,3,False,495c9dd26758ca1cdfd39436f3d208104d15378a948c77eb240805626bfe3657
NEU,NEU::pitted_surface_183,3,pitted_surface,none,0,False,08c86b3c67320c77cd7fdc77aa2485ed2b31c9a442399cbd5dff994ea41b3c5b
NEU,NEU::pitted_surface_184,3,pitted_surface,none,2,False,a6764f42e7608e539fd3b60c663b8f3bfc7d863fde46b2f41cc1c3dedd92c724
NEU,NEU::pitted_surface_185,3,pitted_surface,none,2,False,cbbd9e956886c5ea30e94d7f4cf26c81790b440839b7aa3f8fe08aa9cc6944ea
NEU,NEU::pitted_surface_186,3,pitted_surface,none,4,False,a1b72ce8de5c400c85f76234f2178ae517d660d1a9292681217983bc9b709311
NEU,NEU::pitted_surface_187,3,pitted_surface,none,3,False,df2347ec3e9637adcc36294b8a7b18060649129cdf2a7c23eca2ccccce60d227
NEU,NEU::pitted_surface_188,3,pitted_surface,none,1,False,1e76a357d396dec239656007172e46997273ee8c3307b246eeae95303f1234da
NEU,NEU::pitted_surface_189,3,pitted_surface,none,1,False,c1fa2cb0ed7e9bca3ca7b24bde379162d07de699bf37ae408b6cf57e551b0f84
NEU,NEU::pitted_surface_19,3,pitted_surface,none,4,False,7ed12bdb7a30a918bdbf14b37b5a5dedaeabbe9e6f6a5b6c63aff9fdcf33ffd9
NEU,NEU::pitted_surface_190,3,pitted_surface,none,3,False,cf3abc2609997d757cffee43193a1c17b3f17bfd96934e41be168254ffa0770a
NEU,NEU::pitted_surface_191,3,pitted_surface,none,2,False,4280f3f673781287869bae98e82ddb0701c8d74c3836a1a8dcfbd59dd68a71cb
NEU,NEU::pitted_surface_192,3,pitted_surface,none,0,False,6abbcc366958cfa091b89c4838ea43fe2b404b1456e94f1f454f027f0207e0ed
NEU,NEU::pitted_surface_193,3,pitted_surface,none,4,False,4fbd168afd947dc6cd6440ba16c211c5892b776e9db0e3c1a037dea20c3102a3
NEU,NEU::pitted_surface_194,3,pitted_surface,none,4,False,a8e91027261d33ad4c2058468f1b0a058fabfa6c29c4abfc1a0c9d42a80fe8f6
NEU,NEU::pitted_surface_195,3,pitted_surface,none,3,False,496a7faddb7fb2c2d2454ba1ac3abcbdb7e0b2d35147015987422027a85d2dda
NEU,NEU::pitted_surface_196,3,pitted_surface,none,3,False,e42dc05a223ea0e05edea37ff91b31c709dc061845dcbce245692bcff308bcbd
NEU,NEU::pitted_surface_197,3,pitted_surface,none,1,False,9897a8daae0073eac185c034f3a664a21b586005fdf2069346dc2bebb83daf1c
NEU,NEU::pitted_surface_198,3,pitted_surface,none,4,False,a460460283fd402e9e0f6cf07ed90cd0a3ce76e58ecedf31882adc9a02240f79
NEU,NEU::pitted_surface_199,3,pitted_surface,none,0,False,92b64539dbef7c4e515d113a114ff19b22a0d80d9c13d06d7f96df48d0b5e75f
NEU,NEU::pitted_surface_2,3,pitted_surface,none,2,False,389add56187e37997a7eebf2d6fe105ce47a9619560436bfc1ea32ec08f73d76
NEU,NEU::pitted_surface_20,3,pitted_surface,none,3,False,6e20a0c048f099170f8cdf08b011c8da6794e0d49d7fbe986c9600e2d5bb972e
NEU,NEU::pitted_surface_200,3,pitted_surface,none,4,False,05e116a8b71bbd2ef952d71836d43017f0b30940a17dce3ed62868c6d03cb865
NEU,NEU::pitted_surface_201,3,pitted_surface,none,1,False,568bb30a2536d70ce4be156e2a98825eea9e20c45bd603c06678a07f5c5dfd04
NEU,NEU::pitted_surface_202,3,pitted_surface,none,1,False,5897b0dbb3ed17cdafaf286793f856f3ee51e5aa507008204619909ee75652fc
NEU,NEU::pitted_surface_203,3,pitted_surface,none,2,False,b1696ee15b32b9a837187462324f5d6d047cd3f89cdc56641d10153411e3e03d
NEU,NEU::pitted_surface_204,3,pitted_surface,none,1,False,1e21cc5c368d9e015223dbac4771343d8acbb2b76c2ced5e49a319e1b1bb3f31
NEU,NEU::pitted_surface_205,3,pitted_surface,none,2,False,fe06df43b595bf9b9067f6f4437aa3ffe3534eb7b56d400f0d2c1712d287daf5
NEU,NEU::pitted_surface_206,3,pitted_surface,none,1,False,391de7caa6797b40467b1274be7b3b9241a79912813372ed40c061686dca3a95
NEU,NEU::pitted_surface_207,3,pitted_surface,none,4,False,6afad28d421f88534c6f44a5c54185fe68d6e30fe4ce55f698c6a4eff97186aa
NEU,NEU::pitted_surface_208,3,pitted_surface,none,1,False,2c14424b4a7895ac18bec0ad4692ceca810d5d099aeff58eeb741d5d8d40ff8c
NEU,NEU::pitted_surface_209,3,pitted_surface,none,3,False,76aff94fc0715efb879685a56ab14ced25a300216035f1262a0223d3a77dfe22
NEU,NEU::pitted_surface_21,3,pitted_surface,none,2,False,2e6e07a89d10430905dd4f20e89fecb5fd03c0e29e47de9f35e001a4209373ab
NEU,NEU::pitted_surface_210,3,pitted_surface,none,3,False,885c345fcea43592d1b3b8b9d2ad23a1dd4db9ba812be39b2e7a0987d837f314
NEU,NEU::pitted_surface_211,3,pitted_surface,none,0,False,29083485e5fe4dc1a540e30697534e268f7b646ea41e3397207dda5a48ea8b57
NEU,NEU::pitted_surface_212,3,pitted_surface,none,1,False,d577914facd1ea5374575111d224ae145e0a6d76b642d3cea95a62121cc36983
NEU,NEU::pitted_surface_213,3,pitted_surface,none,3,False,52ebe98212b1df478c828c7fea519c35e85f4c7cd7879fd510c9c836fbdf9492
NEU,NEU::pitted_surface_214,3,pitted_surface,none,2,False,b700ddc547f3ffa22408554d90dbecc41870e42fb02cb030272fe1cb871c5e64
NEU,NEU::pitted_surface_215,3,pitted_surface,none,1,False,43a0b26cea6a82a9d71121ffd0e736f6357fa9cbcc7aefb7ad35f5fe0e373342
NEU,NEU::pitted_surface_216,3,pitted_surface,none,0,False,0cc8500cb005542f6dc42c57dc10439bb202d62b7b6376e0d7407ab63c073ec4
NEU,NEU::pitted_surface_217,3,pitted_surface,none,0,False,6f1f26a6ace02993d898f43ca3e9d6d04bdbb8db1e7dac5d39129db0ec789791
NEU,NEU::pitted_surface_218,3,pitted_surface,none,4,False,0f24dcb09eb61b04a299bdb63cb829404d787b8060f7900adab631178a9446f1
NEU,NEU::pitted_surface_219,3,pitted_surface,none,3,False,5320c3405306655a27cb9452538ce7d3fd1f9a2b7be03e7f152472b1be5ce529
NEU,NEU::pitted_surface_22,3,pitted_surface,none,4,False,7c856260062dd39b4a02f77d5387f7f29059de2cee995c2c2bb60cc9eada39ed
NEU,NEU::pitted_surface_220,3,pitted_surface,none,1,False,fed492c4346a483756fffa78f1f97d92410b94afef6d20b470026dc21bd00f56
NEU,NEU::pitted_surface_221,3,pitted_surface,none,3,False,6a2224a64ceffa893be6b282bca163a986567529f9ce5d52b949bc4fa2bab382
NEU,NEU::pitted_surface_222,3,pitted_surface,none,4,False,44f1fa209748d5d5ace64ce627fedc76df2e88a1c54b20366a6becc6d723aeac
NEU,NEU::pitted_surface_223,3,pitted_surface,none,0,False,93674f451227f71e21513aece38ffbd9de074ff66434bc640c5be7d0e52d5d41
NEU,NEU::pitted_surface_224,3,pitted_surface,none,2,False,419e1d0d40ce7c53fcce40b55f4b8091d4573881d2315969d74318df493a0e80
NEU,NEU::pitted_surface_225,3,pitted_surface,none,2,False,23be66132f661ba432b06ba402734cbe12d05d5eca0bebed90b99d9f15cec92f
NEU,NEU::pitted_surface_226,3,pitted_surface,none,0,False,8d08c943af8c0783ac007753d6450fd5a5828e129e199d943015f2b45c54be9e
NEU,NEU::pitted_surface_227,3,pitted_surface,none,3,False,67bc72dc62f6bfbcf417b731fab4a3dc6b4eb54079bd17195abfceae02a38454
NEU,NEU::pitted_surface_228,3,pitted_surface,none,4,False,a10e61fcd8ebed18668bd1ff308bf7a7e51147e25d5aabe55cf37730058b94b7
NEU,NEU::pitted_surface_229,3,pitted_surface,none,3,False,fcbea3daea2af57f5ecc704b6c61ac4c61a7e1e8ed047f8152b24c3c269f79a7
NEU,NEU::pitted_surface_23,3,pitted_surface,none,1,False,8f5618c22dc644e5d6e2683217caebbacbe830d3279dc1fec9619a39380fc222
NEU,NEU::pitted_surface_230,3,pitted_surface,none,3,False,c9eaa9c832649fe4b1fb3f7892bef6aff8f1dbdc00a4528f899bc6bfc303a8dd
NEU,NEU::pitted_surface_231,3,pitted_surface,none,0,False,0bfa310238545597ac7a48495a85ae1a945d2f6f8e4fa470d1bce5f4648c931c
NEU,NEU::pitted_surface_232,3,pitted_surface,none,2,False,7fc724b97720558c8368af9ba71a65c100eb8cf912904d40bebd69498d87c489
NEU,NEU::pitted_surface_233,3,pitted_surface,none,4,False,a5e0724b49500d56911c65e25705e564217d7e39f098921845beb08feefc88e3
NEU,NEU::pitted_surface_234,3,pitted_surface,none,1,False,60fc8a38f90fc137e91ccb6877a0fd38e882f696f8837382615b71ec712e1e70
NEU,NEU::pitted_surface_235,3,pitted_surface,none,0,False,a5dcbe35d37f72bd55b1d06e9c1bc2ad856bfd522a4c615f707b0257340c4727
NEU,NEU::pitted_surface_236,3,pitted_surface,none,4,False,4fe9242908c05da1e83d2d4c5aaa4ed0834e793e2f3de534a44da67fdb610617
NEU,NEU::pitted_surface_237,3,pitted_surface,none,4,False,72b3058a737c51a0126269a3d3472d6221f5ca94d5000461adb2f96e3e54ef91
NEU,NEU::pitted_surface_238,3,pitted_surface,none,3,False,90feebb241d179173583a55dcc2a072775de44e067038d60513c6c366d4eeeb3
NEU,NEU::pitted_surface_239,3,pitted_surface,none,3,False,8d4e09024169da0d8576ade255faea115122b35cbfddb3861ba2831ecc31cb1c
NEU,NEU::pitted_surface_24,3,pitted_surface,none,3,False,cb8db299c4721fe71c11b8e12b8cff93eb0ff2bf4581d3db218f4b2226a18166
NEU,NEU::pitted_surface_240,3,pitted_surface,none,3,False,f15af60ae8db80ad345879098107b51cd4b89e1eb225a90a326d71d2be56e915
NEU,NEU::pitted_surface_241,3,pitted_surface,none,0,False,311893098116d7261e0b6a16e668067c7b6abf509fc77286fad3236eb66700f1
NEU,NEU::pitted_surface_242,3,pitted_surface,none,2,False,dc6698c721ce47ee32e523bda7d745ebe5f956adcdd3668f4333b2dc68678d54
NEU,NEU::pitted_surface_243,3,pitted_surface,none,1,False,0ff5b95f2010a0ab272018255023c9aac1018ec23243759e4d9eab1dafbff718
NEU,NEU::pitted_surface_244,3,pitted_surface,none,2,False,d52e8420e4e2cef07ecb4dd3ab16938d5c38b0389c2a525173cb61ff09879783
NEU,NEU::pitted_surface_245,3,pitted_surface,none,2,False,3d5d529e56063314e4d8ba3dd836dd7cd1604d39c02d5359394e98f8c5acc036
NEU,NEU::pitted_surface_246,3,pitted_surface,none,0,False,373a2ca677d011ed35deab53b76e08c8275a4c947eedfe70850f90d34ec7802c
NEU,NEU::pitted_surface_247,3,pitted_surface,none,2,False,8310db26d29d04eecf6ffbf01a3e3951f0a7286036c4bbb6c6c923c830708cd0
NEU,NEU::pitted_surface_248,3,pitted_surface,none,1,False,32d2a7a3b527376a150443b005919884a24715ca6dd95256d5bccec8a32c556b
NEU,NEU::pitted_surface_249,3,pitted_surface,none,2,False,d8edffece38a3c0e78aaff137446c7aab54a2277f46d8f743ff526a9a3033add
NEU,NEU::pitted_surface_25,3,pitted_surface,none,0,False,943c5054815b05422d178b9f6040aaffd378bb094389e51662ab757e584a095c
NEU,NEU::pitted_surface_250,3,pitted_surface,none,1,False,6968f38ce345e863cff39de195f36252e62cc23b0c75cf12ff6a811e94c622b2
NEU,NEU::pitted_surface_251,3,pitted_surface,none,4,False,ac1bca8a4ecd2fb572b86695c488e6152db32675d9b651c062849a96bce9098c
NEU,NEU::pitted_surface_252,3,pitted_surface,none,1,False,71d965945231aa19dc245ecd53709cc421583984d1660edb5ab29a37ed06ed62
NEU,NEU::pitted_surface_253,3,pitted_surface,none,4,False,0c62aef76c0cf9fc3ec3f324ae4f52deeabbe7172ee2fe296f762ecb16d2bcab
NEU,NEU::pitted_surface_254,3,pitted_surface,none,2,False,f12aea95221e055b3707857a161825be6d9cd40cde27d53107b7009bc8a6a0a4
NEU,NEU::pitted_surface_255,3,pitted_surface,none,0,False,7d9a04ea3a7b664ae945103616f22ef85164b8a217a61890f02e26017c11ad05
NEU,NEU::pitted_surface_256,3,pitted_surface,none,2,False,ffe760f0e5b5f36859d09e5fa35ee754c2d4da0102a326c70293842868be4869
NEU,NEU::pitted_surface_257,3,pitted_surface,none,2,False,caf4b9386a635786a2cf3f09adfeeb163f36266378a0c31fcd904a97cb62c590
NEU,NEU::pitted_surface_258,3,pitted_surface,none,4,False,082cb141198cdc60879e15f3fa0765e99554ea4df0e7c7d6768eea189582c3c2
NEU,NEU::pitted_surface_259,3,pitted_surface,none,1,False,f224ab0dbbf358f4c6e7e23b6ac07127a11dd4ecc35e1875e7222ba0d9c0f127
NEU,NEU::pitted_surface_26,3,pitted_surface,none,2,False,1aaffdbdb12f5d3dba85665e436e5e3b1d4a6deca67abdd0908185950c444644
NEU,NEU::pitted_surface_260,3,pitted_surface,none,3,False,5110aff87b7391929ab30ffbd01dc57c9ce8f4576f7257db6ebb541d2b6053ce
NEU,NEU::pitted_surface_261,3,pitted_surface,none,3,False,7882542d6bcef5c0a38b177bbd84c527fff9aa3fe289c71a7f7c16195212b984
NEU,NEU::pitted_surface_262,3,pitted_surface,none,0,False,003834a337c2a0e0f9239d0a6d44c15d8b3e74c1c9eca615ca35295f37b38778
NEU,NEU::pitted_surface_263,3,pitted_surface,none,2,False,6f0c8f0ed86a90ac96eb64bb8c6c1c67781c342b356797a01454f2ee013af18e
NEU,NEU::pitted_surface_264,3,pitted_surface,none,1,False,b8f33836036497d5b83075b2bf5a093601ecf13c4c81d35a1f3af008dfe52dc3
NEU,NEU::pitted_surface_265,3,pitted_surface,none,3,False,acd4b4df93e0c79a692fd5da209cacca3e35606263d5ede0c800773699cf13d7
NEU,NEU::pitted_surface_266,3,pitted_surface,none,4,False,d59af1a5f35ba00a9cfd9ef828b4817d110dde01008cf5132f33b852afb0e9f4
NEU,NEU::pitted_surface_267,3,pitted_surface,none,0,False,f09776c48b5920adfb3dc441e4cb2fc446b35fc45da3e39f71c2d6a625215788
NEU,NEU::pitted_surface_268,3,pitted_surface,none,4,False,62c8106f8afe8a3e0a3f6ab5245d6384f6f5f216333f1e73e0b5068b43833a7b
NEU,NEU::pitted_surface_269,3,pitted_surface,none,1,False,107570ad7f158697ba47bfc6d56b7bbcb59cb92f4f558e6517d5581f708b6a63
NEU,NEU::pitted_surface_27,3,pitted_surface,none,0,False,725a5eae64a7b0d0324d363d6f9fd1fb2347d22d5c3fd0dbba958041cdd521ef
NEU,NEU::pitted_surface_270,3,pitted_surface,none,3,False,4d4074af862f2a649838d3e4ea4503d74de1a05b3d242eeb3eff323f9b2e1ebd
NEU,NEU::pitted_surface_271,3,pitted_surface,none,3,False,574c40cc98d5a5b62acef70b67953651a0f64ab32211eb30a47171c8812e1975
NEU,NEU::pitted_surface_272,3,pitted_surface,none,2,False,5276aef701a487548d42471c70ce9b1407c304313d9a36a5f7bf0e10c92467f5
NEU,NEU::pitted_surface_273,3,pitted_surface,none,3,False,478bc609f0ac13106fee87bd8b04b1f9c73159682ed58fff084611fa04b718c6
NEU,NEU::pitted_surface_274,3,pitted_surface,none,1,False,698933de2e9fdf591adcc3f7792c0447cf818b493b7072137c7773ae93b15870
NEU,NEU::pitted_surface_275,3,pitted_surface,none,1,False,58594a1b490b1918d0ac3a039550ce46634b19ca12602ce36c470af0b57b4f28
NEU,NEU::pitted_surface_276,3,pitted_surface,none,2,False,f381ba16a13c335d99e485080a8c771810d79a17e7f027acc417ce378f6e4c74
NEU,NEU::pitted_surface_277,3,pitted_surface,none,4,False,cfa49c7eb0958b57f8eb2f4c63042b188f3290ced92c015e774c8553e8431f3b
NEU,NEU::pitted_surface_278,3,pitted_surface,none,2,False,a2ca53c5f4dcbc1afb5c6bd056fd7b18f83e7a9619b617b050a0ac466758d3fb
NEU,NEU::pitted_surface_279,3,pitted_surface,none,1,False,54dc6e81c383ea7f2da249324069777408235d16a3ea21471b0573b94fa3aba7
NEU,NEU::pitted_surface_28,3,pitted_surface,none,3,False,6500eecd69447d4979ad593da486c86baa426e3a4bce598962489750a56b63d9
NEU,NEU::pitted_surface_280,3,pitted_surface,none,3,False,a3d0169e01ee1ef9879e52fe2a9c3b9ff3ccce4efbaeb7b55d42e0385e751ca2
NEU,NEU::pitted_surface_281,3,pitted_surface,none,3,False,95f7917ac8309632a4c42576fbe2ca5b49aeecf0af6730762eda25ea3246795d
NEU,NEU::pitted_surface_282,3,pitted_surface,none,0,False,cddef1a10e36aa1dd8c42fc5f2acd66e74c50b547ad905eb8baa47fd5800321a
NEU,NEU::pitted_surface_283,3,pitted_surface,none,0,False,a7848a058d4eb08b6f4faaf3dd44c0a956650205748301236b17426d57097aa6
NEU,NEU::pitted_surface_284,3,pitted_surface,none,2,False,b91c92306577ac1022c23895570c9c24f29ee73745da604f5b75183b9c91b1f1
NEU,NEU::pitted_surface_285,3,pitted_surface,none,1,False,67ba9fbc2930c05bc1f4563f9124a711b16f1be6424cf1dab9278b9edf45fefe
NEU,NEU::pitted_surface_286,3,pitted_surface,none,0,False,8fa8faa63ff20acafbada36cfdba2d71202c7148af01e0c9e39b060b92c3d219
NEU,NEU::pitted_surface_287,3,pitted_surface,none,3,False,c77cc92be88c61ee91d1b79c527e158d457db236c4bcb844874350cb7dda7335
NEU,NEU::pitted_surface_288,3,pitted_surface,none,1,False,b816257cb09fcd1a3c70f8b1a11a459f21ca434490ae70d1c85b67fee97cf66d
NEU,NEU::pitted_surface_289,3,pitted_surface,none,4,False,657ff0c9728739c62c7b120e78cfe091740c7f466dd984467e8cb02f70e4b02e
NEU,NEU::pitted_surface_29,3,pitted_surface,none,4,False,1cb876a9d3d7b1102b7a7af13d0bfadbe5b7055dbe84623c23ab972cd9ef79fd
NEU,NEU::pitted_surface_290,3,pitted_surface,none,0,False,a6eccecb7af92cb4b6a938125998e324391eadcb34122279cbfad15af17e347b
NEU,NEU::pitted_surface_291,3,pitted_surface,none,1,False,d5174521affd4f53f17e4f836b0e77cab67cbeb5eb27df3f455c945c74c32f0e
NEU,NEU::pitted_surface_292,3,pitted_surface,none,1,False,a42ca33bde4f8241cb41cc0898caa3e1251f11d271f516aff32314877dbac51d
NEU,NEU::pitted_surface_293,3,pitted_surface,none,0,False,59e6160da4dd50f8e6e9e80f0161aea97328d626a56c2e36403799975f0c3a17
NEU,NEU::pitted_surface_294,3,pitted_surface,none,3,False,3e8d7b4980ba54f2bf86ebcc9e8d72fb3cdf2dbe4c73c058e406c05b111b04a4
NEU,NEU::pitted_surface_295,3,pitted_surface,none,3,False,1a2471cd8d2434a2eb72aa2713ba06554da095ff8bef6da28b4c33b4d819fd3b
NEU,NEU::pitted_surface_296,3,pitted_surface,none,0,False,fce05758c0878c49a9a471888522d44883e9b6a4183a103acade9890c00b30dc
NEU,NEU::pitted_surface_297,3,pitted_surface,none,2,False,1cea18a9361b852b51ef437201890e7e6ced6d265b0249fa6dac144fe584076d
NEU,NEU::pitted_surface_298,3,pitted_surface,none,2,False,ffd6c20b0571b9d4a4cd08d8de1e3ea851989c12c5348c2acdd9bae2a4ad2a76
NEU,NEU::pitted_surface_299,3,pitted_surface,none,2,False,3f5cc6ab754ae9eea0ac28f797bdf7be4ca6d330791eb11361bd37a9e269f345
NEU,NEU::pitted_surface_3,3,pitted_surface,none,0,False,03db264bd3a288ea60e0e40efd521e91f3d2c638a64df4fe9e51d1cce8617daf
NEU,NEU::pitted_surface_30,3,pitted_surface,none,0,False,306098fc0e18d042291be4418c1c664271a7e851e0ca0f7b41f90ed485d83bda
NEU,NEU::pitted_surface_300,3,pitted_surface,none,3,False,8ed56df34f6bcbcb5c60384c1c37b05d01365dfbb81b1a8855fbbe260718a32a
NEU,NEU::pitted_surface_31,3,pitted_surface,none,1,False,6be554255e6859c5e1dbd4c07fefe00e6e304362da5246dbdafd99341fe0086a
NEU,NEU::pitted_surface_32,3,pitted_surface,none,3,False,507b255dbb67572f745c5b7e2a7407e7514bd2232f98f6fd524fee893d5bc7f3
NEU,NEU::pitted_surface_33,3,pitted_surface,none,1,False,af99bdfab330b77986583aaa86da06f6ddfa291d2a365e6ac09e24b3ae17e321
NEU,NEU::pitted_surface_34,3,pitted_surface,none,1,False,ed7d558322552b8c5e21af130313dcdceeb764c3764bb9f102eea47225a1fdd5
NEU,NEU::pitted_surface_35,3,pitted_surface,none,0,False,e77933cb6d561b6fd5873d433367d4a504c6f53a6ed13576d516f3f9274b5c65
NEU,NEU::pitted_surface_36,3,pitted_surface,none,1,False,3954a55a23832a84b6666510890149fd164489e1cecf94860d3defac8d2ef5ef
NEU,NEU::pitted_surface_37,3,pitted_surface,none,3,False,eefa9cf6b94908b295f83a246db887ae02e8a97ccfdead52031be615d29f6e50
NEU,NEU::pitted_surface_38,3,pitted_surface,none,4,False,f37fde07c3afe1f5051f0c31c9ff7d1cbbe1da703ff3d7b27125c3366f0b7ac2
NEU,NEU::pitted_surface_39,3,pitted_surface,none,4,False,8045c0220b70504345d02c81c69845e48bac0417e3472d3703027c96965004fc
NEU,NEU::pitted_surface_4,3,pitted_surface,none,2,False,d74f4eb848d694be8a3988fc327053dbea7dd0f0b2cbfc0fa48fc0a8a024b909
NEU,NEU::pitted_surface_40,3,pitted_surface,none,2,False,90f777c4cf0471e5832ed22f5bd79bfef6be9dcef7f26f5655af2e7b4df91e71
NEU,NEU::pitted_surface_41,3,pitted_surface,none,2,False,50ca0984e1b38189c34e62d61edd2a4c21202d3353a20ea9a31722dd25b72201
NEU,NEU::pitted_surface_42,3,pitted_surface,none,0,False,5e71dd4fcf0975c0bd8bd75c24dc047627516f66d59401f941b97b469d016f48
NEU,NEU::pitted_surface_43,3,pitted_surface,none,0,False,d13a0906ba9e34d170ca9d2309b7e713664b1da1c814a7aad16513f6a9ab9f60
NEU,NEU::pitted_surface_44,3,pitted_surface,none,0,False,1d2129cadf9076d425e125a0596b462a8e5dc39398ca72902e4fa4df8beb6857
NEU,NEU::pitted_surface_45,3,pitted_surface,none,4,False,afab3997bbd828d18fb1d87eec86e513cabecd63a6ce44207e35da85c7b043a9
NEU,NEU::pitted_surface_46,3,pitted_surface,none,3,False,c5340e6c7f50d8676b0407259ee687b27f8920b441afe943e7ef800d93bb65a5
NEU,NEU::pitted_surface_47,3,pitted_surface,none,0,False,e3c440844067a1022cabe8d8ab71283fda70210f94da1394f9296a58ed380ee6
NEU,NEU::pitted_surface_48,3,pitted_surface,none,4,False,d5136b7f1a4b9588c04c1c30c329cbe45368cd9c5171370b38d0c0ef306d825b
NEU,NEU::pitted_surface_49,3,pitted_surface,none,2,False,a9670be72781679c10fa4ae7c174ab3c6196e4a3b38545aa318116a58123d49f
NEU,NEU::pitted_surface_5,3,pitted_surface,none,0,False,6484ec2d13587a91d44089148a7e64e5d9f51116715256d5d5b994f101b6b868
NEU,NEU::pitted_surface_50,3,pitted_surface,none,1,False,046697383b1e45b1e6545bd84896610cdf9788643a11a525bd4e66809bf1f150
NEU,NEU::pitted_surface_51,3,pitted_surface,none,3,False,1cc100bf4d30f06d7229f6be837fd25e84b7f2540b9b61c0752c7ea8290c6a68
NEU,NEU::pitted_surface_52,3,pitted_surface,none,4,False,bbe51811b92b40d7c34e1c05de5ee74285e2dd605fa971e0c21b3aa74957a8ad
NEU,NEU::pitted_surface_53,3,pitted_surface,none,4,False,4e8dd9c0a12898861a575108b45acddfdfc342f3d346c089f9eb9d56f3c4281f
NEU,NEU::pitted_surface_54,3,pitted_surface,none,4,False,ea6601517e39dbac5c65bfe801ed5599befb64e7ff20b468d07e8e09148c95f5
NEU,NEU::pitted_surface_55,3,pitted_surface,none,0,False,00cfb7a08d4bcc88ea6699a69bf1ecced87d2cd2d25e17b88ebad19d854ca63d
NEU,NEU::pitted_surface_56,3,pitted_surface,none,0,False,92899dce5b9fba8de221a26a0e04c1f15d2f84c669d1b385803dbd8a76fd98c3
NEU,NEU::pitted_surface_57,3,pitted_surface,none,0,False,59c28c2a5bb33b78236ba5035ab7e7e37acbe98c9f1d8bea9f9635aaa68cf2c1
NEU,NEU::pitted_surface_58,3,pitted_surface,none,0,False,c739fc8183b7130b79c5950b62464216814b063ca268005e4aec08671b39bab5
NEU,NEU::pitted_surface_59,3,pitted_surface,none,3,False,9dd92f35fe35591114f3c34c814f9a0706971153ea868a2a597e28aafabb2d29
NEU,NEU::pitted_surface_6,3,pitted_surface,none,1,False,aaa6cc094dd7be08524e6fb7a9a861e885f4409dc96b53301392dbb6d0941e92
NEU,NEU::pitted_surface_60,3,pitted_surface,none,4,False,cd6d2ba79d8acdea1aeb393182016fbee35d55dc142efac01c1706ef791bca8a
NEU,NEU::pitted_surface_61,3,pitted_surface,none,0,False,ad6f2b128872256beeb6a0457377b4a834050a731f976fc8f3dcc75a0febcf23
NEU,NEU::pitted_surface_62,3,pitted_surface,none,1,False,f2746e85b8590550ac82838e6539dcda6a0bfa68c95acfc98ba8281de62e963f
NEU,NEU::pitted_surface_63,3,pitted_surface,none,3,False,c187ccec526bd06bfa42f36b6d928f87cad59bf691bb9e2fd6662b52395970e4
NEU,NEU::pitted_surface_64,3,pitted_surface,none,0,False,37863072e74292a7743d079bff854875c9fa089a647b5eb9ca3ed889d51075e3
NEU,NEU::pitted_surface_65,3,pitted_surface,none,0,False,f34e6e2986b6efc0c7281e6765d94c0e449dada265f65dd42074ba2abbdc63d7
NEU,NEU::pitted_surface_66,3,pitted_surface,none,2,False,066bf3f2952da00ab4f5cdfa1bec8bce8c08d71ff7adb7a5ab55ad55caa02a0c
NEU,NEU::pitted_surface_67,3,pitted_surface,none,0,False,4c4edeebf71125633834821d9fa8259881aa9881e715c9af06124da020081559
NEU,NEU::pitted_surface_68,3,pitted_surface,none,4,False,6dce24c80afbd882a5c86c478aa66f292f40c415070a9ae0b3773b08ba55104c
NEU,NEU::pitted_surface_69,3,pitted_surface,none,3,False,411dcbfc1f8252da5c9395b2036d6b90ce71fdf54b577380b1f30466945a467c
NEU,NEU::pitted_surface_7,3,pitted_surface,none,1,False,c348e6929eb0d8c7f3207ea887e7a6ce4e7eeb43c354c28789927f0c625d1c2c
NEU,NEU::pitted_surface_70,3,pitted_surface,none,4,False,873394e2dc97b96c8d1608bb7add234c4864d660ab46125af2e14053d04dd9d5
NEU,NEU::pitted_surface_71,3,pitted_surface,none,4,False,58e9aec52c45805cab6805931fdeb0c2a07612157dd7085b298be65db55eb093
NEU,NEU::pitted_surface_72,3,pitted_surface,none,1,False,7cef35017533cd98b77b8e622155d0292df3ac103876d9bf17710d240596833f
NEU,NEU::pitted_surface_73,3,pitted_surface,none,2,False,821b1e0cea8c13bbf9629dac10958da3ebe4f74560d311b4fd398c820e76d129
NEU,NEU::pitted_surface_74,3,pitted_surface,none,1,False,ad625a18cb4f61b4c35b5ea6618110cdfb5c8a0acb2e426e67befad791602db9
NEU,NEU::pitted_surface_75,3,pitted_surface,none,1,False,6f488898023e07c9c4f37a59fcb942d667d544fc86c82acbc3b4562a884214fc
NEU,NEU::pitted_surface_76,3,pitted_surface,none,1,False,7ab2624513ca51f7c4c6c1a6ce156c06a9e8ff023c7242526117bd278e7d89e8
NEU,NEU::pitted_surface_77,3,pitted_surface,none,2,False,3a1c5c858c6e9c70173e96762537c1feb8cd9485de3ac29af1368094e5b6e4a4
NEU,NEU::pitted_surface_78,3,pitted_surface,none,0,False,2ba18c894c2d9353754da4984dd1ae621f128b5de1ca2aa0c042516fbeaff6b1
NEU,NEU::pitted_surface_79,3,pitted_surface,none,3,False,9a6eb4395b8b888b037d494e86346d76b6242dd3dc9b251df32bb772bbb21c75
NEU,NEU::pitted_surface_8,3,pitted_surface,none,4,False,47557df4cbfeb87a1335f65ccaa5830016c88ac197a355ccb6ab22f3d277a46e
NEU,NEU::pitted_surface_80,3,pitted_surface,none,1,False,8da70642715307b9cedb8fe544d24b948fb688144ef7b8bce2aebdd0f218f216
NEU,NEU::pitted_surface_81,3,pitted_surface,none,1,False,5e66e37c6b75cf9dda04dca89743e43d082d6836931654abedfab076dd01adea
NEU,NEU::pitted_surface_82,3,pitted_surface,none,4,False,43ef5709fb4ccf6404f6ee9c7e5c825ae5be8e16849061004245a3ccc8589505
NEU,NEU::pitted_surface_83,3,pitted_surface,none,0,False,2d2b2d10955485622d89b2cab5d7d4038af5456b6f6459a56bf5c3d1766ca25f
NEU,NEU::pitted_surface_84,3,pitted_surface,none,1,False,3e640b1c592ee8724aecc7b18a968b3e09031fbf64eb900e2bef6e2b6ee75816
NEU,NEU::pitted_surface_85,3,pitted_surface,none,1,False,2e11fa5442f1b58a7e090e31cc2a011a9ec9cdad81413383cd6e4991ad361b7f
NEU,NEU::pitted_surface_86,3,pitted_surface,none,1,False,25b7e6faf68ee791958c5c8caa63bfc4c667ec18b4d42c88fadfae6bfc8e1692
NEU,NEU::pitted_surface_87,3,pitted_surface,none,3,False,0ccace87e701d4a71a88a4d2e4c9a81108689423739381751b8288b59856f4ca
NEU,NEU::pitted_surface_88,3,pitted_surface,none,4,False,1865f9853c41358d27f2875a199897107cff1cb30728b9d007f3ec4e8c036fc2
NEU,NEU::pitted_surface_89,3,pitted_surface,none,1,False,5aed54cf5ea07e4c3e0887eafd00d5d598ed4674ddeaf14422939205773b8ba7
NEU,NEU::pitted_surface_9,3,pitted_surface,none,1,False,7555653ee061b383d285a6cd376e667aedac34ea732476d391fd8092e60ca8e7
NEU,NEU::pitted_surface_90,3,pitted_surface,none,3,False,37d39470449b41e8b2bed692e5624906ea6fd392639f762c63c07600cea8f88e
NEU,NEU::pitted_surface_91,3,pitted_surface,none,2,False,d2eb1c66180928c3b948559410ccf90f0749fbe0850fed78f7656ed2cb17f595
NEU,NEU::pitted_surface_92,3,pitted_surface,none,0,False,d95d8a48879ce38151beb5e001ced0e53864715b1f70857f627fa31a2fa414c2
NEU,NEU::pitted_surface_93,3,pitted_surface,none,4,False,a6a34a0c194e73d211c47ad1f48a399a6b91e7dc9b94522efd7b7d10a0c15f9d
NEU,NEU::pitted_surface_94,3,pitted_surface,none,4,False,baf66a157f0c4ef7737f7cd340902aa4ed64f4cbcb168a246d00d5f8b45b2429
NEU,NEU::pitted_surface_95,3,pitted_surface,none,3,False,05dc6ea787324508224df9abbd7fd16afa2cbb1c450f0a3fa2f220c1e6429c77
NEU,NEU::pitted_surface_96,3,pitted_surface,none,0,False,ff293ea52301d6628bc0141a0632b70e6f2f4cbd9d05b0299d70a5b0d5e5cce0
NEU,NEU::pitted_surface_97,3,pitted_surface,none,0,False,e98e59bf3ee6869a2f29c25a96f54c99f2aa159b1630595b3073465d26b5f807
NEU,NEU::pitted_surface_98,3,pitted_surface,none,1,False,1b11011a86a04a76ab70c1aa2613c03f46bb46a59b4e860ce4e317b3b3218939
NEU,NEU::pitted_surface_99,3,pitted_surface,none,2,False,df10830ccfd38fff5d9e418be80162e0846ccc33cb6a10e2143a8b2ae4c59e70
NEU,NEU::rolled-in_scale_1,4,rolled-in_scale,none,0,False,e9d0358a2859da86a7a9cc75deb5c235fcb8b14e8773cd92e94593b0289736fd
NEU,NEU::rolled-in_scale_10,4,rolled-in_scale,none,2,False,212c3cda10a863db2ee404baf29ee8a42adabe894b7aecd09591a86f177389f4
NEU,NEU::rolled-in_scale_100,4,rolled-in_scale,none,1,False,b6660efc8a7cc57b7da616766b14c06812254c0422d48bfa0860db753c4f6cdd
NEU,NEU::rolled-in_scale_101,4,rolled-in_scale,none,0,False,c7260b6097a950a585747137b69ceb34033c07de7c0c5c59f9e14170a963e3d2
NEU,NEU::rolled-in_scale_102,4,rolled-in_scale,none,3,False,473ee8c670a34f306161b59bb73e96980bc77e9e163f7d198b49162cdf400f80
NEU,NEU::rolled-in_scale_103,4,rolled-in_scale,none,1,False,d7dea4bf779ad8441b89cd7d2f76871c91843dc409ff818c3dd5baa554e05d8b
NEU,NEU::rolled-in_scale_104,4,rolled-in_scale,none,2,False,4df8a84e0a9fa2a113f60bcee006696de72b5b95ff5dc4373884e1af26a0b557
NEU,NEU::rolled-in_scale_105,4,rolled-in_scale,none,1,False,5eb3c30442e000e5cca7fd258ab6ace13428c3693754214790848537aa02858a
NEU,NEU::rolled-in_scale_106,4,rolled-in_scale,none,4,False,1f8043beddd5cacb5b40128c4ca5e7169e0b370f1ab4ad979d31fa4b435d72fb
NEU,NEU::rolled-in_scale_107,4,rolled-in_scale,none,1,False,322f329f990d8395b37fba49f1c2576c62725b29527ab0ffda2d1e1a1b7d8b1f
NEU,NEU::rolled-in_scale_108,4,rolled-in_scale,none,3,False,ffdc76fe9be8fdf4e1e5bb4ae80332b666ad261e6d3cd0503bf35a55eea43129
NEU,NEU::rolled-in_scale_109,4,rolled-in_scale,none,2,False,79f3889fd6010b1a29c5fbdd91f42b944f4d9f2b6bcfd1c39c02aa3141fddd69
NEU,NEU::rolled-in_scale_11,4,rolled-in_scale,none,2,False,f6574911caa03dcd841d05ddb4511293e810d6090c30939fb8cc5b1d15fbc619
NEU,NEU::rolled-in_scale_110,4,rolled-in_scale,none,4,False,9c17a7b7933a3e92a96f07ac5a29983975829331f76eee27cdeffc4440adaeea
NEU,NEU::rolled-in_scale_111,4,rolled-in_scale,none,0,False,9dd2c202fda4487626bc55cf4f19052e3c818013da5577f33752c215befba9d3
NEU,NEU::rolled-in_scale_112,4,rolled-in_scale,none,2,False,5cccbb78357361411b08ab5043df33c6b43a498c329a1e016c440354bdaed650
NEU,NEU::rolled-in_scale_113,4,rolled-in_scale,none,4,False,bb50ff807baab8d9fcf4e041e8912056e0bda033236b58b4df1cbb5bd1a0cc88
NEU,NEU::rolled-in_scale_114,4,rolled-in_scale,none,4,False,ee015e8ee7dd90a4436050ba07d4559c082ec6b1fae8f246c919f2895bb8efb4
NEU,NEU::rolled-in_scale_115,4,rolled-in_scale,none,0,False,401ee72f6268de2c892ac3bc4649a2ecc0c50cce27f4c9702c93349b795812fd
NEU,NEU::rolled-in_scale_116,4,rolled-in_scale,none,4,False,e0161a0bc31d0ddd2dfc780255faf3b92600172bac62383da6f060315a72189e
NEU,NEU::rolled-in_scale_117,4,rolled-in_scale,none,2,False,ac828a14ac0c57bd27d57af57cf3f7fbc67291e545f5abdc2740224dd6c2bb95
NEU,NEU::rolled-in_scale_118,4,rolled-in_scale,none,4,False,d16f1da313957faf235d8b3319b98f23d41395d05fcddf550f692492ade469e1
NEU,NEU::rolled-in_scale_119,4,rolled-in_scale,none,3,False,1357eda53a93c92662358e19472067a1dc5012a0e64b40610c40a5e2c117d989
NEU,NEU::rolled-in_scale_12,4,rolled-in_scale,none,4,False,8768477c21bcd4962b035083c1d6580b0b3829f12bdca9f67dcd5d83f1eb7c9e
NEU,NEU::rolled-in_scale_120,4,rolled-in_scale,none,2,False,b39b01cbbff03c17be0e5a371b463c654c57880243dd59b17056b59fd9ac59b5
NEU,NEU::rolled-in_scale_121,4,rolled-in_scale,none,2,False,fd23f268a5a08c4c3c93cf8918941fe2f7ef65b4177d5618f7867753dbe18748
NEU,NEU::rolled-in_scale_122,4,rolled-in_scale,none,0,False,9360b0f69b9b4fb85e32baccd39b38158144d9c03eb72e6dbe8770b4d63934ac
NEU,NEU::rolled-in_scale_123,4,rolled-in_scale,none,0,False,6df0809e12a02d021a499f5a27a31a9f6dd252eba4e03fa9378ae2b7702811e9
NEU,NEU::rolled-in_scale_124,4,rolled-in_scale,none,2,False,73be4cbaf313e5af3f11d466d8991221e08bd3c9a22ed64f0275a786f1915d42
NEU,NEU::rolled-in_scale_125,4,rolled-in_scale,none,2,False,846f14154996f68d7a8a46bd2f539b2127d745915148f8e61091e26a23a36e2a
NEU,NEU::rolled-in_scale_126,4,rolled-in_scale,none,1,False,d30fc667041446291f87d08fb7c8d578e5d4d8c01dd69967401da2b039b2f6a6
NEU,NEU::rolled-in_scale_127,4,rolled-in_scale,none,1,False,e8469d2b1f9c92183ea710ff52f084f002e4973fc3fc26ec236f36b8c73805ad
NEU,NEU::rolled-in_scale_128,4,rolled-in_scale,none,2,False,eaf635337a9759b80e213844add9683e47b306868a1c2efda06654c22c326d82
NEU,NEU::rolled-in_scale_129,4,rolled-in_scale,none,0,False,826a6d703d214dd004ef389462a6c506546350fbf8c4bd3e333f80ae3ad8b475
NEU,NEU::rolled-in_scale_13,4,rolled-in_scale,none,2,False,d2f6a1222ef6f4634093ad11a7d0c4d1b58f61a1dc7b7c2ec7a1e73ae7c74b79
NEU,NEU::rolled-in_scale_130,4,rolled-in_scale,none,1,False,9653b4b36b43fd6e4a556e11fce2383dabdabb70ae5793da9177922bbdb4c6e8
NEU,NEU::rolled-in_scale_131,4,rolled-in_scale,none,0,False,248417bbf136b22ea071b88fdb1db110edda9e95d16c12bccc7c0d4e7fa4b44e
NEU,NEU::rolled-in_scale_132,4,rolled-in_scale,none,4,False,82f323f11cc7425cfa715fb170ab484767f9af28758c8db9b8eab90a6e4e45d3
NEU,NEU::rolled-in_scale_133,4,rolled-in_scale,none,4,False,f66ffd8a184bc11ec947078c3c206fac71b1118683deb5e8b3731811a0ae2ec3
NEU,NEU::rolled-in_scale_134,4,rolled-in_scale,none,2,False,05f93afa29cddd07d19c79859070b8a0d40751d94f29d01aff714196612ef253
NEU,NEU::rolled-in_scale_135,4,rolled-in_scale,none,1,False,a0602c9aba0fc87aa092acdb938758f317b699499a1c76c837fe822ba963c1bc
NEU,NEU::rolled-in_scale_136,4,rolled-in_scale,none,4,False,3098125d30d183bf4dad699ee6cb042ed94c1f3fb40d5b8835fe622c2f453d1a
NEU,NEU::rolled-in_scale_137,4,rolled-in_scale,none,1,False,72bd6673de3e9f7d8df1d69a024c04f714c19bb2ac8b45a0589d9b13244fce75
NEU,NEU::rolled-in_scale_138,4,rolled-in_scale,none,1,False,4ce7e69bd28c5779a62a6e4d4c978aadc298e980c55048fe6ed210ea34cc9107
NEU,NEU::rolled-in_scale_139,4,rolled-in_scale,none,3,False,17cdb3080dd730ebfe9e1216c2664442092375eceea32009b327af3669d611fa
NEU,NEU::rolled-in_scale_14,4,rolled-in_scale,none,3,False,cb935dbbfa4cfc86e326b4e283a50561ddf03dccdc14b3edf89ccdaf538f0c9a
NEU,NEU::rolled-in_scale_140,4,rolled-in_scale,none,0,False,110870b21a74fb75e099f5aee3b5efc0eded120128ef037b975829ec3505e8c6
NEU,NEU::rolled-in_scale_141,4,rolled-in_scale,none,3,False,49fc9f06a417f3928df57cae40663098020c386560260e7c0eaf4860b6890409
NEU,NEU::rolled-in_scale_142,4,rolled-in_scale,none,0,False,0d0586a8935e6edb3bfaab870cccae4235b0df8789d2fd7919e70c95e64e8607
NEU,NEU::rolled-in_scale_143,4,rolled-in_scale,none,3,False,4477a67f96c14f186a4755640c6859f33f55cf6b8f004591e4cb1a9f1eef9474
NEU,NEU::rolled-in_scale_144,4,rolled-in_scale,none,4,False,ed7c722ceab129d6b9e79d7eb1e27dc5309bddbc5632f40834029e7abe073aff
NEU,NEU::rolled-in_scale_145,4,rolled-in_scale,none,3,False,d9b8e810d393975fd87bd0159e754c629d1b9615152effe7a979139d8f51600c
NEU,NEU::rolled-in_scale_146,4,rolled-in_scale,none,1,False,4b76ee7c33602b95115a2acec07b4cd74cab87eeb2cdc2a602534646cbed047b
NEU,NEU::rolled-in_scale_147,4,rolled-in_scale,none,0,False,c24c2aff998781d659ba588456925d38023aab9fb2eb3b361c301409b8998bd4
NEU,NEU::rolled-in_scale_148,4,rolled-in_scale,none,0,False,cd2120b467030e47514308711746992fd0834b7d686cc767fdab0a12b0cef562
NEU,NEU::rolled-in_scale_149,4,rolled-in_scale,none,2,False,02f72f8806f8258dbe04ca27f5567f30eafe0474336d6e575583707dfeda4d21
NEU,NEU::rolled-in_scale_15,4,rolled-in_scale,none,3,False,cdb3dc250fecd3608553c3096fd76e9ce844ead8ae3f0be8cd361542c81a980a
NEU,NEU::rolled-in_scale_150,4,rolled-in_scale,none,1,False,d1bcb5b47c285315af1493fd9ab6ba224040360881d013232b4fbb85e9f427fc
NEU,NEU::rolled-in_scale_151,4,rolled-in_scale,none,0,False,059288fb7d76de2ed742c0d511d3faa6f340fbaed2efe5fab9f6de7851a9c268
NEU,NEU::rolled-in_scale_152,4,rolled-in_scale,none,0,False,5c6086c4c85f0d219f7b7ecefea7d4542ba78b8728564b76f6ad0e1d27b46916
NEU,NEU::rolled-in_scale_153,4,rolled-in_scale,none,0,False,d56e3eb807f29dc2b782b7b59d1daea82e5fcab810256d6b1d88f7993841bce6
NEU,NEU::rolled-in_scale_154,4,rolled-in_scale,none,2,False,3382f949fadcfeaf5c2fdbc3e68abbe6fd8cd0b7d1687ebe0bca0a0c01a9878b
NEU,NEU::rolled-in_scale_155,4,rolled-in_scale,none,2,False,a7484fea9a95d63d4eac0d7de6cd379dd86b20b255d52314fcff6398f72363a6
NEU,NEU::rolled-in_scale_156,4,rolled-in_scale,none,1,False,f7b6d5bf6d6e8743784fbc2fa26de5ee2bba6876f9bca5c871febb818f60ef78
NEU,NEU::rolled-in_scale_157,4,rolled-in_scale,none,1,False,9e6228457ed6f7926bf57627a4e4442dba9c40aa752201822e5af4dacb9aca41
NEU,NEU::rolled-in_scale_158,4,rolled-in_scale,none,4,False,f5a8f1dcf27a3fd3fb04103878f4c655999391e88c73e58029d90688a7e9a3fe
NEU,NEU::rolled-in_scale_159,4,rolled-in_scale,none,1,False,7c6f323094a3da43bf4664e30bb84691b91ffa9bcaf88b834321062710bceffa
NEU,NEU::rolled-in_scale_16,4,rolled-in_scale,none,3,False,b20363e15f81eb8156cbf92b9a09ffdb6eae95f2f25ddf7645409baaa1ec83b7
NEU,NEU::rolled-in_scale_160,4,rolled-in_scale,none,0,False,51a522f0eae177ce5c5db504f5c8fbba5ad7bdc8ed9d9c22b40ab0793490410f
NEU,NEU::rolled-in_scale_161,4,rolled-in_scale,none,4,False,e875fc3bb9a8bed646825668981a24709e5cbbc630a28315c2fb56ec38e85a75
NEU,NEU::rolled-in_scale_162,4,rolled-in_scale,none,0,False,a70854dd9ce3bdcbb135c855a2b21264b7438cfed2fda8f6ecb563205a9061cf
NEU,NEU::rolled-in_scale_163,4,rolled-in_scale,none,3,False,95284a96beecc14dc4413d90c77440d775d99b565143cbe78db461e2a9f44cd2
NEU,NEU::rolled-in_scale_164,4,rolled-in_scale,none,3,False,a315c102243ce4955cc39fa268ec8876b5fadffcedefaf76b710c776a89044ef
NEU,NEU::rolled-in_scale_165,4,rolled-in_scale,none,1,False,f612a5beb338b77905658e99b54486ec4b76eef3ab30b65798dded7ce44c49b9
NEU,NEU::rolled-in_scale_166,4,rolled-in_scale,none,1,False,b0270e7732b7975b02ecb7055262e1291a2e4d8174b5413dc1dffcddace6bfd7
NEU,NEU::rolled-in_scale_167,4,rolled-in_scale,none,0,False,7c4e4919616fecbc4747e57697ee89d57fd5b84e29fd55d1a86f0ac74260541b
NEU,NEU::rolled-in_scale_168,4,rolled-in_scale,none,2,False,bb86083ff29eb08d996a60130365c71cdda198982a3fcd1d187b6f15a6d2a713
NEU,NEU::rolled-in_scale_169,4,rolled-in_scale,none,1,False,e48252b233324d081b482e4986db38a764533dcb1fa07f7a12d3adc9eb65ab88
NEU,NEU::rolled-in_scale_17,4,rolled-in_scale,none,2,False,905bf78850ce127112df3ee1e3fbc58214a092ec7293e2c94bd90303ce1449e7
NEU,NEU::rolled-in_scale_170,4,rolled-in_scale,none,4,False,67810ef98780f5f14bf0ba4530e77485595dae6d1ab7f9e393b19d07620fc19f
NEU,NEU::rolled-in_scale_171,4,rolled-in_scale,none,3,False,5e6491de8526738699178356d17dee421c8cc19b86843634255cc817a8bdea20
NEU,NEU::rolled-in_scale_172,4,rolled-in_scale,none,3,False,23411a8303eb381c161850dd189321771ce5228fac880e3698b84be2969afc5c
NEU,NEU::rolled-in_scale_173,4,rolled-in_scale,none,3,False,aa7381ffdd6b16a56243d4dd16b4ad62a8aed4e1aeafca9fd1b78aef7f376f83
NEU,NEU::rolled-in_scale_174,4,rolled-in_scale,none,0,False,893099724db1aca70561d00494b25d1e7653ba9b76bf1f2b2217fdf985b52f08
NEU,NEU::rolled-in_scale_175,4,rolled-in_scale,none,2,False,7b875e816e7cbc6060c81cb99844a00389143b9ccc87047c090229923eef9ae1
NEU,NEU::rolled-in_scale_176,4,rolled-in_scale,none,3,False,1615a1c38666f1af95fbc092291a00c9865a80a1f99941f8e58550ae40f915a4
NEU,NEU::rolled-in_scale_177,4,rolled-in_scale,none,4,False,8101aa59bcd07d7c326a0bfb57d2adeea3b827ed81d980acd42ea87dbf5f16b1
NEU,NEU::rolled-in_scale_178,4,rolled-in_scale,none,4,False,9c65edfe700d99926ff92b1a339fde54c8dfdda53ccb739825bd819affb8d2d8
NEU,NEU::rolled-in_scale_179,4,rolled-in_scale,none,1,False,160a103396310d91e865e3aad4729a4f980f389c4cd0248c7c6977545b226c79
NEU,NEU::rolled-in_scale_18,4,rolled-in_scale,none,3,False,ec6211d4c5f7d0f8418890fe2034d8dca7f0657eec769543f57c2b9f18b6b009
NEU,NEU::rolled-in_scale_180,4,rolled-in_scale,none,3,False,b98e88200eaa222caf430a66cafa04eaa9bdc839bc2daa890418466ab58bb732
NEU,NEU::rolled-in_scale_181,4,rolled-in_scale,none,0,False,d145ae4af8480a5cbc4d1cacecda897da12ab3ebc80afb41e11f17754f17f2e8
NEU,NEU::rolled-in_scale_182,4,rolled-in_scale,none,0,False,faa9bd41e5b3cd827d48df20a5263cc278a6a7b7ef781935a9ffc7fac50bc6d4
NEU,NEU::rolled-in_scale_183,4,rolled-in_scale,none,1,False,3f4c2164895955eb76bd2f0bbf506df06d129e1b9cad6705e92c988c18204ce4
NEU,NEU::rolled-in_scale_184,4,rolled-in_scale,none,3,False,f957fc479504384d661036f2ecccb1e8c11c628fdb4e80b9088a6ac8528dcc96
NEU,NEU::rolled-in_scale_185,4,rolled-in_scale,none,2,False,142b4072a53154a6b126aee143f5809bcab5c00b2a14f3a4dc22bea2b3813782
NEU,NEU::rolled-in_scale_186,4,rolled-in_scale,none,0,False,a20f19e54cd1d59ce409c68ec065ea3c49cbbe16318071700eb68fad39419f24
NEU,NEU::rolled-in_scale_187,4,rolled-in_scale,none,4,False,edd3198132d079aa0287a208589bf81e498fee708b96fa55e8563cde785c618c
NEU,NEU::rolled-in_scale_188,4,rolled-in_scale,none,0,False,b932fa02ad9f1824c83627a391050a89f711a73d1dfddd59cf8c35066fe2eece
NEU,NEU::rolled-in_scale_189,4,rolled-in_scale,none,1,False,ed60e7a1a857970c205dd4a58c5290c96cd1fe723559b7928615c869c684d7d8
NEU,NEU::rolled-in_scale_19,4,rolled-in_scale,none,3,False,7e9815a17916514ba512bb345b193791d62e98f98e57359edd9cc9aa129e0629
NEU,NEU::rolled-in_scale_190,4,rolled-in_scale,none,3,False,497e87842f2fe281ef3dc52a27444f7219545c9c4636b5cd7dead29b886b4213
NEU,NEU::rolled-in_scale_191,4,rolled-in_scale,none,3,False,fd70388162d5acbea24a184309d372e9eb8dcc97c2fb86a2d1cba2e423a32451
NEU,NEU::rolled-in_scale_192,4,rolled-in_scale,none,2,False,12b62135d61357a10b83d8e2ee60b3e0a9d42c74e081d9295981c265cb628de3
NEU,NEU::rolled-in_scale_193,4,rolled-in_scale,none,4,False,f298f309e6f2c25904b3a066256cc028d60daf59d11c42baedf85a0a24366036
NEU,NEU::rolled-in_scale_194,4,rolled-in_scale,none,1,False,ad6fde4e93a05bcdf13e95abd779ad39197fff8b728907c91a4f5a271d662dd6
NEU,NEU::rolled-in_scale_195,4,rolled-in_scale,none,1,False,88ff2263d35206c0152a9569cfd8f41789398ddcc60351bf9b7111f35274b166
NEU,NEU::rolled-in_scale_196,4,rolled-in_scale,none,4,False,a6c4471f4fc328e85cfd30545301a152839ae7ad2eed27a88ceb79fccd3aee5a
NEU,NEU::rolled-in_scale_197,4,rolled-in_scale,none,1,False,377bc7dd25075830dffae3e80088ad088eb10e9e9ab6f341faf4b999752cf907
NEU,NEU::rolled-in_scale_198,4,rolled-in_scale,none,2,False,878afdc20181822ac0dd78725612ee9b5ed4cd98ca5d5c0d19e4f261f8f780e3
NEU,NEU::rolled-in_scale_199,4,rolled-in_scale,none,2,False,8ed028cf6ad8d6f9e0815b5d5f79f4f3b150024b4a2a590a68e7315cc6b8af1f
NEU,NEU::rolled-in_scale_2,4,rolled-in_scale,none,2,False,b8a7cfe68f9863ad7885f5b7e9cdbb7b26a7a22ff9d634f9f19fa8438bc76464
NEU,NEU::rolled-in_scale_20,4,rolled-in_scale,none,3,False,410585853745afbb7ef092bb290f3d5c971d455c02f00080868e302d113837f2
NEU,NEU::rolled-in_scale_200,4,rolled-in_scale,none,1,False,862f59073f2cc237b7602df726d08128bac6cff58971ae7adf7becaab354c197
NEU,NEU::rolled-in_scale_201,4,rolled-in_scale,none,4,False,93f1f4105e08e65c75283d4149248ca401de3251d994155ae08492de344cdf82
NEU,NEU::rolled-in_scale_202,4,rolled-in_scale,none,1,False,32fdb597d1fbc3aedda1991fbfe3f811b33977334f5b7afea358bdb9daf5408d
NEU,NEU::rolled-in_scale_203,4,rolled-in_scale,none,0,False,1318c0d9b059a08b3867d40ee1c18cd46adcac3b69d1790d4095995d311f8917
NEU,NEU::rolled-in_scale_204,4,rolled-in_scale,none,2,False,8f6ae994413417fb2862cd6749fd91ea71363abf6074e95d0bcde36c8e988731
NEU,NEU::rolled-in_scale_205,4,rolled-in_scale,none,3,False,24f72b90f91552273880ad40b7b4c44cf912cf917a94faa2e48273ff7994ac51
NEU,NEU::rolled-in_scale_206,4,rolled-in_scale,none,1,False,dad964a1298e0e8550c652c2f6cd3dacda7096290117e4f96c499fc62f7e425a
NEU,NEU::rolled-in_scale_207,4,rolled-in_scale,none,2,False,96659bb19494d4eb0119b38d152dd1adabd20c3ea9d95deaed85b44bfe8fb677
NEU,NEU::rolled-in_scale_208,4,rolled-in_scale,none,0,False,9b48f38d6793c1be07470511f8dad09506c006bb491212c74da5d52e9ab3a06c
NEU,NEU::rolled-in_scale_209,4,rolled-in_scale,none,4,False,5b0551a18f09969f80ea78107b8dc10472d4cb078b7e51f832c6058246a15ea9
NEU,NEU::rolled-in_scale_21,4,rolled-in_scale,none,3,False,d8c183596170f6fa7db62baaf886d1e9d7c39fc32f1ac814c65ac34e75d4f60a
NEU,NEU::rolled-in_scale_210,4,rolled-in_scale,none,0,False,c2803b6694a8172cc2ddcdf7c9f63d0b17a8f6aa243521792ba375cd20c42140
NEU,NEU::rolled-in_scale_211,4,rolled-in_scale,none,1,False,6b67ec8c1e1ac58c71e316738504b32867dda9d020009c6be8f52cd1fb083933
NEU,NEU::rolled-in_scale_212,4,rolled-in_scale,none,1,False,e2f57875cc30ccc3e2970b58ee4872c966cd042a88113aaf1fbd4dd18ad199f3
NEU,NEU::rolled-in_scale_213,4,rolled-in_scale,none,0,False,9e6c5e6a46cc51960c7c2ddfebecbf68918a82e5974525446554934059ee38a7
NEU,NEU::rolled-in_scale_214,4,rolled-in_scale,none,1,False,d2e758316abe8b3662048e3a73aebc934088ee2b18d9b3307d46dd8cfc48b29e
NEU,NEU::rolled-in_scale_215,4,rolled-in_scale,none,2,False,3731f27e6665dbb752c8a1a3417f0b8eb59e952a934c98e015563db6be9c5afc
NEU,NEU::rolled-in_scale_216,4,rolled-in_scale,none,3,False,d8393dae73ec0046eb91dd904987ece0d95782620520b50eb85e6a94651aff02
NEU,NEU::rolled-in_scale_217,4,rolled-in_scale,none,4,False,6518cd1259ee169a39dd98f755a3dbb11175cf30bd346e2974d709362961824c
NEU,NEU::rolled-in_scale_218,4,rolled-in_scale,none,0,False,d1487d000c49a0716fce28609f58883abb52df0618a64878f2fee5d534de4b04
NEU,NEU::rolled-in_scale_219,4,rolled-in_scale,none,0,False,c669a2bc07a4c8538e5f41c48ae0f037a304f6714ac44100e8e13a93d1e8a17e
NEU,NEU::rolled-in_scale_22,4,rolled-in_scale,none,3,False,8709b7a762ebfb915d7500413bbef14db7a3c96aefa729e255fafc97441b7625
NEU,NEU::rolled-in_scale_220,4,rolled-in_scale,none,2,False,00901619c63fcffca7cbc105e0c946b296aa86b5d1070a5f8cf3fcd042a5a584
NEU,NEU::rolled-in_scale_221,4,rolled-in_scale,none,4,False,b6bd54fc30e304aacb530d32bf3e393993c485d6a0bb0d6f45d86e60b2e336de
NEU,NEU::rolled-in_scale_222,4,rolled-in_scale,none,3,False,aa02ff4ab1bbd725843fda80981d041d27cfbc8f8c864cbfdb052c0bde94baf8
NEU,NEU::rolled-in_scale_223,4,rolled-in_scale,none,0,False,60206e7c54b2a2699f5913fd63591368550b8f2a3f9590bf42597afe5dc68a81
NEU,NEU::rolled-in_scale_224,4,rolled-in_scale,none,0,False,efa3e16557e7141f5ee3f4e7a3ad096a37ac1f2d25e7e0cb335c908d475e09ef
NEU,NEU::rolled-in_scale_225,4,rolled-in_scale,none,2,False,1509cd72de0b703b1328d59e5dd7705be79ffbf93c162986cec204330e5221e3
NEU,NEU::rolled-in_scale_226,4,rolled-in_scale,none,4,False,32a71d087ccc2e2ab66cf2fdb1b941ed21ceda2c1cf822867d2cd392c759bba4
NEU,NEU::rolled-in_scale_227,4,rolled-in_scale,none,2,False,d61a9d399c997f08c9a05f3242402d0e454df4029efe2a49bd973798a6a99cad
NEU,NEU::rolled-in_scale_228,4,rolled-in_scale,none,4,False,47e47f02b1c9091211ec85cd5722832878bf5e1221268bf3bea5920541ff2fa0
NEU,NEU::rolled-in_scale_229,4,rolled-in_scale,none,4,False,35c188bce490677f237f24a8185ea842bf60fd853e8f8e069d069bb5aed2615c
NEU,NEU::rolled-in_scale_23,4,rolled-in_scale,none,4,False,0997be2658c69db807de7a33548ad0e80bc5c258a40d6d867df68b36010aca9a
NEU,NEU::rolled-in_scale_230,4,rolled-in_scale,none,3,False,55a5388a166206a123baa7398212f06a762fc25d9e815fe65c1eff160c01295e
NEU,NEU::rolled-in_scale_231,4,rolled-in_scale,none,4,False,37d99e66ff131f801cae1c63981fd832b28ffb5213334907954f15e8dd87457d
NEU,NEU::rolled-in_scale_232,4,rolled-in_scale,none,1,False,fc9b8f1cd46c61eb07a338b199616644fbbbc3e8a36c2ca3096a5474cfc3e070
NEU,NEU::rolled-in_scale_233,4,rolled-in_scale,none,0,False,f56a6df98a0f17232ea9c223bf874d124549d95d50550cd403f83f4a689ad59f
NEU,NEU::rolled-in_scale_234,4,rolled-in_scale,none,2,False,e869be92a77550aed45bee599d3907c7c25733eca4f1e78b69e2fa40448c3dca
NEU,NEU::rolled-in_scale_235,4,rolled-in_scale,none,2,False,167b7a8f8c23757c1ae2fd6966055d444eca638520cfb6f302b7d7abb76abac3
NEU,NEU::rolled-in_scale_236,4,rolled-in_scale,none,4,False,3ad674d0391780b01e523ca82400a2ec52345f792b3e0a0061b43940ca2f5745
NEU,NEU::rolled-in_scale_237,4,rolled-in_scale,none,4,False,9d51c68da7f07da8087f7b87454b32250d8fcf46e8111a14f42453c0e713e171
NEU,NEU::rolled-in_scale_238,4,rolled-in_scale,none,0,False,aa83932b2073c75a818549dce83101bbaa764b2e705103289a8df4b22e01bc75
NEU,NEU::rolled-in_scale_239,4,rolled-in_scale,none,2,False,ae5544f50fc8b02c72a3f70865a2268045aae78f996c05c4c4935c522e934563
NEU,NEU::rolled-in_scale_24,4,rolled-in_scale,none,0,False,2cec4e53921fa8ebb9e1e79fc5da8fbbafc90b39abe2019704330ce4a0866622
NEU,NEU::rolled-in_scale_240,4,rolled-in_scale,none,1,False,065a209c1ad451653cbfc914049240bed53e353dc91d0b7dffebc2b476542deb
NEU,NEU::rolled-in_scale_241,4,rolled-in_scale,none,0,False,3ae0c8e0b0ddab539bcb0ab86e04909543015fbbd4b0bf5eb12232e2274dea2b
NEU,NEU::rolled-in_scale_242,4,rolled-in_scale,none,3,False,455b206ff2cf9f9db1ce0e10e8f98b7c0f63a5a7490843ccab05d9e664915b24
NEU,NEU::rolled-in_scale_243,4,rolled-in_scale,none,1,False,76f707b0ddcb61796cede17b2af374b1a9f9c3856e214f6190db45a9a7d59a10
NEU,NEU::rolled-in_scale_244,4,rolled-in_scale,none,1,False,096c5b2a32ed8e1bb22722ddd9e05c0df42f6ff64231553cad00a63adf030c2c
NEU,NEU::rolled-in_scale_245,4,rolled-in_scale,none,0,False,56a9ff3d4572ee794e18f3c3c5e50d697805314e394c24c9aaa4f80072f44628
NEU,NEU::rolled-in_scale_246,4,rolled-in_scale,none,1,False,4dc20c200ab5c008bc52837fd52f62b30d194703bf4228b341d546a6b6b49516
NEU,NEU::rolled-in_scale_247,4,rolled-in_scale,none,2,False,4f0eadd40ba77606ab30299d77f301d20899892f0770fd46abd2005e72aab867
NEU,NEU::rolled-in_scale_248,4,rolled-in_scale,none,0,False,43711daddb5a88dc018727b193c9fe97c2f11c62e13976b4537e335bbbce8da8
NEU,NEU::rolled-in_scale_249,4,rolled-in_scale,none,1,False,1c3890d31127022991f0bb9abc16f627d694a55ddfa1f3fbc2f07647f7cc1cac
NEU,NEU::rolled-in_scale_25,4,rolled-in_scale,none,3,False,4e60ed53dc7e487306e513f4cd47b37b838d61f83ce0b530dc6bf9b3e514ff8c
NEU,NEU::rolled-in_scale_250,4,rolled-in_scale,none,1,False,e650ab35f21fe74900f59596c2f6267972bb8a13423e477b2e61a6a48daec258
NEU,NEU::rolled-in_scale_251,4,rolled-in_scale,none,2,False,476f486823c97394604a832898feebb5f74eb94245eb931e16e43f9ef5e9077c
NEU,NEU::rolled-in_scale_252,4,rolled-in_scale,none,3,False,532b5e2791530183ec310caa1755eb9f56db6f3d498cb61350b601e3dc74ac54
NEU,NEU::rolled-in_scale_253,4,rolled-in_scale,none,4,False,d4b2444e9d47f22c7d9ea71b3f729f5c78b9c7c982d9a3139c80df73357585b3
NEU,NEU::rolled-in_scale_254,4,rolled-in_scale,none,4,False,0b1e990ceddfbffac2d54d03573f2fca9409d42cc81722f3ae2b6b030efc5826
NEU,NEU::rolled-in_scale_255,4,rolled-in_scale,none,1,False,a72bcf50bdd2205f21e997197cfd9b4773f53cf38059d358c225ad7c88a140b2
NEU,NEU::rolled-in_scale_256,4,rolled-in_scale,none,3,False,362130fefcc84a85d649b931dae18778b005752909e3706f25f64753e3de4663
NEU,NEU::rolled-in_scale_257,4,rolled-in_scale,none,4,False,9365fe96679d4a92779b3c016afdeed83d9fe56655efffe2def0723b38da34da
NEU,NEU::rolled-in_scale_258,4,rolled-in_scale,none,2,False,d091d280b0659547c7f9d7934e4911ef47821e527f1e5ba5268d3d0470c6f98a
NEU,NEU::rolled-in_scale_259,4,rolled-in_scale,none,2,False,460cdbb062037b8f7749feaa8e6d5e877abfaf6142b299bffccbdd00dcf6a3f2
NEU,NEU::rolled-in_scale_26,4,rolled-in_scale,none,3,False,306d15079bdf6c6e274293fcc727c975e8d4765a086b36d4b22088e5a29aaa83
NEU,NEU::rolled-in_scale_260,4,rolled-in_scale,none,4,False,5dcc40fa363fbce80e11f1d785d71514e0c8bd80512d8078eacee3459ff5d435
NEU,NEU::rolled-in_scale_261,4,rolled-in_scale,none,3,False,dec6b67138f0b88c1d3ee616a6f0b9c012b504a2d122724d59ffcd5516bd6133
NEU,NEU::rolled-in_scale_262,4,rolled-in_scale,none,3,False,67cab4d93752e5def8a7d34b72504c1ecacadc673f252d4d719b716aeda0c083
NEU,NEU::rolled-in_scale_263,4,rolled-in_scale,none,0,False,2b95ea4b3d84b2808e6f2fccfe6e531ac1c047d6decefb202b33ac27b6efb244
NEU,NEU::rolled-in_scale_264,4,rolled-in_scale,none,0,False,bd817ff3e003a79a8899e4bd12bbba1c154d1fa6716d93ce64d6a8ce73938370
NEU,NEU::rolled-in_scale_265,4,rolled-in_scale,none,3,False,17cb540a2e51cacca588b9f7d62c429f0f410085fc40083a09794f7a62c21ddb
NEU,NEU::rolled-in_scale_266,4,rolled-in_scale,none,4,False,42451c010132c65c1b01ffbbe109839662e530a711d347463921973277505ff0
NEU,NEU::rolled-in_scale_267,4,rolled-in_scale,none,2,False,f94df50a93a2344276102c078efd1ed8e027d257d7be3913e123ea54a2c3b6b2
NEU,NEU::rolled-in_scale_268,4,rolled-in_scale,none,3,False,d08d423f369742f5b9f643421f0b3264b8443387e386441f335f18184b2f5268
NEU,NEU::rolled-in_scale_269,4,rolled-in_scale,none,0,False,74f80dee68c66b6f73e5c95dbb5e36e35cfe82b6800c13d5153cea1f0dc394fa
NEU,NEU::rolled-in_scale_27,4,rolled-in_scale,none,3,False,708329b86ab6061f1adc9cd0c71b22b2e80fb88a60b15b799023e00b3e1dc24a
NEU,NEU::rolled-in_scale_270,4,rolled-in_scale,none,2,False,5a93c2c21a0ce009675aac1ed811ccba0595c25ef5653bc1d3f915e8832c8741
NEU,NEU::rolled-in_scale_271,4,rolled-in_scale,none,0,False,091a8e314a4cb03c29f24785e0cfc314211de5c2fbb84e11bb71b6c083e130f4
NEU,NEU::rolled-in_scale_272,4,rolled-in_scale,none,4,False,b21248385a58fada6936f04f5081b2198616126d34b1aa2e6e6f8be47ba18375
NEU,NEU::rolled-in_scale_273,4,rolled-in_scale,none,2,False,369d4bee8a232c19fb5ca45a2289822dcc0b1f1fd575fd7db35a9919d7d78f3d
NEU,NEU::rolled-in_scale_274,4,rolled-in_scale,none,4,False,c8adc3bab70516104fb67d4bdaf0af0d3833fd62deb583f621f56552e127aaec
NEU,NEU::rolled-in_scale_275,4,rolled-in_scale,none,0,False,3599208515192dac0d6b119f5985a5cf5a1855d3b89b2b38e0ed61ad46f92bf8
NEU,NEU::rolled-in_scale_276,4,rolled-in_scale,none,4,False,316cdf843c144524be06d3c237f8d2dc4424dca836f62a419e8346c3e17614c7
NEU,NEU::rolled-in_scale_277,4,rolled-in_scale,none,4,False,1faede96e2c51b32425dd0e77867e9b3b790ab0724bcd763cc1f4ea331afac5c
NEU,NEU::rolled-in_scale_278,4,rolled-in_scale,none,1,False,38b183d01f560b6edd8699985a7ab45896d03d056cf5830a3c1e5c20838ef014
NEU,NEU::rolled-in_scale_279,4,rolled-in_scale,none,0,False,7d6c2342ba3131dcf29b643c89a2f44609e9f7d5c388faa3366161ffa813bf18
NEU,NEU::rolled-in_scale_28,4,rolled-in_scale,none,1,False,418d976e5b428aa954bb37d4eff3bad0e081c8f13266d0f9caada1dacb73adc5
NEU,NEU::rolled-in_scale_280,4,rolled-in_scale,none,3,False,f1269a5e170cbe86181350e5eceab2b88e820650629097d96ba3eef0e362f6d2
NEU,NEU::rolled-in_scale_281,4,rolled-in_scale,none,2,False,036fd9a28409d589230ceb99b63fdbc5110fa4fc61cd26088dd2a2d6901ba6a4
NEU,NEU::rolled-in_scale_282,4,rolled-in_scale,none,1,False,7c0e1e3d58500e5374437dfa05945eb160c057f19ae55d83dd14e9a622565321
NEU,NEU::rolled-in_scale_283,4,rolled-in_scale,none,0,False,9a2e4decb7af0132277f426b3adf4beb46f4e9b12567f5a06cc8106714280192
NEU,NEU::rolled-in_scale_284,4,rolled-in_scale,none,2,False,8a9f94de99649f32c9d914998e4a9208bc0d8a3792f2612fbf4b6055fec928ec
NEU,NEU::rolled-in_scale_285,4,rolled-in_scale,none,1,False,a8cca6d91ea7fb73283d88efd2d30e067b6d09ce645e5e85438441683f134e99
NEU,NEU::rolled-in_scale_286,4,rolled-in_scale,none,0,False,69fad71e435ce18f38396c088745f765a7d936b69025ef34c3fd8aca96744b64
NEU,NEU::rolled-in_scale_287,4,rolled-in_scale,none,3,False,45b1154ffcd65c9a971bf2a42aa3f0f489c9227a8550c1f52e04125e1ce05c40
NEU,NEU::rolled-in_scale_288,4,rolled-in_scale,none,4,False,c50614815646af4455639a530c283a0634aedee702befcc6ffbc6d0270a5953a
NEU,NEU::rolled-in_scale_289,4,rolled-in_scale,none,4,False,01cad42cc83646dbaee6842d9651e90dbd82fb02439766351fceaa1a133f142c
NEU,NEU::rolled-in_scale_29,4,rolled-in_scale,none,1,False,b6775c39f808ce17a691b1e643d2c71bd0a6541642bddf1b81cad56dc0fc829a
NEU,NEU::rolled-in_scale_290,4,rolled-in_scale,none,4,False,74e7dc7f885b5880c6f09c38d27d8ec7f2c64891bf68320970edbd14ad703717
NEU,NEU::rolled-in_scale_291,4,rolled-in_scale,none,4,False,9f0edb4a349a72882d2526d2f77edd7ab85bd594128e1f6596b905f9e0a9d8d6
NEU,NEU::rolled-in_scale_292,4,rolled-in_scale,none,1,False,aca4945a18bc0445ff978f25c3431f3cda87f4035278dac3f1a764819d68467f
NEU,NEU::rolled-in_scale_293,4,rolled-in_scale,none,2,False,35b498a3b118f589321f340b8fe469a5403de0f70b44433ad846beb05624e2ba
NEU,NEU::rolled-in_scale_294,4,rolled-in_scale,none,1,False,0e183030b910288f3f7415ba98afec6477e51c2f5ac51d972246e15a5916fd37
NEU,NEU::rolled-in_scale_295,4,rolled-in_scale,none,2,False,813aa66d52a468359daa6cfe5d084b934b8649b782ada8d4342e33935327e722
NEU,NEU::rolled-in_scale_296,4,rolled-in_scale,none,4,False,c7b3c5e309632173863586042983ce86c7fe5813d24e1f23d00803ee66436692
NEU,NEU::rolled-in_scale_297,4,rolled-in_scale,none,2,False,e737ad2f0e6313c895f028fae7c937f0d1d77dd9511f325f23e912cc79daf2b5
NEU,NEU::rolled-in_scale_298,4,rolled-in_scale,none,4,False,4ee977480d64da6f6ff4c5de36bb2d534abcfd35d85b853fc3abd228b689cd86
NEU,NEU::rolled-in_scale_299,4,rolled-in_scale,none,0,False,35291b3e5390149b6473fa1ee16910b80c860897a62643cf82c65547d8337bb3
NEU,NEU::rolled-in_scale_3,4,rolled-in_scale,none,4,False,146e4158d3a08e6c0c11c59efefc8c00c9324996be5cd4ec5697a88c89137636
NEU,NEU::rolled-in_scale_30,4,rolled-in_scale,none,3,False,be507963548917b7dc2379663a1d7fe3daa06cef391b4a7ddc5319dc8bd20e03
NEU,NEU::rolled-in_scale_300,4,rolled-in_scale,none,3,False,2599551f47cdb8515d126969fe26a968f9519bf6a2ebeb7978fbeeddd0dd9300
NEU,NEU::rolled-in_scale_31,4,rolled-in_scale,none,4,False,7535f7a4981574e0a021740800c34216eb75540011e3c685694aa5317272fc16
NEU,NEU::rolled-in_scale_32,4,rolled-in_scale,none,4,False,0b234244c6ade925e1f08de73700d0682ea31fb8f25c3245ebf8b7b18604fd16
NEU,NEU::rolled-in_scale_33,4,rolled-in_scale,none,3,False,2b2f8c1d313f4f281578546706dd5597d814d71e3150e5f40d11cba6f78860a5
NEU,NEU::rolled-in_scale_34,4,rolled-in_scale,none,2,False,b2437bce6beff748accdab51b62221d28e75228c6812ca2b053b71fde2a3c64e
NEU,NEU::rolled-in_scale_35,4,rolled-in_scale,none,3,False,1e49b720b81f3f59db9ffcacc1d8d7de09d7537f83ee7269834f4069bae65cdf
NEU,NEU::rolled-in_scale_36,4,rolled-in_scale,none,0,False,6c996a06108fd2fe4c7b39f723675ac533c55e6123b2bc0ceacaf2f890cfbae3
NEU,NEU::rolled-in_scale_37,4,rolled-in_scale,none,3,False,5c597a81b39c44c4b9a6c72281642c8c0db1c4ca34ea22f9d224b290d4bdb29f
NEU,NEU::rolled-in_scale_38,4,rolled-in_scale,none,2,False,53c2b6c62288b2cad101b7cf739c3939a26c0a4b541734d6b453c0091032a993
NEU,NEU::rolled-in_scale_39,4,rolled-in_scale,none,3,False,05e6927be61b1d9bd07e1db2f674b251dc41c931162b660e9a610f58f4a82fb3
NEU,NEU::rolled-in_scale_4,4,rolled-in_scale,none,1,False,9814344b48b76c748b56d2bbcbb54f74717ef39ab016872a3e0cca19ade9c143
NEU,NEU::rolled-in_scale_40,4,rolled-in_scale,none,2,False,83b5acc568e7cf423ac64edd489cc2bec7c91022b34420602762e8ac24670d98
NEU,NEU::rolled-in_scale_41,4,rolled-in_scale,none,1,False,92e13acb9df5165a2f94a2360236f6a4ae6e6a24c069c0f742798d94640238ff
NEU,NEU::rolled-in_scale_42,4,rolled-in_scale,none,0,False,4f4b79678da419f5c651213bb13a0b1aa8cf00e138e3430d78adb4a684c7d994
NEU,NEU::rolled-in_scale_43,4,rolled-in_scale,none,1,False,986e7919ee85955cec1e9008f449524f67c9fef995785a87490345e0875e7dfa
NEU,NEU::rolled-in_scale_44,4,rolled-in_scale,none,1,False,3a55d169f811d8c69a9177b324cf351f56ee3fe59aca6e605a4ed73a58f8a3c7
NEU,NEU::rolled-in_scale_45,4,rolled-in_scale,none,1,False,652a11a0747b70d9537b2f7a272097383d66315f1974dbd1c0145bb98623f88a
NEU,NEU::rolled-in_scale_46,4,rolled-in_scale,none,1,False,d1092df4031029a5d838948b39f1d08e01a8448ce8f6aa1a47489e9936c71768
NEU,NEU::rolled-in_scale_47,4,rolled-in_scale,none,1,False,0eac381091303939359a7528a4f54b5107e53d5700e2dafd9e75c4c4e014eb44
NEU,NEU::rolled-in_scale_48,4,rolled-in_scale,none,0,False,a55c1a286a9accf4bd7df64932ea0834d552068fefd6c369cdc0e865b4482985
NEU,NEU::rolled-in_scale_49,4,rolled-in_scale,none,0,False,95e4ed37a0b7fbf54e713a9cfc6fc66aa9c3bb5ce170914576ffb125364f6e7b
NEU,NEU::rolled-in_scale_5,4,rolled-in_scale,none,1,False,33166fb0d46e89004e309ad0c42ca44360cb550e3597c24a1661a4264c1bec8a
NEU,NEU::rolled-in_scale_50,4,rolled-in_scale,none,4,False,712441fa10afa4879437fd2f6e4575210a0cdb45145c3ab677432d5392529230
NEU,NEU::rolled-in_scale_51,4,rolled-in_scale,none,2,False,34b31308818cf1ae9fffba96d873f48699037fac12d5ec6c7554b3551380fef1
NEU,NEU::rolled-in_scale_52,4,rolled-in_scale,none,4,False,cab9b6700d970cf1664a121a5e2ef0b7ea68e343e0b97c92335497cb23e4ac21
NEU,NEU::rolled-in_scale_53,4,rolled-in_scale,none,0,False,f6d5a18d343c82237fa93d690ed3fbb67c6ffe6ebb6264e45f01c5d90a1f2fd3
NEU,NEU::rolled-in_scale_54,4,rolled-in_scale,none,0,False,2dbecde0785dcce5cf252dc2f3fd5883255d0c39f7fe50cd64047c570f6c019d
NEU,NEU::rolled-in_scale_55,4,rolled-in_scale,none,1,False,072a22d9d36ef3c96bcb376c4e53a1c46cf2ca74e88544c648acfaecb7b6742d
NEU,NEU::rolled-in_scale_56,4,rolled-in_scale,none,3,False,3c4de9377069e0f71c348dc48e0b24a3536ad810f4f8eb958e4cc00e28a25238
NEU,NEU::rolled-in_scale_57,4,rolled-in_scale,none,2,False,6a27271b80c5f64663072c045e1129bd1ef87808e23bee3f6888f9df6f6d66a6
NEU,NEU::rolled-in_scale_58,4,rolled-in_scale,none,2,False,a61c00570d43bbb1ad886e52a8ba1e9893c324efd3b45b7c3724e3268662047a
NEU,NEU::rolled-in_scale_59,4,rolled-in_scale,none,2,False,0c843636d6d6587940cfb935db13937c138253715185b7dc84fe8826cd7f4b07
NEU,NEU::rolled-in_scale_6,4,rolled-in_scale,none,0,False,d24aed54c31d2d10b72e7cc27b0d82ed4eaca0a056143d8c6d43aa860bf09779
NEU,NEU::rolled-in_scale_60,4,rolled-in_scale,none,3,False,0b080d23a13460c53c5eed5a92109aa9f98f2418ba7e84b7b305ea68597e7530
NEU,NEU::rolled-in_scale_61,4,rolled-in_scale,none,3,False,761eab8b977173ddf7f56a7766654dfa4e58decbe5c4d27ce09311cf7f1befcb
NEU,NEU::rolled-in_scale_62,4,rolled-in_scale,none,2,False,0440f32076f431968f3dec4a76415fcc3756e5871f0458e616548a7879aa3de2
NEU,NEU::rolled-in_scale_63,4,rolled-in_scale,none,2,False,b60cc3734adb110230a6ad57527ba2956ffb5ff1465f358a11b69a780a4c1d28
NEU,NEU::rolled-in_scale_64,4,rolled-in_scale,none,3,False,dfe0550cc7c989c54a4bf06474db51adbae12f77108dcd06287c94bf64eaa5c4
NEU,NEU::rolled-in_scale_65,4,rolled-in_scale,none,4,False,484c528e94c1ca590ce089553358cf9256cad3191427c97c33e0f5ccc8dbe16e
NEU,NEU::rolled-in_scale_66,4,rolled-in_scale,none,2,False,3c0b11eec5dd37b3a4cca5c3672b90653a7cf9aa74404546a55f32923136d7fa
NEU,NEU::rolled-in_scale_67,4,rolled-in_scale,none,3,False,3aa0b6f6c8b159a29aed63f58da07cf5cf46139b0e2131da3b0c0e0d50a4c58f
NEU,NEU::rolled-in_scale_68,4,rolled-in_scale,none,3,False,41f6330ef2509d5fd811c3d92f6e25cf78457b34b96af052d262c160a201c254
NEU,NEU::rolled-in_scale_69,4,rolled-in_scale,none,3,False,7ea5f2851a73a14e51eb1a2b25298e25aad2ad01c61e92b1642a152d44c1551d
NEU,NEU::rolled-in_scale_7,4,rolled-in_scale,none,3,False,d46891437253f761072ae7a4c72b2db01a5ed9f59d97f25052fd74e8ea0765ca
NEU,NEU::rolled-in_scale_70,4,rolled-in_scale,none,0,False,2078e0a437a9b246c0c44b77031bcfe2903c6a2171dab4c128f96356ad17f2ee
NEU,NEU::rolled-in_scale_71,4,rolled-in_scale,none,3,False,358892669ce9249d65eaaf16ef33c84d31f7c32e355f4acf23033b3b15c995fe
NEU,NEU::rolled-in_scale_72,4,rolled-in_scale,none,4,False,56949cdeea9c339621667f8e982efe68a6926cda46fa6c22c14662ac359ec78e
NEU,NEU::rolled-in_scale_73,4,rolled-in_scale,none,3,False,09de9d987c8ce064472cfb9f5be4d24338afb7edabd4dd9320b24fffd7a7bb91
NEU,NEU::rolled-in_scale_74,4,rolled-in_scale,none,4,False,5fcbd4a9fdc7ae7378cb61de7f2c5ce58714cb6a1bdc4ea9bdbb35e8431432a2
NEU,NEU::rolled-in_scale_75,4,rolled-in_scale,none,4,False,4d49093a4f5f411b11fd54f191d68ba35d2b09b110127df5bc7f33353028ab8b
NEU,NEU::rolled-in_scale_76,4,rolled-in_scale,none,0,False,e5d8e417a0006dc7674e2f2c5725860119f50aed42a89faf2df14466f6bdbafa
NEU,NEU::rolled-in_scale_77,4,rolled-in_scale,none,4,False,1904942da3a22567b129b107852c3d75f36dcca7a47ca412f24074f8bbb56a74
NEU,NEU::rolled-in_scale_78,4,rolled-in_scale,none,4,False,548c4196df3aae2bd2d78bb2d597d94a62c327d67ea8946aec748348206ccfca
NEU,NEU::rolled-in_scale_79,4,rolled-in_scale,none,3,False,bb247842774195a7b10f507c0dded14006456d9aa9c3de7d5728ae2c8ad86336
NEU,NEU::rolled-in_scale_8,4,rolled-in_scale,none,3,False,fda0e799f5fc7d3d3550f9f44bdfa9efa8d43c068461d77f8d61386cad16d89e
NEU,NEU::rolled-in_scale_80,4,rolled-in_scale,none,2,False,2f5dbc8dcaf15f87094aa7fad865b2d423616c9fe27489d0e8652aacb2794eb7
NEU,NEU::rolled-in_scale_81,4,rolled-in_scale,none,2,False,834c71734fc6257e459b03759bdf40a8f010d968f9b051533ae2577f4ae2f403
NEU,NEU::rolled-in_scale_82,4,rolled-in_scale,none,1,False,c9d46a65f395ae014460082797b42eb4288856a948b3a2b55e733360035ff926
NEU,NEU::rolled-in_scale_83,4,rolled-in_scale,none,1,False,e2355db7b8e28cd116c85a7927a368021afc6744f3212f7df7fbc9ef474c9bfc
NEU,NEU::rolled-in_scale_84,4,rolled-in_scale,none,0,False,f5be32a7ab25702e3167ed59f1e90e0a7eee288bb6de9c07c0c43c55ef0b77b8
NEU,NEU::rolled-in_scale_85,4,rolled-in_scale,none,4,False,63dfda1af3445f8083a15bf5e70c4c9b16b50fd63947a09da875904ce2f6e4a6
NEU,NEU::rolled-in_scale_86,4,rolled-in_scale,none,2,False,0804c9d747c8d0e68857e4610d406d613336e231954ac9273f82ad18a5327449
NEU,NEU::rolled-in_scale_87,4,rolled-in_scale,none,4,False,0d578ed6ce0ca32f08ab71678389ee38ef8f3da4f1dcc9db287f9388c2eb7a39
NEU,NEU::rolled-in_scale_88,4,rolled-in_scale,none,4,False,257fc94e3b1b098d42a0116ec9380d1e73f36f91d9367409a8e256c175e2ead2
NEU,NEU::rolled-in_scale_89,4,rolled-in_scale,none,1,False,8fef9e33d39267d7b0ec2f2cb73e6b31ee0a288eea95ce815a56e0ae79abc237
NEU,NEU::rolled-in_scale_9,4,rolled-in_scale,none,0,False,842947ed242d553d7fbc7bc3b3d1496cb7219559aa5820435b63399f5ef6e8e0
NEU,NEU::rolled-in_scale_90,4,rolled-in_scale,none,0,False,b8c91113772659b2f81be97594eb4ef2dda89b0c3be83d49fd3df5065a33a14f
NEU,NEU::rolled-in_scale_91,4,rolled-in_scale,none,1,False,526c022b8fa6b7e38ee9421af07405f5a94f4063d7af095ebcbd5c74b9e021f9
NEU,NEU::rolled-in_scale_92,4,rolled-in_scale,none,1,False,d48e57e9b4fff76402baae8b6448cd0f3cedeb301b0299937f66a564e934c26d
NEU,NEU::rolled-in_scale_93,4,rolled-in_scale,none,2,False,99b478d675dda0f992d0e70bddd9d631028575027a56e4be9f7a8741bdd6527e
NEU,NEU::rolled-in_scale_94,4,rolled-in_scale,none,0,False,560cd19ca05fbc5396b48e54ba90b96323f8962d24a4b7a3a52af74aaf39eac4
NEU,NEU::rolled-in_scale_95,4,rolled-in_scale,none,4,False,06594ca23a480e682a1ed69108cee823cb3fb6b1b0b67f9eb956b3c737ebbaaf
NEU,NEU::rolled-in_scale_96,4,rolled-in_scale,none,1,False,e4a73e4215e5dfe1b068cf406ab200ee7ff269c8fa8543b16260568ecbb70e75
NEU,NEU::rolled-in_scale_97,4,rolled-in_scale,none,2,False,fb0964326483cd3811425c0d43404fbe211b0c9055f9fa440f9d464ee4f6fbca
NEU,NEU::rolled-in_scale_98,4,rolled-in_scale,none,3,False,c479d54d2c3b9850439534392e991f0bb70a8d44a8be33a97932722c9f26b072
NEU,NEU::rolled-in_scale_99,4,rolled-in_scale,none,0,False,8ecbe05c11b7b043b5766f531a98ec31c41c5c615f8144ec671f61393e0961fa
NEU,NEU::scratches_1,5,scratches,none,0,False,500c46e2f5d7065d8c492b0cfb36c3ba77a85a744079bf6453dfc85e02b97a3c
NEU,NEU::scratches_10,5,scratches,none,0,False,8790b870402cf95314da4d3ace3cc38d5721a3f1f321e3e346811988d7736600
NEU,NEU::scratches_100,5,scratches,none,3,False,7e404244566609b8ef412f87a34aaff0af5ceb0c2140cc03e25e3f3e2f84f2af
NEU,NEU::scratches_101,5,scratches,none,3,False,8cf6422094af770e264d9b25b74dd6e599f6b051f5fb45b8bf8070f4d0a42d34
NEU,NEU::scratches_102,5,scratches,none,0,False,cdb86540a847d39765c21a839855cc7b81fa2c4a8637f77957378dccb011834e
NEU,NEU::scratches_103,5,scratches,none,0,False,4238f54faa3fac98eec53d1fbdee0bbc92c523bf3110f1bc4ef5ba86f96b1a97
NEU,NEU::scratches_104,5,scratches,none,2,False,a4b3fd60a8d48f44c1be792321014d13fa9032c3e54d1cafb13d4ebb8301839a
NEU,NEU::scratches_105,5,scratches,none,2,False,bb2f2218a6f8e68156975ff64973af7fb5dcb5d6169f7715c452850c3e33eb92
NEU,NEU::scratches_106,5,scratches,none,3,False,0fef5231d26c75256c723d862474768b95d71b5c0d7335a3f3112382b7baa86e
NEU,NEU::scratches_107,5,scratches,none,0,False,de6826749f3a7b68e11a2395976c1bf9d818ac21c9920bd160138fd81f711ba6
NEU,NEU::scratches_108,5,scratches,none,3,False,36f89d12c0c0226f5da438c2804a5ccd5505e6810e2daf7fb044dafd409aca5d
NEU,NEU::scratches_109,5,scratches,none,2,False,3d95fc1b9cd493c3964fff0d33b8433c4e5b89075e0da4c8e7e7ccd6d33bbed3
NEU,NEU::scratches_11,5,scratches,none,0,False,ad623cd9dd5fbdabfcbbf2239dc42618160ee0e46ea17d38be8aa31395072d8c
NEU,NEU::scratches_110,5,scratches,none,2,False,92c615abaa1585c8fd675ea9b9b1320f89c797d53b652fea2b3ca26a55eb74e0
NEU,NEU::scratches_111,5,scratches,none,3,False,6da2ffbb84b4b3d21754c472d7f5e729958e69bc3ea296a24ed215152c19b62c
NEU,NEU::scratches_112,5,scratches,none,4,False,ba221858d8d1a1c17d7eaaa1ac72a33345cc803ba1b96620a576113f7dcabcdc
NEU,NEU::scratches_113,5,scratches,none,2,False,e73a907d6406fb5b2872340cb49c2982b1724f71f75b66ade085c88fe736805c
NEU,NEU::scratches_114,5,scratches,none,1,False,da3c3382f2fa9e1291e5da46d5ba96c1667229197dba56f1618c651379758571
NEU,NEU::scratches_115,5,scratches,none,3,False,e2128a3bddd81fdf7631df469dbe36541dd5f62a829e8c3bd19795a3b84a9ee6
NEU,NEU::scratches_116,5,scratches,none,2,False,c9a6354c889419d80851cfd192b535c2baeb699d59c7f1b8424552b7a134b955
NEU,NEU::scratches_117,5,scratches,none,4,False,533ef411f0252d313a85b6f7b4057f036268cac900581bba1784588136a7716e
NEU,NEU::scratches_118,5,scratches,none,4,False,11597fa66f475888f1b4bde318a741339467c1d074942361d0a391a61770f93e
NEU,NEU::scratches_119,5,scratches,none,0,False,2686f354cee5cbdbde6d4421577055f26a60eb8c1d853f7841dd12cb41d49b33
NEU,NEU::scratches_12,5,scratches,none,2,False,da988236def7af755e30945f33af20f73c08879111c072a4cd9b843f56f23272
NEU,NEU::scratches_120,5,scratches,none,0,False,127ec91a3f350a9dde1521aa8bae0d7db6df29370141e74ea90876960b617b8b
NEU,NEU::scratches_121,5,scratches,none,0,False,d3ee2418b21b7982b5621d5a0967dafd0e763142210518388ead02bac8f47dab
NEU,NEU::scratches_122,5,scratches,none,3,False,02a6e790f7b37da8d0a2b260ee564e697dfcc590fa5b1f1ab27c5b9c26c3aad6
NEU,NEU::scratches_123,5,scratches,none,4,False,181df005a3acd578c32e382485d60c8fd13340e57449557d786efd81d7fb01c8
NEU,NEU::scratches_124,5,scratches,none,1,False,254855329c0254463fcfd0a155a644bdf2b955fda0e338ab7b1ce9cfb4bacf26
NEU,NEU::scratches_125,5,scratches,none,2,False,855b302abb5f872b064e3161c84b9a6d4122d5e5118ab71f55a176b2fc193781
NEU,NEU::scratches_126,5,scratches,none,2,False,fd1f86fe4349e991e98e1b00c1b1aa94088669822cdb30a5c0dfffa5782134c3
NEU,NEU::scratches_127,5,scratches,none,2,False,f5d30a06efb4699e893da9705f6a09bef2e3f608d9b0995750e5b0c9dbab53c9
NEU,NEU::scratches_128,5,scratches,none,2,False,c0f08d4440966af9cccd1ea0372b1a01d8063e4d4d1e2d189269d3c9e018e23e
NEU,NEU::scratches_129,5,scratches,none,0,False,def28753fbc0d5050de6136e3c68e55b804577ba81f0dc0b64064fa5f5c2f591
NEU,NEU::scratches_13,5,scratches,none,3,False,cb8b1f1a29552cbea5edb205c27add76522d4577b5154b3ba2c72ca17b055646
NEU,NEU::scratches_130,5,scratches,none,4,False,20470387a65090ed71215af12c78d8ac0ee83566dde051b308abf149fb16c916
NEU,NEU::scratches_131,5,scratches,none,0,False,cc441db6aa140baabb8fbb21cba10d0b952312438d0a96950e3a99497c45857f
NEU,NEU::scratches_132,5,scratches,none,3,False,886e442a40f278acef38df92ca526b10ae6fdc02e6bdbb13d194e7b901b067b1
NEU,NEU::scratches_133,5,scratches,none,2,False,21b5fa723bad108189e9da4101ade52ff3085d75e5cfecd6fa7b429cbd07fe43
NEU,NEU::scratches_134,5,scratches,none,2,False,c8d0d68054aed82a7bcb3d01b06b945a6c984b98ddaa2eaf68285f2077ac7b20
NEU,NEU::scratches_135,5,scratches,none,3,False,98a86b64f2ede209013c67f47f6ed288723db2d707d1f7ca0fa00409dd55b2fe
NEU,NEU::scratches_136,5,scratches,none,1,False,574af2c4dcab39bea999116f72a1cef78d8f07ce061a49e68184d31094fa40ac
NEU,NEU::scratches_137,5,scratches,none,1,False,0327d255906525e9e803f7bc308c5392351bf2ee7dbe384f38ffa84c9bafcd4e
NEU,NEU::scratches_138,5,scratches,none,4,False,c6e07f851d11e72bf436fa082889f68c812fae81963e203d0a0420045e46dcbe
NEU,NEU::scratches_139,5,scratches,none,4,False,6c27fce9d6b0256700b556afe6d71cc235d57fc7847c884857fd127b0656522d
NEU,NEU::scratches_14,5,scratches,none,4,False,6665d90f599bbfeec1af1ad005f4436a3ecc4c96b135acf9fbdf3c19f373d2ed
NEU,NEU::scratches_140,5,scratches,none,2,False,8c5e73aa15ca7cb47c092e58f8a3996e8648aac5c37c58dc1c3971fec8629d7b
NEU,NEU::scratches_141,5,scratches,none,1,False,7a1ad51da018c844a6268ca8e3aa2e57ee3039be9ec3e1ab7891b814a6ea29c4
NEU,NEU::scratches_142,5,scratches,none,0,False,36aa104a77f3477c7d6e0ec5b9cde40ed9d43dd1afd363718eef4a2f8e272005
NEU,NEU::scratches_143,5,scratches,none,1,False,7c9f4ba1144fff57a958d90819038752b81751817126b9ad1893ae832f5518c7
NEU,NEU::scratches_144,5,scratches,none,3,False,c56e618d14c9eed93ac564ef90d473fcff0ca75fb04b132fa0ae7842a93a5c05
NEU,NEU::scratches_145,5,scratches,none,2,False,b5767351bb25860ccd2ff1de030a77c19d5f1fd721a7a01dbb289cba1f744d41
NEU,NEU::scratches_146,5,scratches,none,1,False,3cfcbe9d9b896bd5dbb8324a25a623b3517f54093897b033864cf46e5adec869
NEU,NEU::scratches_147,5,scratches,none,0,False,d7650322cf1946cf7736c53ca033d63f2e0c85f599b9c7f08f140c2af4211701
NEU,NEU::scratches_148,5,scratches,none,2,False,57233642aa5fc43868562990bd26d535a5f9562b03eea239cdfe1d8a511b4602
NEU,NEU::scratches_149,5,scratches,none,0,False,df3b444693b2d12424a853b58f666158155afbf368a5f467f6e126c343abf5f6
NEU,NEU::scratches_15,5,scratches,none,1,False,367075d6695862c4493a7d39213ed66e50845e9ff3611a8212a2745ac2a8f1ad
NEU,NEU::scratches_150,5,scratches,none,4,False,83242feddda09c84dd7648adf3b58ae9a02eafed278933423ac749f786345abc
NEU,NEU::scratches_151,5,scratches,none,4,False,beb540cd87fe1fbdc765822430b4e9601713b72f32ccb0ff8fb8bc1d96828236
NEU,NEU::scratches_152,5,scratches,none,3,False,7d92c3048cb2e54beff63e3a11a6d124578a6f27dbadb697e3d7c871c824eb69
NEU,NEU::scratches_153,5,scratches,none,3,False,edfda57ed4467e635baeff00654d9774bd2e94483c0e1a28c59b5f7f34240807
NEU,NEU::scratches_154,5,scratches,none,4,False,3e96489cf25f15a08c3dcebbec97afabdfb58468847e51a70d880a35a104b72c
NEU,NEU::scratches_155,5,scratches,none,2,False,7c35c565c812851bc4edb26b9ce8d854badcd0f1191db15363bbecf676af005a
NEU,NEU::scratches_156,5,scratches,none,2,False,b65e484717ff033687c7b03e79e6f151f60376f2ca033e9501d84da446226fbd
NEU,NEU::scratches_157,5,scratches,none,2,False,1fc900a7b315be7a4d0368f98881ff34a1fbd78955818df2158cb75071236c68
NEU,NEU::scratches_158,5,scratches,none,2,False,a91fc566e13d3253050d35b898b8ed659905a8268847ef06c1f7733757cb8788
NEU,NEU::scratches_159,5,scratches,none,1,False,1ceb9bc125069bb842b141ef784cbcf4acb956e7ca12c7e4716a89cc3bb27e33
NEU,NEU::scratches_16,5,scratches,none,3,False,08eb80f76650682dfc161e865d32bd78f1e002994f3d56ae1fcf81ab5ac9f47e
NEU,NEU::scratches_160,5,scratches,none,2,False,cb0e882ebb77e62531cfa0a8e69f9d9fc97d7c51bd9b96e89ae1ca1a90daefb7
NEU,NEU::scratches_161,5,scratches,none,0,False,3146339ef9953e19b3d631a2d3cb56e787b9d8a0bcb0128521d77bf09655ef4f
NEU,NEU::scratches_162,5,scratches,none,0,False,da16a35094a01dffc8d66eaca235072417f9720656be808710acd5b5024206ae
NEU,NEU::scratches_163,5,scratches,none,4,False,0986da5782a373f33155470d5eb85c601196eca8b1b76caf3934591a7bf20482
NEU,NEU::scratches_164,5,scratches,none,1,False,7f816c8c5d58bab9547b2171ad8a4c68915259cdd4c659573a535cfe716387b4
NEU,NEU::scratches_165,5,scratches,none,2,False,e4dd9c9a976cea57392ce1fbe49831c3c61c4bac70d5344e48a8b1d528b68890
NEU,NEU::scratches_166,5,scratches,none,4,False,bda65326f1b3d151f35170e2f1ba61bffc1ee388bc601b55837211071db12d4e
NEU,NEU::scratches_167,5,scratches,none,2,False,645d08a8c467c2f3287573a85ef08fee9d2637f9a77a3559c9f0ae5f93e44c99
NEU,NEU::scratches_168,5,scratches,none,4,False,f2828d8e854b39edb1ae12541a0a70bd56ce0a75148b64cdc2e2e96377be894f
NEU,NEU::scratches_169,5,scratches,none,0,False,4c0e084b88350fc15c22a71d0f278bb64d2d1dccc1f9ae2d60f197e0a25ea697
NEU,NEU::scratches_17,5,scratches,none,4,False,72fe2e74a970fcf954bebf7138eb3d51fb66a3bf195c1dec95c89e29e3daefe3
NEU,NEU::scratches_170,5,scratches,none,3,False,0d4082c1c2f2f4f05cd31266b9fa4b7eadbcd03444b7ec25ed960cc52f7d03ce
NEU,NEU::scratches_171,5,scratches,none,0,False,46d2411ff95acdfb93d090e85f376f0c1f0cf669d18fbc315be3a2eacf312771
NEU,NEU::scratches_172,5,scratches,none,1,False,a4c7cf896d8ac8507bc035b43dd15c54dec38e682c65e47e996c147c84fb05e1
NEU,NEU::scratches_173,5,scratches,none,2,False,5184ecbfe922ef4222a98e2f1a54a1110e01cd2c0936d097e09ca0ae2e1ee74c
NEU,NEU::scratches_174,5,scratches,none,0,False,e4b9101d64dd300257c823dd3dd3190b4b7763aae62dabe89276ac565db80dae
NEU,NEU::scratches_175,5,scratches,none,1,False,59e1b3397d38846dfc4699a8a7315b84b4460a9137ff0754fa6e6baa6cda3053
NEU,NEU::scratches_176,5,scratches,none,3,False,dcc7df64482b4f01ac887f0130709c862955a87d5b2f0793fdecd8d902f6e583
NEU,NEU::scratches_177,5,scratches,none,4,False,c6ad18a288b8c427cb64bbacf5a76000a4ca9b030c91f7f42e0e22bad86a4030
NEU,NEU::scratches_178,5,scratches,none,2,False,e4bcb2a80023991c71e22dd292b0b159ace79d9bd3f19532085f85fcd47629be
NEU,NEU::scratches_179,5,scratches,none,2,False,844a990f43c6d4d5f598bac0b0521b9b1331be60c1bbb80991bc5765f203e71c
NEU,NEU::scratches_18,5,scratches,none,1,False,fd74062b39027d7009e9e2c18575ee88b4bc910ccc33d5272473b116d812fae2
NEU,NEU::scratches_180,5,scratches,none,3,False,3048cff42d4f3310d3d40ca46b24c4fd5695bf9c4172d4a65fddfa20084300e7
NEU,NEU::scratches_181,5,scratches,none,0,False,6db0c14b65b0203a30f7c5a6b74c221ae403338ccf730ecebcca6e6ae31ad9d9
NEU,NEU::scratches_182,5,scratches,none,1,False,5f6815063bd34c710c7565555d0c5325770145618e22e0bf89d579411d3d59d1
NEU,NEU::scratches_183,5,scratches,none,2,False,592a97fc92cce801cba5ac473017a1b5d2cfd436a33a47696dac75d35d868925
NEU,NEU::scratches_184,5,scratches,none,0,False,bf371d07f5158ca1d5229a8a3ac00192fe4db73d17f4f2d84e9656aad97438ac
NEU,NEU::scratches_185,5,scratches,none,4,False,c4da2f96ef8e2cf70074638b5605bd523dddbf39d427a33c3a41b200cdd9001c
NEU,NEU::scratches_186,5,scratches,none,1,False,14b5bd0852ede460a0168573ced17c4d94d3ba4d46badd2d7bd674828936998a
NEU,NEU::scratches_187,5,scratches,none,1,False,d54832d718418cd38a79216afd468dce97987bd73b402836028bbf252145d7f1
NEU,NEU::scratches_188,5,scratches,none,1,False,86e6dd23751d39a027043f9bb403d18ef1b1769594e526969e4ad5f144dd1600
NEU,NEU::scratches_189,5,scratches,none,2,False,b0045d19ee0d7524102616e79eb0166e2e0ea5571d96fb1d1a0e2e76a0ba8142
NEU,NEU::scratches_19,5,scratches,none,2,False,fa6b1b100fae3b3fb5b5dfb81a60043a3990bfe83db9a199d5491c4b5532caa2
NEU,NEU::scratches_190,5,scratches,none,1,False,614d46bd35cc6a72c3637a88d82af76a5d6780e782656761c375c39effa2ac7a
NEU,NEU::scratches_191,5,scratches,none,3,False,7412eddf9952e8a749c671e67390a5d3554aca259372d8e19d4ff17bc0816905
NEU,NEU::scratches_192,5,scratches,none,4,False,5e5fd4e6a7d094ca79b157a8934e14ffaeaa5a4091ffcfbee3df19c0558a09e2
NEU,NEU::scratches_193,5,scratches,none,4,False,d201e7c39a88ced01e99e541d0f6ba4c7c24ccd5091a8c86973187459146fe88
NEU,NEU::scratches_194,5,scratches,none,1,False,d665bb3dd97b6c0b86930a6d78ac060d5acf91e74ffed2c7d06a3d28d6c0625c
NEU,NEU::scratches_195,5,scratches,none,0,False,0612d85b835ce0d03d025b4ccf9b51b10e91f689a721a467d0c7723553fa59de
NEU,NEU::scratches_196,5,scratches,none,4,False,c38a7908c9772c4a2bcfeec1eb39ffc0ded2d209ed7c342fcc3c7991bfd9d308
NEU,NEU::scratches_197,5,scratches,none,4,False,c5f04d4f1bbb7f4fc54dca0f0bf1449ef5febc3dc11a11a074b0c60cf9170095
NEU,NEU::scratches_198,5,scratches,none,4,False,d49bec319fb1619ef7e0fe67376127ea275d45e07708a65b6e97469652d9b656
NEU,NEU::scratches_199,5,scratches,none,1,False,7bff3a2dd68537dd23af6a344a81a48e62f1a04c3595b6245d7a0b1d531a7be9
NEU,NEU::scratches_2,5,scratches,none,1,False,960f6b75fb945308181a0736c176aff4c6fd94bb7e7956e26b04fd0cdbdf3657
NEU,NEU::scratches_20,5,scratches,none,3,False,a9f3ed313d7494096d51b11a7bc6c5165cca735903f3d581f4d0df639572c294
NEU,NEU::scratches_200,5,scratches,none,4,False,ac4ef4dd50e6d0e479e259103e4d7c9dbef146c7106986d38007baeeb3fa28e2
NEU,NEU::scratches_201,5,scratches,none,4,False,8ffeaafbd98f91bac64788e47e2a85596158ed6867c3160eceb166cf5b2c2496
NEU,NEU::scratches_202,5,scratches,none,2,False,d9153ae832dedaf4c547586dd094f443100aa43f1027c5eaf648eee75050ec51
NEU,NEU::scratches_203,5,scratches,none,3,False,aa62a9634b38443e309b0122922048462238f4e45b7ebcb949504da4e054b0b4
NEU,NEU::scratches_204,5,scratches,none,4,False,167102a4541146bab5a4ba84691d965d2120c65417dd9a9621aef54918b50cff
NEU,NEU::scratches_205,5,scratches,none,1,False,593ae4063a1faee033ce6631d49ab717d7a0058dc118594b0484a3064bf307ad
NEU,NEU::scratches_206,5,scratches,none,2,False,8a946044d3d5c1b22cc7990211c01ae53ee48af50e65ffdd426c3cb2d58ebe16
NEU,NEU::scratches_207,5,scratches,none,0,False,1e50f6f095de57d44e34ef02be64e45e1dbc539f7c747a1eec13e19d598c3ce6
NEU,NEU::scratches_208,5,scratches,none,3,False,38c3c035d209d38a5748908ba389d20c1aceef75edc0815bd8fb48eef0154ead
NEU,NEU::scratches_209,5,scratches,none,3,False,9f7db1e44228cdaa737b8cc1788cf5a61f8687854c269210f86df8ab137c1f79
NEU,NEU::scratches_21,5,scratches,none,4,False,f37c114c557ce9083e1a93b741455c6d7fff51b211887f7dd3e4ae1889950fa9
NEU,NEU::scratches_210,5,scratches,none,4,False,81815ca5833575d725e3427a8a04e40b01e401c5560cd433e93467af16709d60
NEU,NEU::scratches_211,5,scratches,none,3,False,016dcb3920a714e9fa14c02f366b4c3518dacc56d67ac884a85a9969b315328d
NEU,NEU::scratches_212,5,scratches,none,4,False,81be89ee4448348af4831ac930b257d6e52eb903de190be6d68d87984859262e
NEU,NEU::scratches_213,5,scratches,none,2,False,22d8674e352e68fb8e0f7aa69f1c4e8465628769bfafc90280d89307e7e25b3e
NEU,NEU::scratches_214,5,scratches,none,2,False,ff6cd63f155b15695324ac6f4c9bc5ca1b9ddc7561c38eef5816bd9b1584ceae
NEU,NEU::scratches_215,5,scratches,none,3,False,b5856bc3695fba2b9ace3caced3b1c783930b3c24380e8fea8ab079895f75c46
NEU,NEU::scratches_216,5,scratches,none,2,False,eae4d2bcdc8207089e3462975687c8ecd02a33a66e73a4b1b007b7c7b400d3fe
NEU,NEU::scratches_217,5,scratches,none,1,False,2076be693e7d6b5cdce9fdad174afba3d0efb9ea838cc510e0155517d46460b2
NEU,NEU::scratches_218,5,scratches,none,0,False,59d528b51122a1e8ee4066f344d5f8c9b9f05173d5f78a2d86c19372e292f3da
NEU,NEU::scratches_219,5,scratches,none,4,False,1311d76e721c2117dc81632dffe38aeb67d32a98aebab9c1d6a0242bd62ad53f
NEU,NEU::scratches_22,5,scratches,none,4,False,d8e06e9ad964c453f51a097aa6bacdfc1a36c8db677a944e6a2c2df48fc44600
NEU,NEU::scratches_220,5,scratches,none,0,False,c572667e09af38da19b1a49abad3b4de8c6e36b650856cd5942268eea7362e02
NEU,NEU::scratches_221,5,scratches,none,2,False,e65d748792cd1010f663588aec6437acad9a26c92a30ea263b67febed363b27b
NEU,NEU::scratches_222,5,scratches,none,0,False,bae054099edcb65dd3b0e71dcd271349a9670fbfddf07742dbc2a439ac3ce9f7
NEU,NEU::scratches_223,5,scratches,none,1,False,669bfbce9330b39ec06dedc04b6dd3190b06cabb45d7de3159f254cae49f53a4
NEU,NEU::scratches_224,5,scratches,none,3,False,677cedd6da38cc94bf2fc2d1f002894b9b75297269fb8775ba64c8634339c627
NEU,NEU::scratches_225,5,scratches,none,3,False,0b994c808e2305028287cf23aa342f180813de9194fa902e63c8601ba4c0bad7
NEU,NEU::scratches_226,5,scratches,none,1,False,97f4848d7dbad6c653b28d31be770e4143083cfd4dad87a8ea3a2b5b728f5adc
NEU,NEU::scratches_227,5,scratches,none,0,False,907a347e448f18b9d2f3f7ada8a8b21367ac374e9a7e9d6830f5fa6ce9225120
NEU,NEU::scratches_228,5,scratches,none,2,False,d74afc101feda03ef2b615ca2bf8bec85f315738e398a5420f8619d52a34135f
NEU,NEU::scratches_229,5,scratches,none,3,False,2949be028ecd34f8d0791592c98a8bb3dce0f8a50927a054f7617101728d4698
NEU,NEU::scratches_23,5,scratches,none,4,False,7afb3817ddfc9387a3ae636e3c2dd1e8745e1fba3f1ca3b0d62cde8589b037c5
NEU,NEU::scratches_230,5,scratches,none,4,False,7dab5ab522b9ecb16d53c196b3b0f769c42cb9c5694373e15785acc5f4451d0b
NEU,NEU::scratches_231,5,scratches,none,2,False,e1f2151bc40e1f09edaeb193c0c919961aaac065003f531f95cc59a19d07e88b
NEU,NEU::scratches_232,5,scratches,none,1,False,5130a7a4352245c52b2301d40e92a6efb565c2f8007b67c68723af24ddc516bc
NEU,NEU::scratches_233,5,scratches,none,0,False,52b547c24fcb07b514bfe71fc1cd617cdcf23090baa9d1bfb5e7544404e20b90
NEU,NEU::scratches_234,5,scratches,none,4,False,cf652825b3c7cbea8ebf2b258989a4a915c5798fc29406294d458edb92fec80b
NEU,NEU::scratches_235,5,scratches,none,4,False,508b8ec922f5bf951068199b2e96b3f82236385b4b63a52a2e1fb322927cd6ab
NEU,NEU::scratches_236,5,scratches,none,4,False,2ebc998f51cf32215b60f9f91d37a4c58820f33a33d0dea03bc45c34d185df0f
NEU,NEU::scratches_237,5,scratches,none,0,False,a0e5c95ef7df58b2b2e7869ea7b2a710038e3860b9fbf7cfe1eb168e7579119f
NEU,NEU::scratches_238,5,scratches,none,2,False,84c074a67e8c075c794d045a27bed9fff93745b6c052df72196104c3329c0db1
NEU,NEU::scratches_239,5,scratches,none,2,False,d6bb81f449e6ce915bd551db184920a8b46383c202f84a226b50b095abf50a95
NEU,NEU::scratches_24,5,scratches,none,0,False,0e0ec49fe4e5c92719665bf0d133f6a633e6097ae343d34b6819d89e7db612a6
NEU,NEU::scratches_240,5,scratches,none,4,False,52e15ece6022bcb42f2991a7acae1c4e6b26cac16976402aea424d356d7cb964
NEU,NEU::scratches_241,5,scratches,none,1,False,808c8053268c526a8230dd0d1c286af89a2f4d9e2fa015e64a9b3c0defc37f56
NEU,NEU::scratches_242,5,scratches,none,2,False,18297530aa9ba8fc6cb75c1b4b04d643dd668b1ab6930e8f1fffe33f6db6179e
NEU,NEU::scratches_243,5,scratches,none,1,False,21179d3baebad95f0de55c026ec10fc343d86134193f7dddfbfdc82fa450bf9b
NEU,NEU::scratches_244,5,scratches,none,4,False,b581ded4e4d3b08c9087063289a44a645aef732c0aaf3aca46a3551ac3481d8a
NEU,NEU::scratches_245,5,scratches,none,3,False,754c6a9d09b6eb882624de13e43415b31f97a135c403a5fbd3d2e37fb94932ea
NEU,NEU::scratches_246,5,scratches,none,4,False,06811a835826c47ad78e91e90cb758f6334f348d21765375b2ce9146be1309b4
NEU,NEU::scratches_247,5,scratches,none,0,False,6d4086b3f39a0620d9aaea5b60d4ab090253b7eb3de48e2f808c0d654bcd095a
NEU,NEU::scratches_248,5,scratches,none,0,False,bfb4e632f35b361a6ba2f736412ce5c970157b70df2727c7eb6fa18eb5d3f57f
NEU,NEU::scratches_249,5,scratches,none,1,False,815ac678ef7915d03d57f55c4c737df487a41d95f3cc5291742561d57768554b
NEU,NEU::scratches_25,5,scratches,none,1,False,a396520aa648baf7345a7d1b88325650ff2dae4df1fc4d9e19bee4c714be8c82
NEU,NEU::scratches_250,5,scratches,none,3,False,a3c414db4f4b09b5ec40700dc76531408d3a8f536347ec4114677c8814e2d2cc
NEU,NEU::scratches_251,5,scratches,none,3,False,509be19bbc2074e59ef928b35a615edd7829f205ff37941f132b6afd3563d97e
NEU,NEU::scratches_252,5,scratches,none,4,False,dec9b4c8b7e3b31c3d91640230f30623c6cc9931a0999e6c221e0ff616513bb8
NEU,NEU::scratches_253,5,scratches,none,0,False,237fafe2a77579d4be8dbddb236f26ab2409efb2aeb63a85811b7e104ee7d5fc
NEU,NEU::scratches_254,5,scratches,none,4,False,ffd21c5983d44ff61cccc9fb15c6317e1d4159a931f5f4949d6524bff72b0d70
NEU,NEU::scratches_255,5,scratches,none,0,False,cbce8cec9fcd71dd78f91976544b9544af1c346172efa4c335959f3ff6fd68b6
NEU,NEU::scratches_256,5,scratches,none,1,False,79ee78cd754bce9d099e9d4b8b6ea6fce9bf957306d4a69d2f4448073ccfc41d
NEU,NEU::scratches_257,5,scratches,none,0,False,b397d474777da6843cbd252388515502c645877636b353b46f0ce6e5c770ec35
NEU,NEU::scratches_258,5,scratches,none,0,False,75e32b02e1e07874ecb43a28da7bcafccde3e60675fba729359714e10dd0f092
NEU,NEU::scratches_259,5,scratches,none,3,False,3d9f70b84f17226fb5791ebfccef99ca7bd17c6a1e340f972ab21cedd5de2663
NEU,NEU::scratches_26,5,scratches,none,0,False,ecf6a8e75fbe2f932cdf56268090f788a4ec120e93bb4839dda8c88d57d1cbf6
NEU,NEU::scratches_260,5,scratches,none,1,False,9262b8fb9e7e920cf7caab7316f34e95b114dbeb2e05f526fd9bab6e69beb376
NEU,NEU::scratches_261,5,scratches,none,0,False,6ac6ec84031512ca7ffb7e83367ca26f49067a4a27bdfe561608861ea047e97a
NEU,NEU::scratches_262,5,scratches,none,0,False,c07cf45a10ffb89016260ed213866b555c2c152a9e0207d6d9e44e490bd307f4
NEU,NEU::scratches_263,5,scratches,none,0,False,fe216505917b1c9c31f5925244ff60cda229409dc13f9c4f39f0dccec4e90efd
NEU,NEU::scratches_264,5,scratches,none,1,False,c10b3007a57fb80c25869bccf631d4cd0e297faeec200609f4ca39670e5421c1
NEU,NEU::scratches_265,5,scratches,none,2,False,d47e69763a49d5d5a927a191715710198c5ecb75673ee835d645b8bd71d25e92
NEU,NEU::scratches_266,5,scratches,none,3,False,225caa8efad179c0a1ded2de25800945db661f6868339660df089846e297cda0
NEU,NEU::scratches_267,5,scratches,none,0,False,a916d3fb45316693e6d93749e4141fa444b2bb87f4f5b3433aca92ce85887aa8
NEU,NEU::scratches_268,5,scratches,none,0,False,2bcfea24551cb98e0a64b81d515eda2d597b71bb5d8391a0eff4d61a3cabccf8
NEU,NEU::scratches_269,5,scratches,none,1,False,7ff3ed684221fd04a55f13f87a5fbd3958414b91145e88af651cb97fbb85eeb4
NEU,NEU::scratches_27,5,scratches,none,3,False,f0162be4de935f4064486990a524a4b7b8a816bc0a39f8fff3ee58034546e9e0
NEU,NEU::scratches_270,5,scratches,none,3,False,cf07fc75c1b3fc8e03ce7ebfeb7e6881d3dac5967012f06a1faec86bdb1d7a87
NEU,NEU::scratches_271,5,scratches,none,3,False,89fce9a3ee105dfd7d3a55749854d04ddc2fd14bd920bc06ec9fb417d08f9147
NEU,NEU::scratches_272,5,scratches,none,4,False,36c685908f06b7609fee229a4f5283176bf1ed5dc3953eb4becaf76b5e7e5e08
NEU,NEU::scratches_273,5,scratches,none,2,False,06fd8df49222af37b7a66f9868dab365bd946f29fddda8fec763fa4bc8a232f1
NEU,NEU::scratches_274,5,scratches,none,1,False,aeffae1b86245a95003da86b5acfd5b14c4dfe93138c3c4ac16ac0c933de77ce
NEU,NEU::scratches_275,5,scratches,none,1,False,0e3f6a2090474df8934b4c3a19a311bee21113c9aff36d07793e181bf47f5645
NEU,NEU::scratches_276,5,scratches,none,4,False,5425066031254b9a916291955733134e6aa6f0af5d7d59686de98d165226fe3e
NEU,NEU::scratches_277,5,scratches,none,1,False,0f1d2f918fd93652f92a25de19f74324cfc879a77e39e5b911eb30fc3a82a75d
NEU,NEU::scratches_278,5,scratches,none,2,False,2250c7ee89a2d4d03656a9ac3643ede3f8e2225b184472836d62c07024af5356
NEU,NEU::scratches_279,5,scratches,none,2,False,07eaa26e72ed58dce79a1ed22881149ed9d4f202f925b1b3055a1c0fbadf27c2
NEU,NEU::scratches_28,5,scratches,none,0,False,b573375056053983d38edd2061ee73fd7de209f1010c1ed07eb8046480b4348a
NEU,NEU::scratches_280,5,scratches,none,3,False,3f14a2b13cd4a4fd99666fae2c83eaea7c00d8373c3ae764697eef527df9b729
NEU,NEU::scratches_281,5,scratches,none,3,False,ae4d4b4b847f5056c96807f335a663b434f77391aafec7133236bf95221cb256
NEU,NEU::scratches_282,5,scratches,none,1,False,d526f36419cd66b2269d6ee46f3e18e798ac6dba9657676359566d7268ec666a
NEU,NEU::scratches_283,5,scratches,none,1,False,b8ac3cae8163a749ccfad675864d4337332e77a1b6105f72114497fcfb555376
NEU,NEU::scratches_284,5,scratches,none,1,False,7460cc96b7ca26a5118ce716a8e7f66d210d35e15e596597d8f204b021b293d2
NEU,NEU::scratches_285,5,scratches,none,2,False,5255774b455b8b94eefa05c803d031a4f3ac8e2b7a3936d2d694b29935accb60
NEU,NEU::scratches_286,5,scratches,none,0,False,5c6854da13a98037918d0b476bb0eb2b505478e878fb0c2f3ebaea30d9bb8cf8
NEU,NEU::scratches_287,5,scratches,none,2,False,6daf546f9bb1a4b58b9a76f4fe912418426b9a97448610edec52314f66fc140f
NEU,NEU::scratches_288,5,scratches,none,1,False,0ffe135744b30b96bb0ced670e532d08473f2462177d8437aa6678b4910457e2
NEU,NEU::scratches_289,5,scratches,none,4,False,3fe8d86cfc4a4c60cdf65babd227d6ce88a6d690eadc8f9b56465c7d58ee4937
NEU,NEU::scratches_29,5,scratches,none,2,False,80a15969e4d2f6cff472bd0018fe3af757850351f95f2142ff39d1994d7628d7
NEU,NEU::scratches_290,5,scratches,none,0,False,fa4a943f2ef491d03248145846c5d455e038c45d543aed7b13dd3fa4a3777d4f
NEU,NEU::scratches_291,5,scratches,none,0,False,0d6b2134052adc7618ff5c6635a1034f17f9e049d972ce2115528bafa72c8294
NEU,NEU::scratches_292,5,scratches,none,4,False,66e096173ceefd42aa909bea0e76e26d1a1dc54a2abab61e1149e045ac11403d
NEU,NEU::scratches_293,5,scratches,none,4,False,94b9655b1f1d32e520618aeb2ff2ddc930c1d2b11aa35074604d6a294ec4d240
NEU,NEU::scratches_294,5,scratches,none,0,False,29689c1398eed61d94cfab12e65f38f42df006064ef85567b3568de836a12e98
NEU,NEU::scratches_295,5,scratches,none,3,False,68afd07195ce3186bec3c02447d2f284ed40e7d616144040a18335b27daa9d14
NEU,NEU::scratches_296,5,scratches,none,4,False,9e3d08b4ef099411d675d18db9f006b0d6739bc6cb33c27221a7c50efd7aeedb
NEU,NEU::scratches_297,5,scratches,none,0,False,795dc162bec70f7a16abc2f434cdd72fe84a504c456269d7176e6a4789066768
NEU,NEU::scratches_298,5,scratches,none,0,False,c408389639cce8c2da2ba020370457279429b80420e7379bb997392bcafd03d5
NEU,NEU::scratches_299,5,scratches,none,0,False,adeb6ac5a2be5c145131e2fc450a8f628402f7c56eea38b102c288ae58fc9219
NEU,NEU::scratches_3,5,scratches,none,0,False,f2e1cb55c6aff957fc5cb7b32703e675fbaf2d9c4ef6c6151e10ab25f48ce78c
NEU,NEU::scratches_30,5,scratches,none,4,False,fb713f67c2e5a92c14645272f257cc3ef80c1bef743c7a27d19f26ba3b3870b1
NEU,NEU::scratches_300,5,scratches,none,1,False,16419bc0544ffe145aa39c786be8af7d45c1b740b144e4366429fb8c7912713e
NEU,NEU::scratches_31,5,scratches,none,4,False,20a6c5b8dcb9df14f4753eb767e2472b5b26668a30947342fb0571c3338ff665
NEU,NEU::scratches_32,5,scratches,none,3,False,d59906181fc273fa0b4b7e0c526d81443cfaae8c9cdbc3ed4a50e040297f1a19
NEU,NEU::scratches_33,5,scratches,none,0,False,c5c302e720075c67817605d4715a7f1e63df3bff7f531d0cfb289068728efce5
NEU,NEU::scratches_34,5,scratches,none,0,False,4752971b7ad7b3b8d509d0b8c67eb8a683c8a5f95f62896cb25b6207a7fbdd05
NEU,NEU::scratches_35,5,scratches,none,1,False,ac93ce819e7fc8800a2052f0e4f31cc1acedb1c534a5bb4bbbf654445bfcaa55
NEU,NEU::scratches_36,5,scratches,none,1,False,a8ea1585ed3a91616f526de49ab9534159c4c26c847d9ac6e0d90f69dca2fa6f
NEU,NEU::scratches_37,5,scratches,none,4,False,75f393a35dd2c29e2703d6693c1b43593718ed6afcf1a9e07a0e86d0c5e0b1a3
NEU,NEU::scratches_38,5,scratches,none,3,False,888229a1bd266a7cc25bcb8944bae5ac0450dddb8b308b32dda3eb52be77a432
NEU,NEU::scratches_39,5,scratches,none,2,False,bbd99962679d7a31f269865c9e8f774fc65602b35e1b1272e181173c601ac7da
NEU,NEU::scratches_4,5,scratches,none,1,False,d7a5a987b96863bb3cdd161c6f81c841ed7c9dadaf048db31fb3bdc70de95f21
NEU,NEU::scratches_40,5,scratches,none,2,False,5ff1878abdab2d030b32896486b498d1ecdf6d8f439f664bed53a8ba246de332
NEU,NEU::scratches_41,5,scratches,none,2,False,b92004ba11866501f5a257dcb5f2840bc9265ffe8e9e5f48f554d68c7bef35b0
NEU,NEU::scratches_42,5,scratches,none,3,False,e1b749959308e24dd64947abb166f1762ed86ec3e5bde99998631cd44936b7c0
NEU,NEU::scratches_43,5,scratches,none,3,False,c1b2e9040a2251c020966264cc8a5cb7ce311df6294f21e1db8b09c96b360ca4
NEU,NEU::scratches_44,5,scratches,none,4,False,ce77e911d526b114709fdaaf19c3c3520ad73e75543ee37b4f3aa6de89d21b62
NEU,NEU::scratches_45,5,scratches,none,3,False,62c747044d5744d1b985f4123983f57e8ac130cb66ffd4cd415d2873094c8672
NEU,NEU::scratches_46,5,scratches,none,3,False,cc4ce3b9394afa13e4715d4ef0f878fb2982a0b52c5b4b1561e0eff80d6dedcd
NEU,NEU::scratches_47,5,scratches,none,2,False,ab7f194af65ec63adeed6df943a63393c334f88246170651321e6626629b40a0
NEU,NEU::scratches_48,5,scratches,none,1,False,b4bd572594231c39df923fd9a81ae1cbfaa975054c2af4000ef1d7a3ceb21e8a
NEU,NEU::scratches_49,5,scratches,none,3,False,e39f96db2c4012d8d67a10c8d39dc580e99cdac09112d4b5da5a047389b120e2
NEU,NEU::scratches_5,5,scratches,none,2,False,dfe599fd61cf93513ab221e5731036badaa27b8a304d2c0e5f9b083128b6100c
NEU,NEU::scratches_50,5,scratches,none,1,False,758368569146183dac0848ccc2193f160ee9599a28c9976ceee557058971d178
NEU,NEU::scratches_51,5,scratches,none,0,False,f772fdadf1cb110c929ec3b3204a390c7a64713141bbc666e6872fd163fc7e6c
NEU,NEU::scratches_52,5,scratches,none,4,False,dd38b433da3cdc86d90aa14b5394c82ce3441eaa1e1bba8d304b088d929b5c15
NEU,NEU::scratches_53,5,scratches,none,3,False,3bcac890eee84445a798a20289599d44e664300658111da743a4073900a95a41
NEU,NEU::scratches_54,5,scratches,none,4,False,f5d65ef7d240395e5a5d421abe66da227dd4047891a81c276acf1cc7ab34a0bb
NEU,NEU::scratches_55,5,scratches,none,4,False,93a94941ea35cdcd24a196fb0b12aa9b2bd082ce839e67fbdb237e96a8c03f7b
NEU,NEU::scratches_56,5,scratches,none,3,False,5d8ab302afd6923b3f5573fd369b925a99302a031c565352af3556b36b4c78a3
NEU,NEU::scratches_57,5,scratches,none,1,False,b46371506a9386702aa82e3707f8d315ecec02f17912f76f6aaefaac87946d53
NEU,NEU::scratches_58,5,scratches,none,1,False,c756058aafb82eb234af08537dc69e4f96e69b84ca7d019d9acf4e673e359582
NEU,NEU::scratches_59,5,scratches,none,3,False,5681e8705d15961faea00d3225aacbf31eea774faebf4a0b7df6e5903a107c94
NEU,NEU::scratches_6,5,scratches,none,4,False,cb03aeb9bd78d5b28768ff9fb9b55edeedfe2617e11400a1391eea34d60ec285
NEU,NEU::scratches_60,5,scratches,none,1,False,0c8af0a11fea79c84b240ccaf15d1d958f67f1259ab66b6633e12c86e05c54df
NEU,NEU::scratches_61,5,scratches,none,1,False,3eaa5ab2b314c9c0e39e3b164711c4c4032fee3e2bbcd31fd88f4e483787f634
NEU,NEU::scratches_62,5,scratches,none,1,False,836b98d7c217f5e61b9bc2e5c0adb7f59db0a2df31943d783581e712b82fb48a
NEU,NEU::scratches_63,5,scratches,none,0,False,cddf7573256ad9017ac18d1bfa81e49ae87d0cda40a01ff63d6be0b1ae720348
NEU,NEU::scratches_64,5,scratches,none,3,False,7d99c9e9cbaf265ce716c689bbab80e30ea79134559190126afdf2695165619c
NEU,NEU::scratches_65,5,scratches,none,4,False,6d0e29f19f167c5e34bce00ec93c0b6f58c3905d23d53fef977d7dd27f2b5ea8
NEU,NEU::scratches_66,5,scratches,none,0,False,883988251961da0342ce6f0b3d2a5658d77b78603c246c19f9b325b8b419cd14
NEU,NEU::scratches_67,5,scratches,none,1,False,cd9d73852c23f8ddd6a2729fda97cbe965fb20e4c85b21c2f5e44d5ea886a289
NEU,NEU::scratches_68,5,scratches,none,3,False,65121e6d4710b6e80a595e3b8212c8c99ae5535bc0b2dd3d1b09c966b09341dd
NEU,NEU::scratches_69,5,scratches,none,3,False,61f13b13ef12c191b6191692fecbfb215e939f23c5e8f6b4756e7d8431c1d814
NEU,NEU::scratches_7,5,scratches,none,2,False,150ffc419c103081f8c192b60d27d5019512633184d45cc78cc7e8f4413b3b0b
NEU,NEU::scratches_70,5,scratches,none,1,False,5e36d31d04d2f41d47ade42df79f55cc74d4a8c32e40c9316a1a0f08ffc50768
NEU,NEU::scratches_71,5,scratches,none,2,False,56f53870f0da42c81bd067c953afe9a891e704b0b178bcae46c6c59fc7d3fcaa
NEU,NEU::scratches_72,5,scratches,none,4,False,a959ecae55ba0edb6e5fc0622131cf49bd22dec8a386a16da0948df0bd0ff29a
NEU,NEU::scratches_73,5,scratches,none,3,False,3d85a326f477da24bf6d84411a65ffbfc93e1a5fd7187fdf3c530e04aed886fb
NEU,NEU::scratches_74,5,scratches,none,4,False,7c1919325465e8a762552e839a93c141ca6d44777136e663676fbb3644fc6eaa
NEU,NEU::scratches_75,5,scratches,none,2,False,76e7b6a0047b0f68573828f4aa67453e3c515a7f93c7b67bfdcfe9eca518feb7
NEU,NEU::scratches_76,5,scratches,none,3,False,80608058e915f920b897fa32d1c3a2ab583f3fd21acd5742f77cfb2c413c8058
NEU,NEU::scratches_77,5,scratches,none,1,False,0f30ad864afb086b06c24e27574fb0ebe3412b58ee8173ece1d047eef34116d8
NEU,NEU::scratches_78,5,scratches,none,4,False,f49a4f4de991681f64f39e2393a488b5753a603a499b2234b0cbc8d494416f2a
NEU,NEU::scratches_79,5,scratches,none,1,False,11528fc593f9a25b6a691f06d1309f34660e6583dd7ea9939e06491eb6b68274
NEU,NEU::scratches_8,5,scratches,none,0,False,955c57d2a7b44986a8e17d4171f42c4d17b4f93314cd9a4bf48a3c3e9123e38d
NEU,NEU::scratches_80,5,scratches,none,2,False,7be113457f8fc94dee9e4b7a325e6b787999ea83e39f6c7389618582e8146a98
NEU,NEU::scratches_81,5,scratches,none,3,False,18601fce531059a2faee79d8b1d9881964b1fd486c837c99fc0bb970bcb9d7ad
NEU,NEU::scratches_82,5,scratches,none,2,False,6d38da963a2d6b10870b423a6761769a8e4e6235e4538522cacf503e5ce1c0e5
NEU,NEU::scratches_83,5,scratches,none,3,False,3fa1db26236a08d8aa468d37a484fba3351869ff4081fc560f2fad60e3a91e28
NEU,NEU::scratches_84,5,scratches,none,4,False,0e25a596a7ddcb6b78b1f608c01a9ab168748556ee87e7feb2293ce3de87cd78
NEU,NEU::scratches_85,5,scratches,none,1,False,31a229ddb970db1b9da2ba0c08670ee44380d9e1ecfb0921780a5806bda96663
NEU,NEU::scratches_86,5,scratches,none,1,False,cac62465b7def9d197411a35f77cf35b291f957dae5bca8adbc5ad1708744249
NEU,NEU::scratches_87,5,scratches,none,0,False,83d98ea2597e4bf47fcaa8fb4f5df31c347fc89bfd88f57d5ef9035b6d013382
NEU,NEU::scratches_88,5,scratches,none,0,False,60c8756c32648ebad1dddd7df9a2d5105db9f18941ec159bf0294d760009af51
NEU,NEU::scratches_89,5,scratches,none,4,False,2384449a35b02b37ab9678138e8c631214475d595867dfa6c1fa4c83ac5f36b1
NEU,NEU::scratches_9,5,scratches,none,2,False,345c4f6e6f0f2fcd9f9be2df77a9a9ac9bcb74a3594fb51ebec3ef9c5ea1ba41
NEU,NEU::scratches_90,5,scratches,none,3,False,3ab8a57c251a314ecb243bd97375429ffcf365f30b79042642b0d2e7c57ec820
NEU,NEU::scratches_91,5,scratches,none,3,False,813631d06c87300d272a76afcfee0cd684879c9ef83c2b54a2d01ff13691ca80
NEU,NEU::scratches_92,5,scratches,none,1,False,78f0f67d7827a24cee83e9e3f8c7698f362bb37725243568d2ef547d66945704
NEU,NEU::scratches_93,5,scratches,none,3,False,f2c63aa948bc31467e855168bb2b85fd37c2564c555d61655ceee222662037d3
NEU,NEU::scratches_94,5,scratches,none,2,False,f800f9f5e2181940b19a12bd8d488d374bf2d3f17ba8aee0a3708b222c5e8996
NEU,NEU::scratches_95,5,scratches,none,3,False,cf7df984c2b5a1d0dedc493859c99729645d851fc2c136e847acde750b1e1e78
NEU,NEU::scratches_96,5,scratches,none,4,False,f1901ab02ee93901ed9f372eb0060c5ba09fabaec1e9a18faa56652eff8ed9f2
NEU,NEU::scratches_97,5,scratches,none,2,False,a676d6115dd0e39e2cf5ee2e8aa6cf784c6d6b1156f7da3f202e962bf5f67d32
NEU,NEU::scratches_98,5,scratches,none,1,False,38d29272c69d03f3dae4da3fa497ba33bcb3f19caf3fdcb65d5773bbced0f585
NEU,NEU::scratches_99,5,scratches,none,0,False,b69942dc74c0fec6a6d6166831f68b4273558ae5ba4b10e67688106bcb309cab
