image_id_a,image_id_b,hamming,label_a,label_b,dataset_a,dataset_b,split_a,split_b,crosses_class,crosses_official_split,category
MT::exp0_num_743,MT::exp3_num_913,0,Free,Free,MT,MT,none,none,False,False,CRITICAL
MT::exp0_num_797,MT::exp2_num_834,2,Fray,Free,MT,MT,none,none,True,False,CRITICAL
MT::exp0_num_797,MT::exp3_num_853,2,Fray,Blowhole,MT,MT,none,none,True,False,CRITICAL
MT::exp0_num_797,MT::exp4_num_889,0,Fray,Free,MT,MT,none,none,True,False,CRITICAL
MT::exp0_num_797,MT::exp5_num_937,0,Fray,Free,MT,MT,none,none,True,False,CRITICAL
MT::exp0_num_797,MT::exp6_num_972,2,Fray,Fray,MT,MT,none,none,False,False,CRITICAL
MT::exp2_num_834,MT::exp3_num_853,0,Free,Blowhole,MT,MT,none,none,True,False,CRITICAL
MT::exp2_num_834,MT::exp4_num_889,2,Free,Free,MT,MT,none,none,False,False,CRITICAL
MT::exp2_num_834,MT::exp5_num_937,2,Free,Free,MT,MT,none,none,False,False,CRITICAL
MT::exp2_num_834,MT::exp6_num_972,4,Free,Fray,MT,MT,none,none,True,False,CRITICAL
MT::exp3_num_853,MT::exp4_num_889,2,Blowhole,Free,MT,MT,none,none,True,False,CRITICAL
MT::exp3_num_853,MT::exp5_num_937,2,Blowhole,Free,MT,MT,none,none,True,False,CRITICAL
MT::exp3_num_853,MT::exp6_num_972,4,Blowhole,Fray,MT,MT,none,none,True,False,CRITICAL
MT::exp4_num_889,MT::exp5_num_937,0,Free,Free,MT,MT,none,none,False,False,CRITICAL
MT::exp4_num_889,MT::exp6_num_972,2,Free,Fray,MT,MT,none,none,True,False,CRITICAL
MT::exp5_num_937,MT::exp6_num_972,2,Free,Fray,MT,MT,none,none,True,False,CRITICAL
MT::exp1_num_329206,MT::exp2_num_329231,10,Free,Free,MT,MT,none,none,False,False,REVIEW
MT::exp1_num_329206,MT::exp3_num_329247,8,Free,Free,MT,MT,none,none,False,False,REVIEW
MT::exp1_num_329206,MT::exp5_num_329283,2,Free,Free,MT,MT,none,none,False,False,CRITICAL
MT::exp2_num_329231,MT::exp3_num_329247,6,Free,Free,MT,MT,none,none,False,False,REVIEW
MT::exp2_num_329231,MT::exp5_num_329283,8,Free,Free,MT,MT,none,none,False,False,REVIEW
MT::exp2_num_3696,MT::exp4_num_3724,8,Blowhole,Blowhole,MT,MT,none,none,False,False,REVIEW
MT::exp2_num_3696,MT::exp5_num_3746,6,Blowhole,Blowhole,MT,MT,none,none,False,False,REVIEW
MT::exp3_num_329247,MT::exp5_num_329283,8,Free,Free,MT,MT,none,none,False,False,REVIEW
MT::exp4_num_3724,MT::exp5_num_3746,4,Blowhole,Blowhole,MT,MT,none,none,False,False,CRITICAL
MT::exp1_num_106151,MT::exp1_num_6984,10,Free,Blowhole,MT,MT,none,none,True,False,CRITICAL
MT::exp1_num_106151,MT::exp2_num_313853,4,Free,Free,MT,MT,none,none,False,False,CRITICAL
MT::exp1_num_106151,MT::exp2_num_7009,8,Free,Blowhole,MT,MT,none,none,True,False,CRITICAL
MT::exp1_num_106151,MT::exp3_num_256305,6,Free,Free,MT,MT,none,none,False,False,REVIEW
MT::exp1_num_106151,MT::exp3_num_7023,8,Free,Blowhole,MT,MT,none,none,True,False,CRITICAL
MT::exp1_num_106151,MT::exp4_num_106203,6,Free,Free,MT,MT,none,none,False,False,REVIEW
MT::exp1_num_106151,MT::exp4_num_351088,10,Free,Free,MT,MT,none,none,False,False,REVIEW
MT::exp1_num_106151,MT::exp4_num_354427,10,Free,Free,MT,MT,none,none,False,False,REVIEW
MT::exp1_num_106151,MT::exp5_num_106221,4,Free,Free,MT,MT,none,none,False,False,CRITICAL
MT::exp1_num_106151,MT::exp5_num_7054,10,Free,Blowhole,MT,MT,none,none,True,False,CRITICAL
MT::exp1_num_106151,MT::exp6_num_106244,8,Free,Free,MT,MT,none,none,False,False,REVIEW
MT::exp1_num_106151,MT::exp6_num_320864,10,Free,Free,MT,MT,none,none,False,False,REVIEW
MT::exp1_num_6984,MT::exp2_num_313853,8,Blowhole,Free,MT,MT,none,none,True,False,CRITICAL
MT::exp1_num_6984,MT::exp2_num_7009,2,Blowhole,Blowhole,MT,MT,none,none,False,False,CRITICAL
MT::exp1_num_6984,MT::exp3_num_256305,8,Blowhole,Free,MT,MT,none,none,True,False,CRITICAL
MT::exp1_num_6984,MT::exp3_num_7023,2,Blowhole,Blowhole,MT,MT,none,none,False,False,CRITICAL
MT::exp1_num_6984,MT::exp4_num_106203,8,Blowhole,Free,MT,MT,none,none,True,False,CRITICAL
MT::exp1_num_6984,MT::exp4_num_262258,10,Blowhole,Free,MT,MT,none,none,True,False,CRITICAL
MT::exp1_num_6984,MT::exp4_num_351088,8,Blowhole,Free,MT,MT,none,none,True,False,CRITICAL
MT::exp1_num_6984,MT::exp4_num_354427,8,Blowhole,Free,MT,MT,none,none,True,False,CRITICAL
MT::exp1_num_6984,MT::exp5_num_106221,10,Blowhole,Free,MT,MT,none,none,True,False,CRITICAL
MT::exp1_num_6984,MT::exp5_num_296701,10,Blowhole,Free,MT,MT,none,none,True,False,CRITICAL
MT::exp1_num_6984,MT::exp5_num_351099,6,Blowhole,Free,MT,MT,none,none,True,False,CRITICAL
MT::exp1_num_6984,MT::exp5_num_7054,0,Blowhole,Blowhole,MT,MT,none,none,False,False,CRITICAL
MT::exp1_num_6984,MT::exp6_num_106244,8,Blowhole,Free,MT,MT,none,none,True,False,CRITICAL
MT::exp1_num_6984,MT::exp6_num_320864,8,Blowhole,Free,MT,MT,none,none,True,False,CRITICAL
MT::exp2_num_313853,MT::exp2_num_7009,6,Free,Blowhole,MT,MT,none,none,True,False,CRITICAL
MT::exp2_num_313853,MT::exp3_num_256305,8,Free,Free,MT,MT,none,none,False,False,REVIEW
MT::exp2_num_313853,MT::exp3_num_296668,10,Free,Free,MT,MT,none,none,False,False,REVIEW
MT::exp2_num_313853,MT::exp3_num_7023,6,Free,Blowhole,MT,MT,none,none,True,False,CRITICAL
MT::exp2_num_313853,MT::exp4_num_106203,10,Free,Free,MT,MT,none,none,False,False,REVIEW
MT::exp2_num_313853,MT::exp4_num_354427,8,Free,Free,MT,MT,none,none,False,False,REVIEW
MT::exp2_num_313853,MT::exp5_num_106221,8,Free,Free,MT,MT,none,none,False,False,REVIEW
MT::exp2_num_313853,MT::exp5_num_296701,8,Free,Free,MT,MT,none,none,False,False,REVIEW
MT::exp2_num_313853,MT::exp5_num_351099,10,Free,Free,MT,MT,none,none,False,False,REVIEW
MT::exp2_num_313853,MT::exp5_num_7054,8,Free,Blowhole,MT,MT,none,none,True,False,CRITICAL
MT::exp2_num_313853,MT::exp6_num_106244,6,Free,Free,MT,MT,none,none,False,False,REVIEW
MT::exp2_num_313853,MT::exp6_num_320864,8,Free,Free,MT,MT,none,none,False,False,REVIEW
MT::exp2_num_7009,MT::exp3_num_256305,10,Blowhole,Free,MT,MT,none,none,True,False,CRITICAL
MT::exp2_num_7009,MT::exp3_num_7023,0,Blowhole,Blowhole,MT,MT,none,none,False,False,CRITICAL
MT::exp2_num_7009,MT::exp4_num_106203,8,Blowhole,Free,MT,MT,none,none,True,False,CRITICAL
MT::exp2_num_7009,MT::exp4_num_351088,6,Blowhole,Free,MT,MT,none,none,True,False,CRITICAL
MT::exp2_num_7009,MT::exp4_num_354427,8,Blowhole,Free,MT,MT,none,none,True,False,CRITICAL
MT::exp2_num_7009,MT::exp5_num_106221,10,Blowhole,Free,MT,MT,none,none,True,False,CRITICAL
MT::exp2_num_7009,MT::exp5_num_351099,4,Blowhole,Free,MT,MT,none,none,True,False,CRITICAL
MT::exp2_num_7009,MT::exp5_num_7054,2,Blowhole,Blowhole,MT,MT,none,none,False,False,CRITICAL
MT::exp2_num_7009,MT::exp6_num_106244,10,Blowhole,Free,MT,MT,none,none,True,False,CRITICAL
MT::exp2_num_7009,MT::exp6_num_320864,10,Blowhole,Free,MT,MT,none,none,True,False,CRITICAL
MT::exp3_num_256305,MT::exp3_num_7023,10,Free,Blowhole,MT,MT,none,none,True,False,CRITICAL
MT::exp3_num_256305,MT::exp4_num_106203,8,Free,Free,MT,MT,none,none,False,False,REVIEW
MT::exp3_num_256305,MT::exp4_num_354427,10,Free,Free,MT,MT,none,none,False,False,REVIEW
MT::exp3_num_256305,MT::exp5_num_106221,8,Free,Free,MT,MT,none,none,False,False,REVIEW
MT::exp3_num_256305,MT::exp5_num_7054,8,Free,Blowhole,MT,MT,none,none,True,False,CRITICAL
MT::exp3_num_256305,MT::exp6_num_106244,10,Free,Free,MT,MT,none,none,False,False,REVIEW
MT::exp3_num_256305,MT::exp6_num_320864,8,Free,Free,MT,MT,none,none,False,False,REVIEW
MT::exp3_num_296668,MT::exp5_num_296701,4,Free,Free,MT,MT,none,none,False,False,CRITICAL
MT::exp3_num_296668,MT::exp6_num_320864,10,Free,Free,MT,MT,none,none,False,False,REVIEW
MT::exp3_num_7023,MT::exp4_num_106203,8,Blowhole,Free,MT,MT,none,none,True,False,CRITICAL
MT::exp3_num_7023,MT::exp4_num_351088,6,Blowhole,Free,MT,MT,none,none,True,False,CRITICAL
MT::exp3_num_7023,MT::exp4_num_354427,8,Blowhole,Free,MT,MT,none,none,True,False,CRITICAL
MT::exp3_num_7023,MT::exp5_num_106221,10,Blowhole,Free,MT,MT,none,none,True,False,CRITICAL
MT::exp3_num_7023,MT::exp5_num_351099,4,Blowhole,Free,MT,MT,none,none,True,False,CRITICAL
MT::exp3_num_7023,MT::exp5_num_7054,2,Blowhole,Blowhole,MT,MT,none,none,False,False,CRITICAL
MT::exp3_num_7023,MT::exp6_num_106244,10,Blowhole,Free,MT,MT,none,none,True,False,CRITICAL
MT::exp3_num_7023,MT::exp6_num_320864,10,Blowhole,Free,MT,MT,none,none,True,False,CRITICAL
MT::exp4_num_106203,MT::exp4_num_351088,10,Free,Free,MT,MT,none,none,False,False,REVIEW
MT::exp4_num_106203,MT::exp4_num_354427,10,Free,Free,MT,MT,none,none,False,False,REVIEW
MT::exp4_num_106203,MT::exp5_num_106221,4,Free,Free,MT,MT,none,none,False,False,CRITICAL
MT::exp4_num_106203,MT::exp5_num_7054,8,Free,Blowhole,MT,MT,none,none,True,False,CRITICAL
MT::exp4_num_106203,MT::exp6_num_106244,10,Free,Free,MT,MT,none,none,False,False,REVIEW
MT::exp4_num_262258,MT::exp5_num_296701,8,Free,Free,MT,MT,none,none,False,False,REVIEW
MT::exp4_num_262258,MT::exp5_num_7054,10,Free,Blowhole,MT,MT,none,none,True,False,CRITICAL
MT::exp4_num_262258,MT::exp6_num_106244,10,Free,Free,MT,MT,none,none,False,False,REVIEW
MT::exp4_num_351088,MT::exp5_num_351099,2,Free,Free,MT,MT,none,none,False,False,CRITICAL
MT::exp4_num_351088,MT::exp5_num_7054,8,Free,Blowhole,MT,MT,none,none,True,False,CRITICAL
MT::exp4_num_354427,MT::exp5_num_106221,10,Free,Free,MT,MT,none,none,False,False,REVIEW
MT::exp4_num_354427,MT::exp5_num_351099,10,Free,Free,MT,MT,none,none,False,False,REVIEW
MT::exp4_num_354427,MT::exp5_num_7054,8,Free,Blowhole,MT,MT,none,none,True,False,CRITICAL
MT::exp4_num_354427,MT::exp6_num_106244,10,Free,Free,MT,MT,none,none,False,False,REVIEW
MT::exp4_num_354427,MT::exp6_num_320864,6,Free,Free,MT,MT,none,none,False,False,REVIEW
MT::exp5_num_106221,MT::exp5_num_7054,10,Free,Blowhole,MT,MT,none,none,True,False,CRITICAL
MT::exp5_num_106221,MT::exp6_num_106244,8,Free,Free,MT,MT,none,none,False,False,REVIEW
MT::exp5_num_106221,MT::exp6_num_320864,10,Free,Free,MT,MT,none,none,False,False,REVIEW
MT::exp5_num_296701,MT::exp5_num_7054,10,Free,Blowhole,MT,MT,none,none,True,False,CRITICAL
MT::exp5_num_296701,MT::exp6_num_106244,8,Free,Free,MT,MT,none,none,False,False,REVIEW
MT::exp5_num_296701,MT::exp6_num_320864,10,Free,Free,MT,MT,none,none,False,False,REVIEW
MT::exp5_num_351099,MT::exp5_num_7054,6,Free,Blowhole,MT,MT,none,none,True,False,CRITICAL
MT::exp5_num_351099,MT::exp6_num_320864,10,Free,Free,MT,MT,none,none,False,False,REVIEW
MT::exp5_num_7054,MT::exp6_num_106244,8,Blowhole,Free,MT,MT,none,none,True,False,CRITICAL
MT::exp5_num_7054,MT::exp6_num_320864,8,Blowhole,Free,MT,MT,none,none,True,False,CRITICAL
MT::exp6_num_106244,MT::exp6_num_320864,8,Free,Free,MT,MT,none,none,False,False,REVIEW
MT::exp2_num_263852,MT::exp4_num_263875,4,Free,Free,MT,MT,none,none,False,False,CRITICAL
MT::exp1_num_108889,MT::exp2_num_108741,4,Blowhole,Blowhole,MT,MT,none,none,False,False,CRITICAL
MT::exp1_num_108889,MT::exp2_num_108923,4,Blowhole,Blowhole,MT,MT,none,none,False,False,CRITICAL
MT::exp1_num_108889,MT::exp3_num_108757,6,Blowhole,Blowhole,MT,MT,none,none,False,False,REVIEW
MT::exp1_num_108889,MT::exp4_num_108774,4,Blowhole,Blowhole,MT,MT,none,none,False,False,CRITICAL
MT::exp1_num_108889,MT::exp5_num_108791,4,Blowhole,Blowhole,MT,MT,none,none,False,False,CRITICAL
MT::exp1_num_108889,MT::exp6_num_108812,8,Blowhole,Blowhole,MT,MT,none,none,False,False,REVIEW
MT::exp2_num_108741,MT::exp2_num_108923,0,Blowhole,Blowhole,MT,MT,none,none,False,False,CRITICAL
MT::exp2_num_108741,MT::exp3_num_108757,2,Blowhole,Blowhole,MT,MT,none,none,False,False,CRITICAL
MT::exp2_num_108741,MT::exp4_num_108774,0,Blowhole,Blowhole,MT,MT,none,none,False,False,CRITICAL
MT::exp2_num_108741,MT::exp5_num_108791,4,Blowhole,Blowhole,MT,MT,none,none,False,False,CRITICAL
MT::exp2_num_108741,MT::exp6_num_108812,10,Blowhole,Blowhole,MT,MT,none,none,False,False,REVIEW
MT::exp2_num_108923,MT::exp3_num_108757,2,Blowhole,Blowhole,MT,MT,none,none,False,False,CRITICAL
MT::exp2_num_108923,MT::exp4_num_108774,0,Blowhole,Blowhole,MT,MT,none,none,False,False,CRITICAL
MT::exp2_num_108923,MT::exp5_num_108791,4,Blowhole,Blowhole,MT,MT,none,none,False,False,CRITICAL
MT::exp2_num_108923,MT::exp6_num_108812,10,Blowhole,Blowhole,MT,MT,none,none,False,False,REVIEW
MT::exp3_num_108757,MT::exp4_num_108774,2,Blowhole,Blowhole,MT,MT,none,none,False,False,CRITICAL
MT::exp3_num_108757,MT::exp5_num_108791,6,Blowhole,Blowhole,MT,MT,none,none,False,False,REVIEW
MT::exp4_num_108774,MT::exp5_num_108791,4,Blowhole,Blowhole,MT,MT,none,none,False,False,CRITICAL
MT::exp4_num_108774,MT::exp6_num_108812,10,Blowhole,Blowhole,MT,MT,none,none,False,False,REVIEW
MT::exp5_num_108791,MT::exp6_num_108812,8,Blowhole,Blowhole,MT,MT,none,none,False,False,REVIEW
MT::exp1_num_10903,MT::exp5_num_10969,4,Free,Free,MT,MT,none,none,False,False,CRITICAL
MT::exp1_num_109232,MT::exp2_num_109256,4,Uneven,Uneven,MT,MT,none,none,False,False,CRITICAL
MT::exp1_num_109232,MT::exp3_num_109271,4,Uneven,Uneven,MT,MT,none,none,False,False,CRITICAL
MT::exp1_num_109232,MT::exp4_num_109286,4,Uneven,Uneven,MT,MT,none,none,False,False,CRITICAL
MT::exp1_num_109232,MT::exp5_num_109313,4,Uneven,Uneven,MT,MT,none,none,False,False,CRITICAL
MT::exp1_num_109232,MT::exp6_num_109350,4,Uneven,Uneven,MT,MT,none,none,False,False,CRITICAL
MT::exp2_num_109256,MT::exp3_num_109271,6,Uneven,Uneven,MT,MT,none,none,False,False,REVIEW
MT::exp2_num_109256,MT::exp4_num_109286,6,Uneven,Uneven,MT,MT,none,none,False,False,REVIEW
MT::exp2_num_109256,MT::exp5_num_109313,2,Uneven,Uneven,MT,MT,none,none,False,False,CRITICAL
MT::exp2_num_109256,MT::exp6_num_109350,4,Uneven,Uneven,MT,MT,none,none,False,False,CRITICAL
MT::exp3_num_109271,MT::exp4_num_109286,6,Uneven,Uneven,MT,MT,none,none,False,False,REVIEW
MT::exp3_num_109271,MT::exp5_num_109313,4,Uneven,Uneven,MT,MT,none,none,False,False,CRITICAL
MT::exp3_num_109271,MT::exp6_num_109350,2,Uneven,Uneven,MT,MT,none,none,False,False,CRITICAL
MT::exp3_num_178510,MT::exp5_num_178566,4,Free,Free,MT,MT,none,none,False,False,CRITICAL
MT::exp4_num_109286,MT::exp5_num_109313,4,Uneven,Uneven,MT,MT,none,none,False,False,CRITICAL
MT::exp4_num_109286,MT::exp6_num_109350,8,Uneven,Uneven,MT,MT,none,none,False,False,REVIEW
MT::exp5_num_109313,MT::exp6_num_109350,4,Uneven,Uneven,MT,MT,none,none,False,False,CRITICAL
MT::exp1_num_110086,MT::exp3_num_110136,2,Free,Free,MT,MT,none,none,False,False,CRITICAL
MT::exp1_num_110086,MT::exp5_num_110188,6,Free,Free,MT,MT,none,none,False,False,REVIEW
MT::exp3_num_110136,MT::exp5_num_110188,4,Free,Free,MT,MT,none,none,False,False,CRITICAL
MT::exp1_num_11276,MT::exp2_num_11292,4,Free,Free,MT,MT,none,none,False,False,CRITICAL
MT::exp1_num_11276,MT::exp3_num_11304,6,Free,Free,MT,MT,none,none,False,False,REVIEW
MT::exp1_num_11276,MT::exp6_num_11357,6,Free,Free,MT,MT,none,none,False,False,REVIEW
MT::exp2_num_11292,MT::exp3_num_11304,6,Free,Free,MT,MT,none,none,False,False,REVIEW
MT::exp2_num_11292,MT::exp6_num_11357,6,Free,Free,MT,MT,none,none,False,False,REVIEW
MT::exp3_num_11304,MT::exp6_num_11357,4,Free,Free,MT,MT,none,none,False,False,CRITICAL
MT::exp1_num_308806,MT::exp2_num_308824,0,Free,Free,MT,MT,none,none,False,False,CRITICAL
MT::exp1_num_308806,MT::exp3_num_308837,4,Free,Free,MT,MT,none,none,False,False,CRITICAL
MT::exp1_num_308806,MT::exp5_num_308863,8,Free,Free,MT,MT,none,none,False,False,REVIEW
MT::exp1_num_308806,MT::exp6_num_308897,6,Free,Free,MT,MT,none,none,False,False,REVIEW
MT::exp2_num_308824,MT::exp3_num_308837,4,Free,Free,MT,MT,none,none,False,False,CRITICAL
MT::exp2_num_308824,MT::exp5_num_308863,8,Free,Free,MT,MT,none,none,False,False,REVIEW
MT::exp2_num_308824,MT::exp6_num_308897,6,Free,Free,MT,MT,none,none,False,False,REVIEW
MT::exp3_num_308837,MT::exp5_num_308863,10,Free,Free,MT,MT,none,none,False,False,REVIEW
MT::exp3_num_308837,MT::exp6_num_308897,4,Free,Free,MT,MT,none,none,False,False,CRITICAL
MT::exp3_num_331958,MT::exp4_num_331970,6,Free,Free,MT,MT,none,none,False,False,REVIEW
MT::exp3_num_331958,MT::exp5_num_331983,6,Free,Free,MT,MT,none,none,False,False,REVIEW
MT::exp4_num_329260,MT::exp6_num_329323,4,Free,Free,MT,MT,none,none,False,False,CRITICAL
MT::exp4_num_331970,MT::exp5_num_331983,2,Free,Free,MT,MT,none,none,False,False,CRITICAL
MT::exp5_num_308863,MT::exp6_num_308897,10,Free,Free,MT,MT,none,none,False,False,REVIEW
MT::exp1_num_116270,MT::exp2_num_116286,4,Free,Free,MT,MT,none,none,False,False,CRITICAL
MT::exp1_num_116270,MT::exp3_num_116299,2,Free,Free,MT,MT,none,none,False,False,CRITICAL
MT::exp1_num_116270,MT::exp4_num_116311,2,Free,Free,MT,MT,none,none,False,False,CRITICAL
MT::exp1_num_116270,MT::exp5_num_116324,2,Free,Free,MT,MT,none,none,False,False,CRITICAL
MT::exp2_num_116286,MT::exp3_num_116299,6,Free,Free,MT,MT,none,none,False,False,REVIEW
MT::exp2_num_116286,MT::exp4_num_116311,4,Free,Free,MT,MT,none,none,False,False,CRITICAL
MT::exp2_num_116286,MT::exp5_num_116324,4,Free,Free,MT,MT,none,none,False,False,CRITICAL
MT::exp3_num_116299,MT::exp4_num_116311,4,Free,Free,MT,MT,none,none,False,False,CRITICAL
MT::exp3_num_116299,MT::exp5_num_116324,4,Free,Free,MT,MT,none,none,False,False,CRITICAL
MT::exp4_num_116311,MT::exp5_num_116324,0,Free,Free,MT,MT,none,none,False,False,CRITICAL
MT::exp1_num_116934,MT::exp2_num_116961,8,Break,Break,MT,MT,none,none,False,False,REVIEW
MT::exp2_num_116961,MT::exp6_num_117060,10,Break,Break,MT,MT,none,none,False,False,REVIEW
MT::exp3_num_116981,MT::exp4_num_116999,6,Break,Break,MT,MT,none,none,False,False,REVIEW
MT::exp3_num_116981,MT::exp5_num_117030,10,Break,Free,MT,MT,none,none,True,False,CRITICAL
MT::exp3_num_116981,MT::exp6_num_117060,8,Break,Break,MT,MT,none,none,False,False,REVIEW
MT::exp4_num_116999,MT::exp5_num_117030,6,Break,Free,MT,MT,none,none,True,False,CRITICAL
MT::exp4_num_116999,MT::exp6_num_117060,6,Break,Break,MT,MT,none,none,False,False,REVIEW
MT::exp5_num_117030,MT::exp6_num_117060,10,Free,Break,MT,MT,none,none,True,False,CRITICAL
MT::exp1_num_118871,MT::exp4_num_118925,4,Free,Free,MT,MT,none,none,False,False,CRITICAL
MT::exp1_num_143147,MT::exp2_num_143192,6,Free,Free,MT,MT,none,none,False,False,REVIEW
MT::exp1_num_143147,MT::exp3_num_143234,8,Free,Free,MT,MT,none,none,False,False,REVIEW
MT::exp1_num_143147,MT::exp5_num_143282,4,Free,Free,MT,MT,none,none,False,False,CRITICAL
MT::exp1_num_143147,MT::exp6_num_143316,4,Free,Free,MT,MT,none,none,False,False,CRITICAL
MT::exp1_num_28341,MT::exp1_num_37243,8,Uneven,Free,MT,MT,none,none,True,False,CRITICAL
MT::exp1_num_28341,MT::exp1_num_98080,10,Uneven,Break,MT,MT,none,none,True,False,CRITICAL
MT::exp1_num_28341,MT::exp2_num_37263,10,Uneven,Free,MT,MT,none,none,True,False,CRITICAL
MT::exp1_num_28341,MT::exp3_num_28373,2,Uneven,Uneven,MT,MT,none,none,False,False,CRITICAL
MT::exp1_num_28341,MT::exp3_num_37278,6,Uneven,Free,MT,MT,none,none,True,False,CRITICAL
MT::exp1_num_28341,MT::exp4_num_28388,2,Uneven,Uneven,MT,MT,none,none,False,False,CRITICAL
MT::exp1_num_28341,MT::exp4_num_37293,6,Uneven,Free,MT,MT,none,none,True,False,CRITICAL
MT::exp1_num_28341,MT::exp5_num_28404,2,Uneven,Uneven,MT,MT,none,none,False,False,CRITICAL
MT::exp1_num_28341,MT::exp5_num_37319,10,Uneven,Free,MT,MT,none,none,True,False,CRITICAL
MT::exp1_num_28341,MT::exp6_num_28424,6,Uneven,Uneven,MT,MT,none,none,False,False,REVIEW
MT::exp1_num_28341,MT::exp6_num_37354,10,Uneven,Free,MT,MT,none,none,True,False,CRITICAL
MT::exp1_num_37243,MT::exp2_num_37263,4,Free,Free,MT,MT,none,none,False,False,CRITICAL
MT::exp1_num_37243,MT::exp3_num_28373,10,Free,Uneven,MT,MT,none,none,True,False,CRITICAL
MT::exp1_num_37243,MT::exp3_num_37278,4,Free,Free,MT,MT,none,none,False,False,CRITICAL
MT::exp1_num_37243,MT::exp4_num_28388,10,Free,Uneven,MT,MT,none,none,True,False,CRITICAL
MT::exp1_num_37243,MT::exp4_num_37293,4,Free,Free,MT,MT,none,none,False,False,CRITICAL
MT::exp1_num_37243,MT::exp5_num_28404,10,Free,Uneven,MT,MT,none,none,True,False,CRITICAL
MT::exp1_num_37243,MT::exp5_num_37319,4,Free,Free,MT,MT,none,none,False,False,CRITICAL
MT::exp1_num_37243,MT::exp6_num_37354,2,Free,Free,MT,MT,none,none,False,False,CRITICAL
MT::exp1_num_85781,MT::exp1_num_86828,0,Crack,Crack,MT,MT,none,none,False,False,CRITICAL
MT::exp1_num_85781,MT::exp2_num_85846,6,Crack,Crack,MT,MT,none,none,False,False,REVIEW
MT::exp1_num_85781,MT::exp2_num_86854,4,Crack,Crack,MT,MT,none,none,False,False,CRITICAL
MT::exp1_num_85781,MT::exp3_num_85897,0,Crack,Crack,MT,MT,none,none,False,False,CRITICAL
MT::exp1_num_85781,MT::exp3_num_86892,0,Crack,Crack,MT,MT,none,none,False,False,CRITICAL
MT::exp1_num_85781,MT::exp4_num_85602,8,Crack,Crack,MT,MT,none,none,False,False,REVIEW
MT::exp1_num_85781,MT::exp4_num_85998,8,Crack,Crack,MT,MT,none,none,False,False,REVIEW
MT::exp1_num_85781,MT::exp4_num_88149,10,Crack,Crack,MT,MT,none,none,False,False,REVIEW
MT::exp1_num_85781,MT::exp5_num_85642,2,Crack,Crack,MT,MT,none,none,False,False,CRITICAL
MT::exp1_num_85781,MT::exp5_num_86031,2,Crack,Crack,MT,MT,none,none,False,False,CRITICAL
MT::exp1_num_85781,MT::exp5_num_88170,2,Crack,Crack,MT,MT,none,none,False,False,CRITICAL
MT::exp1_num_85781,MT::exp6_num_85665,4,Crack,Crack,MT,MT,none,none,False,False,CRITICAL
MT::exp1_num_85781,MT::exp6_num_86064,4,Crack,Crack,MT,MT,none,none,False,False,CRITICAL
MT::exp1_num_85781,MT::exp6_num_88201,2,Crack,Crack,MT,MT,none,none,False,False,CRITICAL
MT::exp1_num_86828,MT::exp2_num_85846,6,Crack,Crack,MT,MT,none,none,False,False,REVIEW
MT::exp1_num_86828,MT::exp2_num_86854,4,Crack,Crack,MT,MT,none,none,False,False,CRITICAL
MT::exp1_num_86828,MT::exp3_num_85897,0,Crack,Crack,MT,MT,none,none,False,False,CRITICAL
MT::exp1_num_86828,MT::exp3_num_86892,0,Crack,Crack,MT,MT,none,none,False,False,CRITICAL
MT::exp1_num_86828,MT::exp4_num_85602,8,Crack,Crack,MT,MT,none,none,False,False,REVIEW
MT::exp1_num_86828,MT::exp4_num_85998,8,Crack,Crack,MT,MT,none,none,False,False,REVIEW
MT::exp1_num_86828,MT::exp4_num_88149,10,Crack,Crack,MT,MT,none,none,False,False,REVIEW
MT::exp1_num_86828,MT::exp5_num_85642,2,Crack,Crack,MT,MT,none,none,False,False,CRITICAL
MT::exp1_num_86828,MT::exp5_num_86031,2,Crack,Crack,MT,MT,none,none,False,False,CRITICAL
MT::exp1_num_86828,MT::exp5_num_88170,2,Crack,Crack,MT,MT,none,none,False,False,CRITICAL
MT::exp1_num_86828,MT::exp6_num_85665,4,Crack,Crack,MT,MT,none,none,False,False,CRITICAL
MT::exp1_num_86828,MT::exp6_num_86064,4,Crack,Crack,MT,MT,none,none,False,False,CRITICAL
MT::exp1_num_86828,MT::exp6_num_88201,2,Crack,Crack,MT,MT,none,none,False,False,CRITICAL
MT::exp1_num_98080,MT::exp2_num_37263,10,Break,Free,MT,MT,none,none,True,False,CRITICAL
MT::exp1_num_98080,MT::exp3_num_28373,10,Break,Uneven,MT,MT,none,none,True,False,CRITICAL
MT::exp1_num_98080,MT::exp4_num_28388,10,Break,Uneven,MT,MT,none,none,True,False,CRITICAL
MT::exp1_num_98080,MT::exp5_num_28404,10,Break,Uneven,MT,MT,none,none,True,False,CRITICAL
MT::exp1_num_98080,MT::exp5_num_37319,8,Break,Free,MT,MT,none,none,True,False,CRITICAL
MT::exp1_num_98080,MT::exp6_num_37354,10,Break,Free,MT,MT,none,none,True,False,CRITICAL
MT::exp2_num_143192,MT::exp3_num_143234,8,Free,Free,MT,MT,none,none,False,False,REVIEW
MT::exp2_num_143192,MT::exp5_num_143282,6,Free,Free,MT,MT,none,none,False,False,REVIEW
MT::exp2_num_143192,MT::exp6_num_143316,2,Free,Free,MT,MT,none,none,False,False,CRITICAL
MT::exp2_num_37263,MT::exp3_num_28373,10,Free,Uneven,MT,MT,none,none,True,False,CRITICAL
MT::exp2_num_37263,MT::exp3_num_37278,4,Free,Free,MT,MT,none,none,False,False,CRITICAL
MT::exp2_num_37263,MT::exp4_num_37293,4,Free,Free,MT,MT,none,none,False,False,CRITICAL
MT::exp2_num_37263,MT::exp5_num_28404,10,Free,Uneven,MT,MT,none,none,True,False,CRITICAL
MT::exp2_num_37263,MT::exp5_num_37319,2,Free,Free,MT,MT,none,none,False,False,CRITICAL
MT::exp2_num_37263,MT::exp6_num_37354,4,Free,Free,MT,MT,none,none,False,False,CRITICAL
MT::exp2_num_85846,MT::exp2_num_86854,2,Crack,Crack,MT,MT,none,none,False,False,CRITICAL
MT::exp2_num_85846,MT::exp3_num_85897,6,Crack,Crack,MT,MT,none,none,False,False,REVIEW
MT::exp2_num_85846,MT::exp3_num_86892,6,Crack,Crack,MT,MT,none,none,False,False,REVIEW
MT::exp2_num_85846,MT::exp5_num_85642,4,Crack,Crack,MT,MT,none,none,False,False,CRITICAL
MT::exp2_num_85846,MT::exp5_num_86031,4,Crack,Crack,MT,MT,none,none,False,False,CRITICAL
MT::exp2_num_85846,MT::exp5_num_88170,4,Crack,Crack,MT,MT,none,none,False,False,CRITICAL
MT::exp2_num_85846,MT::exp6_num_85665,4,Crack,Crack,MT,MT,none,none,False,False,CRITICAL
MT::exp2_num_85846,MT::exp6_num_86064,4,Crack,Crack,MT,MT,none,none,False,False,CRITICAL
MT::exp2_num_85846,MT::exp6_num_88201,4,Crack,Crack,MT,MT,none,none,False,False,CRITICAL
MT::exp2_num_86854,MT::exp3_num_85897,4,Crack,Crack,MT,MT,none,none,False,False,CRITICAL
MT::exp2_num_86854,MT::exp3_num_86892,4,Crack,Crack,MT,MT,none,none,False,False,CRITICAL
MT::exp2_num_86854,MT::exp4_num_85602,10,Crack,Crack,MT,MT,none,none,False,False,REVIEW
MT::exp2_num_86854,MT::exp4_num_85998,10,Crack,Crack,MT,MT,none,none,False,False,REVIEW
MT::exp2_num_86854,MT::exp5_num_85642,2,Crack,Crack,MT,MT,none,none,False,False,CRITICAL
MT::exp2_num_86854,MT::exp5_num_86031,2,Crack,Crack,MT,MT,none,none,False,False,CRITICAL
MT::exp2_num_86854,MT::exp5_num_88170,2,Crack,Crack,MT,MT,none,none,False,False,CRITICAL
MT::exp2_num_86854,MT::exp6_num_85665,4,Crack,Crack,MT,MT,none,none,False,False,CRITICAL
MT::exp2_num_86854,MT::exp6_num_86064,4,Crack,Crack,MT,MT,none,none,False,False,CRITICAL
MT::exp2_num_86854,MT::exp6_num_88201,2,Crack,Crack,MT,MT,none,none,False,False,CRITICAL
MT::exp3_num_143234,MT::exp5_num_143282,8,Free,Free,MT,MT,none,none,False,False,REVIEW
MT::exp3_num_143234,MT::exp6_num_143316,8,Free,Free,MT,MT,none,none,False,False,REVIEW
MT::exp3_num_19753,MT::exp6_num_19822,4,Free,Free,MT,MT,none,none,False,False,CRITICAL
MT::exp3_num_28373,MT::exp3_num_37278,6,Uneven,Free,MT,MT,none,none,True,False,CRITICAL
MT::exp3_num_28373,MT::exp4_num_28388,4,Uneven,Uneven,MT,MT,none,none,False,False,CRITICAL
MT::exp3_num_28373,MT::exp4_num_37293,6,Uneven,Free,MT,MT,none,none,True,False,CRITICAL
MT::exp3_num_28373,MT::exp5_num_28404,4,Uneven,Uneven,MT,MT,none,none,False,False,CRITICAL
MT::exp3_num_28373,MT::exp5_num_37319,10,Uneven,Free,MT,MT,none,none,True,False,CRITICAL
MT::exp3_num_28373,MT::exp6_num_28424,6,Uneven,Uneven,MT,MT,none,none,False,False,REVIEW
MT::exp3_num_37278,MT::exp4_num_28388,8,Free,Uneven,MT,MT,none,none,True,False,CRITICAL
MT::exp3_num_37278,MT::exp4_num_37293,0,Free,Free,MT,MT,none,none,False,False,CRITICAL
MT::exp3_num_37278,MT::exp5_num_28404,8,Free,Uneven,MT,MT,none,none,True,False,CRITICAL
MT::exp3_num_37278,MT::exp5_num_37319,4,Free,Free,MT,MT,none,none,False,False,CRITICAL
MT::exp3_num_37278,MT::exp6_num_37354,6,Free,Free,MT,MT,none,none,False,False,REVIEW
MT::exp3_num_85897,MT::exp3_num_86892,0,Crack,Crack,MT,MT,none,none,False,False,CRITICAL
MT::exp3_num_85897,MT::exp4_num_85602,8,Crack,Crack,MT,MT,none,none,False,False,REVIEW
MT::exp3_num_85897,MT::exp4_num_85998,8,Crack,Crack,MT,MT,none,none,False,False,REVIEW
MT::exp3_num_85897,MT::exp4_num_88149,10,Crack,Crack,MT,MT,none,none,False,False,REVIEW
MT::exp3_num_85897,MT::exp5_num_85642,2,Crack,Crack,MT,MT,none,none,False,False,CRITICAL
MT::exp3_num_85897,MT::exp5_num_86031,2,Crack,Crack,MT,MT,none,none,False,False,CRITICAL
MT::exp3_num_85897,MT::exp5_num_88170,2,Crack,Crack,MT,MT,none,none,False,False,CRITICAL
MT::exp3_num_85897,MT::exp6_num_85665,4,Crack,Crack,MT,MT,none,none,False,False,CRITICAL
MT::exp3_num_85897,MT::exp6_num_86064,4,Crack,Crack,MT,MT,none,none,False,False,CRITICAL
MT::exp3_num_85897,MT::exp6_num_88201,2,Crack,Crack,MT,MT,none,none,False,False,CRITICAL
MT::exp3_num_86892,MT::exp4_num_85602,8,Crack,Crack,MT,MT,none,none,False,False,REVIEW
MT::exp3_num_86892,MT::exp4_num_85998,8,Crack,Crack,MT,MT,none,none,False,False,REVIEW
MT::exp3_num_86892,MT::exp4_num_88149,10,Crack,Crack,MT,MT,none,none,False,False,REVIEW
MT::exp3_num_86892,MT::exp5_num_85642,2,Crack,Crack,MT,MT,none,none,False,False,CRITICAL
MT::exp3_num_86892,MT::exp5_num_86031,2,Crack,Crack,MT,MT,none,none,False,False,CRITICAL
MT::exp3_num_86892,MT::exp5_num_88170,2,Crack,Crack,MT,MT,none,none,False,False,CRITICAL
MT::exp3_num_86892,MT::exp6_num_85665,4,Crack,Crack,MT,MT,none,none,False,False,CRITICAL
MT::exp3_num_86892,MT::exp6_num_86064,4,Crack,Crack,MT,MT,none,none,False,False,CRITICAL
MT::exp3_num_86892,MT::exp6_num_88201,2,Crack,Crack,MT,MT,none,none,False,False,CRITICAL
MT::exp4_num_28388,MT::exp4_num_37293,8,Uneven,Free,MT,MT,none,none,True,False,CRITICAL
MT::exp4_num_28388,MT::exp5_num_28404,2,Uneven,Uneven,MT,MT,none,none,False,False,CRITICAL
MT::exp4_num_28388,MT::exp6_num_28424,6,Uneven,Uneven,MT,MT,none,none,False,False,REVIEW
MT::exp4_num_37293,MT::exp5_num_28404,8,Free,Uneven,MT,MT,none,none,True,False,CRITICAL
MT::exp4_num_37293,MT::exp5_num_37319,4,Free,Free,MT,MT,none,none,False,False,CRITICAL
MT::exp4_num_37293,MT::exp6_num_37354,6,Free,Free,MT,MT,none,none,False,False,REVIEW
MT::exp4_num_85602,MT::exp4_num_85998,0,Crack,Crack,MT,MT,none,none,False,False,CRITICAL
MT::exp4_num_85602,MT::exp4_num_88149,4,Crack,Crack,MT,MT,none,none,False,False,CRITICAL
MT::exp4_num_85602,MT::exp5_num_85642,8,Crack,Crack,MT,MT,none,none,False,False,REVIEW
MT::exp4_num_85602,MT::exp5_num_86031,8,Crack,Crack,MT,MT,none,none,False,False,REVIEW
MT::exp4_num_85602,MT::exp5_num_88170,8,Crack,Crack,MT,MT,none,none,False,False,REVIEW
MT::exp4_num_85602,MT::exp6_num_85665,8,Crack,Crack,MT,MT,none,none,False,False,REVIEW
MT::exp4_num_85602,MT::exp6_num_86064,8,Crack,Crack,MT,MT,none,none,False,False,REVIEW
MT::exp4_num_85602,MT::exp6_num_88201,8,Crack,Crack,MT,MT,none,none,False,False,REVIEW
MT::exp4_num_85998,MT::exp4_num_88149,4,Crack,Crack,MT,MT,none,none,False,False,CRITICAL
MT::exp4_num_85998,MT::exp5_num_85642,8,Crack,Crack,MT,MT,none,none,False,False,REVIEW
MT::exp4_num_85998,MT::exp5_num_86031,8,Crack,Crack,MT,MT,none,none,False,False,REVIEW
MT::exp4_num_85998,MT::exp5_num_88170,8,Crack,Crack,MT,MT,none,none,False,False,REVIEW
MT::exp4_num_85998,MT::exp6_num_85665,8,Crack,Crack,MT,MT,none,none,False,False,REVIEW
MT::exp4_num_85998,MT::exp6_num_86064,8,Crack,Crack,MT,MT,none,none,False,False,REVIEW
MT::exp4_num_85998,MT::exp6_num_88201,8,Crack,Crack,MT,MT,none,none,False,False,REVIEW
MT::exp4_num_88149,MT::exp5_num_85642,10,Crack,Crack,MT,MT,none,none,False,False,REVIEW
MT::exp4_num_88149,MT::exp5_num_86031,10,Crack,Crack,MT,MT,none,none,False,False,REVIEW
MT::exp4_num_88149,MT::exp5_num_88170,10,Crack,Crack,MT,MT,none,none,False,False,REVIEW
MT::exp4_num_88149,MT::exp6_num_85665,10,Crack,Crack,MT,MT,none,none,False,False,REVIEW
MT::exp4_num_88149,MT::exp6_num_86064,10,Crack,Crack,MT,MT,none,none,False,False,REVIEW
MT::exp4_num_88149,MT::exp6_num_88201,10,Crack,Crack,MT,MT,none,none,False,False,REVIEW
MT::exp5_num_143282,MT::exp6_num_143316,4,Free,Free,MT,MT,none,none,False,False,CRITICAL
MT::exp5_num_28404,MT::exp6_num_28424,4,Uneven,Uneven,MT,MT,none,none,False,False,CRITICAL
MT::exp5_num_37319,MT::exp6_num_37354,2,Free,Free,MT,MT,none,none,False,False,CRITICAL
MT::exp5_num_85642,MT::exp5_num_86031,0,Crack,Crack,MT,MT,none,none,False,False,CRITICAL
MT::exp5_num_85642,MT::exp5_num_88170,2,Crack,Crack,MT,MT,none,none,False,False,CRITICAL
MT::exp5_num_85642,MT::exp6_num_85665,4,Crack,Crack,MT,MT,none,none,False,False,CRITICAL
MT::exp5_num_85642,MT::exp6_num_86064,4,Crack,Crack,MT,MT,none,none,False,False,CRITICAL
MT::exp5_num_85642,MT::exp6_num_88201,2,Crack,Crack,MT,MT,none,none,False,False,CRITICAL
MT::exp5_num_86031,MT::exp5_num_88170,2,Crack,Crack,MT,MT,none,none,False,False,CRITICAL
MT::exp5_num_86031,MT::exp6_num_85665,4,Crack,Crack,MT,MT,none,none,False,False,CRITICAL
MT::exp5_num_86031,MT::exp6_num_86064,4,Crack,Crack,MT,MT,none,none,False,False,CRITICAL
MT::exp5_num_86031,MT::exp6_num_88201,2,Crack,Crack,MT,MT,none,none,False,False,CRITICAL
MT::exp5_num_88170,MT::exp6_num_85665,2,Crack,Crack,MT,MT,none,none,False,False,CRITICAL
MT::exp5_num_88170,MT::exp6_num_86064,2,Crack,Crack,MT,MT,none,none,False,False,CRITICAL
MT::exp5_num_88170,MT::exp6_num_88201,0,Crack,Crack,MT,MT,none,none,False,False,CRITICAL
MT::exp6_num_85665,MT::exp6_num_86064,0,Crack,Crack,MT,MT,none,none,False,False,CRITICAL
MT::exp6_num_85665,MT::exp6_num_88201,2,Crack,Crack,MT,MT,none,none,False,False,CRITICAL
MT::exp6_num_86064,MT::exp6_num_88201,2,Crack,Crack,MT,MT,none,none,False,False,CRITICAL
MT::exp1_num_124236,MT::exp2_num_124592,6,Uneven,Uneven,MT,MT,none,none,False,False,REVIEW
MT::exp1_num_265613,MT::exp1_num_320808,10,Crack,Free,MT,MT,none,none,True,False,CRITICAL
MT::exp1_num_265613,MT::exp1_num_320895,8,Crack,Free,MT,MT,none,none,True,False,CRITICAL
MT::exp1_num_265613,MT::exp2_num_320822,10,Crack,Free,MT,MT,none,none,True,False,CRITICAL
MT::exp1_num_265613,MT::exp5_num_320853,10,Crack,Free,MT,MT,none,none,True,False,CRITICAL
MT::exp1_num_320808,MT::exp1_num_320895,2,Free,Free,MT,MT,none,none,False,False,CRITICAL
MT::exp1_num_320808,MT::exp2_num_320822,6,Free,Free,MT,MT,none,none,False,False,REVIEW
MT::exp1_num_320808,MT::exp5_num_320853,2,Free,Free,MT,MT,none,none,False,False,CRITICAL
MT::exp1_num_320895,MT::exp2_num_320822,6,Free,Free,MT,MT,none,none,False,False,REVIEW
MT::exp1_num_320895,MT::exp5_num_320853,2,Free,Free,MT,MT,none,none,False,False,CRITICAL
MT::exp2_num_320822,MT::exp5_num_320853,6,Free,Free,MT,MT,none,none,False,False,REVIEW
MT::exp1_num_126795,MT::exp4_num_126840,4,Free,Free,MT,MT,none,none,False,False,CRITICAL
MT::exp1_num_126795,MT::exp6_num_126888,2,Free,Free,MT,MT,none,none,False,False,CRITICAL
MT::exp4_num_126840,MT::exp6_num_126888,2,Free,Free,MT,MT,none,none,False,False,CRITICAL
MT::exp1_num_127649,MT::exp2_num_127664,4,Free,Free,MT,MT,none,none,False,False,CRITICAL
MT::exp1_num_127649,MT::exp3_num_127677,4,Free,Free,MT,MT,none,none,False,False,CRITICAL
MT::exp1_num_127649,MT::exp4_num_127690,4,Free,Free,MT,MT,none,none,False,False,CRITICAL
MT::exp1_num_127649,MT::exp5_num_127703,2,Free,Free,MT,MT,none,none,False,False,CRITICAL
MT::exp2_num_127664,MT::exp3_num_127677,4,Free,Free,MT,MT,none,none,False,False,CRITICAL
MT::exp2_num_127664,MT::exp4_num_127690,2,Free,Free,MT,MT,none,none,False,False,CRITICAL
MT::exp2_num_127664,MT::exp5_num_127703,6,Free,Free,MT,MT,none,none,False,False,REVIEW
MT::exp3_num_127677,MT::exp4_num_127690,4,Free,Free,MT,MT,none,none,False,False,CRITICAL
MT::exp3_num_127677,MT::exp5_num_127703,2,Free,Free,MT,MT,none,none,False,False,CRITICAL
MT::exp4_num_127690,MT::exp5_num_127703,4,Free,Free,MT,MT,none,none,False,False,CRITICAL
MT::exp1_num_128075,MT::exp2_num_128095,6,Free,Free,MT,MT,none,none,False,False,REVIEW
MT::exp1_num_128075,MT::exp6_num_128176,0,Free,Free,MT,MT,none,none,False,False,CRITICAL
MT::exp2_num_128095,MT::exp6_num_128176,6,Free,Free,MT,MT,none,none,False,False,REVIEW
MT::exp1_num_129031,MT::exp2_num_129056,4,Uneven,Uneven,MT,MT,none,none,False,False,CRITICAL
MT::exp1_num_129031,MT::exp3_num_129069,10,Uneven,Uneven,MT,MT,none,none,False,False,REVIEW
MT::exp1_num_129031,MT::exp5_num_129103,10,Uneven,Uneven,MT,MT,none,none,False,False,REVIEW
MT::exp1_num_240048,MT::exp2_num_293276,10,Free,Free,MT,MT,none,none,False,False,REVIEW
MT::exp1_num_240048,MT::exp3_num_240077,0,Free,Free,MT,MT,none,none,False,False,CRITICAL
MT::exp1_num_240048,MT::exp4_num_240090,6,Free,Free,MT,MT,none,none,False,False,REVIEW
MT::exp1_num_240048,MT::exp5_num_240124,8,Free,Free,MT,MT,none,none,False,False,REVIEW
MT::exp1_num_240048,MT::exp6_num_240188,8,Free,Free,MT,MT,none,none,False,False,REVIEW
MT::exp1_num_275371,MT::exp2_num_275393,2,Free,Free,MT,MT,none,none,False,False,CRITICAL
MT::exp1_num_275371,MT::exp4_num_275420,8,Free,Free,MT,MT,none,none,False,False,REVIEW
MT::exp1_num_296631,MT::exp2_num_296655,2,Free,Free,MT,MT,none,none,False,False,CRITICAL
MT::exp1_num_304293,MT::exp2_num_304307,2,Free,Free,MT,MT,none,none,False,False,CRITICAL
MT::exp1_num_304293,MT::exp3_num_304319,4,Free,Free,MT,MT,none,none,False,False,CRITICAL
MT::exp1_num_304293,MT::exp4_num_304330,2,Free,Free,MT,MT,none,none,False,False,CRITICAL
MT::exp1_num_304293,MT::exp5_num_304340,2,Free,Free,MT,MT,none,none,False,False,CRITICAL
MT::exp1_num_304293,MT::exp6_num_304352,2,Free,Free,MT,MT,none,none,False,False,CRITICAL
MT::exp1_num_306586,MT::exp2_num_306609,6,Free,Free,MT,MT,none,none,False,False,REVIEW
MT::exp1_num_306586,MT::exp3_num_306622,4,Free,Free,MT,MT,none,none,False,False,CRITICAL
MT::exp1_num_306586,MT::exp3_num_309379,8,Free,Free,MT,MT,none,none,False,False,REVIEW
MT::exp1_num_309352,MT::exp2_num_306609,10,Free,Free,MT,MT,none,none,False,False,REVIEW
MT::exp1_num_309352,MT::exp3_num_306622,10,Free,Free,MT,MT,none,none,False,False,REVIEW
MT::exp1_num_309352,MT::exp3_num_309379,4,Free,Free,MT,MT,none,none,False,False,CRITICAL
MT::exp1_num_309352,MT::exp4_num_309390,0,Free,Free,MT,MT,none,none,False,False,CRITICAL
MT::exp1_num_316698,MT::exp2_num_316715,4,Free,Free,MT,MT,none,none,False,False,CRITICAL
MT::exp1_num_316698,MT::exp2_num_326923,10,Free,Free,MT,MT,none,none,False,False,REVIEW
MT::exp1_num_316698,MT::exp3_num_316726,0,Free,Free,MT,MT,none,none,False,False,CRITICAL
MT::exp1_num_316698,MT::exp4_num_316737,0,Free,Free,MT,MT,none,none,False,False,CRITICAL
MT::exp1_num_316698,MT::exp4_num_320843,10,Free,Free,MT,MT,none,none,False,False,REVIEW
MT::exp1_num_316698,MT::exp5_num_316749,4,Free,Free,MT,MT,none,none,False,False,CRITICAL
MT::exp1_num_316698,MT::exp6_num_316778,4,Free,Free,MT,MT,none,none,False,False,CRITICAL
MT::exp1_num_316698,MT::exp6_num_327003,10,Free,Free,MT,MT,none,none,False,False,REVIEW
MT::exp1_num_317885,MT::exp2_num_316715,10,Free,Free,MT,MT,none,none,False,False,REVIEW
MT::exp1_num_317885,MT::exp4_num_317937,4,Free,Free,MT,MT,none,none,False,False,CRITICAL
MT::exp1_num_317885,MT::exp5_num_317949,0,Free,Free,MT,MT,none,none,False,False,CRITICAL
MT::exp1_num_326904,MT::exp2_num_326923,2,Free,Free,MT,MT,none,none,False,False,CRITICAL
MT::exp1_num_326904,MT::exp4_num_320843,10,Free,Free,MT,MT,none,none,False,False,REVIEW
MT::exp1_num_326904,MT::exp6_num_327003,2,Free,Free,MT,MT,none,none,False,False,CRITICAL
MT::exp2_num_126325,MT::exp3_num_126339,2,Free,Free,MT,MT,none,none,False,False,CRITICAL
MT::exp2_num_126325,MT::exp4_num_126353,2,Free,Free,MT,MT,none,none,False,False,CRITICAL
MT::exp2_num_126325,MT::exp5_num_126370,10,Free,Free,MT,MT,none,none,False,False,REVIEW
MT::exp2_num_129056,MT::exp3_num_129069,6,Uneven,Uneven,MT,MT,none,none,False,False,REVIEW
MT::exp2_num_129056,MT::exp5_num_129103,6,Uneven,Uneven,MT,MT,none,none,False,False,REVIEW
MT::exp2_num_275393,MT::exp4_num_275420,8,Free,Free,MT,MT,none,none,False,False,REVIEW
MT::exp2_num_293276,MT::exp2_num_326923,10,Free,Free,MT,MT,none,none,False,False,REVIEW
MT::exp2_num_293276,MT::exp3_num_240077,10,Free,Free,MT,MT,none,none,False,False,REVIEW
MT::exp2_num_293276,MT::exp5_num_293317,4,Free,Free,MT,MT,none,none,False,False,CRITICAL
MT::exp2_num_293276,MT::exp6_num_327003,10,Free,Free,MT,MT,none,none,False,False,REVIEW
MT::exp2_num_304307,MT::exp3_num_304319,4,Free,Free,MT,MT,none,none,False,False,CRITICAL
MT::exp2_num_304307,MT::exp4_num_304330,2,Free,Free,MT,MT,none,none,False,False,CRITICAL
MT::exp2_num_304307,MT::exp5_num_304340,0,Free,Free,MT,MT,none,none,False,False,CRITICAL
MT::exp2_num_304307,MT::exp6_num_304352,2,Free,Free,MT,MT,none,none,False,False,CRITICAL
MT::exp2_num_306609,MT::exp3_num_306622,2,Free,Free,MT,MT,none,none,False,False,CRITICAL
MT::exp2_num_306609,MT::exp3_num_309379,10,Free,Free,MT,MT,none,none,False,False,REVIEW
MT::exp2_num_306609,MT::exp4_num_309390,10,Free,Free,MT,MT,none,none,False,False,REVIEW
MT::exp2_num_306609,MT::exp5_num_126370,8,Free,Free,MT,MT,none,none,False,False,REVIEW
MT::exp2_num_316715,MT::exp2_num_326923,10,Free,Free,MT,MT,none,none,False,False,REVIEW
MT::exp2_num_316715,MT::exp3_num_316726,4,Free,Free,MT,MT,none,none,False,False,CRITICAL
MT::exp2_num_316715,MT::exp4_num_316737,4,Free,Free,MT,MT,none,none,False,False,CRITICAL
MT::exp2_num_316715,MT::exp4_num_317937,10,Free,Free,MT,MT,none,none,False,False,REVIEW
MT::exp2_num_316715,MT::exp4_num_320843,10,Free,Free,MT,MT,none,none,False,False,REVIEW
MT::exp2_num_316715,MT::exp5_num_11325,10,Free,Free,MT,MT,none,none,False,False,REVIEW
MT::exp2_num_316715,MT::exp5_num_316749,2,Free,Free,MT,MT,none,none,False,False,CRITICAL
MT::exp2_num_316715,MT::exp5_num_317949,10,Free,Free,MT,MT,none,none,False,False,REVIEW
MT::exp2_num_316715,MT::exp6_num_316778,2,Free,Free,MT,MT,none,none,False,False,CRITICAL
MT::exp2_num_316715,MT::exp6_num_327003,10,Free,Free,MT,MT,none,none,False,False,REVIEW
MT::exp2_num_326923,MT::exp3_num_316726,10,Free,Free,MT,MT,none,none,False,False,REVIEW
MT::exp2_num_326923,MT::exp4_num_316737,10,Free,Free,MT,MT,none,none,False,False,REVIEW
MT::exp2_num_326923,MT::exp4_num_320843,8,Free,Free,MT,MT,none,none,False,False,REVIEW
MT::exp2_num_326923,MT::exp5_num_11325,10,Free,Free,MT,MT,none,none,False,False,REVIEW
MT::exp2_num_326923,MT::exp6_num_327003,0,Free,Free,MT,MT,none,none,False,False,CRITICAL
MT::exp3_num_126339,MT::exp4_num_126353,2,Free,Free,MT,MT,none,none,False,False,CRITICAL
MT::exp3_num_126339,MT::exp5_num_126370,8,Free,Free,MT,MT,none,none,False,False,REVIEW
MT::exp3_num_129069,MT::exp5_num_129103,10,Uneven,Uneven,MT,MT,none,none,False,False,REVIEW
MT::exp3_num_240077,MT::exp4_num_240090,6,Free,Free,MT,MT,none,none,False,False,REVIEW
MT::exp3_num_240077,MT::exp5_num_240124,8,Free,Free,MT,MT,none,none,False,False,REVIEW
MT::exp3_num_240077,MT::exp6_num_240188,8,Free,Free,MT,MT,none,none,False,False,REVIEW
MT::exp3_num_304319,MT::exp4_num_304330,4,Free,Free,MT,MT,none,none,False,False,CRITICAL
MT::exp3_num_304319,MT::exp5_num_304340,4,Free,Free,MT,MT,none,none,False,False,CRITICAL
MT::exp3_num_304319,MT::exp6_num_304352,4,Free,Free,MT,MT,none,none,False,False,CRITICAL
MT::exp3_num_306622,MT::exp3_num_309379,10,Free,Free,MT,MT,none,none,False,False,REVIEW
MT::exp3_num_306622,MT::exp4_num_309390,10,Free,Free,MT,MT,none,none,False,False,REVIEW
MT::exp3_num_306622,MT::exp5_num_126370,8,Free,Free,MT,MT,none,none,False,False,REVIEW
MT::exp3_num_309379,MT::exp4_num_309390,4,Free,Free,MT,MT,none,none,False,False,CRITICAL
MT::exp3_num_316726,MT::exp4_num_316737,0,Free,Free,MT,MT,none,none,False,False,CRITICAL
MT::exp3_num_316726,MT::exp4_num_320843,10,Free,Free,MT,MT,none,none,False,False,REVIEW
MT::exp3_num_316726,MT::exp5_num_316749,4,Free,Free,MT,MT,none,none,False,False,CRITICAL
MT::exp3_num_316726,MT::exp6_num_316778,4,Free,Free,MT,MT,none,none,False,False,CRITICAL
MT::exp3_num_316726,MT::exp6_num_327003,10,Free,Free,MT,MT,none,none,False,False,REVIEW
MT::exp4_num_11314,MT::exp5_num_11325,2,Free,Free,MT,MT,none,none,False,False,CRITICAL
MT::exp4_num_126353,MT::exp5_num_126370,8,Free,Free,MT,MT,none,none,False,False,REVIEW
MT::exp4_num_240090,MT::exp5_num_240124,4,Free,Free,MT,MT,none,none,False,False,CRITICAL
MT::exp4_num_240090,MT::exp6_num_240188,8,Free,Free,MT,MT,none,none,False,False,REVIEW
MT::exp4_num_256324,MT::exp5_num_256354,2,Free,Free,MT,MT,none,none,False,False,CRITICAL
MT::exp4_num_304330,MT::exp5_num_304340,2,Free,Free,MT,MT,none,none,False,False,CRITICAL
MT::exp4_num_304330,MT::exp6_num_304352,2,Free,Free,MT,MT,none,none,False,False,CRITICAL
MT::exp4_num_316737,MT::exp4_num_320843,10,Free,Free,MT,MT,none,none,False,False,REVIEW
MT::exp4_num_316737,MT::exp5_num_316749,4,Free,Free,MT,MT,none,none,False,False,CRITICAL
MT::exp4_num_316737,MT::exp6_num_316778,4,Free,Free,MT,MT,none,none,False,False,CRITICAL
MT::exp4_num_316737,MT::exp6_num_327003,10,Free,Free,MT,MT,none,none,False,False,REVIEW
MT::exp4_num_317937,MT::exp5_num_317949,4,Free,Free,MT,MT,none,none,False,False,CRITICAL
MT::exp4_num_320843,MT::exp5_num_11325,10,Free,Free,MT,MT,none,none,False,False,REVIEW
MT::exp4_num_320843,MT::exp5_num_316749,10,Free,Free,MT,MT,none,none,False,False,REVIEW
MT::exp4_num_320843,MT::exp6_num_316778,10,Free,Free,MT,MT,none,none,False,False,REVIEW
MT::exp4_num_320843,MT::exp6_num_327003,8,Free,Free,MT,MT,none,none,False,False,REVIEW
MT::exp5_num_11325,MT::exp6_num_327003,10,Free,Free,MT,MT,none,none,False,False,REVIEW
MT::exp5_num_126370,MT::exp5_num_293317,10,Free,Free,MT,MT,none,none,False,False,REVIEW
MT::exp5_num_129103,MT::exp6_num_129148,6,Uneven,Uneven,MT,MT,none,none,False,False,REVIEW
MT::exp5_num_240124,MT::exp6_num_240188,6,Free,Free,MT,MT,none,none,False,False,REVIEW
MT::exp5_num_304340,MT::exp6_num_304352,2,Free,Free,MT,MT,none,none,False,False,CRITICAL
MT::exp5_num_316749,MT::exp6_num_316778,2,Free,Free,MT,MT,none,none,False,False,CRITICAL
MT::exp1_num_13526,MT::exp3_num_13568,4,Free,Free,MT,MT,none,none,False,False,CRITICAL
MT::exp1_num_13526,MT::exp4_num_13589,6,Free,Free,MT,MT,none,none,False,False,REVIEW
MT::exp3_num_13568,MT::exp4_num_13589,2,Free,Free,MT,MT,none,none,False,False,CRITICAL
MT::exp1_num_135544,MT::exp3_num_135593,10,Fray,Fray,MT,MT,none,none,False,False,REVIEW
MT::exp1_num_135544,MT::exp4_num_135615,6,Fray,Fray,MT,MT,none,none,False,False,REVIEW
MT::exp1_num_135544,MT::exp5_num_135651,6,Fray,Fray,MT,MT,none,none,False,False,REVIEW
MT::exp3_num_135593,MT::exp4_num_135615,4,Fray,Fray,MT,MT,none,none,False,False,CRITICAL
MT::exp3_num_135593,MT::exp5_num_135651,4,Fray,Fray,MT,MT,none,none,False,False,CRITICAL
MT::exp4_num_135615,MT::exp5_num_135651,0,Fray,Fray,MT,MT,none,none,False,False,CRITICAL
MT::exp1_num_136254,MT::exp2_num_136286,6,Fray,Fray,MT,MT,none,none,False,False,REVIEW
MT::exp1_num_138599,MT::exp2_num_138627,6,Free,Free,MT,MT,none,none,False,False,REVIEW
MT::exp1_num_138599,MT::exp3_num_138649,6,Free,Free,MT,MT,none,none,False,False,REVIEW
MT::exp1_num_138599,MT::exp4_num_138670,4,Free,Free,MT,MT,none,none,False,False,CRITICAL
MT::exp1_num_138599,MT::exp5_num_138694,6,Free,Free,MT,MT,none,none,False,False,REVIEW
MT::exp1_num_148923,MT::exp2_num_148952,8,Free,Free,MT,MT,none,none,False,False,REVIEW
MT::exp1_num_16503,MT::exp2_num_16532,6,Free,Free,MT,MT,none,none,False,False,REVIEW
MT::exp1_num_16503,MT::exp3_num_16556,2,Free,Free,MT,MT,none,none,False,False,CRITICAL
MT::exp1_num_16503,MT::exp4_num_16575,0,Free,Free,MT,MT,none,none,False,False,CRITICAL
MT::exp1_num_16503,MT::exp5_num_16596,8,Free,Free,MT,MT,none,none,False,False,REVIEW
MT::exp1_num_34078,MT::exp4_num_34134,4,Free,Free,MT,MT,none,none,False,False,CRITICAL
MT::exp1_num_34078,MT::exp5_num_34157,4,Free,Free,MT,MT,none,none,False,False,CRITICAL
MT::exp1_num_34078,MT::exp6_num_34208,8,Free,Free,MT,MT,none,none,False,False,REVIEW
MT::exp2_num_138627,MT::exp3_num_138649,4,Free,Free,MT,MT,none,none,False,False,CRITICAL
MT::exp2_num_138627,MT::exp4_num_138670,4,Free,Free,MT,MT,none,none,False,False,CRITICAL
MT::exp2_num_138627,MT::exp5_num_138694,4,Free,Free,MT,MT,none,none,False,False,CRITICAL
MT::exp2_num_16532,MT::exp3_num_16556,6,Free,Free,MT,MT,none,none,False,False,REVIEW
MT::exp2_num_16532,MT::exp4_num_16575,6,Free,Free,MT,MT,none,none,False,False,REVIEW
MT::exp2_num_16532,MT::exp5_num_16596,2,Free,Free,MT,MT,none,none,False,False,CRITICAL
MT::exp3_num_138649,MT::exp4_num_138670,4,Free,Free,MT,MT,none,none,False,False,CRITICAL
MT::exp3_num_138649,MT::exp5_num_138694,2,Free,Free,MT,MT,none,none,False,False,CRITICAL
MT::exp3_num_16556,MT::exp4_num_16575,2,Free,Free,MT,MT,none,none,False,False,CRITICAL
MT::exp3_num_16556,MT::exp5_num_16596,8,Free,Free,MT,MT,none,none,False,False,REVIEW
MT::exp4_num_138670,MT::exp5_num_138694,4,Free,Free,MT,MT,none,none,False,False,CRITICAL
MT::exp4_num_16575,MT::exp5_num_16596,8,Free,Free,MT,MT,none,none,False,False,REVIEW
MT::exp4_num_34134,MT::exp5_num_34157,0,Free,Free,MT,MT,none,none,False,False,CRITICAL
MT::exp4_num_34134,MT::exp6_num_34208,4,Free,Free,MT,MT,none,none,False,False,CRITICAL
MT::exp5_num_34157,MT::exp6_num_34208,4,Free,Free,MT,MT,none,none,False,False,CRITICAL
MT::exp1_num_139798,MT::exp3_num_139838,8,Uneven,Uneven,MT,MT,none,none,False,False,REVIEW
MT::exp1_num_139798,MT::exp4_num_139856,4,Uneven,Uneven,MT,MT,none,none,False,False,CRITICAL
MT::exp1_num_139798,MT::exp5_num_139883,4,Uneven,Uneven,MT,MT,none,none,False,False,CRITICAL
MT::exp1_num_139798,MT::exp6_num_139916,6,Uneven,Uneven,MT,MT,none,none,False,False,REVIEW
MT::exp3_num_139838,MT::exp4_num_139856,8,Uneven,Uneven,MT,MT,none,none,False,False,REVIEW
MT::exp3_num_139838,MT::exp5_num_139883,8,Uneven,Uneven,MT,MT,none,none,False,False,REVIEW
MT::exp3_num_139838,MT::exp6_num_139916,10,Uneven,Uneven,MT,MT,none,none,False,False,REVIEW
MT::exp4_num_139856,MT::exp5_num_139883,2,Uneven,Uneven,MT,MT,none,none,False,False,CRITICAL
MT::exp4_num_139856,MT::exp6_num_139916,4,Uneven,Uneven,MT,MT,none,none,False,False,CRITICAL
MT::exp5_num_139883,MT::exp6_num_139916,2,Uneven,Uneven,MT,MT,none,none,False,False,CRITICAL
MT::exp1_num_147928,MT::exp2_num_147954,6,Free,Free,MT,MT,none,none,False,False,REVIEW
MT::exp1_num_147928,MT::exp3_num_147971,6,Free,Free,MT,MT,none,none,False,False,REVIEW
MT::exp1_num_147928,MT::exp4_num_147986,10,Free,Free,MT,MT,none,none,False,False,REVIEW
MT::exp2_num_147954,MT::exp3_num_147971,10,Free,Free,MT,MT,none,none,False,False,REVIEW
MT::exp2_num_147954,MT::exp4_num_147986,8,Free,Free,MT,MT,none,none,False,False,REVIEW
MT::exp3_num_147971,MT::exp4_num_147986,4,Free,Free,MT,MT,none,none,False,False,CRITICAL
MT::exp1_num_154549,MT::exp3_num_154595,4,Free,Free,MT,MT,none,none,False,False,CRITICAL
MT::exp1_num_154549,MT::exp4_num_154613,2,Free,Free,MT,MT,none,none,False,False,CRITICAL
MT::exp1_num_154549,MT::exp6_num_154721,6,Free,Free,MT,MT,none,none,False,False,REVIEW
MT::exp3_num_154595,MT::exp4_num_154613,4,Free,Free,MT,MT,none,none,False,False,CRITICAL
MT::exp3_num_154595,MT::exp6_num_154721,6,Free,Free,MT,MT,none,none,False,False,REVIEW
MT::exp4_num_154613,MT::exp6_num_154721,4,Free,Free,MT,MT,none,none,False,False,CRITICAL
MT::exp2_num_311334,MT::exp4_num_311355,6,Free,Free,MT,MT,none,none,False,False,REVIEW
MT::exp3_num_311344,MT::exp4_num_311355,6,Free,Free,MT,MT,none,none,False,False,REVIEW
MT::exp1_num_166172,MT::exp3_num_166221,2,Free,Free,MT,MT,none,none,False,False,CRITICAL
MT::exp1_num_166172,MT::exp6_num_166278,4,Free,Free,MT,MT,none,none,False,False,CRITICAL
MT::exp3_num_166221,MT::exp6_num_166278,2,Free,Free,MT,MT,none,none,False,False,CRITICAL
MT::exp1_num_174647,MT::exp4_num_174720,10,Free,Free,MT,MT,none,none,False,False,REVIEW
MT::exp1_num_183137,MT::exp2_num_183171,6,Free,Free,MT,MT,none,none,False,False,REVIEW
MT::exp1_num_183137,MT::exp3_num_183198,4,Free,Free,MT,MT,none,none,False,False,CRITICAL
MT::exp1_num_183137,MT::exp4_num_183223,6,Free,Free,MT,MT,none,none,False,False,REVIEW
MT::exp1_num_183137,MT::exp5_num_183254,4,Free,Free,MT,MT,none,none,False,False,CRITICAL
MT::exp1_num_183137,MT::exp6_num_183290,8,Free,Free,MT,MT,none,none,False,False,REVIEW
MT::exp1_num_192126,MT::exp2_num_192155,8,Free,Free,MT,MT,none,none,False,False,REVIEW
MT::exp1_num_192126,MT::exp4_num_192192,10,Free,Free,MT,MT,none,none,False,False,REVIEW
MT::exp1_num_260482,MT::exp6_num_260572,10,Free,Free,MT,MT,none,none,False,False,REVIEW
MT::exp1_num_77531,MT::exp2_num_77559,10,Fray,Fray,MT,MT,none,none,False,False,REVIEW
MT::exp1_num_77531,MT::exp3_num_77583,4,Fray,Break,MT,MT,none,none,True,False,CRITICAL
MT::exp2_num_157196,MT::exp3_num_157220,4,Free,Free,MT,MT,none,none,False,False,CRITICAL
MT::exp2_num_157196,MT::exp4_num_157245,10,Free,Free,MT,MT,none,none,False,False,REVIEW
MT::exp2_num_165392,MT::exp4_num_165425,2,Free,Free,MT,MT,none,none,False,False,CRITICAL
MT::exp2_num_183171,MT::exp3_num_183198,6,Free,Free,MT,MT,none,none,False,False,REVIEW
MT::exp2_num_183171,MT::exp4_num_183223,6,Free,Free,MT,MT,none,none,False,False,REVIEW
MT::exp2_num_183171,MT::exp5_num_183254,2,Free,Free,MT,MT,none,none,False,False,CRITICAL
MT::exp2_num_183171,MT::exp6_num_183290,8,Free,Free,MT,MT,none,none,False,False,REVIEW
MT::exp2_num_192155,MT::exp3_num_192174,8,Free,Free,MT,MT,none,none,False,False,REVIEW
MT::exp2_num_192155,MT::exp4_num_192192,8,Free,Free,MT,MT,none,none,False,False,REVIEW
MT::exp2_num_29493,MT::exp5_num_29537,4,Free,Free,MT,MT,none,none,False,False,CRITICAL
MT::exp2_num_29493,MT::exp6_num_29564,8,Free,Free,MT,MT,none,none,False,False,REVIEW
MT::exp2_num_309668,MT::exp4_num_309692,2,Free,Free,MT,MT,none,none,False,False,CRITICAL
MT::exp2_num_77559,MT::exp3_num_77583,6,Fray,Break,MT,MT,none,none,True,False,CRITICAL
MT::exp2_num_77559,MT::exp4_num_77613,6,Fray,Fray,MT,MT,none,none,False,False,REVIEW
MT::exp2_num_77559,MT::exp5_num_77692,4,Fray,Fray,MT,MT,none,none,False,False,CRITICAL
MT::exp2_num_77559,MT::exp6_num_77744,10,Fray,Fray,MT,MT,none,none,False,False,REVIEW
MT::exp3_num_105826,MT::exp5_num_105879,2,Break,Break,MT,MT,none,none,False,False,CRITICAL
MT::exp3_num_155360,MT::exp5_num_155415,6,Uneven,Uneven,MT,MT,none,none,False,False,REVIEW
MT::exp3_num_183198,MT::exp4_num_183223,6,Free,Free,MT,MT,none,none,False,False,REVIEW
MT::exp3_num_183198,MT::exp5_num_183254,4,Free,Free,MT,MT,none,none,False,False,CRITICAL
MT::exp3_num_183198,MT::exp6_num_183290,6,Free,Free,MT,MT,none,none,False,False,REVIEW
MT::exp3_num_192174,MT::exp4_num_192192,4,Free,Free,MT,MT,none,none,False,False,CRITICAL
MT::exp3_num_260521,MT::exp6_num_260572,10,Free,Free,MT,MT,none,none,False,False,REVIEW
MT::exp3_num_77583,MT::exp4_num_77613,10,Break,Fray,MT,MT,none,none,True,False,CRITICAL
MT::exp3_num_77583,MT::exp5_num_77692,8,Break,Fray,MT,MT,none,none,True,False,CRITICAL
MT::exp4_num_183223,MT::exp5_num_183254,4,Free,Free,MT,MT,none,none,False,False,CRITICAL
MT::exp4_num_183223,MT::exp6_num_183290,10,Free,Free,MT,MT,none,none,False,False,REVIEW
MT::exp4_num_77613,MT::exp5_num_77692,2,Fray,Fray,MT,MT,none,none,False,False,CRITICAL
MT::exp4_num_77613,MT::exp6_num_77744,6,Fray,Fray,MT,MT,none,none,False,False,REVIEW
MT::exp5_num_183254,MT::exp6_num_183290,8,Free,Free,MT,MT,none,none,False,False,REVIEW
MT::exp5_num_29537,MT::exp6_num_29564,4,Free,Free,MT,MT,none,none,False,False,CRITICAL
MT::exp5_num_51139,MT::exp6_num_51154,2,Free,Free,MT,MT,none,none,False,False,CRITICAL
MT::exp5_num_77692,MT::exp6_num_77744,6,Fray,Fray,MT,MT,none,none,False,False,REVIEW
MT::exp1_num_180298,MT::exp2_num_180326,2,Free,Free,MT,MT,none,none,False,False,CRITICAL
MT::exp1_num_180298,MT::exp4_num_180371,4,Free,Free,MT,MT,none,none,False,False,CRITICAL
MT::exp2_num_180326,MT::exp4_num_180371,2,Free,Free,MT,MT,none,none,False,False,CRITICAL
MT::exp1_num_180836,MT::exp2_num_180865,4,Free,Free,MT,MT,none,none,False,False,CRITICAL
MT::exp1_num_180836,MT::exp4_num_180903,4,Free,Free,MT,MT,none,none,False,False,CRITICAL
MT::exp2_num_180865,MT::exp4_num_180903,8,Free,Free,MT,MT,none,none,False,False,REVIEW
MT::exp1_num_183798,MT::exp2_num_183825,4,Free,Free,MT,MT,none,none,False,False,CRITICAL
MT::exp1_num_187505,MT::exp6_num_187701,4,Free,Free,MT,MT,none,none,False,False,CRITICAL
MT::exp1_num_270753,MT::exp2_num_270781,4,Free,Free,MT,MT,none,none,False,False,CRITICAL
MT::exp1_num_270753,MT::exp3_num_270803,4,Free,Free,MT,MT,none,none,False,False,CRITICAL
MT::exp1_num_270753,MT::exp4_num_270824,6,Free,Free,MT,MT,none,none,False,False,REVIEW
MT::exp1_num_270753,MT::exp5_num_270847,6,Free,Free,MT,MT,none,none,False,False,REVIEW
MT::exp1_num_270753,MT::exp6_num_270880,4,Free,Free,MT,MT,none,none,False,False,CRITICAL
MT::exp2_num_270781,MT::exp3_num_270803,6,Free,Free,MT,MT,none,none,False,False,REVIEW
MT::exp2_num_270781,MT::exp4_num_270824,4,Free,Free,MT,MT,none,none,False,False,CRITICAL
MT::exp2_num_270781,MT::exp5_num_270847,8,Free,Free,MT,MT,none,none,False,False,REVIEW
MT::exp2_num_270781,MT::exp6_num_270880,4,Free,Free,MT,MT,none,none,False,False,CRITICAL
MT::exp3_num_270803,MT::exp4_num_270824,10,Free,Free,MT,MT,none,none,False,False,REVIEW
MT::exp3_num_270803,MT::exp5_num_270847,2,Free,Free,MT,MT,none,none,False,False,CRITICAL
MT::exp3_num_270803,MT::exp6_num_270880,4,Free,Free,MT,MT,none,none,False,False,CRITICAL
MT::exp4_num_270824,MT::exp5_num_270847,10,Free,Free,MT,MT,none,none,False,False,REVIEW
MT::exp4_num_270824,MT::exp6_num_270880,8,Free,Free,MT,MT,none,none,False,False,REVIEW
MT::exp5_num_270847,MT::exp6_num_270880,6,Free,Free,MT,MT,none,none,False,False,REVIEW
MT::exp1_num_194173,MT::exp2_num_194202,2,Break,Break,MT,MT,none,none,False,False,CRITICAL
MT::exp1_num_194173,MT::exp4_num_194236,4,Break,Break,MT,MT,none,none,False,False,CRITICAL
MT::exp1_num_260927,MT::exp2_num_260949,10,Free,Free,MT,MT,none,none,False,False,REVIEW
MT::exp1_num_260927,MT::exp4_num_260976,6,Free,Free,MT,MT,none,none,False,False,REVIEW
MT::exp1_num_260927,MT::exp5_num_260989,8,Free,Free,MT,MT,none,none,False,False,REVIEW
MT::exp2_num_194202,MT::exp4_num_194236,2,Break,Break,MT,MT,none,none,False,False,CRITICAL
MT::exp2_num_260949,MT::exp3_num_260963,8,Free,Free,MT,MT,none,none,False,False,REVIEW
MT::exp2_num_260949,MT::exp4_num_260976,4,Free,Free,MT,MT,none,none,False,False,CRITICAL
MT::exp2_num_260949,MT::exp5_num_260989,4,Free,Free,MT,MT,none,none,False,False,CRITICAL
MT::exp2_num_260949,MT::exp6_num_261003,8,Free,Free,MT,MT,none,none,False,False,REVIEW
MT::exp3_num_260963,MT::exp5_num_260989,10,Free,Free,MT,MT,none,none,False,False,REVIEW
MT::exp3_num_260963,MT::exp6_num_261003,8,Free,Free,MT,MT,none,none,False,False,REVIEW
MT::exp4_num_260976,MT::exp5_num_260989,4,Free,Free,MT,MT,none,none,False,False,CRITICAL
MT::exp5_num_260989,MT::exp6_num_261003,8,Free,Free,MT,MT,none,none,False,False,REVIEW
MT::exp1_num_195647,MT::exp5_num_195717,8,Free,Free,MT,MT,none,none,False,False,REVIEW
MT::exp1_num_19695,MT::exp2_num_19728,4,Free,Free,MT,MT,none,none,False,False,CRITICAL
MT::exp1_num_19695,MT::exp4_num_19770,4,Free,Free,MT,MT,none,none,False,False,CRITICAL
MT::exp1_num_24793,MT::exp3_num_24829,4,Uneven,Uneven,MT,MT,none,none,False,False,CRITICAL
MT::exp1_num_24793,MT::exp3_num_65031,10,Uneven,Free,MT,MT,none,none,True,False,CRITICAL
MT::exp1_num_24793,MT::exp4_num_24843,2,Uneven,Uneven,MT,MT,none,none,False,False,CRITICAL
MT::exp1_num_24793,MT::exp5_num_24876,8,Uneven,Uneven,MT,MT,none,none,False,False,REVIEW
MT::exp2_num_19728,MT::exp4_num_19770,0,Free,Free,MT,MT,none,none,False,False,CRITICAL
MT::exp2_num_75106,MT::exp6_num_75343,6,Free,Free,MT,MT,none,none,False,False,REVIEW
MT::exp3_num_24829,MT::exp4_num_24843,2,Uneven,Uneven,MT,MT,none,none,False,False,CRITICAL
MT::exp3_num_24829,MT::exp5_num_24876,8,Uneven,Uneven,MT,MT,none,none,False,False,REVIEW
MT::exp4_num_24843,MT::exp5_num_24876,8,Uneven,Uneven,MT,MT,none,none,False,False,REVIEW
MT::exp1_num_20362,MT::exp4_num_20426,10,Fray,Fray,MT,MT,none,none,False,False,REVIEW
MT::exp1_num_2038,MT::exp2_num_2060,6,Free,Free,MT,MT,none,none,False,False,REVIEW
MT::exp1_num_2038,MT::exp3_num_2074,6,Free,Free,MT,MT,none,none,False,False,REVIEW
MT::exp1_num_2038,MT::exp4_num_2086,6,Free,Free,MT,MT,none,none,False,False,REVIEW
MT::exp1_num_2038,MT::exp5_num_2089,6,Free,Free,MT,MT,none,none,False,False,REVIEW
MT::exp1_num_2038,MT::exp6_num_2121,8,Free,Free,MT,MT,none,none,False,False,REVIEW
MT::exp1_num_265077,MT::exp4_num_265131,4,Blowhole,Blowhole,MT,MT,none,none,False,False,CRITICAL
MT::exp1_num_265077,MT::exp5_num_265149,2,Blowhole,Blowhole,MT,MT,none,none,False,False,CRITICAL
MT::exp2_num_2060,MT::exp3_num_2074,2,Free,Free,MT,MT,none,none,False,False,CRITICAL
MT::exp2_num_2060,MT::exp4_num_2086,2,Free,Free,MT,MT,none,none,False,False,CRITICAL
MT::exp2_num_2060,MT::exp5_num_2089,10,Free,Free,MT,MT,none,none,False,False,REVIEW
MT::exp2_num_2060,MT::exp6_num_2121,6,Free,Free,MT,MT,none,none,False,False,REVIEW
MT::exp3_num_2074,MT::exp4_num_2086,0,Free,Free,MT,MT,none,none,False,False,CRITICAL
MT::exp3_num_2074,MT::exp5_num_2089,8,Free,Free,MT,MT,none,none,False,False,REVIEW
MT::exp3_num_2074,MT::exp6_num_2121,4,Free,Free,MT,MT,none,none,False,False,CRITICAL
MT::exp4_num_2086,MT::exp5_num_2089,8,Free,Free,MT,MT,none,none,False,False,REVIEW
MT::exp4_num_2086,MT::exp6_num_2121,4,Free,Free,MT,MT,none,none,False,False,CRITICAL
MT::exp4_num_265131,MT::exp5_num_265149,2,Blowhole,Blowhole,MT,MT,none,none,False,False,CRITICAL
MT::exp5_num_2089,MT::exp6_num_2121,8,Free,Free,MT,MT,none,none,False,False,REVIEW
MT::exp1_num_241352,MT::exp2_num_241368,6,Free,Free,MT,MT,none,none,False,False,REVIEW
MT::exp1_num_241352,MT::exp3_num_241380,8,Free,Free,MT,MT,none,none,False,False,REVIEW
MT::exp1_num_241352,MT::exp5_num_241403,10,Free,Free,MT,MT,none,none,False,False,REVIEW
MT::exp1_num_241352,MT::exp6_num_241417,10,Free,Free,MT,MT,none,none,False,False,REVIEW
MT::exp1_num_261937,MT::exp1_num_319420,10,Free,Free,MT,MT,none,none,False,False,REVIEW
MT::exp1_num_261937,MT::exp2_num_261961,4,Free,Free,MT,MT,none,none,False,False,CRITICAL
MT::exp1_num_261937,MT::exp2_num_319440,10,Free,Free,MT,MT,none,none,False,False,REVIEW
MT::exp1_num_261937,MT::exp3_num_261977,4,Free,Free,MT,MT,none,none,False,False,CRITICAL
MT::exp1_num_261937,MT::exp4_num_319469,10,Free,Free,MT,MT,none,none,False,False,REVIEW
MT::exp1_num_266790,MT::exp4_num_266844,4,Free,Free,MT,MT,none,none,False,False,CRITICAL
MT::exp1_num_266790,MT::exp5_num_266861,2,Free,Free,MT,MT,none,none,False,False,CRITICAL
MT::exp1_num_304836,MT::exp2_num_304861,10,Free,Free,MT,MT,none,none,False,False,REVIEW
MT::exp1_num_304836,MT::exp3_num_304882,4,Free,Free,MT,MT,none,none,False,False,CRITICAL
MT::exp1_num_304836,MT::exp4_num_304904,6,Free,Free,MT,MT,none,none,False,False,REVIEW
MT::exp1_num_304836,MT::exp5_num_304927,6,Free,Free,MT,MT,none,none,False,False,REVIEW
MT::exp1_num_304836,MT::exp6_num_304958,6,Free,Free,MT,MT,none,none,False,False,REVIEW
MT::exp1_num_319420,MT::exp2_num_319440,2,Free,Free,MT,MT,none,none,False,False,CRITICAL
MT::exp1_num_319420,MT::exp4_num_319469,6,Free,Free,MT,MT,none,none,False,False,REVIEW
MT::exp1_num_323319,MT::exp2_num_323339,2,Free,Free,MT,MT,none,none,False,False,CRITICAL
MT::exp1_num_323319,MT::exp4_num_323366,10,Free,Free,MT,MT,none,none,False,False,REVIEW
MT::exp1_num_323319,MT::exp6_num_323405,6,Free,Free,MT,MT,none,none,False,False,REVIEW
MT::exp2_num_241368,MT::exp3_num_241380,8,Free,Free,MT,MT,none,none,False,False,REVIEW
MT::exp2_num_261961,MT::exp3_num_261977,4,Free,Free,MT,MT,none,none,False,False,CRITICAL
MT::exp2_num_304861,MT::exp3_num_304882,8,Free,Free,MT,MT,none,none,False,False,REVIEW
MT::exp2_num_304861,MT::exp4_num_304904,8,Free,Free,MT,MT,none,none,False,False,REVIEW
MT::exp2_num_304861,MT::exp4_num_319469,10,Free,Free,MT,MT,none,none,False,False,REVIEW
MT::exp2_num_304861,MT::exp5_num_304927,10,Free,Free,MT,MT,none,none,False,False,REVIEW
MT::exp2_num_304861,MT::exp6_num_304958,10,Free,Free,MT,MT,none,none,False,False,REVIEW
MT::exp2_num_319440,MT::exp3_num_261977,10,Free,Free,MT,MT,none,none,False,False,REVIEW
MT::exp2_num_319440,MT::exp4_num_319469,4,Free,Free,MT,MT,none,none,False,False,CRITICAL
MT::exp2_num_323339,MT::exp6_num_323405,6,Free,Free,MT,MT,none,none,False,False,REVIEW
MT::exp3_num_241380,MT::exp5_num_241403,6,Free,Free,MT,MT,none,none,False,False,REVIEW
MT::exp3_num_241380,MT::exp6_num_241417,4,Free,Free,MT,MT,none,none,False,False,CRITICAL
MT::exp3_num_261977,MT::exp4_num_319469,10,Free,Free,MT,MT,none,none,False,False,REVIEW
MT::exp3_num_304882,MT::exp4_num_304904,2,Free,Free,MT,MT,none,none,False,False,CRITICAL
MT::exp3_num_304882,MT::exp5_num_304927,6,Free,Free,MT,MT,none,none,False,False,REVIEW
MT::exp3_num_304882,MT::exp6_num_304958,6,Free,Free,MT,MT,none,none,False,False,REVIEW
MT::exp3_num_323352,MT::exp4_num_323366,4,Free,Free,MT,MT,none,none,False,False,CRITICAL
MT::exp4_num_266844,MT::exp5_num_266861,2,Free,Free,MT,MT,none,none,False,False,CRITICAL
MT::exp4_num_304904,MT::exp5_num_304927,6,Free,Free,MT,MT,none,none,False,False,REVIEW
MT::exp4_num_304904,MT::exp6_num_304958,6,Free,Free,MT,MT,none,none,False,False,REVIEW
MT::exp5_num_241403,MT::exp6_num_241417,2,Free,Free,MT,MT,none,none,False,False,CRITICAL
MT::exp5_num_304927,MT::exp6_num_304958,0,Free,Free,MT,MT,none,none,False,False,CRITICAL
MT::exp4_num_319729,MT::exp5_num_319758,2,Free,Free,MT,MT,none,none,False,False,CRITICAL
MT::exp1_num_245763,MT::exp5_num_245817,6,Free,Free,MT,MT,none,none,False,False,REVIEW
MT::exp2_num_245780,MT::exp5_num_245817,8,Free,Free,MT,MT,none,none,False,False,REVIEW
MT::exp1_num_246296,MT::exp2_num_246323,6,Free,Free,MT,MT,none,none,False,False,REVIEW
MT::exp1_num_246296,MT::exp3_num_246338,6,Free,Free,MT,MT,none,none,False,False,REVIEW
MT::exp1_num_246296,MT::exp4_num_246354,0,Free,Free,MT,MT,none,none,False,False,CRITICAL
MT::exp1_num_246296,MT::exp5_num_246375,6,Free,Free,MT,MT,none,none,False,False,REVIEW
MT::exp1_num_246296,MT::exp6_num_246442,6,Free,Free,MT,MT,none,none,False,False,REVIEW
MT::exp2_num_246323,MT::exp3_num_246338,4,Free,Free,MT,MT,none,none,False,False,CRITICAL
MT::exp2_num_246323,MT::exp4_num_246354,6,Free,Free,MT,MT,none,none,False,False,REVIEW
MT::exp2_num_246323,MT::exp5_num_246375,6,Free,Free,MT,MT,none,none,False,False,REVIEW
MT::exp2_num_246323,MT::exp6_num_246442,6,Free,Free,MT,MT,none,none,False,False,REVIEW
MT::exp3_num_246338,MT::exp4_num_246354,6,Free,Free,MT,MT,none,none,False,False,REVIEW
MT::exp3_num_246338,MT::exp5_num_246375,8,Free,Free,MT,MT,none,none,False,False,REVIEW
MT::exp3_num_246338,MT::exp6_num_246442,2,Free,Free,MT,MT,none,none,False,False,CRITICAL
MT::exp4_num_246354,MT::exp5_num_246375,6,Free,Free,MT,MT,none,none,False,False,REVIEW
MT::exp4_num_246354,MT::exp6_num_246442,6,Free,Free,MT,MT,none,none,False,False,REVIEW
MT::exp5_num_246375,MT::exp6_num_246442,6,Free,Free,MT,MT,none,none,False,False,REVIEW
MT::exp1_num_249594,MT::exp2_num_249619,2,Crack,Crack,MT,MT,none,none,False,False,CRITICAL
MT::exp1_num_249594,MT::exp6_num_249821,6,Crack,Crack,MT,MT,none,none,False,False,REVIEW
MT::exp1_num_50387,MT::exp5_num_50443,4,Free,Free,MT,MT,none,none,False,False,CRITICAL
MT::exp1_num_50387,MT::exp6_num_50468,2,Free,Free,MT,MT,none,none,False,False,CRITICAL
MT::exp2_num_249619,MT::exp6_num_249821,8,Crack,Crack,MT,MT,none,none,False,False,REVIEW
MT::exp5_num_50443,MT::exp6_num_50468,4,Free,Free,MT,MT,none,none,False,False,CRITICAL
MT::exp1_num_251427,MT::exp6_num_251550,6,Free,Free,MT,MT,none,none,False,False,REVIEW
MT::exp1_num_255641,MT::exp2_num_255674,2,Free,Free,MT,MT,none,none,False,False,CRITICAL
MT::exp1_num_255641,MT::exp3_num_255696,8,Free,Free,MT,MT,none,none,False,False,REVIEW
MT::exp1_num_255641,MT::exp4_num_255718,4,Free,Free,MT,MT,none,none,False,False,CRITICAL
MT::exp1_num_255641,MT::exp5_num_255775,6,Free,Free,MT,MT,none,none,False,False,REVIEW
MT::exp2_num_255674,MT::exp3_num_255696,6,Free,Free,MT,MT,none,none,False,False,REVIEW
MT::exp2_num_255674,MT::exp4_num_255718,6,Free,Free,MT,MT,none,none,False,False,REVIEW
MT::exp2_num_255674,MT::exp5_num_255775,8,Free,Free,MT,MT,none,none,False,False,REVIEW
MT::exp2_num_277012,MT::exp3_num_277027,6,Free,Free,MT,MT,none,none,False,False,REVIEW
MT::exp2_num_277012,MT::exp6_num_277095,4,Free,Free,MT,MT,none,none,False,False,CRITICAL
MT::exp3_num_277027,MT::exp6_num_277095,10,Free,Free,MT,MT,none,none,False,False,REVIEW
MT::exp4_num_255718,MT::exp5_num_255775,4,Free,Free,MT,MT,none,none,False,False,CRITICAL
MT::exp1_num_256261,MT::exp1_num_279090,10,Free,Free,MT,MT,none,none,False,False,REVIEW
MT::exp1_num_256261,MT::exp1_num_358933,10,Free,Free,MT,MT,none,none,False,False,REVIEW
MT::exp1_num_256261,MT::exp2_num_256286,4,Free,Free,MT,MT,none,none,False,False,CRITICAL
MT::exp1_num_256261,MT::exp2_num_279109,8,Free,Free,MT,MT,none,none,False,False,REVIEW
MT::exp1_num_256261,MT::exp3_num_279122,10,Free,Free,MT,MT,none,none,False,False,REVIEW
MT::exp1_num_279090,MT::exp2_num_256286,10,Free,Free,MT,MT,none,none,False,False,REVIEW
MT::exp1_num_279090,MT::exp2_num_279109,6,Free,Free,MT,MT,none,none,False,False,REVIEW
MT::exp1_num_279090,MT::exp3_num_279122,6,Free,Free,MT,MT,none,none,False,False,REVIEW
MT::exp1_num_279090,MT::exp4_num_279133,10,Free,Free,MT,MT,none,none,False,False,REVIEW
MT::exp1_num_331149,MT::exp4_num_326953,6,Fray,Free,MT,MT,none,none,True,False,CRITICAL
MT::exp1_num_331149,MT::exp5_num_326973,6,Fray,Free,MT,MT,none,none,True,False,CRITICAL
MT::exp1_num_331149,MT::exp6_num_279178,8,Fray,Free,MT,MT,none,none,True,False,CRITICAL
MT::exp1_num_358933,MT::exp2_num_256286,8,Free,Free,MT,MT,none,none,False,False,REVIEW
MT::exp1_num_358933,MT::exp2_num_317911,10,Free,Free,MT,MT,none,none,False,False,REVIEW
MT::exp1_num_358933,MT::exp2_num_358960,2,Free,Free,MT,MT,none,none,False,False,CRITICAL
MT::exp1_num_358933,MT::exp3_num_358972,4,Free,Free,MT,MT,none,none,False,False,CRITICAL
MT::exp1_num_358933,MT::exp4_num_326953,10,Free,Free,MT,MT,none,none,False,False,REVIEW
MT::exp1_num_358933,MT::exp4_num_358985,2,Free,Free,MT,MT,none,none,False,False,CRITICAL
MT::exp1_num_358933,MT::exp5_num_358999,6,Free,Free,MT,MT,none,none,False,False,REVIEW
MT::exp1_num_358933,MT::exp6_num_359029,4,Free,Free,MT,MT,none,none,False,False,CRITICAL
MT::exp2_num_256286,MT::exp2_num_279109,10,Free,Free,MT,MT,none,none,False,False,REVIEW
MT::exp2_num_256286,MT::exp2_num_358960,10,Free,Free,MT,MT,none,none,False,False,REVIEW
MT::exp2_num_256286,MT::exp4_num_358985,10,Free,Free,MT,MT,none,none,False,False,REVIEW
MT::exp2_num_262233,MT::exp5_num_262271,4,Free,Free,MT,MT,none,none,False,False,CRITICAL
MT::exp2_num_262233,MT::exp6_num_262294,6,Free,Free,MT,MT,none,none,False,False,REVIEW
MT::exp2_num_279109,MT::exp3_num_279122,2,Free,Free,MT,MT,none,none,False,False,CRITICAL
MT::exp2_num_279109,MT::exp4_num_279133,4,Free,Free,MT,MT,none,none,False,False,CRITICAL
MT::exp2_num_279109,MT::exp6_num_279178,8,Free,Free,MT,MT,none,none,False,False,REVIEW
MT::exp2_num_317911,MT::exp2_num_358960,10,Free,Free,MT,MT,none,none,False,False,REVIEW
MT::exp2_num_317911,MT::exp3_num_317925,4,Free,Free,MT,MT,none,none,False,False,CRITICAL
MT::exp2_num_317911,MT::exp4_num_358985,10,Free,Free,MT,MT,none,none,False,False,REVIEW
MT::exp2_num_317911,MT::exp5_num_358999,10,Free,Free,MT,MT,none,none,False,False,REVIEW
MT::exp2_num_317911,MT::exp6_num_359029,10,Free,Free,MT,MT,none,none,False,False,REVIEW
MT::exp2_num_358960,MT::exp3_num_358972,2,Free,Free,MT,MT,none,none,False,False,CRITICAL
MT::exp2_num_358960,MT::exp4_num_358985,0,Free,Free,MT,MT,none,none,False,False,CRITICAL
MT::exp2_num_358960,MT::exp5_num_358999,4,Free,Free,MT,MT,none,none,False,False,CRITICAL
MT::exp2_num_358960,MT::exp6_num_359029,4,Free,Free,MT,MT,none,none,False,False,CRITICAL
MT::exp2_num_3811,MT::exp4_num_3846,8,Free,Free,MT,MT,none,none,False,False,REVIEW
MT::exp2_num_3811,MT::exp5_num_3899,4,Free,Free,MT,MT,none,none,False,False,CRITICAL
MT::exp2_num_3811,MT::exp6_num_3981,4,Free,Free,MT,MT,none,none,False,False,CRITICAL
MT::exp3_num_279122,MT::exp4_num_279133,4,Free,Free,MT,MT,none,none,False,False,CRITICAL
MT::exp3_num_279122,MT::exp6_num_279178,8,Free,Free,MT,MT,none,none,False,False,REVIEW
MT::exp3_num_317925,MT::exp5_num_358999,10,Free,Free,MT,MT,none,none,False,False,REVIEW
MT::exp3_num_317925,MT::exp6_num_359029,10,Free,Free,MT,MT,none,none,False,False,REVIEW
MT::exp3_num_358972,MT::exp4_num_358985,2,Free,Free,MT,MT,none,none,False,False,CRITICAL
MT::exp3_num_358972,MT::exp5_num_358999,4,Free,Free,MT,MT,none,none,False,False,CRITICAL
MT::exp3_num_358972,MT::exp6_num_359029,4,Free,Free,MT,MT,none,none,False,False,CRITICAL
MT::exp4_num_279133,MT::exp6_num_279178,4,Free,Free,MT,MT,none,none,False,False,CRITICAL
MT::exp4_num_326953,MT::exp5_num_326973,2,Free,Free,MT,MT,none,none,False,False,CRITICAL
MT::exp4_num_358985,MT::exp5_num_358999,4,Free,Free,MT,MT,none,none,False,False,CRITICAL
MT::exp4_num_358985,MT::exp6_num_359029,4,Free,Free,MT,MT,none,none,False,False,CRITICAL
MT::exp4_num_3846,MT::exp5_num_3899,10,Free,Free,MT,MT,none,none,False,False,REVIEW
MT::exp4_num_3846,MT::exp6_num_3981,6,Free,Free,MT,MT,none,none,False,False,REVIEW
MT::exp5_num_262271,MT::exp6_num_262294,6,Free,Free,MT,MT,none,none,False,False,REVIEW
MT::exp5_num_275434,MT::exp6_num_275466,4,Free,Free,MT,MT,none,none,False,False,CRITICAL
MT::exp5_num_358999,MT::exp6_num_359029,2,Free,Free,MT,MT,none,none,False,False,CRITICAL
MT::exp5_num_3899,MT::exp6_num_3981,4,Free,Free,MT,MT,none,none,False,False,CRITICAL
MT::exp1_num_257103,MT::exp3_num_257158,2,Free,Free,MT,MT,none,none,False,False,CRITICAL
MT::exp1_num_257630,MT::exp2_num_257656,2,Free,Free,MT,MT,none,none,False,False,CRITICAL
MT::exp1_num_258819,MT::exp2_num_258847,8,Free,Free,MT,MT,none,none,False,False,REVIEW
MT::exp1_num_258819,MT::exp4_num_258885,2,Free,Free,MT,MT,none,none,False,False,CRITICAL
MT::exp2_num_258847,MT::exp4_num_258885,10,Free,Free,MT,MT,none,none,False,False,REVIEW
MT::exp3_num_269668,MT::exp6_num_269733,4,Free,Free,MT,MT,none,none,False,False,CRITICAL
MT::exp1_num_2610,MT::exp2_num_2627,4,Free,Free,MT,MT,none,none,False,False,CRITICAL
MT::exp1_num_2610,MT::exp3_num_2642,4,Free,Free,MT,MT,none,none,False,False,CRITICAL
MT::exp1_num_2610,MT::exp6_num_2697,4,Free,Free,MT,MT,none,none,False,False,CRITICAL
MT::exp2_num_2627,MT::exp3_num_2642,8,Free,Free,MT,MT,none,none,False,False,REVIEW
MT::exp2_num_2627,MT::exp6_num_2697,4,Free,Free,MT,MT,none,none,False,False,CRITICAL
MT::exp3_num_2642,MT::exp6_num_2697,4,Free,Free,MT,MT,none,none,False,False,CRITICAL
MT::exp1_num_26106,MT::exp2_num_26130,2,Break,Break,MT,MT,none,none,False,False,CRITICAL
MT::exp1_num_262216,MT::exp3_num_262246,4,Free,Free,MT,MT,none,none,False,False,CRITICAL
MT::exp1_num_262216,MT::exp6_num_7102,10,Free,Blowhole,MT,MT,none,none,True,False,CRITICAL
MT::exp2_num_265639,MT::exp3_num_320833,6,Crack,Free,MT,MT,none,none,True,False,CRITICAL
MT::exp2_num_265639,MT::exp4_num_265677,2,Crack,Crack,MT,MT,none,none,False,False,CRITICAL
MT::exp2_num_265639,MT::exp6_num_127730,8,Crack,Free,MT,MT,none,none,True,False,CRITICAL
MT::exp2_num_265639,MT::exp6_num_7102,8,Crack,Blowhole,MT,MT,none,none,True,False,CRITICAL
MT::exp3_num_289625,MT::exp5_num_289653,6,Free,Free,MT,MT,none,none,False,False,REVIEW
MT::exp3_num_320833,MT::exp4_num_265677,6,Free,Crack,MT,MT,none,none,True,False,CRITICAL
MT::exp3_num_320833,MT::exp6_num_127730,10,Free,Free,MT,MT,none,none,False,False,REVIEW
MT::exp3_num_320833,MT::exp6_num_7102,6,Free,Blowhole,MT,MT,none,none,True,False,CRITICAL
MT::exp4_num_265677,MT::exp6_num_127730,8,Crack,Free,MT,MT,none,none,True,False,CRITICAL
MT::exp4_num_265677,MT::exp6_num_7102,8,Crack,Blowhole,MT,MT,none,none,True,False,CRITICAL
MT::exp6_num_127730,MT::exp6_num_7102,10,Free,Blowhole,MT,MT,none,none,True,False,CRITICAL
MT::exp1_num_263839,MT::exp5_num_263887,2,Free,Free,MT,MT,none,none,False,False,CRITICAL
MT::exp1_num_263839,MT::exp6_num_263900,6,Free,Free,MT,MT,none,none,False,False,REVIEW
MT::exp1_num_355636,MT::exp2_num_355658,0,Free,Free,MT,MT,none,none,False,False,CRITICAL
MT::exp1_num_355636,MT::exp3_num_355669,0,Free,Free,MT,MT,none,none,False,False,CRITICAL
MT::exp1_num_355636,MT::exp4_num_355680,2,Free,Free,MT,MT,none,none,False,False,CRITICAL
MT::exp1_num_355636,MT::exp5_num_355692,0,Free,Free,MT,MT,none,none,False,False,CRITICAL
MT::exp1_num_355636,MT::exp6_num_263900,10,Free,Free,MT,MT,none,none,False,False,REVIEW
MT::exp1_num_355636,MT::exp6_num_355732,2,Free,Free,MT,MT,none,none,False,False,CRITICAL
MT::exp2_num_355658,MT::exp3_num_355669,0,Free,Free,MT,MT,none,none,False,False,CRITICAL
MT::exp2_num_355658,MT::exp4_num_355680,2,Free,Free,MT,MT,none,none,False,False,CRITICAL
MT::exp2_num_355658,MT::exp5_num_355692,0,Free,Free,MT,MT,none,none,False,False,CRITICAL
MT::exp2_num_355658,MT::exp6_num_263900,10,Free,Free,MT,MT,none,none,False,False,REVIEW
MT::exp2_num_355658,MT::exp6_num_355732,2,Free,Free,MT,MT,none,none,False,False,CRITICAL
MT::exp3_num_355669,MT::exp4_num_355680,2,Free,Free,MT,MT,none,none,False,False,CRITICAL
MT::exp3_num_355669,MT::exp5_num_355692,0,Free,Free,MT,MT,none,none,False,False,CRITICAL
MT::exp3_num_355669,MT::exp6_num_263900,10,Free,Free,MT,MT,none,none,False,False,REVIEW
MT::exp3_num_355669,MT::exp6_num_355732,2,Free,Free,MT,MT,none,none,False,False,CRITICAL
MT::exp4_num_355680,MT::exp5_num_355692,2,Free,Free,MT,MT,none,none,False,False,CRITICAL
MT::exp4_num_355680,MT::exp6_num_355732,2,Free,Free,MT,MT,none,none,False,False,CRITICAL
MT::exp5_num_263887,MT::exp6_num_263900,6,Free,Free,MT,MT,none,none,False,False,REVIEW
MT::exp5_num_355692,MT::exp6_num_263900,10,Free,Free,MT,MT,none,none,False,False,REVIEW
MT::exp5_num_355692,MT::exp6_num_355732,2,Free,Free,MT,MT,none,none,False,False,CRITICAL
MT::exp1_num_264189,MT::exp3_num_264225,0,Free,Free,MT,MT,none,none,False,False,CRITICAL
MT::exp2_num_262661,MT::exp4_num_262687,8,Free,Free,MT,MT,none,none,False,False,REVIEW
MT::exp2_num_262661,MT::exp5_num_262702,2,Free,Free,MT,MT,none,none,False,False,CRITICAL
MT::exp2_num_262661,MT::exp6_num_262733,6,Free,Free,MT,MT,none,none,False,False,REVIEW
MT::exp4_num_262687,MT::exp5_num_262702,8,Free,Free,MT,MT,none,none,False,False,REVIEW
MT::exp4_num_262687,MT::exp6_num_262733,4,Free,Free,MT,MT,none,none,False,False,CRITICAL
MT::exp5_num_262702,MT::exp6_num_262733,6,Free,Free,MT,MT,none,none,False,False,REVIEW
MT::exp1_num_266278,MT::exp2_num_266301,6,Free,Free,MT,MT,none,none,False,False,REVIEW
MT::exp1_num_266278,MT::exp3_num_266316,4,Free,Free,MT,MT,none,none,False,False,CRITICAL
MT::exp1_num_266278,MT::exp5_num_266347,2,Free,Free,MT,MT,none,none,False,False,CRITICAL
MT::exp1_num_266278,MT::exp6_num_266375,4,Free,Free,MT,MT,none,none,False,False,CRITICAL
MT::exp1_num_309648,MT::exp3_num_309681,2,Free,Free,MT,MT,none,none,False,False,CRITICAL
MT::exp1_num_309648,MT::exp5_num_309704,2,Free,Free,MT,MT,none,none,False,False,CRITICAL
MT::exp2_num_105807,MT::exp4_num_105851,6,Break,Break,MT,MT,none,none,False,False,REVIEW
MT::exp2_num_144192,MT::exp3_num_144210,2,Free,Free,MT,MT,none,none,False,False,CRITICAL
MT::exp2_num_144192,MT::exp5_num_144247,6,Free,Free,MT,MT,none,none,False,False,REVIEW
MT::exp2_num_144192,MT::exp6_num_144276,8,Free,Free,MT,MT,none,none,False,False,REVIEW
MT::exp2_num_266301,MT::exp3_num_266316,2,Free,Free,MT,MT,none,none,False,False,CRITICAL
MT::exp2_num_266301,MT::exp5_num_266347,6,Free,Free,MT,MT,none,none,False,False,REVIEW
MT::exp2_num_266301,MT::exp6_num_266375,2,Free,Free,MT,MT,none,none,False,False,CRITICAL
MT::exp3_num_144210,MT::exp5_num_144247,6,Free,Free,MT,MT,none,none,False,False,REVIEW
MT::exp3_num_144210,MT::exp6_num_144276,8,Free,Free,MT,MT,none,none,False,False,REVIEW
MT::exp3_num_165409,MT::exp5_num_165457,6,Free,Free,MT,MT,none,none,False,False,REVIEW
MT::exp3_num_266316,MT::exp5_num_266347,4,Free,Free,MT,MT,none,none,False,False,CRITICAL
MT::exp3_num_266316,MT::exp6_num_266375,4,Free,Free,MT,MT,none,none,False,False,CRITICAL
MT::exp3_num_309681,MT::exp5_num_309704,4,Free,Free,MT,MT,none,none,False,False,CRITICAL
MT::exp3_num_43853,MT::exp6_num_43955,2,Free,Free,MT,MT,none,none,False,False,CRITICAL
MT::exp5_num_144247,MT::exp6_num_144276,6,Free,Free,MT,MT,none,none,False,False,REVIEW
MT::exp5_num_266347,MT::exp6_num_266375,6,Free,Free,MT,MT,none,none,False,False,REVIEW
MT::exp1_num_269086,MT::exp3_num_269121,4,Free,Free,MT,MT,none,none,False,False,CRITICAL
MT::exp1_num_269626,MT::exp2_num_269652,6,Free,Free,MT,MT,none,none,False,False,REVIEW
MT::exp1_num_270128,MT::exp2_num_270153,2,Uneven,Uneven,MT,MT,none,none,False,False,CRITICAL
MT::exp1_num_270128,MT::exp3_num_270169,6,Uneven,Uneven,MT,MT,none,none,False,False,REVIEW
MT::exp1_num_270128,MT::exp4_num_270184,6,Uneven,Uneven,MT,MT,none,none,False,False,REVIEW
MT::exp1_num_270128,MT::exp5_num_270218,6,Uneven,Uneven,MT,MT,none,none,False,False,REVIEW
MT::exp1_num_270128,MT::exp6_num_270255,4,Uneven,Uneven,MT,MT,none,none,False,False,CRITICAL
MT::exp2_num_270153,MT::exp3_num_270169,6,Uneven,Uneven,MT,MT,none,none,False,False,REVIEW
MT::exp2_num_270153,MT::exp4_num_270184,6,Uneven,Uneven,MT,MT,none,none,False,False,REVIEW
MT::exp2_num_270153,MT::exp5_num_270218,8,Uneven,Uneven,MT,MT,none,none,False,False,REVIEW
MT::exp2_num_270153,MT::exp6_num_270255,6,Uneven,Uneven,MT,MT,none,none,False,False,REVIEW
MT::exp3_num_270169,MT::exp4_num_270184,0,Uneven,Uneven,MT,MT,none,none,False,False,CRITICAL
MT::exp3_num_270169,MT::exp5_num_270218,4,Uneven,Uneven,MT,MT,none,none,False,False,CRITICAL
MT::exp3_num_270169,MT::exp6_num_270255,8,Uneven,Uneven,MT,MT,none,none,False,False,REVIEW
MT::exp4_num_270184,MT::exp5_num_270218,4,Uneven,Uneven,MT,MT,none,none,False,False,CRITICAL
MT::exp4_num_270184,MT::exp6_num_270255,8,Uneven,Uneven,MT,MT,none,none,False,False,REVIEW
MT::exp5_num_270218,MT::exp6_num_270255,4,Uneven,Uneven,MT,MT,none,none,False,False,CRITICAL
MT::exp1_num_270550,MT::exp5_num_270623,10,Free,Free,MT,MT,none,none,False,False,REVIEW
MT::exp1_num_271361,MT::exp2_num_271384,0,Break,Break,MT,MT,none,none,False,False,CRITICAL
MT::exp1_num_271361,MT::exp3_num_271400,6,Break,Break,MT,MT,none,none,False,False,REVIEW
MT::exp1_num_271361,MT::exp4_num_271416,4,Break,Break,MT,MT,none,none,False,False,CRITICAL
MT::exp1_num_271361,MT::exp5_num_271434,4,Break,Break,MT,MT,none,none,False,False,CRITICAL
MT::exp1_num_271361,MT::exp6_num_271512,6,Break,Break,MT,MT,none,none,False,False,REVIEW
MT::exp2_num_271384,MT::exp3_num_271400,6,Break,Break,MT,MT,none,none,False,False,REVIEW
MT::exp2_num_271384,MT::exp4_num_271416,4,Break,Break,MT,MT,none,none,False,False,CRITICAL
MT::exp2_num_271384,MT::exp5_num_271434,4,Break,Break,MT,MT,none,none,False,False,CRITICAL
MT::exp2_num_271384,MT::exp6_num_271512,6,Break,Break,MT,MT,none,none,False,False,REVIEW
MT::exp3_num_245792,MT::exp4_num_245804,6,Free,Free,MT,MT,none,none,False,False,REVIEW
MT::exp3_num_245792,MT::exp6_num_245834,8,Free,Free,MT,MT,none,none,False,False,REVIEW
MT::exp3_num_271400,MT::exp4_num_271416,8,Break,Break,MT,MT,none,none,False,False,REVIEW
MT::exp3_num_271400,MT::exp5_num_271434,2,Break,Break,MT,MT,none,none,False,False,CRITICAL
MT::exp3_num_271400,MT::exp6_num_271512,8,Break,Break,MT,MT,none,none,False,False,REVIEW
MT::exp3_num_306457,MT::exp5_num_306480,2,Free,Free,MT,MT,none,none,False,False,CRITICAL
MT::exp3_num_306457,MT::exp6_num_306496,4,Free,Free,MT,MT,none,none,False,False,CRITICAL
MT::exp4_num_245804,MT::exp6_num_245834,6,Free,Free,MT,MT,none,none,False,False,REVIEW
MT::exp4_num_271416,MT::exp5_num_271434,6,Break,Break,MT,MT,none,none,False,False,REVIEW
MT::exp4_num_271416,MT::exp6_num_271512,4,Break,Break,MT,MT,none,none,False,False,CRITICAL
MT::exp5_num_271434,MT::exp6_num_271512,6,Break,Break,MT,MT,none,none,False,False,REVIEW
MT::exp5_num_306480,MT::exp6_num_306496,4,Free,Free,MT,MT,none,none,False,False,CRITICAL
MT::exp1_num_311809,MT::exp2_num_311834,4,Uneven,Uneven,MT,MT,none,none,False,False,CRITICAL
MT::exp1_num_311809,MT::exp3_num_311847,6,Uneven,Uneven,MT,MT,none,none,False,False,REVIEW
MT::exp1_num_311809,MT::exp4_num_311863,8,Uneven,Uneven,MT,MT,none,none,False,False,REVIEW
MT::exp2_num_311834,MT::exp3_num_311847,6,Uneven,Uneven,MT,MT,none,none,False,False,REVIEW
MT::exp2_num_311834,MT::exp4_num_311863,6,Uneven,Uneven,MT,MT,none,none,False,False,REVIEW
MT::exp3_num_311847,MT::exp4_num_311863,2,Uneven,Uneven,MT,MT,none,none,False,False,CRITICAL
MT::exp4_num_275709,MT::exp6_num_275757,8,Free,Free,MT,MT,none,none,False,False,REVIEW
MT::exp1_num_276355,MT::exp2_num_276373,8,Crack,Break,MT,MT,none,none,True,False,CRITICAL
MT::exp1_num_276355,MT::exp4_num_276401,10,Crack,Break,MT,MT,none,none,True,False,CRITICAL
MT::exp1_num_342140,MT::exp3_num_342176,2,Crack,Crack,MT,MT,none,none,False,False,CRITICAL
MT::exp1_num_342140,MT::exp4_num_342190,6,Crack,Crack,MT,MT,none,none,False,False,REVIEW
MT::exp1_num_342140,MT::exp5_num_342212,8,Crack,Crack,MT,MT,none,none,False,False,REVIEW
MT::exp2_num_276373,MT::exp4_num_276401,2,Break,Break,MT,MT,none,none,False,False,CRITICAL
MT::exp2_num_9496,MT::exp3_num_9508,4,Blowhole,Blowhole,MT,MT,none,none,False,False,CRITICAL
MT::exp3_num_342176,MT::exp4_num_342190,6,Crack,Crack,MT,MT,none,none,False,False,REVIEW
MT::exp3_num_342176,MT::exp5_num_342212,10,Crack,Crack,MT,MT,none,none,False,False,REVIEW
MT::exp4_num_342190,MT::exp5_num_342212,10,Crack,Crack,MT,MT,none,none,False,False,REVIEW
MT::exp1_num_276985,MT::exp5_num_277059,0,Free,Free,MT,MT,none,none,False,False,CRITICAL
MT::exp1_num_278570,MT::exp4_num_278605,8,Free,Free,MT,MT,none,none,False,False,REVIEW
MT::exp1_num_278570,MT::exp5_num_278628,4,Free,Free,MT,MT,none,none,False,False,CRITICAL
MT::exp3_num_292124,MT::exp5_num_292160,0,Free,Free,MT,MT,none,none,False,False,CRITICAL
MT::exp4_num_278605,MT::exp5_num_278628,8,Free,Free,MT,MT,none,none,False,False,REVIEW
MT::exp1_num_280205,MT::exp2_num_280233,6,Free,Free,MT,MT,none,none,False,False,REVIEW
MT::exp1_num_280205,MT::exp4_num_280258,4,Free,Free,MT,MT,none,none,False,False,CRITICAL
MT::exp1_num_280205,MT::exp6_num_280303,4,Free,Free,MT,MT,none,none,False,False,CRITICAL
MT::exp2_num_280233,MT::exp4_num_280258,4,Free,Free,MT,MT,none,none,False,False,CRITICAL
MT::exp2_num_280233,MT::exp6_num_280303,4,Free,Free,MT,MT,none,none,False,False,CRITICAL
MT::exp4_num_280258,MT::exp6_num_280303,2,Free,Free,MT,MT,none,none,False,False,CRITICAL
MT::exp1_num_280939,MT::exp4_num_280989,8,Free,Free,MT,MT,none,none,False,False,REVIEW
MT::exp1_num_280939,MT::exp6_num_281048,4,Free,Free,MT,MT,none,none,False,False,CRITICAL
MT::exp4_num_280989,MT::exp6_num_281048,8,Free,Free,MT,MT,none,none,False,False,REVIEW
MT::exp1_num_284841,MT::exp3_num_284875,0,Free,Free,MT,MT,none,none,False,False,CRITICAL
MT::exp1_num_284841,MT::exp6_num_284942,2,Free,Free,MT,MT,none,none,False,False,CRITICAL
MT::exp1_num_313835,MT::exp2_num_106169,6,Free,Free,MT,MT,none,none,False,False,REVIEW
MT::exp1_num_313835,MT::exp3_num_106186,8,Free,Free,MT,MT,none,none,False,False,REVIEW
MT::exp1_num_313835,MT::exp3_num_313866,2,Free,Free,MT,MT,none,none,False,False,CRITICAL
MT::exp1_num_313835,MT::exp4_num_313877,2,Free,Free,MT,MT,none,none,False,False,CRITICAL
MT::exp1_num_313835,MT::exp6_num_258043,10,Free,Free,MT,MT,none,none,False,False,REVIEW
MT::exp2_num_106169,MT::exp3_num_106186,4,Free,Free,MT,MT,none,none,False,False,CRITICAL
MT::exp2_num_106169,MT::exp3_num_313866,6,Free,Free,MT,MT,none,none,False,False,REVIEW
MT::exp2_num_106169,MT::exp4_num_313877,6,Free,Free,MT,MT,none,none,False,False,REVIEW
MT::exp3_num_106186,MT::exp3_num_313866,8,Free,Free,MT,MT,none,none,False,False,REVIEW
MT::exp3_num_106186,MT::exp4_num_313877,8,Free,Free,MT,MT,none,none,False,False,REVIEW
MT::exp3_num_284875,MT::exp6_num_284942,2,Free,Free,MT,MT,none,none,False,False,CRITICAL
MT::exp3_num_313866,MT::exp4_num_313877,0,Free,Free,MT,MT,none,none,False,False,CRITICAL
MT::exp4_num_257938,MT::exp5_num_257962,2,Free,Free,MT,MT,none,none,False,False,CRITICAL
MT::exp4_num_257938,MT::exp6_num_258043,2,Free,Free,MT,MT,none,none,False,False,CRITICAL
MT::exp5_num_257962,MT::exp6_num_258043,2,Free,Free,MT,MT,none,none,False,False,CRITICAL
MT::exp1_num_284482,MT::exp2_num_284506,2,Break,Break,MT,MT,none,none,False,False,CRITICAL
MT::exp1_num_284482,MT::exp4_num_284532,2,Break,Break,MT,MT,none,none,False,False,CRITICAL
MT::exp1_num_284482,MT::exp5_num_284552,0,Break,Break,MT,MT,none,none,False,False,CRITICAL
MT::exp1_num_284482,MT::exp6_num_284593,2,Break,Break,MT,MT,none,none,False,False,CRITICAL
MT::exp2_num_284506,MT::exp4_num_284532,4,Break,Break,MT,MT,none,none,False,False,CRITICAL
MT::exp2_num_284506,MT::exp5_num_284552,2,Break,Break,MT,MT,none,none,False,False,CRITICAL
MT::exp2_num_284506,MT::exp6_num_284593,4,Break,Break,MT,MT,none,none,False,False,CRITICAL
MT::exp4_num_284532,MT::exp5_num_284552,2,Break,Break,MT,MT,none,none,False,False,CRITICAL
MT::exp4_num_284532,MT::exp6_num_284593,2,Break,Break,MT,MT,none,none,False,False,CRITICAL
MT::exp5_num_284552,MT::exp6_num_284593,2,Break,Break,MT,MT,none,none,False,False,CRITICAL
MT::exp1_num_289590,MT::exp6_num_289705,4,Free,Free,MT,MT,none,none,False,False,CRITICAL
MT::exp1_num_290047,MT::exp5_num_290107,6,Free,Free,MT,MT,none,none,False,False,REVIEW
MT::exp1_num_290998,MT::exp2_num_291023,2,Blowhole,Blowhole,MT,MT,none,none,False,False,CRITICAL
MT::exp1_num_290998,MT::exp3_num_291038,6,Blowhole,Blowhole,MT,MT,none,none,False,False,REVIEW
MT::exp1_num_290998,MT::exp5_num_291077,4,Blowhole,Blowhole,MT,MT,none,none,False,False,CRITICAL
MT::exp2_num_291023,MT::exp3_num_291038,4,Blowhole,Blowhole,MT,MT,none,none,False,False,CRITICAL
MT::exp2_num_291023,MT::exp5_num_291077,2,Blowhole,Blowhole,MT,MT,none,none,False,False,CRITICAL
MT::exp3_num_291038,MT::exp5_num_291077,4,Blowhole,Blowhole,MT,MT,none,none,False,False,CRITICAL
MT::exp1_num_293254,MT::exp3_num_293289,6,Free,Free,MT,MT,none,none,False,False,REVIEW
MT::exp1_num_293254,MT::exp4_num_293302,4,Free,Free,MT,MT,none,none,False,False,CRITICAL
MT::exp1_num_349824,MT::exp3_num_349856,2,Free,Free,MT,MT,none,none,False,False,CRITICAL
MT::exp1_num_349824,MT::exp4_num_349868,0,Free,Free,MT,MT,none,none,False,False,CRITICAL
MT::exp1_num_349824,MT::exp6_num_349930,4,Free,Free,MT,MT,none,none,False,False,CRITICAL
MT::exp3_num_293289,MT::exp4_num_293302,2,Free,Free,MT,MT,none,none,False,False,CRITICAL
MT::exp3_num_349856,MT::exp4_num_349868,2,Free,Free,MT,MT,none,none,False,False,CRITICAL
MT::exp3_num_349856,MT::exp6_num_349930,2,Free,Free,MT,MT,none,none,False,False,CRITICAL
MT::exp4_num_349868,MT::exp6_num_349930,4,Free,Free,MT,MT,none,none,False,False,CRITICAL
MT::exp1_num_29469,MT::exp3_num_29508,4,Free,Free,MT,MT,none,none,False,False,CRITICAL
MT::exp1_num_297276,MT::exp2_num_297298,0,Free,Free,MT,MT,none,none,False,False,CRITICAL
MT::exp1_num_297276,MT::exp3_num_297311,2,Free,Free,MT,MT,none,none,False,False,CRITICAL
MT::exp1_num_297276,MT::exp4_num_297324,4,Free,Free,MT,MT,none,none,False,False,CRITICAL
MT::exp1_num_297276,MT::exp6_num_297388,4,Free,Free,MT,MT,none,none,False,False,CRITICAL
MT::exp2_num_297298,MT::exp3_num_297311,2,Free,Free,MT,MT,none,none,False,False,CRITICAL
MT::exp2_num_297298,MT::exp4_num_297324,4,Free,Free,MT,MT,none,none,False,False,CRITICAL
MT::exp2_num_297298,MT::exp6_num_297388,4,Free,Free,MT,MT,none,none,False,False,CRITICAL
MT::exp3_num_297311,MT::exp4_num_297324,6,Free,Free,MT,MT,none,none,False,False,REVIEW
MT::exp3_num_297311,MT::exp6_num_297388,6,Free,Free,MT,MT,none,none,False,False,REVIEW
MT::exp4_num_297324,MT::exp6_num_297388,0,Free,Free,MT,MT,none,none,False,False,CRITICAL
MT::exp1_num_297464,MT::exp2_num_297490,8,Blowhole,Blowhole,MT,MT,none,none,False,False,REVIEW
MT::exp1_num_297464,MT::exp3_num_297506,8,Blowhole,Blowhole,MT,MT,none,none,False,False,REVIEW
MT::exp2_num_297490,MT::exp3_num_297506,2,Blowhole,Blowhole,MT,MT,none,none,False,False,CRITICAL
MT::exp1_num_299713,MT::exp3_num_299758,6,Free,Free,MT,MT,none,none,False,False,REVIEW
MT::exp1_num_301474,MT::exp6_num_301599,6,Free,Free,MT,MT,none,none,False,False,REVIEW
MT::exp1_num_306425,MT::exp2_num_306443,10,Free,Free,MT,MT,none,none,False,False,REVIEW
MT::exp1_num_306425,MT::exp4_num_306469,6,Free,Free,MT,MT,none,none,False,False,REVIEW
MT::exp2_num_306443,MT::exp4_num_306469,4,Free,Free,MT,MT,none,none,False,False,CRITICAL
MT::exp1_num_308015,MT::exp3_num_308061,6,Blowhole,Blowhole,MT,MT,none,none,False,False,REVIEW
MT::exp1_num_308015,MT::exp5_num_308098,2,Blowhole,Blowhole,MT,MT,none,none,False,False,CRITICAL
MT::exp1_num_308015,MT::exp6_num_308130,0,Blowhole,Blowhole,MT,MT,none,none,False,False,CRITICAL
MT::exp3_num_308061,MT::exp5_num_308098,6,Blowhole,Blowhole,MT,MT,none,none,False,False,REVIEW
MT::exp3_num_308061,MT::exp6_num_308130,6,Blowhole,Blowhole,MT,MT,none,none,False,False,REVIEW
MT::exp5_num_308098,MT::exp6_num_308130,2,Blowhole,Blowhole,MT,MT,none,none,False,False,CRITICAL
MT::exp1_num_31106,MT::exp5_num_31166,6,Free,Free,MT,MT,none,none,False,False,REVIEW
MT::exp1_num_31106,MT::exp6_num_31184,8,Free,Free,MT,MT,none,none,False,False,REVIEW
MT::exp5_num_31166,MT::exp6_num_31184,4,Free,Free,MT,MT,none,none,False,False,CRITICAL
MT::exp1_num_313478,MT::exp2_num_313494,6,Uneven,Uneven,MT,MT,none,none,False,False,REVIEW
MT::exp1_num_313478,MT::exp3_num_313507,6,Uneven,Uneven,MT,MT,none,none,False,False,REVIEW
MT::exp1_num_313478,MT::exp4_num_313519,6,Uneven,Uneven,MT,MT,none,none,False,False,REVIEW
MT::exp1_num_313478,MT::exp6_num_313568,10,Uneven,Uneven,MT,MT,none,none,False,False,REVIEW
MT::exp2_num_313494,MT::exp3_num_313507,4,Uneven,Uneven,MT,MT,none,none,False,False,CRITICAL
MT::exp2_num_313494,MT::exp4_num_313519,0,Uneven,Uneven,MT,MT,none,none,False,False,CRITICAL
MT::exp2_num_313494,MT::exp6_num_313568,8,Uneven,Uneven,MT,MT,none,none,False,False,REVIEW
MT::exp3_num_313507,MT::exp4_num_313519,4,Uneven,Uneven,MT,MT,none,none,False,False,CRITICAL
MT::exp3_num_313507,MT::exp6_num_313568,6,Uneven,Uneven,MT,MT,none,none,False,False,REVIEW
MT::exp4_num_313519,MT::exp6_num_313568,8,Uneven,Uneven,MT,MT,none,none,False,False,REVIEW
MT::exp1_num_316333,MT::exp2_num_316344,6,Free,Free,MT,MT,none,none,False,False,REVIEW
MT::exp1_num_316333,MT::exp3_num_316354,6,Free,Free,MT,MT,none,none,False,False,REVIEW
MT::exp1_num_316333,MT::exp4_num_316364,10,Free,Free,MT,MT,none,none,False,False,REVIEW
MT::exp1_num_316333,MT::exp5_num_316375,4,Free,Free,MT,MT,none,none,False,False,CRITICAL
MT::exp1_num_316333,MT::exp6_num_316396,6,Free,Free,MT,MT,none,none,False,False,REVIEW
MT::exp2_num_316344,MT::exp3_num_316354,6,Free,Free,MT,MT,none,none,False,False,REVIEW
MT::exp2_num_316344,MT::exp4_num_316364,10,Free,Free,MT,MT,none,none,False,False,REVIEW
MT::exp2_num_316344,MT::exp5_num_316375,4,Free,Free,MT,MT,none,none,False,False,CRITICAL
MT::exp2_num_316344,MT::exp6_num_316396,4,Free,Free,MT,MT,none,none,False,False,CRITICAL
MT::exp3_num_316354,MT::exp4_num_316364,6,Free,Free,MT,MT,none,none,False,False,REVIEW
MT::exp3_num_316354,MT::exp5_num_316375,2,Free,Free,MT,MT,none,none,False,False,CRITICAL
MT::exp3_num_316354,MT::exp6_num_316396,4,Free,Free,MT,MT,none,none,False,False,CRITICAL
MT::exp4_num_316364,MT::exp5_num_316375,6,Free,Free,MT,MT,none,none,False,False,REVIEW
MT::exp4_num_316364,MT::exp6_num_316396,8,Free,Free,MT,MT,none,none,False,False,REVIEW
MT::exp5_num_316375,MT::exp6_num_316396,4,Free,Free,MT,MT,none,none,False,False,CRITICAL
MT::exp1_num_317560,MT::exp6_num_317640,8,Free,Free,MT,MT,none,none,False,False,REVIEW
MT::exp2_num_301499,MT::exp4_num_301523,6,Free,Free,MT,MT,none,none,False,False,REVIEW
MT::exp1_num_3191,MT::exp3_num_3223,0,Crack,Crack,MT,MT,none,none,False,False,CRITICAL
MT::exp1_num_3191,MT::exp4_num_7036,10,Crack,Blowhole,MT,MT,none,none,True,False,CRITICAL
MT::exp3_num_3223,MT::exp4_num_7036,10,Crack,Blowhole,MT,MT,none,none,True,False,CRITICAL
MT::exp1_num_319321,MT::exp2_num_319334,6,Free,Free,MT,MT,none,none,False,False,REVIEW
MT::exp1_num_319321,MT::exp3_num_319346,2,Free,Free,MT,MT,none,none,False,False,CRITICAL
MT::exp1_num_319321,MT::exp4_num_319357,4,Free,Free,MT,MT,none,none,False,False,CRITICAL
MT::exp1_num_319321,MT::exp6_num_319398,2,Free,Free,MT,MT,none,none,False,False,CRITICAL
MT::exp2_num_319334,MT::exp3_num_319346,4,Free,Free,MT,MT,none,none,False,False,CRITICAL
MT::exp2_num_319334,MT::exp4_num_319357,6,Free,Free,MT,MT,none,none,False,False,REVIEW
MT::exp2_num_319334,MT::exp6_num_319398,4,Free,Free,MT,MT,none,none,False,False,CRITICAL
MT::exp3_num_317588,MT::exp5_num_317612,4,Free,Free,MT,MT,none,none,False,False,CRITICAL
MT::exp3_num_319346,MT::exp4_num_319357,6,Free,Free,MT,MT,none,none,False,False,REVIEW
MT::exp3_num_319346,MT::exp6_num_319398,2,Free,Free,MT,MT,none,none,False,False,CRITICAL
MT::exp4_num_319357,MT::exp6_num_319398,4,Free,Free,MT,MT,none,none,False,False,CRITICAL
MT::exp1_num_319680,MT::exp6_num_358179,8,Free,Free,MT,MT,none,none,False,False,REVIEW
MT::exp1_num_358102,MT::exp2_num_3211,8,Free,Crack,MT,MT,none,none,True,False,CRITICAL
MT::exp1_num_358102,MT::exp3_num_358127,2,Free,Free,MT,MT,none,none,False,False,CRITICAL
MT::exp1_num_358102,MT::exp4_num_358138,0,Free,Free,MT,MT,none,none,False,False,CRITICAL
MT::exp1_num_358102,MT::exp6_num_358179,6,Free,Free,MT,MT,none,none,False,False,REVIEW
MT::exp2_num_3211,MT::exp3_num_358127,8,Crack,Free,MT,MT,none,none,True,False,CRITICAL
MT::exp2_num_3211,MT::exp4_num_358138,8,Crack,Free,MT,MT,none,none,True,False,CRITICAL
MT::exp2_num_3211,MT::exp6_num_358179,8,Crack,Free,MT,MT,none,none,True,False,CRITICAL
MT::exp3_num_358127,MT::exp4_num_358138,2,Free,Free,MT,MT,none,none,False,False,CRITICAL
MT::exp3_num_358127,MT::exp6_num_358179,4,Free,Free,MT,MT,none,none,False,False,CRITICAL
MT::exp4_num_358138,MT::exp6_num_358179,6,Free,Free,MT,MT,none,none,False,False,REVIEW
MT::exp1_num_320441,MT::exp2_num_320463,4,Free,Free,MT,MT,none,none,False,False,CRITICAL
MT::exp1_num_320441,MT::exp3_num_320486,2,Free,Free,MT,MT,none,none,False,False,CRITICAL
MT::exp1_num_320441,MT::exp4_num_320501,6,Free,Free,MT,MT,none,none,False,False,REVIEW
MT::exp1_num_320441,MT::exp5_num_320520,4,Free,Free,MT,MT,none,none,False,False,CRITICAL
MT::exp1_num_320441,MT::exp6_num_320546,4,Free,Free,MT,MT,none,none,False,False,CRITICAL
MT::exp2_num_320463,MT::exp3_num_320486,2,Free,Free,MT,MT,none,none,False,False,CRITICAL
MT::exp2_num_320463,MT::exp4_num_320501,8,Free,Free,MT,MT,none,none,False,False,REVIEW
MT::exp2_num_320463,MT::exp5_num_320520,2,Free,Free,MT,MT,none,none,False,False,CRITICAL
MT::exp2_num_320463,MT::exp6_num_320546,4,Free,Free,MT,MT,none,none,False,False,CRITICAL
MT::exp3_num_320486,MT::exp4_num_320501,8,Free,Free,MT,MT,none,none,False,False,REVIEW
MT::exp3_num_320486,MT::exp5_num_320520,2,Free,Free,MT,MT,none,none,False,False,CRITICAL
MT::exp3_num_320486,MT::exp6_num_320546,4,Free,Free,MT,MT,none,none,False,False,CRITICAL
MT::exp4_num_320501,MT::exp5_num_320520,10,Free,Free,MT,MT,none,none,False,False,REVIEW
MT::exp4_num_320501,MT::exp6_num_320546,8,Free,Free,MT,MT,none,none,False,False,REVIEW
MT::exp5_num_320520,MT::exp6_num_320546,4,Free,Free,MT,MT,none,none,False,False,CRITICAL
MT::exp1_num_322605,MT::exp6_num_322697,4,Blowhole,Blowhole,MT,MT,none,none,False,False,CRITICAL
MT::exp1_num_326586,MT::exp2_num_326603,6,Free,Free,MT,MT,none,none,False,False,REVIEW
MT::exp1_num_326586,MT::exp4_num_326627,4,Free,Free,MT,MT,none,none,False,False,CRITICAL
MT::exp1_num_326586,MT::exp5_num_326642,2,Free,Free,MT,MT,none,none,False,False,CRITICAL
MT::exp2_num_114403,MT::exp3_num_114419,8,Free,Free,MT,MT,none,none,False,False,REVIEW
MT::exp2_num_114403,MT::exp5_num_114453,4,Free,Free,MT,MT,none,none,False,False,CRITICAL
MT::exp2_num_326603,MT::exp4_num_326627,8,Free,Free,MT,MT,none,none,False,False,REVIEW
MT::exp2_num_326603,MT::exp5_num_326642,6,Free,Free,MT,MT,none,none,False,False,REVIEW
MT::exp3_num_114419,MT::exp5_num_114453,10,Free,Free,MT,MT,none,none,False,False,REVIEW
MT::exp3_num_326615,MT::exp6_num_326679,6,Free,Free,MT,MT,none,none,False,False,REVIEW
MT::exp4_num_326627,MT::exp5_num_326642,4,Free,Free,MT,MT,none,none,False,False,CRITICAL
MT::exp1_num_327970,MT::exp2_num_327997,0,Blowhole,Blowhole,MT,MT,none,none,False,False,CRITICAL
MT::exp1_num_327970,MT::exp3_num_328014,2,Blowhole,Blowhole,MT,MT,none,none,False,False,CRITICAL
MT::exp1_num_327970,MT::exp4_num_328029,2,Blowhole,Blowhole,MT,MT,none,none,False,False,CRITICAL
MT::exp1_num_327970,MT::exp5_num_328057,2,Blowhole,Blowhole,MT,MT,none,none,False,False,CRITICAL
MT::exp2_num_327997,MT::exp3_num_328014,2,Blowhole,Blowhole,MT,MT,none,none,False,False,CRITICAL
MT::exp2_num_327997,MT::exp4_num_328029,2,Blowhole,Blowhole,MT,MT,none,none,False,False,CRITICAL
MT::exp2_num_327997,MT::exp5_num_328057,2,Blowhole,Blowhole,MT,MT,none,none,False,False,CRITICAL
MT::exp3_num_328014,MT::exp4_num_328029,0,Blowhole,Blowhole,MT,MT,none,none,False,False,CRITICAL
MT::exp3_num_328014,MT::exp5_num_328057,2,Blowhole,Blowhole,MT,MT,none,none,False,False,CRITICAL
MT::exp4_num_328029,MT::exp5_num_328057,2,Blowhole,Blowhole,MT,MT,none,none,False,False,CRITICAL
MT::exp1_num_33365,MT::exp2_num_33380,6,Uneven,Uneven,MT,MT,none,none,False,False,REVIEW
MT::exp1_num_33365,MT::exp3_num_33395,2,Uneven,Uneven,MT,MT,none,none,False,False,CRITICAL
MT::exp1_num_33365,MT::exp4_num_33407,2,Uneven,Uneven,MT,MT,none,none,False,False,CRITICAL
MT::exp1_num_33365,MT::exp5_num_33487,2,Uneven,Uneven,MT,MT,none,none,False,False,CRITICAL
MT::exp1_num_33365,MT::exp6_num_33541,4,Uneven,Uneven,MT,MT,none,none,False,False,CRITICAL
MT::exp2_num_118897,MT::exp3_num_118911,6,Free,Free,MT,MT,none,none,False,False,REVIEW
MT::exp2_num_118897,MT::exp5_num_118948,8,Free,Free,MT,MT,none,none,False,False,REVIEW
MT::exp2_num_118897,MT::exp6_num_118981,8,Free,Free,MT,MT,none,none,False,False,REVIEW
MT::exp2_num_33380,MT::exp3_num_33395,4,Uneven,Uneven,MT,MT,none,none,False,False,CRITICAL
MT::exp2_num_33380,MT::exp4_num_33407,6,Uneven,Uneven,MT,MT,none,none,False,False,REVIEW
MT::exp2_num_33380,MT::exp5_num_33487,6,Uneven,Uneven,MT,MT,none,none,False,False,REVIEW
MT::exp2_num_33380,MT::exp6_num_33541,4,Uneven,Uneven,MT,MT,none,none,False,False,CRITICAL
MT::exp3_num_118911,MT::exp5_num_118948,4,Free,Free,MT,MT,none,none,False,False,CRITICAL
MT::exp3_num_118911,MT::exp6_num_118981,4,Free,Free,MT,MT,none,none,False,False,CRITICAL
MT::exp3_num_33395,MT::exp4_num_33407,4,Uneven,Uneven,MT,MT,none,none,False,False,CRITICAL
MT::exp3_num_33395,MT::exp5_num_33487,4,Uneven,Uneven,MT,MT,none,none,False,False,CRITICAL
MT::exp3_num_33395,MT::exp6_num_33541,4,Uneven,Uneven,MT,MT,none,none,False,False,CRITICAL
MT::exp4_num_33407,MT::exp5_num_33487,2,Uneven,Uneven,MT,MT,none,none,False,False,CRITICAL
MT::exp4_num_33407,MT::exp6_num_33541,6,Uneven,Uneven,MT,MT,none,none,False,False,REVIEW
MT::exp5_num_118948,MT::exp6_num_118981,4,Free,Free,MT,MT,none,none,False,False,CRITICAL
MT::exp5_num_33487,MT::exp6_num_33541,4,Uneven,Uneven,MT,MT,none,none,False,False,CRITICAL
MT::exp1_num_337646,MT::exp2_num_337671,4,Free,Free,MT,MT,none,none,False,False,CRITICAL
MT::exp1_num_337646,MT::exp3_num_337688,4,Free,Free,MT,MT,none,none,False,False,CRITICAL
MT::exp1_num_337646,MT::exp4_num_337703,4,Free,Free,MT,MT,none,none,False,False,CRITICAL
MT::exp1_num_337646,MT::exp5_num_337720,2,Free,Free,MT,MT,none,none,False,False,CRITICAL
MT::exp1_num_337646,MT::exp6_num_337757,4,Free,Free,MT,MT,none,none,False,False,CRITICAL
MT::exp1_num_338856,MT::exp1_num_354377,10,Free,Free,MT,MT,none,none,False,False,REVIEW
MT::exp1_num_338856,MT::exp2_num_338872,4,Free,Free,MT,MT,none,none,False,False,CRITICAL
MT::exp1_num_338856,MT::exp2_num_354402,10,Free,Free,MT,MT,none,none,False,False,REVIEW
MT::exp1_num_338856,MT::exp3_num_338885,4,Free,Free,MT,MT,none,none,False,False,CRITICAL
MT::exp1_num_338856,MT::exp3_num_354417,10,Free,Free,MT,MT,none,none,False,False,REVIEW
MT::exp1_num_338856,MT::exp4_num_338897,2,Free,Free,MT,MT,none,none,False,False,CRITICAL
MT::exp1_num_338856,MT::exp5_num_338911,2,Free,Free,MT,MT,none,none,False,False,CRITICAL
MT::exp1_num_338856,MT::exp5_num_354439,10,Free,Free,MT,MT,none,none,False,False,REVIEW
MT::exp1_num_338856,MT::exp6_num_338952,4,Free,Free,MT,MT,none,none,False,False,CRITICAL
MT::exp1_num_338856,MT::exp6_num_354474,10,Free,Free,MT,MT,none,none,False,False,REVIEW
MT::exp1_num_351039,MT::exp2_num_349844,10,Free,Free,MT,MT,none,none,False,False,REVIEW
MT::exp1_num_351039,MT::exp2_num_351066,2,Free,Free,MT,MT,none,none,False,False,CRITICAL
MT::exp1_num_351039,MT::exp3_num_351078,2,Free,Free,MT,MT,none,none,False,False,CRITICAL
MT::exp1_num_351039,MT::exp5_num_349891,10,Free,Free,MT,MT,none,none,False,False,REVIEW
MT::exp1_num_351039,MT::exp6_num_351127,8,Free,Free,MT,MT,none,none,False,False,REVIEW
MT::exp1_num_354377,MT::exp2_num_349844,8,Free,Free,MT,MT,none,none,False,False,REVIEW
MT::exp1_num_354377,MT::exp2_num_354402,0,Free,Free,MT,MT,none,none,False,False,CRITICAL
MT::exp1_num_354377,MT::exp3_num_354417,0,Free,Free,MT,MT,none,none,False,False,CRITICAL
MT::exp1_num_354377,MT::exp4_num_306634,8,Free,Free,MT,MT,none,none,False,False,REVIEW
MT::exp1_num_354377,MT::exp4_num_338897,10,Free,Free,MT,MT,none,none,False,False,REVIEW
MT::exp1_num_354377,MT::exp5_num_306654,10,Free,Free,MT,MT,none,none,False,False,REVIEW
MT::exp1_num_354377,MT::exp5_num_338911,10,Free,Free,MT,MT,none,none,False,False,REVIEW
MT::exp1_num_354377,MT::exp5_num_349891,8,Free,Free,MT,MT,none,none,False,False,REVIEW
MT::exp1_num_354377,MT::exp5_num_354439,0,Free,Free,MT,MT,none,none,False,False,CRITICAL
MT::exp1_num_354377,MT::exp5_num_358149,10,Free,Free,MT,MT,none,none,False,False,REVIEW
MT::exp1_num_354377,MT::exp6_num_306696,8,Free,Free,MT,MT,none,none,False,False,REVIEW
MT::exp1_num_354377,MT::exp6_num_338952,10,Free,Free,MT,MT,none,none,False,False,REVIEW
MT::exp1_num_354377,MT::exp6_num_354474,2,Free,Free,MT,MT,none,none,False,False,CRITICAL
MT::exp2_num_116527,MT::exp3_num_116541,8,Crack,Crack,MT,MT,none,none,False,False,REVIEW
MT::exp2_num_116527,MT::exp4_num_116553,4,Crack,Crack,MT,MT,none,none,False,False,CRITICAL
MT::exp2_num_116527,MT::exp5_num_116575,8,Crack,Crack,MT,MT,none,none,False,False,REVIEW
MT::exp2_num_116527,MT::exp6_num_116623,10,Crack,Crack,MT,MT,none,none,False,False,REVIEW
MT::exp2_num_309366,MT::exp4_num_306634,10,Free,Free,MT,MT,none,none,False,False,REVIEW
MT::exp2_num_309366,MT::exp5_num_306654,8,Free,Free,MT,MT,none,none,False,False,REVIEW
MT::exp2_num_309366,MT::exp5_num_309407,2,Free,Free,MT,MT,none,none,False,False,CRITICAL
MT::exp2_num_309366,MT::exp6_num_306696,10,Free,Free,MT,MT,none,none,False,False,REVIEW
MT::exp2_num_309366,MT::exp6_num_309443,4,Free,Free,MT,MT,none,none,False,False,CRITICAL
MT::exp2_num_337671,MT::exp3_num_337688,0,Free,Free,MT,MT,none,none,False,False,CRITICAL
MT::exp2_num_337671,MT::exp4_num_337703,0,Free,Free,MT,MT,none,none,False,False,CRITICAL
MT::exp2_num_337671,MT::exp5_num_337720,4,Free,Free,MT,MT,none,none,False,False,CRITICAL
MT::exp2_num_337671,MT::exp6_num_337757,4,Free,Free,MT,MT,none,none,False,False,CRITICAL
MT::exp2_num_338872,MT::exp3_num_338885,4,Free,Free,MT,MT,none,none,False,False,CRITICAL
MT::exp2_num_338872,MT::exp4_num_338897,4,Free,Free,MT,MT,none,none,False,False,CRITICAL
MT::exp2_num_338872,MT::exp5_num_338911,2,Free,Free,MT,MT,none,none,False,False,CRITICAL
MT::exp2_num_338872,MT::exp6_num_338952,4,Free,Free,MT,MT,none,none,False,False,CRITICAL
MT::exp2_num_349844,MT::exp2_num_351066,10,Free,Free,MT,MT,none,none,False,False,REVIEW
MT::exp2_num_349844,MT::exp2_num_354402,8,Free,Free,MT,MT,none,none,False,False,REVIEW
MT::exp2_num_349844,MT::exp2_num_358116,10,Free,Free,MT,MT,none,none,False,False,REVIEW
MT::exp2_num_349844,MT::exp3_num_326938,10,Free,Free,MT,MT,none,none,False,False,REVIEW
MT::exp2_num_349844,MT::exp3_num_351078,10,Free,Free,MT,MT,none,none,False,False,REVIEW
MT::exp2_num_349844,MT::exp3_num_354417,8,Free,Free,MT,MT,none,none,False,False,REVIEW
MT::exp2_num_349844,MT::exp4_num_306634,10,Free,Free,MT,MT,none,none,False,False,REVIEW
MT::exp2_num_349844,MT::exp5_num_349891,0,Free,Free,MT,MT,none,none,False,False,CRITICAL
MT::exp2_num_349844,MT::exp5_num_354439,8,Free,Free,MT,MT,none,none,False,False,REVIEW
MT::exp2_num_349844,MT::exp5_num_358149,10,Free,Free,MT,MT,none,none,False,False,REVIEW
MT::exp2_num_349844,MT::exp6_num_306696,10,Free,Free,MT,MT,none,none,False,False,REVIEW
MT::exp2_num_349844,MT::exp6_num_354474,10,Free,Free,MT,MT,none,none,False,False,REVIEW
MT::exp2_num_351066,MT::exp3_num_351078,0,Free,Free,MT,MT,none,none,False,False,CRITICAL
MT::exp2_num_351066,MT::exp5_num_349891,10,Free,Free,MT,MT,none,none,False,False,REVIEW
MT::exp2_num_351066,MT::exp6_num_351127,8,Free,Free,MT,MT,none,none,False,False,REVIEW
MT::exp2_num_354402,MT::exp3_num_354417,0,Free,Free,MT,MT,none,none,False,False,CRITICAL
MT::exp2_num_354402,MT::exp4_num_306634,8,Free,Free,MT,MT,none,none,False,False,REVIEW
MT::exp2_num_354402,MT::exp4_num_338897,10,Free,Free,MT,MT,none,none,False,False,REVIEW
MT::exp2_num_354402,MT::exp5_num_306654,10,Free,Free,MT,MT,none,none,False,False,REVIEW
MT::exp2_num_354402,MT::exp5_num_338911,10,Free,Free,MT,MT,none,none,False,False,REVIEW
MT::exp2_num_354402,MT::exp5_num_349891,8,Free,Free,MT,MT,none,none,False,False,REVIEW
MT::exp2_num_354402,MT::exp5_num_354439,0,Free,Free,MT,MT,none,none,False,False,CRITICAL
MT::exp2_num_354402,MT::exp5_num_358149,10,Free,Free,MT,MT,none,none,False,False,REVIEW
MT::exp2_num_354402,MT::exp6_num_306696,8,Free,Free,MT,MT,none,none,False,False,REVIEW
MT::exp2_num_354402,MT::exp6_num_338952,10,Free,Free,MT,MT,none,none,False,False,REVIEW
MT::exp2_num_354402,MT::exp6_num_354474,2,Free,Free,MT,MT,none,none,False,False,CRITICAL
MT::exp2_num_358116,MT::exp3_num_326938,8,Free,Free,MT,MT,none,none,False,False,REVIEW
MT::exp2_num_358116,MT::exp5_num_349891,10,Free,Free,MT,MT,none,none,False,False,REVIEW
MT::exp2_num_358116,MT::exp5_num_358149,6,Free,Free,MT,MT,none,none,False,False,REVIEW
MT::exp3_num_116541,MT::exp4_num_116553,4,Crack,Crack,MT,MT,none,none,False,False,CRITICAL
MT::exp3_num_326938,MT::exp4_num_338897,10,Free,Free,MT,MT,none,none,False,False,REVIEW
MT::exp3_num_326938,MT::exp5_num_338911,10,Free,Free,MT,MT,none,none,False,False,REVIEW
MT::exp3_num_326938,MT::exp5_num_349891,10,Free,Free,MT,MT,none,none,False,False,REVIEW
MT::exp3_num_326938,MT::exp5_num_358149,8,Free,Free,MT,MT,none,none,False,False,REVIEW
MT::exp3_num_326938,MT::exp6_num_338952,10,Free,Free,MT,MT,none,none,False,False,REVIEW
MT::exp3_num_337688,MT::exp4_num_337703,0,Free,Free,MT,MT,none,none,False,False,CRITICAL
MT::exp3_num_337688,MT::exp5_num_337720,4,Free,Free,MT,MT,none,none,False,False,CRITICAL
MT::exp3_num_337688,MT::exp6_num_337757,4,Free,Free,MT,MT,none,none,False,False,CRITICAL
MT::exp3_num_338885,MT::exp4_num_338897,4,Free,Free,MT,MT,none,none,False,False,CRITICAL
MT::exp3_num_338885,MT::exp5_num_338911,6,Free,Free,MT,MT,none,none,False,False,REVIEW
MT::exp3_num_338885,MT::exp6_num_338952,4,Free,Free,MT,MT,none,none,False,False,CRITICAL
MT::exp3_num_351078,MT::exp5_num_349891,10,Free,Free,MT,MT,none,none,False,False,REVIEW
MT::exp3_num_351078,MT::exp6_num_351127,8,Free,Free,MT,MT,none,none,False,False,REVIEW
MT::exp3_num_354417,MT::exp4_num_306634,8,Free,Free,MT,MT,none,none,False,False,REVIEW
MT::exp3_num_354417,MT::exp4_num_338897,10,Free,Free,MT,MT,none,none,False,False,REVIEW
MT::exp3_num_354417,MT::exp5_num_306654,10,Free,Free,MT,MT,none,none,False,False,REVIEW
MT::exp3_num_354417,MT::exp5_num_338911,10,Free,Free,MT,MT,none,none,False,False,REVIEW
MT::exp3_num_354417,MT::exp5_num_349891,8,Free,Free,MT,MT,none,none,False,False,REVIEW
MT::exp3_num_354417,MT::exp5_num_354439,0,Free,Free,MT,MT,none,none,False,False,CRITICAL
MT::exp3_num_354417,MT::exp5_num_358149,10,Free,Free,MT,MT,none,none,False,False,REVIEW
MT::exp3_num_354417,MT::exp6_num_306696,8,Free,Free,MT,MT,none,none,False,False,REVIEW
MT::exp3_num_354417,MT::exp6_num_338952,10,Free,Free,MT,MT,none,none,False,False,REVIEW
MT::exp3_num_354417,MT::exp6_num_354474,2,Free,Free,MT,MT,none,none,False,False,CRITICAL
MT::exp4_num_306634,MT::exp5_num_279145,10,Free,Free,MT,MT,none,none,False,False,REVIEW
MT::exp4_num_306634,MT::exp5_num_306654,2,Free,Free,MT,MT,none,none,False,False,CRITICAL
MT::exp4_num_306634,MT::exp5_num_349891,10,Free,Free,MT,MT,none,none,False,False,REVIEW
MT::exp4_num_306634,MT::exp5_num_354439,8,Free,Free,MT,MT,none,none,False,False,REVIEW
MT::exp4_num_306634,MT::exp5_num_358149,10,Free,Free,MT,MT,none,none,False,False,REVIEW
MT::exp4_num_306634,MT::exp6_num_306696,0,Free,Free,MT,MT,none,none,False,False,CRITICAL
MT::exp4_num_306634,MT::exp6_num_309443,10,Free,Free,MT,MT,none,none,False,False,REVIEW
MT::exp4_num_306634,MT::exp6_num_354474,10,Free,Free,MT,MT,none,none,False,False,REVIEW
MT::exp4_num_337703,MT::exp5_num_337720,4,Free,Free,MT,MT,none,none,False,False,CRITICAL
MT::exp4_num_337703,MT::exp6_num_337757,4,Free,Free,MT,MT,none,none,False,False,CRITICAL
MT::exp4_num_338897,MT::exp5_num_338911,2,Free,Free,MT,MT,none,none,False,False,CRITICAL
MT::exp4_num_338897,MT::exp5_num_354439,10,Free,Free,MT,MT,none,none,False,False,REVIEW
MT::exp4_num_338897,MT::exp6_num_338952,2,Free,Free,MT,MT,none,none,False,False,CRITICAL
MT::exp4_num_338897,MT::exp6_num_354474,10,Free,Free,MT,MT,none,none,False,False,REVIEW
MT::exp5_num_116575,MT::exp6_num_116623,2,Crack,Crack,MT,MT,none,none,False,False,CRITICAL
MT::exp5_num_279145,MT::exp5_num_306654,8,Free,Free,MT,MT,none,none,False,False,REVIEW
MT::exp5_num_279145,MT::exp6_num_306696,10,Free,Free,MT,MT,none,none,False,False,REVIEW
MT::exp5_num_282932,MT::exp6_num_282965,4,Free,Free,MT,MT,none,none,False,False,CRITICAL
MT::exp5_num_306654,MT::exp5_num_309407,10,Free,Free,MT,MT,none,none,False,False,REVIEW
MT::exp5_num_306654,MT::exp5_num_354439,10,Free,Free,MT,MT,none,none,False,False,REVIEW
MT::exp5_num_306654,MT::exp6_num_306696,2,Free,Free,MT,MT,none,none,False,False,CRITICAL
MT::exp5_num_306654,MT::exp6_num_309443,8,Free,Free,MT,MT,none,none,False,False,REVIEW
MT::exp5_num_309407,MT::exp6_num_309443,4,Free,Free,MT,MT,none,none,False,False,CRITICAL
MT::exp5_num_337720,MT::exp6_num_337757,2,Free,Free,MT,MT,none,none,False,False,CRITICAL
MT::exp5_num_338911,MT::exp5_num_354439,10,Free,Free,MT,MT,none,none,False,False,REVIEW
MT::exp5_num_338911,MT::exp6_num_338952,2,Free,Free,MT,MT,none,none,False,False,CRITICAL
MT::exp5_num_338911,MT::exp6_num_354474,10,Free,Free,MT,MT,none,none,False,False,REVIEW
MT::exp5_num_349891,MT::exp5_num_354439,8,Free,Free,MT,MT,none,none,False,False,REVIEW
MT::exp5_num_349891,MT::exp5_num_358149,10,Free,Free,MT,MT,none,none,False,False,REVIEW
MT::exp5_num_349891,MT::exp6_num_306696,10,Free,Free,MT,MT,none,none,False,False,REVIEW
MT::exp5_num_349891,MT::exp6_num_354474,10,Free,Free,MT,MT,none,none,False,False,REVIEW
MT::exp5_num_354439,MT::exp5_num_358149,10,Free,Free,MT,MT,none,none,False,False,REVIEW
MT::exp5_num_354439,MT::exp6_num_306696,8,Free,Free,MT,MT,none,none,False,False,REVIEW
MT::exp5_num_354439,MT::exp6_num_338952,10,Free,Free,MT,MT,none,none,False,False,REVIEW
MT::exp5_num_354439,MT::exp6_num_354474,2,Free,Free,MT,MT,none,none,False,False,CRITICAL
MT::exp5_num_358149,MT::exp6_num_306696,10,Free,Free,MT,MT,none,none,False,False,REVIEW
MT::exp6_num_306696,MT::exp6_num_309443,10,Free,Free,MT,MT,none,none,False,False,REVIEW
MT::exp6_num_306696,MT::exp6_num_354474,10,Free,Free,MT,MT,none,none,False,False,REVIEW
MT::exp6_num_338952,MT::exp6_num_354474,10,Free,Free,MT,MT,none,none,False,False,REVIEW
MT::exp1_num_351427,MT::exp2_num_351450,4,Free,Free,MT,MT,none,none,False,False,CRITICAL
MT::exp1_num_351427,MT::exp3_num_351463,4,Free,Free,MT,MT,none,none,False,False,CRITICAL
MT::exp1_num_351427,MT::exp4_num_351474,4,Free,Free,MT,MT,none,none,False,False,CRITICAL
MT::exp1_num_359448,MT::exp2_num_359476,8,Free,Free,MT,MT,none,none,False,False,REVIEW
MT::exp1_num_359448,MT::exp3_num_359489,2,Free,Free,MT,MT,none,none,False,False,CRITICAL
MT::exp1_num_359448,MT::exp4_num_359501,2,Free,Free,MT,MT,none,none,False,False,CRITICAL
MT::exp1_num_359448,MT::exp5_num_359512,4,Free,Free,MT,MT,none,none,False,False,CRITICAL
MT::exp1_num_359448,MT::exp6_num_359542,2,Free,Free,MT,MT,none,none,False,False,CRITICAL
MT::exp1_num_6508,MT::exp2_num_6528,4,Free,Free,MT,MT,none,none,False,False,CRITICAL
MT::exp1_num_6508,MT::exp6_num_6600,10,Free,Free,MT,MT,none,none,False,False,REVIEW
MT::exp2_num_351450,MT::exp3_num_351463,2,Free,Free,MT,MT,none,none,False,False,CRITICAL
MT::exp2_num_351450,MT::exp4_num_351474,4,Free,Free,MT,MT,none,none,False,False,CRITICAL
MT::exp2_num_351450,MT::exp4_num_6552,10,Free,Free,MT,MT,none,none,False,False,REVIEW
MT::exp2_num_359476,MT::exp3_num_359489,6,Free,Free,MT,MT,none,none,False,False,REVIEW
MT::exp2_num_359476,MT::exp4_num_359501,8,Free,Free,MT,MT,none,none,False,False,REVIEW
MT::exp2_num_359476,MT::exp5_num_359512,6,Free,Free,MT,MT,none,none,False,False,REVIEW
MT::exp2_num_359476,MT::exp6_num_359542,8,Free,Free,MT,MT,none,none,False,False,REVIEW
MT::exp2_num_6528,MT::exp4_num_6552,8,Free,Free,MT,MT,none,none,False,False,REVIEW
MT::exp2_num_6528,MT::exp6_num_6600,8,Free,Free,MT,MT,none,none,False,False,REVIEW
MT::exp3_num_351463,MT::exp4_num_351474,4,Free,Free,MT,MT,none,none,False,False,CRITICAL
MT::exp3_num_359489,MT::exp4_num_359501,2,Free,Free,MT,MT,none,none,False,False,CRITICAL
MT::exp3_num_359489,MT::exp5_num_359512,2,Free,Free,MT,MT,none,none,False,False,CRITICAL
MT::exp3_num_359489,MT::exp6_num_359542,2,Free,Free,MT,MT,none,none,False,False,CRITICAL
MT::exp4_num_359501,MT::exp5_num_359512,2,Free,Free,MT,MT,none,none,False,False,CRITICAL
MT::exp4_num_359501,MT::exp6_num_359542,0,Free,Free,MT,MT,none,none,False,False,CRITICAL
MT::exp4_num_6552,MT::exp6_num_6600,6,Free,Free,MT,MT,none,none,False,False,REVIEW
MT::exp5_num_359512,MT::exp6_num_359542,2,Free,Free,MT,MT,none,none,False,False,CRITICAL
MT::exp1_num_344557,MT::exp2_num_344570,4,Free,Free,MT,MT,none,none,False,False,CRITICAL
MT::exp1_num_344557,MT::exp3_num_344580,4,Free,Free,MT,MT,none,none,False,False,CRITICAL
MT::exp1_num_344557,MT::exp4_num_344591,4,Free,Free,MT,MT,none,none,False,False,CRITICAL
MT::exp1_num_344557,MT::exp6_num_344641,2,Free,Free,MT,MT,none,none,False,False,CRITICAL
MT::exp1_num_348629,MT::exp2_num_348648,6,Break,Break,MT,MT,none,none,False,False,REVIEW
MT::exp2_num_342873,MT::exp5_num_342943,0,Free,Free,MT,MT,none,none,False,False,CRITICAL
MT::exp2_num_344570,MT::exp3_num_344580,4,Free,Free,MT,MT,none,none,False,False,CRITICAL
MT::exp2_num_344570,MT::exp4_num_344591,6,Free,Free,MT,MT,none,none,False,False,REVIEW
MT::exp2_num_344570,MT::exp6_num_344641,4,Free,Free,MT,MT,none,none,False,False,CRITICAL
MT::exp2_num_346332,MT::exp5_num_346381,8,Free,Blowhole,MT,MT,none,none,True,False,CRITICAL
MT::exp3_num_344580,MT::exp4_num_344591,8,Free,Free,MT,MT,none,none,False,False,REVIEW
MT::exp3_num_344580,MT::exp6_num_344641,6,Free,Free,MT,MT,none,none,False,False,REVIEW
MT::exp3_num_346347,MT::exp5_num_346381,6,Blowhole,Blowhole,MT,MT,none,none,False,False,REVIEW
MT::exp3_num_356756,MT::exp4_num_356767,4,Break,Break,MT,MT,none,none,False,False,CRITICAL
MT::exp3_num_356756,MT::exp6_num_356817,10,Break,Break,MT,MT,none,none,False,False,REVIEW
MT::exp4_num_344591,MT::exp6_num_344641,2,Free,Free,MT,MT,none,none,False,False,CRITICAL
MT::exp4_num_356767,MT::exp6_num_356817,6,Break,Break,MT,MT,none,none,False,False,REVIEW
MT::exp4_num_346361,MT::exp6_num_346414,4,Free,Blowhole,MT,MT,none,none,True,False,CRITICAL
MT::exp1_num_352479,MT::exp2_num_352504,6,Uneven,Uneven,MT,MT,none,none,False,False,REVIEW
MT::exp1_num_352479,MT::exp3_num_352516,8,Uneven,Uneven,MT,MT,none,none,False,False,REVIEW
MT::exp1_num_352479,MT::exp4_num_352527,0,Uneven,Uneven,MT,MT,none,none,False,False,CRITICAL
MT::exp1_num_352479,MT::exp5_num_352540,6,Uneven,Uneven,MT,MT,none,none,False,False,REVIEW
MT::exp1_num_352479,MT::exp6_num_352572,4,Uneven,Uneven,MT,MT,none,none,False,False,CRITICAL
MT::exp2_num_352504,MT::exp4_num_352527,6,Uneven,Uneven,MT,MT,none,none,False,False,REVIEW
MT::exp2_num_352504,MT::exp6_num_352572,4,Uneven,Uneven,MT,MT,none,none,False,False,CRITICAL
MT::exp3_num_352516,MT::exp4_num_352527,8,Uneven,Uneven,MT,MT,none,none,False,False,REVIEW
MT::exp3_num_352516,MT::exp5_num_352540,6,Uneven,Uneven,MT,MT,none,none,False,False,REVIEW
MT::exp3_num_352516,MT::exp6_num_352572,10,Uneven,Uneven,MT,MT,none,none,False,False,REVIEW
MT::exp4_num_352527,MT::exp5_num_352540,6,Uneven,Uneven,MT,MT,none,none,False,False,REVIEW
MT::exp4_num_352527,MT::exp6_num_352572,4,Uneven,Uneven,MT,MT,none,none,False,False,CRITICAL
MT::exp5_num_352540,MT::exp6_num_352572,10,Uneven,Uneven,MT,MT,none,none,False,False,REVIEW
MT::exp1_num_356718,MT::exp2_num_356745,4,Break,Break,MT,MT,none,none,False,False,CRITICAL
MT::exp1_num_356718,MT::exp5_num_356780,4,Break,Break,MT,MT,none,none,False,False,CRITICAL
MT::exp2_num_356745,MT::exp5_num_356780,2,Break,Break,MT,MT,none,none,False,False,CRITICAL
MT::exp4_num_106801,MT::exp6_num_106873,8,Free,Free,MT,MT,none,none,False,False,REVIEW
MT::exp1_num_36290,MT::exp4_num_36258,2,Blowhole,Blowhole,MT,MT,none,none,False,False,CRITICAL
MT::exp2_num_292109,MT::exp6_num_292199,4,Free,Free,MT,MT,none,none,False,False,CRITICAL
MT::exp1_num_37262,MT::exp3_num_37056,6,Free,Free,MT,MT,none,none,False,False,REVIEW
MT::exp1_num_37262,MT::exp3_num_37556,4,Free,Free,MT,MT,none,none,False,False,CRITICAL
MT::exp1_num_37262,MT::exp6_num_37098,4,Free,Free,MT,MT,none,none,False,False,CRITICAL
MT::exp3_num_37056,MT::exp3_num_37556,4,Free,Free,MT,MT,none,none,False,False,CRITICAL
MT::exp3_num_37056,MT::exp6_num_37098,4,Free,Free,MT,MT,none,none,False,False,CRITICAL
MT::exp3_num_37556,MT::exp6_num_37098,0,Free,Free,MT,MT,none,none,False,False,CRITICAL
MT::exp1_num_3786,MT::exp3_num_3828,4,Free,Free,MT,MT,none,none,False,False,CRITICAL
MT::exp2_num_172267,MT::exp5_num_172332,4,Uneven,Uneven,MT,MT,none,none,False,False,CRITICAL
MT::exp1_num_43817,MT::exp4_num_43865,4,Free,Free,MT,MT,none,none,False,False,CRITICAL
MT::exp1_num_51080,MT::exp2_num_51097,6,Free,Free,MT,MT,none,none,False,False,REVIEW
MT::exp1_num_51080,MT::exp3_num_51112,2,Free,Free,MT,MT,none,none,False,False,CRITICAL
MT::exp2_num_43841,MT::exp5_num_43878,8,Free,Free,MT,MT,none,none,False,False,REVIEW
MT::exp2_num_51097,MT::exp3_num_51112,6,Free,Free,MT,MT,none,none,False,False,REVIEW
MT::exp1_num_4727,MT::exp2_num_4748,4,Blowhole,Blowhole,MT,MT,none,none,False,False,CRITICAL
MT::exp1_num_4727,MT::exp3_num_4764,4,Blowhole,Blowhole,MT,MT,none,none,False,False,CRITICAL
MT::exp2_num_4748,MT::exp3_num_4764,0,Blowhole,Blowhole,MT,MT,none,none,False,False,CRITICAL
MT::exp1_num_53011,MT::exp1_num_65001,4,Free,Free,MT,MT,none,none,False,False,CRITICAL
MT::exp1_num_53011,MT::exp2_num_53025,2,Free,Free,MT,MT,none,none,False,False,CRITICAL
MT::exp1_num_53011,MT::exp2_num_65017,4,Free,Free,MT,MT,none,none,False,False,CRITICAL
MT::exp1_num_53011,MT::exp3_num_53038,2,Free,Free,MT,MT,none,none,False,False,CRITICAL
MT::exp1_num_53011,MT::exp4_num_53049,2,Free,Free,MT,MT,none,none,False,False,CRITICAL
MT::exp1_num_53011,MT::exp4_num_65043,4,Free,Free,MT,MT,none,none,False,False,CRITICAL
MT::exp1_num_53011,MT::exp5_num_53060,2,Free,Free,MT,MT,none,none,False,False,CRITICAL
MT::exp1_num_53011,MT::exp5_num_65054,4,Free,Free,MT,MT,none,none,False,False,CRITICAL
MT::exp1_num_53011,MT::exp6_num_53080,0,Free,Free,MT,MT,none,none,False,False,CRITICAL
MT::exp1_num_53011,MT::exp6_num_65067,4,Free,Free,MT,MT,none,none,False,False,CRITICAL
MT::exp1_num_65001,MT::exp2_num_53025,2,Free,Free,MT,MT,none,none,False,False,CRITICAL
MT::exp1_num_65001,MT::exp2_num_65017,2,Free,Free,MT,MT,none,none,False,False,CRITICAL
MT::exp1_num_65001,MT::exp3_num_53038,2,Free,Free,MT,MT,none,none,False,False,CRITICAL
MT::exp1_num_65001,MT::exp4_num_53049,2,Free,Free,MT,MT,none,none,False,False,CRITICAL
MT::exp1_num_65001,MT::exp4_num_65043,0,Free,Free,MT,MT,none,none,False,False,CRITICAL
MT::exp1_num_65001,MT::exp5_num_53060,2,Free,Free,MT,MT,none,none,False,False,CRITICAL
MT::exp1_num_65001,MT::exp5_num_65054,2,Free,Free,MT,MT,none,none,False,False,CRITICAL
MT::exp1_num_65001,MT::exp6_num_53080,4,Free,Free,MT,MT,none,none,False,False,CRITICAL
MT::exp1_num_65001,MT::exp6_num_65067,4,Free,Free,MT,MT,none,none,False,False,CRITICAL
MT::exp2_num_53025,MT::exp2_num_65017,2,Free,Free,MT,MT,none,none,False,False,CRITICAL
MT::exp2_num_53025,MT::exp3_num_53038,0,Free,Free,MT,MT,none,none,False,False,CRITICAL
MT::exp2_num_53025,MT::exp4_num_53049,0,Free,Free,MT,MT,none,none,False,False,CRITICAL
MT::exp2_num_53025,MT::exp4_num_65043,2,Free,Free,MT,MT,none,none,False,False,CRITICAL
MT::exp2_num_53025,MT::exp5_num_53060,0,Free,Free,MT,MT,none,none,False,False,CRITICAL
MT::exp2_num_53025,MT::exp5_num_65054,2,Free,Free,MT,MT,none,none,False,False,CRITICAL
MT::exp2_num_53025,MT::exp6_num_53080,2,Free,Free,MT,MT,none,none,False,False,CRITICAL
MT::exp2_num_53025,MT::exp6_num_65067,4,Free,Free,MT,MT,none,none,False,False,CRITICAL
MT::exp2_num_65017,MT::exp3_num_53038,2,Free,Free,MT,MT,none,none,False,False,CRITICAL
MT::exp2_num_65017,MT::exp4_num_53049,2,Free,Free,MT,MT,none,none,False,False,CRITICAL
MT::exp2_num_65017,MT::exp4_num_65043,2,Free,Free,MT,MT,none,none,False,False,CRITICAL
MT::exp2_num_65017,MT::exp5_num_53060,2,Free,Free,MT,MT,none,none,False,False,CRITICAL
MT::exp2_num_65017,MT::exp5_num_65054,2,Free,Free,MT,MT,none,none,False,False,CRITICAL
MT::exp2_num_65017,MT::exp6_num_53080,4,Free,Free,MT,MT,none,none,False,False,CRITICAL
MT::exp2_num_65017,MT::exp6_num_65067,2,Free,Free,MT,MT,none,none,False,False,CRITICAL
MT::exp3_num_53038,MT::exp4_num_53049,0,Free,Free,MT,MT,none,none,False,False,CRITICAL
MT::exp3_num_53038,MT::exp4_num_65043,2,Free,Free,MT,MT,none,none,False,False,CRITICAL
MT::exp3_num_53038,MT::exp5_num_53060,0,Free,Free,MT,MT,none,none,False,False,CRITICAL
MT::exp3_num_53038,MT::exp5_num_65054,2,Free,Free,MT,MT,none,none,False,False,CRITICAL
MT::exp3_num_53038,MT::exp6_num_53080,2,Free,Free,MT,MT,none,none,False,False,CRITICAL
MT::exp3_num_53038,MT::exp6_num_65067,4,Free,Free,MT,MT,none,none,False,False,CRITICAL
MT::exp4_num_261992,MT::exp5_num_262018,8,Free,Free,MT,MT,none,none,False,False,REVIEW
MT::exp4_num_261992,MT::exp6_num_262067,8,Free,Free,MT,MT,none,none,False,False,REVIEW
MT::exp4_num_53049,MT::exp4_num_65043,2,Free,Free,MT,MT,none,none,False,False,CRITICAL
MT::exp4_num_53049,MT::exp5_num_53060,0,Free,Free,MT,MT,none,none,False,False,CRITICAL
MT::exp4_num_53049,MT::exp5_num_65054,2,Free,Free,MT,MT,none,none,False,False,CRITICAL
MT::exp4_num_53049,MT::exp6_num_53080,2,Free,Free,MT,MT,none,none,False,False,CRITICAL
MT::exp4_num_53049,MT::exp6_num_65067,4,Free,Free,MT,MT,none,none,False,False,CRITICAL
MT::exp4_num_65043,MT::exp5_num_53060,2,Free,Free,MT,MT,none,none,False,False,CRITICAL
MT::exp4_num_65043,MT::exp5_num_65054,2,Free,Free,MT,MT,none,none,False,False,CRITICAL
MT::exp4_num_65043,MT::exp6_num_53080,4,Free,Free,MT,MT,none,none,False,False,CRITICAL
MT::exp4_num_65043,MT::exp6_num_65067,4,Free,Free,MT,MT,none,none,False,False,CRITICAL
MT::exp5_num_262018,MT::exp6_num_262067,6,Free,Free,MT,MT,none,none,False,False,REVIEW
MT::exp5_num_53060,MT::exp5_num_65054,2,Free,Free,MT,MT,none,none,False,False,CRITICAL
MT::exp5_num_53060,MT::exp6_num_53080,2,Free,Free,MT,MT,none,none,False,False,CRITICAL
MT::exp5_num_53060,MT::exp6_num_65067,4,Free,Free,MT,MT,none,none,False,False,CRITICAL
MT::exp5_num_65054,MT::exp6_num_53080,4,Free,Free,MT,MT,none,none,False,False,CRITICAL
MT::exp5_num_65054,MT::exp6_num_65067,4,Free,Free,MT,MT,none,none,False,False,CRITICAL
MT::exp6_num_53080,MT::exp6_num_65067,4,Free,Free,MT,MT,none,none,False,False,CRITICAL
MT::exp1_num_54107,MT::exp3_num_54145,6,Free,Free,MT,MT,none,none,False,False,REVIEW
MT::exp1_num_54107,MT::exp5_num_54191,8,Free,Free,MT,MT,none,none,False,False,REVIEW
MT::exp1_num_94899,MT::exp2_num_94922,0,Free,Free,MT,MT,none,none,False,False,CRITICAL
MT::exp1_num_94899,MT::exp3_num_94938,8,Free,Free,MT,MT,none,none,False,False,REVIEW
MT::exp1_num_94899,MT::exp4_num_94954,2,Free,Free,MT,MT,none,none,False,False,CRITICAL
MT::exp1_num_94899,MT::exp5_num_94986,10,Free,Free,MT,MT,none,none,False,False,REVIEW
MT::exp1_num_94899,MT::exp6_num_95059,6,Free,Free,MT,MT,none,none,False,False,REVIEW
MT::exp2_num_10410,MT::exp4_num_10642,4,Free,Free,MT,MT,none,none,False,False,CRITICAL
MT::exp2_num_10410,MT::exp5_num_8676,4,Free,Free,MT,MT,none,none,False,False,CRITICAL
MT::exp2_num_38004,MT::exp3_num_38023,6,Free,Free,MT,MT,none,none,False,False,REVIEW
MT::exp2_num_38004,MT::exp5_num_38064,2,Free,Free,MT,MT,none,none,False,False,CRITICAL
MT::exp2_num_38004,MT::exp6_num_38098,6,Free,Free,MT,MT,none,none,False,False,REVIEW
MT::exp2_num_94922,MT::exp3_num_94938,8,Free,Free,MT,MT,none,none,False,False,REVIEW
MT::exp2_num_94922,MT::exp4_num_94954,2,Free,Free,MT,MT,none,none,False,False,CRITICAL
MT::exp2_num_94922,MT::exp5_num_94986,10,Free,Free,MT,MT,none,none,False,False,REVIEW
MT::exp2_num_94922,MT::exp6_num_95059,6,Free,Free,MT,MT,none,none,False,False,REVIEW
MT::exp3_num_26146,MT::exp4_num_26163,4,Break,Break,MT,MT,none,none,False,False,CRITICAL
MT::exp3_num_38023,MT::exp5_num_38064,4,Free,Free,MT,MT,none,none,False,False,CRITICAL
MT::exp3_num_38023,MT::exp6_num_38098,4,Free,Free,MT,MT,none,none,False,False,CRITICAL
MT::exp3_num_54145,MT::exp4_num_54165,8,Free,Free,MT,MT,none,none,False,False,REVIEW
MT::exp3_num_54145,MT::exp5_num_54191,4,Free,Free,MT,MT,none,none,False,False,CRITICAL
MT::exp3_num_94938,MT::exp4_num_94954,8,Free,Free,MT,MT,none,none,False,False,REVIEW
MT::exp3_num_94938,MT::exp5_num_94986,2,Free,Free,MT,MT,none,none,False,False,CRITICAL
MT::exp3_num_94938,MT::exp6_num_95059,4,Free,Free,MT,MT,none,none,False,False,CRITICAL
MT::exp4_num_10642,MT::exp5_num_8676,0,Free,Free,MT,MT,none,none,False,False,CRITICAL
MT::exp4_num_54165,MT::exp5_num_54191,10,Free,Free,MT,MT,none,none,False,False,REVIEW
MT::exp4_num_94954,MT::exp5_num_94986,10,Free,Free,MT,MT,none,none,False,False,REVIEW
MT::exp4_num_94954,MT::exp6_num_95059,6,Free,Free,MT,MT,none,none,False,False,REVIEW
MT::exp5_num_38064,MT::exp6_num_38098,4,Free,Free,MT,MT,none,none,False,False,CRITICAL
MT::exp5_num_94986,MT::exp6_num_95059,6,Free,Free,MT,MT,none,none,False,False,REVIEW
MT::exp1_num_54246,MT::exp2_num_54273,4,Blowhole,Blowhole,MT,MT,none,none,False,False,CRITICAL
MT::exp1_num_54901,MT::exp4_num_54958,8,Free,Free,MT,MT,none,none,False,False,REVIEW
MT::exp1_num_71177,MT::exp3_num_71224,4,Free,Free,MT,MT,none,none,False,False,CRITICAL
MT::exp1_num_71177,MT::exp6_num_71297,0,Free,Free,MT,MT,none,none,False,False,CRITICAL
MT::exp3_num_71224,MT::exp6_num_71297,4,Free,Free,MT,MT,none,none,False,False,CRITICAL
MT::exp1_num_5907,MT::exp2_num_5924,2,Free,Free,MT,MT,none,none,False,False,CRITICAL
MT::exp1_num_5907,MT::exp3_num_5941,0,Free,Free,MT,MT,none,none,False,False,CRITICAL
MT::exp1_num_5907,MT::exp4_num_5959,2,Free,Free,MT,MT,none,none,False,False,CRITICAL
MT::exp1_num_5907,MT::exp5_num_5874,0,Free,Free,MT,MT,none,none,False,False,CRITICAL
MT::exp1_num_5907,MT::exp6_num_5892,0,Free,Free,MT,MT,none,none,False,False,CRITICAL
MT::exp2_num_5924,MT::exp3_num_5941,2,Free,Free,MT,MT,none,none,False,False,CRITICAL
MT::exp2_num_5924,MT::exp4_num_5959,0,Free,Free,MT,MT,none,none,False,False,CRITICAL
MT::exp2_num_5924,MT::exp5_num_5874,2,Free,Free,MT,MT,none,none,False,False,CRITICAL
MT::exp2_num_5924,MT::exp6_num_5892,2,Free,Free,MT,MT,none,none,False,False,CRITICAL
MT::exp3_num_5941,MT::exp4_num_5959,2,Free,Free,MT,MT,none,none,False,False,CRITICAL
MT::exp3_num_5941,MT::exp5_num_5874,0,Free,Free,MT,MT,none,none,False,False,CRITICAL
MT::exp3_num_5941,MT::exp6_num_5892,0,Free,Free,MT,MT,none,none,False,False,CRITICAL
MT::exp4_num_5959,MT::exp5_num_5874,2,Free,Free,MT,MT,none,none,False,False,CRITICAL
MT::exp4_num_5959,MT::exp6_num_5892,2,Free,Free,MT,MT,none,none,False,False,CRITICAL
MT::exp5_num_5874,MT::exp6_num_5892,0,Free,Free,MT,MT,none,none,False,False,CRITICAL
MT::exp1_num_61310,MT::exp4_num_61351,4,Free,Free,MT,MT,none,none,False,False,CRITICAL
MT::exp1_num_6539,MT::exp2_num_6558,4,Free,Free,MT,MT,none,none,False,False,CRITICAL
MT::exp1_num_6539,MT::exp3_num_6571,6,Free,Free,MT,MT,none,none,False,False,REVIEW
MT::exp2_num_6558,MT::exp3_num_6571,2,Free,Free,MT,MT,none,none,False,False,CRITICAL
MT::exp1_num_70491,MT::exp4_num_70541,8,Free,Free,MT,MT,none,none,False,False,REVIEW
MT::exp1_num_7871,MT::exp4_num_7911,0,Free,Free,MT,MT,none,none,False,False,CRITICAL
MT::exp1_num_7871,MT::exp5_num_7935,0,Free,Free,MT,MT,none,none,False,False,CRITICAL
MT::exp1_num_7871,MT::exp6_num_8015,2,Free,Free,MT,MT,none,none,False,False,CRITICAL
MT::exp4_num_7911,MT::exp5_num_7935,0,Free,Free,MT,MT,none,none,False,False,CRITICAL
MT::exp4_num_7911,MT::exp6_num_8015,2,Free,Free,MT,MT,none,none,False,False,CRITICAL
MT::exp5_num_7935,MT::exp6_num_8015,2,Free,Free,MT,MT,none,none,False,False,CRITICAL
MT::exp1_num_855,MT::exp5_num_964,0,Free,Free,MT,MT,none,none,False,False,CRITICAL
MT::exp1_num_855,MT::exp6_num_1012,0,Free,Free,MT,MT,none,none,False,False,CRITICAL
MT::exp5_num_964,MT::exp6_num_1012,0,Free,Free,MT,MT,none,none,False,False,CRITICAL
MT::exp1_num_90966,MT::exp2_num_90988,4,Free,Free,MT,MT,none,none,False,False,CRITICAL
MT::exp1_num_90966,MT::exp3_num_91008,6,Free,Free,MT,MT,none,none,False,False,REVIEW
MT::exp1_num_90966,MT::exp6_num_91131,8,Free,Free,MT,MT,none,none,False,False,REVIEW
MT::exp2_num_90988,MT::exp3_num_91008,6,Free,Free,MT,MT,none,none,False,False,REVIEW
MT::exp2_num_90988,MT::exp5_num_91072,10,Free,Free,MT,MT,none,none,False,False,REVIEW
MT::exp2_num_90988,MT::exp6_num_91131,6,Free,Free,MT,MT,none,none,False,False,REVIEW
MT::exp3_num_91008,MT::exp6_num_91131,6,Free,Free,MT,MT,none,none,False,False,REVIEW
MT::exp5_num_91072,MT::exp6_num_91131,8,Free,Free,MT,MT,none,none,False,False,REVIEW
MT::exp1_num_9473,MT::exp5_num_9549,2,Blowhole,Blowhole,MT,MT,none,none,False,False,CRITICAL
MT::exp2_num_10202,MT::exp3_num_10215,4,Free,Free,MT,MT,none,none,False,False,CRITICAL
MT::exp2_num_10202,MT::exp5_num_10250,4,Free,Free,MT,MT,none,none,False,False,CRITICAL
MT::exp3_num_10215,MT::exp5_num_10250,8,Free,Free,MT,MT,none,none,False,False,REVIEW
MT::exp2_num_270577,MT::exp4_num_270607,2,Free,Free,MT,MT,none,none,False,False,CRITICAL
MT::exp3_num_106779,MT::exp5_num_106824,4,Free,Free,MT,MT,none,none,False,False,CRITICAL
MT::exp2_num_116971,MT::exp5_num_117033,8,Free,Free,MT,MT,none,none,False,False,REVIEW
MT::exp5_num_117033,MT::exp6_num_117068,10,Free,Free,MT,MT,none,none,False,False,REVIEW
MT::exp2_num_129608,MT::exp5_num_129678,6,Free,Free,MT,MT,none,none,False,False,REVIEW
MT::exp2_num_13549,MT::exp6_num_13689,6,Free,Free,MT,MT,none,none,False,False,REVIEW
MT::exp2_num_135572,MT::exp6_num_135686,4,Fray,Fray,MT,MT,none,none,False,False,CRITICAL
MT::exp2_num_157736,MT::exp5_num_157829,0,Free,Free,MT,MT,none,none,False,False,CRITICAL
MT::exp2_num_174675,MT::exp3_num_174699,2,Free,Free,MT,MT,none,none,False,False,CRITICAL
MT::exp2_num_174675,MT::exp5_num_174768,8,Free,Free,MT,MT,none,none,False,False,REVIEW
MT::exp2_num_174675,MT::exp6_num_174804,10,Free,Free,MT,MT,none,none,False,False,REVIEW
MT::exp3_num_174699,MT::exp5_num_174768,8,Free,Free,MT,MT,none,none,False,False,REVIEW
MT::exp3_num_174699,MT::exp6_num_174804,10,Free,Free,MT,MT,none,none,False,False,REVIEW
MT::exp5_num_174768,MT::exp6_num_174804,2,Free,Free,MT,MT,none,none,False,False,CRITICAL
MT::exp2_num_177935,MT::exp4_num_177987,6,Free,Free,MT,MT,none,none,False,False,REVIEW
MT::exp2_num_177935,MT::exp6_num_178058,6,Free,Free,MT,MT,none,none,False,False,REVIEW
MT::exp4_num_177987,MT::exp6_num_178058,10,Free,Free,MT,MT,none,none,False,False,REVIEW
MT::exp2_num_18159,MT::exp3_num_18185,4,Free,Free,MT,MT,none,none,False,False,CRITICAL
MT::exp2_num_18159,MT::exp4_num_18204,2,Free,Free,MT,MT,none,none,False,False,CRITICAL
MT::exp2_num_18159,MT::exp5_num_18227,2,Free,Free,MT,MT,none,none,False,False,CRITICAL
MT::exp2_num_18159,MT::exp6_num_18258,2,Free,Free,MT,MT,none,none,False,False,CRITICAL
MT::exp3_num_18185,MT::exp4_num_18204,2,Free,Free,MT,MT,none,none,False,False,CRITICAL
MT::exp3_num_18185,MT::exp5_num_18227,2,Free,Free,MT,MT,none,none,False,False,CRITICAL
MT::exp3_num_18185,MT::exp6_num_18258,2,Free,Free,MT,MT,none,none,False,False,CRITICAL
MT::exp4_num_18204,MT::exp5_num_18227,0,Free,Free,MT,MT,none,none,False,False,CRITICAL
MT::exp4_num_18204,MT::exp6_num_18258,0,Free,Free,MT,MT,none,none,False,False,CRITICAL
MT::exp5_num_18227,MT::exp6_num_18258,0,Free,Free,MT,MT,none,none,False,False,CRITICAL
MT::exp2_num_193126,MT::exp3_num_193139,8,Free,Free,MT,MT,none,none,False,False,REVIEW
MT::exp2_num_193126,MT::exp4_num_193151,10,Free,Free,MT,MT,none,none,False,False,REVIEW
MT::exp3_num_193139,MT::exp4_num_193151,4,Free,Free,MT,MT,none,none,False,False,CRITICAL
MT::exp3_num_193139,MT::exp5_num_193164,10,Free,Free,MT,MT,none,none,False,False,REVIEW
MT::exp3_num_193139,MT::exp6_num_193234,8,Free,Free,MT,MT,none,none,False,False,REVIEW
MT::exp4_num_193151,MT::exp5_num_193164,8,Free,Free,MT,MT,none,none,False,False,REVIEW
MT::exp4_num_193151,MT::exp6_num_193234,8,Free,Free,MT,MT,none,none,False,False,REVIEW
MT::exp5_num_193164,MT::exp6_num_193234,2,Free,Free,MT,MT,none,none,False,False,CRITICAL
MT::exp2_num_195672,MT::exp3_num_195685,8,Free,Free,MT,MT,none,none,False,False,REVIEW
MT::exp2_num_195672,MT::exp4_num_195700,6,Free,Free,MT,MT,none,none,False,False,REVIEW
MT::exp2_num_195672,MT::exp6_num_195761,4,Free,Free,MT,MT,none,none,False,False,CRITICAL
MT::exp3_num_195685,MT::exp4_num_195700,6,Free,Free,MT,MT,none,none,False,False,REVIEW
MT::exp3_num_195685,MT::exp6_num_195761,4,Free,Free,MT,MT,none,none,False,False,CRITICAL
MT::exp4_num_195700,MT::exp6_num_195761,4,Free,Free,MT,MT,none,none,False,False,CRITICAL
MT::exp2_num_251454,MT::exp3_num_251473,2,Free,Free,MT,MT,none,none,False,False,CRITICAL
MT::exp2_num_260505,MT::exp4_num_260535,6,Free,Free,MT,MT,none,none,False,False,REVIEW
MT::exp2_num_260505,MT::exp5_num_260550,6,Free,Free,MT,MT,none,none,False,False,REVIEW
MT::exp4_num_260535,MT::exp5_num_260550,8,Free,Free,MT,MT,none,none,False,False,REVIEW
MT::exp5_num_192233,MT::exp6_num_192263,10,Free,Free,MT,MT,none,none,False,False,REVIEW
MT::exp2_num_266815,MT::exp3_num_266831,2,Free,Free,MT,MT,none,none,False,False,CRITICAL
MT::exp2_num_266815,MT::exp6_num_266888,2,Free,Free,MT,MT,none,none,False,False,CRITICAL
MT::exp3_num_266831,MT::exp6_num_266888,4,Free,Free,MT,MT,none,none,False,False,CRITICAL
MT::exp2_num_275685,MT::exp3_num_275697,6,Free,Free,MT,MT,none,none,False,False,REVIEW
MT::exp2_num_278584,MT::exp3_num_278595,6,Free,Free,MT,MT,none,none,False,False,REVIEW
MT::exp2_num_280962,MT::exp5_num_281007,4,Free,Free,MT,MT,none,none,False,False,CRITICAL
MT::exp2_num_282899,MT::exp3_num_282911,4,Free,Free,MT,MT,none,none,False,False,CRITICAL
MT::exp2_num_284861,MT::exp5_num_284910,2,Free,Free,MT,MT,none,none,False,False,CRITICAL
MT::exp2_num_286251,MT::exp3_num_286265,4,Free,Free,MT,MT,none,none,False,False,CRITICAL
MT::exp2_num_286251,MT::exp4_num_286277,2,Free,Free,MT,MT,none,none,False,False,CRITICAL
MT::exp2_num_286251,MT::exp5_num_286294,2,Free,Free,MT,MT,none,none,False,False,CRITICAL
MT::exp2_num_286251,MT::exp6_num_286336,4,Free,Free,MT,MT,none,none,False,False,CRITICAL
MT::exp3_num_286265,MT::exp4_num_286277,4,Free,Free,MT,MT,none,none,False,False,CRITICAL
MT::exp3_num_286265,MT::exp5_num_286294,4,Free,Free,MT,MT,none,none,False,False,CRITICAL
MT::exp3_num_286265,MT::exp6_num_286336,2,Free,Free,MT,MT,none,none,False,False,CRITICAL
MT::exp4_num_286277,MT::exp5_num_286294,2,Free,Free,MT,MT,none,none,False,False,CRITICAL
MT::exp4_num_286277,MT::exp6_num_286336,4,Free,Free,MT,MT,none,none,False,False,CRITICAL
MT::exp5_num_286294,MT::exp6_num_286336,4,Free,Free,MT,MT,none,none,False,False,CRITICAL
MT::exp2_num_293729,MT::exp6_num_293912,4,Free,Free,MT,MT,none,none,False,False,CRITICAL
MT::exp2_num_299741,MT::exp4_num_299772,6,Free,Free,MT,MT,none,none,False,False,REVIEW
MT::exp2_num_299741,MT::exp5_num_299793,6,Free,Free,MT,MT,none,none,False,False,REVIEW
MT::exp2_num_299741,MT::exp6_num_299824,8,Free,Free,MT,MT,none,none,False,False,REVIEW
MT::exp4_num_299772,MT::exp6_num_299824,8,Free,Free,MT,MT,none,none,False,False,REVIEW
MT::exp5_num_299793,MT::exp6_num_299824,4,Free,Free,MT,MT,none,none,False,False,CRITICAL
MT::exp2_num_304688,MT::exp5_num_304772,0,Free,Free,MT,MT,none,none,False,False,CRITICAL
MT::exp2_num_315006,MT::exp4_num_315033,10,Free,Free,MT,MT,none,none,False,False,REVIEW
MT::exp2_num_315006,MT::exp5_num_315045,8,Free,Free,MT,MT,none,none,False,False,REVIEW
MT::exp2_num_315006,MT::exp6_num_315056,10,Free,Free,MT,MT,none,none,False,False,REVIEW
MT::exp4_num_315033,MT::exp5_num_315045,4,Free,Free,MT,MT,none,none,False,False,CRITICAL
MT::exp4_num_315033,MT::exp6_num_315056,6,Free,Free,MT,MT,none,none,False,False,REVIEW
MT::exp5_num_315045,MT::exp6_num_315056,4,Free,Free,MT,MT,none,none,False,False,CRITICAL
MT::exp2_num_317512,MT::exp4_num_317540,0,Blowhole,Blowhole,MT,MT,none,none,False,False,CRITICAL
MT::exp2_num_317512,MT::exp5_num_317558,2,Blowhole,Blowhole,MT,MT,none,none,False,False,CRITICAL
MT::exp4_num_317540,MT::exp5_num_317558,2,Blowhole,Blowhole,MT,MT,none,none,False,False,CRITICAL
MT::exp2_num_321452,MT::exp4_num_321478,6,Free,Free,MT,MT,none,none,False,False,REVIEW
MT::exp2_num_321452,MT::exp5_num_321489,8,Free,Free,MT,MT,none,none,False,False,REVIEW
MT::exp4_num_321478,MT::exp5_num_321489,2,Free,Free,MT,MT,none,none,False,False,CRITICAL
MT::exp2_num_322630,MT::exp3_num_322643,2,Blowhole,Blowhole,MT,MT,none,none,False,False,CRITICAL
MT::exp2_num_322630,MT::exp4_num_322656,0,Blowhole,Blowhole,MT,MT,none,none,False,False,CRITICAL
MT::exp2_num_322630,MT::exp5_num_322672,2,Blowhole,Blowhole,MT,MT,none,none,False,False,CRITICAL
MT::exp3_num_172286,MT::exp6_num_172365,6,Uneven,Uneven,MT,MT,none,none,False,False,REVIEW
MT::exp3_num_322643,MT::exp4_num_322656,2,Blowhole,Blowhole,MT,MT,none,none,False,False,CRITICAL
MT::exp3_num_322643,MT::exp5_num_322672,4,Blowhole,Blowhole,MT,MT,none,none,False,False,CRITICAL
MT::exp4_num_322656,MT::exp5_num_322672,2,Blowhole,Blowhole,MT,MT,none,none,False,False,CRITICAL
MT::exp2_num_331174,MT::exp3_num_331190,4,Free,Free,MT,MT,none,none,False,False,CRITICAL
MT::exp2_num_331174,MT::exp5_num_331230,6,Free,Free,MT,MT,none,none,False,False,REVIEW
MT::exp2_num_331174,MT::exp6_num_331267,6,Free,Free,MT,MT,none,none,False,False,REVIEW
MT::exp3_num_319713,MT::exp6_num_319796,4,Free,Free,MT,MT,none,none,False,False,CRITICAL
MT::exp3_num_331190,MT::exp5_num_331230,8,Free,Free,MT,MT,none,none,False,False,REVIEW
MT::exp3_num_331190,MT::exp6_num_331267,10,Free,Free,MT,MT,none,none,False,False,REVIEW
MT::exp5_num_331230,MT::exp6_num_331267,2,Free,Free,MT,MT,none,none,False,False,CRITICAL
MT::exp2_num_332707,MT::exp4_num_332730,2,Free,Free,MT,MT,none,none,False,False,CRITICAL
MT::exp2_num_332707,MT::exp6_num_332792,2,Free,Free,MT,MT,none,none,False,False,CRITICAL
MT::exp4_num_332730,MT::exp6_num_332792,2,Free,Free,MT,MT,none,none,False,False,CRITICAL
MT::exp3_num_332719,MT::exp5_num_332745,0,Free,Free,MT,MT,none,none,False,False,CRITICAL
MT::exp2_num_36302,MT::exp3_num_36246,0,Blowhole,Blowhole,MT,MT,none,none,False,False,CRITICAL
MT::exp2_num_36302,MT::exp5_num_36269,4,Blowhole,Blowhole,MT,MT,none,none,False,False,CRITICAL
MT::exp3_num_36246,MT::exp5_num_36269,4,Blowhole,Blowhole,MT,MT,none,none,False,False,CRITICAL
MT::exp2_num_37273,MT::exp4_num_37071,4,Free,Free,MT,MT,none,none,False,False,CRITICAL
MT::exp2_num_37273,MT::exp4_num_37571,2,Free,Free,MT,MT,none,none,False,False,CRITICAL
MT::exp2_num_37273,MT::exp5_num_37636,2,Free,Free,MT,MT,none,none,False,False,CRITICAL
MT::exp2_num_37273,MT::exp6_num_37675,2,Free,Free,MT,MT,none,none,False,False,CRITICAL
MT::exp4_num_37071,MT::exp4_num_37571,2,Free,Free,MT,MT,none,none,False,False,CRITICAL
MT::exp4_num_37071,MT::exp5_num_37636,4,Free,Free,MT,MT,none,none,False,False,CRITICAL
MT::exp4_num_37071,MT::exp6_num_37675,2,Free,Free,MT,MT,none,none,False,False,CRITICAL
MT::exp4_num_37571,MT::exp5_num_37636,2,Free,Free,MT,MT,none,none,False,False,CRITICAL
MT::exp4_num_37571,MT::exp6_num_37675,0,Free,Free,MT,MT,none,none,False,False,CRITICAL
MT::exp5_num_37636,MT::exp6_num_37675,2,Free,Free,MT,MT,none,none,False,False,CRITICAL
MT::exp2_num_39430,MT::exp3_num_39447,4,Free,Free,MT,MT,none,none,False,False,CRITICAL
MT::exp2_num_39430,MT::exp4_num_39469,2,Free,Free,MT,MT,none,none,False,False,CRITICAL
MT::exp3_num_39447,MT::exp4_num_39469,6,Free,Free,MT,MT,none,none,False,False,REVIEW
MT::exp2_num_45028,MT::exp3_num_45042,0,Uneven,Uneven,MT,MT,none,none,False,False,CRITICAL
MT::exp2_num_4964,MT::exp3_num_4978,0,Blowhole,Blowhole,MT,MT,none,none,False,False,CRITICAL
MT::exp2_num_50402,MT::exp3_num_50415,2,Free,Free,MT,MT,none,none,False,False,CRITICAL
MT::exp2_num_50402,MT::exp4_num_50428,4,Free,Free,MT,MT,none,none,False,False,CRITICAL
MT::exp3_num_50415,MT::exp4_num_50428,4,Free,Free,MT,MT,none,none,False,False,CRITICAL
MT::exp2_num_51697,MT::exp3_num_51711,2,Blowhole,Blowhole,MT,MT,none,none,False,False,CRITICAL
MT::exp2_num_51697,MT::exp4_num_51725,4,Blowhole,Blowhole,MT,MT,none,none,False,False,CRITICAL
MT::exp2_num_51697,MT::exp6_num_51771,4,Blowhole,Blowhole,MT,MT,none,none,False,False,CRITICAL
MT::exp2_num_542,MT::exp4_num_573,4,Uneven,Uneven,MT,MT,none,none,False,False,CRITICAL
MT::exp2_num_542,MT::exp6_num_628,2,Uneven,Uneven,MT,MT,none,none,False,False,CRITICAL
MT::exp3_num_51711,MT::exp4_num_51725,4,Blowhole,Blowhole,MT,MT,none,none,False,False,CRITICAL
MT::exp3_num_51711,MT::exp6_num_51771,4,Blowhole,Blowhole,MT,MT,none,none,False,False,CRITICAL
MT::exp4_num_51725,MT::exp6_num_51771,2,Blowhole,Blowhole,MT,MT,none,none,False,False,CRITICAL
MT::exp4_num_573,MT::exp6_num_628,2,Uneven,Uneven,MT,MT,none,none,False,False,CRITICAL
MT::exp2_num_52677,MT::exp5_num_52740,2,Free,Free,MT,MT,none,none,False,False,CRITICAL
MT::exp3_num_10448,MT::exp6_num_10790,6,Free,Free,MT,MT,none,none,False,False,REVIEW
MT::exp3_num_10448,MT::exp6_num_9196,4,Free,Free,MT,MT,none,none,False,False,CRITICAL
MT::exp6_num_10790,MT::exp6_num_9196,6,Free,Free,MT,MT,none,none,False,False,REVIEW
MT::exp4_num_32185,MT::exp5_num_32201,10,Crack,Crack,MT,MT,none,none,False,False,REVIEW
MT::exp5_num_32201,MT::exp6_num_32235,6,Crack,Crack,MT,MT,none,none,False,False,REVIEW
MT::exp2_num_887,MT::exp4_num_933,2,Free,Free,MT,MT,none,none,False,False,CRITICAL
MT::exp3_num_10945,MT::exp6_num_11001,2,Free,Free,MT,MT,none,none,False,False,CRITICAL
MT::exp3_num_116991,MT::exp4_num_117012,6,Free,Free,MT,MT,none,none,False,False,REVIEW
MT::exp3_num_126827,MT::exp5_num_126855,2,Free,Free,MT,MT,none,none,False,False,CRITICAL
MT::exp3_num_186885,MT::exp6_num_187011,6,Uneven,Uneven,MT,MT,none,none,False,False,REVIEW
MT::exp3_num_187556,MT::exp4_num_187582,8,Free,Free,MT,MT,none,none,False,False,REVIEW
MT::exp3_num_187556,MT::exp5_num_187612,4,Free,Free,MT,MT,none,none,False,False,CRITICAL
MT::exp4_num_187582,MT::exp5_num_187612,6,Free,Free,MT,MT,none,none,False,False,REVIEW
MT::exp3_num_241926,MT::exp6_num_242123,6,Break,Break,MT,MT,none,none,False,False,REVIEW
MT::exp3_num_249637,MT::exp4_num_249762,2,Crack,Crack,MT,MT,none,none,False,False,CRITICAL
MT::exp4_num_264241,MT::exp5_num_264257,4,Free,Free,MT,MT,none,none,False,False,CRITICAL
MT::exp3_num_301511,MT::exp5_num_301547,4,Free,Free,MT,MT,none,none,False,False,CRITICAL
MT::exp3_num_320689,MT::exp5_num_320724,2,Break,Break,MT,MT,none,none,False,False,CRITICAL
MT::exp3_num_348661,MT::exp4_num_348673,4,Break,Break,MT,MT,none,none,False,False,CRITICAL
MT::exp3_num_348661,MT::exp5_num_348696,4,Break,Break,MT,MT,none,none,False,False,CRITICAL
MT::exp3_num_6541,MT::exp5_num_6566,8,Free,Free,MT,MT,none,none,False,False,REVIEW
MT::exp4_num_348673,MT::exp5_num_348696,6,Break,Break,MT,MT,none,none,False,False,REVIEW
MT::exp3_num_40438,MT::exp4_num_40450,4,Blowhole,Blowhole,MT,MT,none,none,False,False,CRITICAL
MT::exp3_num_40438,MT::exp5_num_40480,2,Blowhole,Blowhole,MT,MT,none,none,False,False,CRITICAL
MT::exp3_num_40438,MT::exp6_num_40515,4,Blowhole,Blowhole,MT,MT,none,none,False,False,CRITICAL
MT::exp4_num_40450,MT::exp5_num_40480,6,Blowhole,Blowhole,MT,MT,none,none,False,False,REVIEW
MT::exp4_num_40450,MT::exp6_num_40515,8,Blowhole,Blowhole,MT,MT,none,none,False,False,REVIEW
MT::exp5_num_40480,MT::exp6_num_40515,2,Blowhole,Blowhole,MT,MT,none,none,False,False,CRITICAL
MT::exp3_num_54291,MT::exp5_num_54331,4,Blowhole,Blowhole,MT,MT,none,none,False,False,CRITICAL
MT::exp3_num_557,MT::exp5_num_592,2,Uneven,Uneven,MT,MT,none,none,False,False,CRITICAL
MT::exp4_num_157789,MT::exp6_num_157877,2,Free,Free,MT,MT,none,none,False,False,CRITICAL
MT::exp4_num_186909,MT::exp5_num_186953,0,Uneven,Uneven,MT,MT,none,none,False,False,CRITICAL
MT::exp4_num_1877,MT::exp5_num_1903,2,Free,Free,MT,MT,none,none,False,False,CRITICAL
MT::exp4_num_251495,MT::exp5_num_251519,2,Free,Free,MT,MT,none,none,False,False,CRITICAL
MT::exp4_num_262626,MT::exp6_num_262705,6,Blowhole,Blowhole,MT,MT,none,none,False,False,REVIEW
MT::exp4_num_2657,MT::exp5_num_2673,8,Free,Free,MT,MT,none,none,False,False,REVIEW
MT::exp4_num_274154,MT::exp5_num_274174,2,Uneven,Uneven,MT,MT,none,none,False,False,CRITICAL
MT::exp4_num_297524,MT::exp5_num_297552,4,Blowhole,Blowhole,MT,MT,none,none,False,False,CRITICAL
MT::exp4_num_45057,MT::exp6_num_45116,4,Uneven,Uneven,MT,MT,none,none,False,False,CRITICAL
MT::exp4_num_4995,MT::exp5_num_5022,2,Blowhole,Blowhole,MT,MT,none,none,False,False,CRITICAL
MT::exp5_num_4801,MT::exp6_num_4841,2,Blowhole,Blowhole,MT,MT,none,none,False,False,CRITICAL
MT::exp5_num_124744,MT::exp6_num_124787,0,Uneven,Uneven,MT,MT,none,none,False,False,CRITICAL
MT::exp5_num_258619,MT::exp6_num_258703,2,Fray,Fray,MT,MT,none,none,False,False,CRITICAL
MT::exp5_num_258905,MT::exp6_num_258935,4,Free,Free,MT,MT,none,none,False,False,CRITICAL
MT::exp5_num_26212,MT::exp6_num_26244,2,Break,Break,MT,MT,none,none,False,False,CRITICAL
MT::exp5_num_276416,MT::exp6_num_276451,6,Break,Break,MT,MT,none,none,False,False,REVIEW
MT::exp5_num_313892,MT::exp6_num_313921,0,Free,Free,MT,MT,none,none,False,False,CRITICAL
MT::exp5_num_61380,MT::exp6_num_61501,0,Free,Free,MT,MT,none,none,False,False,CRITICAL
MT::exp5_num_70558,MT::exp6_num_70585,2,Free,Free,MT,MT,none,none,False,False,CRITICAL
NEU::patches_101,NEU::patches_105,0,patches,patches,NEU,NEU,none,none,False,False,CRITICAL
NEU::scratches_112,NEU::scratches_22,10,scratches,scratches,NEU,NEU,none,none,False,False,REVIEW
