dataset,image_id,relative_path,filename,label_name,official_split,image_height,image_width,channels,file_size,sha256,corrupt,source,original_dataset_identifier,label_id,fold
MT,MT::exp0_num_461,MT_Uneven/Imgs/exp0_num_461.jpg,exp0_num_461.jpg,Uneven,none,289,121,1,11824,a3a572cd983eeacfe4274a8d186b16104ab569c3f49315f49741805807956324,False,MagneticTile,exp0_num_461,5,-99
MT,MT::exp0_num_743,MT_Free/Imgs/exp0_num_743.jpg,exp0_num_743.jpg,Free,none,289,240,1,25185,3b36f866d07e453f8875a6513b10749a68cd5e6255cfd7304a0697131d1b4954,False,MagneticTile,exp0_num_743,4,-99
MT,MT::exp0_num_797,MT_Fray/Imgs/exp0_num_797.jpg,exp0_num_797.jpg,Fray,none,354,488,1,48268,6ac4c49bd08b5dee004dab2881d93ca13a46869abb0cd4612b49fff9aff69c4a,False,MagneticTile,exp0_num_797,3,-99
MT,MT::exp1_num_10181,MT_Free/Imgs/exp1_num_10181.jpg,exp1_num_10181.jpg,Free,none,361,494,1,41848,89319bb94a9fed8e7c46063a0137fd4cb4926e5fe05461a70db43f2798406b66,False,MagneticTile,exp1_num_10181,4,-99
MT,MT::exp1_num_10334,MT_Free/Imgs/exp1_num_10334.jpg,exp1_num_10334.jpg,Free,none,321,511,1,36637,77dfad3f5a4fcd209778674c1601aebfcb24d7255f65dddc03c61959372197a4,False,MagneticTile,exp1_num_10334,4,-99
MT,MT::exp1_num_106151,MT_Free/Imgs/exp1_num_106151.jpg,exp1_num_106151.jpg,Free,none,359,248,1,24589,6336ef34a907a039e207b580fd4c09f2890f8315eda0d8b58f8bdb1ec4bf7d3e,False,MagneticTile,exp1_num_106151,4,-99
MT,MT::exp1_num_106729,MT_Free/Imgs/exp1_num_106729.jpg,exp1_num_106729.jpg,Free,none,347,254,1,28436,4d8297c1b49d216ea05575481181c444e7790aba33b1cb9eeeddfcc3af5af432,False,MagneticTile,exp1_num_106729,4,-99
MT,MT::exp1_num_108719,MT_Blowhole/Imgs/exp1_num_108719.jpg,exp1_num_108719.jpg,Blowhole,none,373,248,1,27399,46a40cf3202c39a720ce06a2ea0f302923cc5b27e80bbeb6e30439d7140c83d9,False,MagneticTile,exp1_num_108719,0,-99
MT,MT::exp1_num_108889,MT_Blowhole/Imgs/exp1_num_108889.jpg,exp1_num_108889.jpg,Blowhole,none,373,248,1,27121,37cd2b8f217eae48c439a35fbf685ecf52dc8c85fc6530862f8e739baa7940c6,False,MagneticTile,exp1_num_108889,0,-99
MT,MT::exp1_num_10903,MT_Free/Imgs/exp1_num_10903.jpg,exp1_num_10903.jpg,Free,none,347,506,1,38959,14098e1a4ef6dfee57319140eea028a531c4f304801087f820d8e73fe2501c9c,False,MagneticTile,exp1_num_10903,4,-99
MT,MT::exp1_num_109232,MT_Uneven/Imgs/exp1_num_109232.jpg,exp1_num_109232.jpg,Uneven,none,261,593,1,44728,10f7973514ceaaf82698a97c8441d4cf0e0575af6ba851fdc58f8aee2530adb0,False,MagneticTile,exp1_num_109232,5,-99
MT,MT::exp1_num_110086,MT_Free/Imgs/exp1_num_110086.jpg,exp1_num_110086.jpg,Free,none,248,603,1,36368,1c9e4c06224cd4305a166c5d9d74089a28d5034466c4201507769c4b715be8a5,False,MagneticTile,exp1_num_110086,4,-99
MT,MT::exp1_num_11276,MT_Free/Imgs/exp1_num_11276.jpg,exp1_num_11276.jpg,Free,none,360,473,1,46899,2a2a9b948e6a95404f02f45ad234baf4d70128e42665ffaa4f65c3aeb4dba607,False,MagneticTile,exp1_num_11276,4,-99
MT,MT::exp1_num_114376,MT_Free/Imgs/exp1_num_114376.jpg,exp1_num_114376.jpg,Free,none,369,256,1,29955,40fe291b4ee37ed5dd2286dda97adb64a0ee4af3b051d9faa062e8726af484ba,False,MagneticTile,exp1_num_114376,4,-99
MT,MT::exp1_num_116270,MT_Free/Imgs/exp1_num_116270.jpg,exp1_num_116270.jpg,Free,none,259,598,1,45445,bcf17cbbfd61c3b1d20e1513428400395e91656389abbf11f297aa2e168f89a8,False,MagneticTile,exp1_num_116270,4,-99
MT,MT::exp1_num_116934,MT_Break/Imgs/exp1_num_116934.jpg,exp1_num_116934.jpg,Break,none,247,592,1,37594,7dcd6e804296353dc022321918a8c3c09c73bfb01fb073e2119bef9ddebb1374,False,MagneticTile,exp1_num_116934,1,-99
MT,MT::exp1_num_116949,MT_Free/Imgs/exp1_num_116949.jpg,exp1_num_116949.jpg,Free,none,296,295,1,25916,a68ffdcaf6ce402bb8a96f6f2a20b381bdcb6a64479937ccad5e5073a6c95bac,False,MagneticTile,exp1_num_116949,4,-99
MT,MT::exp1_num_118871,MT_Free/Imgs/exp1_num_118871.jpg,exp1_num_118871.jpg,Free,none,253,585,1,42170,4ba4e636df1bb4d18517d51bbb426769e32bbda3ee7c70995d551bc1094a7012,False,MagneticTile,exp1_num_118871,4,-99
MT,MT::exp1_num_124236,MT_Uneven/Imgs/exp1_num_124236.jpg,exp1_num_124236.jpg,Uneven,none,238,594,1,36300,4197de583f7f7239860202a22dfcdc74acf52019ef628317de7c3cac7d8395e0,False,MagneticTile,exp1_num_124236,5,-99
MT,MT::exp1_num_126299,MT_Free/Imgs/exp1_num_126299.jpg,exp1_num_126299.jpg,Free,none,334,298,1,26943,81a975fbd3ab51eaacac3c6402ce79be8275310a90b159d5766bd747f10b3247,False,MagneticTile,exp1_num_126299,4,-99
MT,MT::exp1_num_126795,MT_Free/Imgs/exp1_num_126795.jpg,exp1_num_126795.jpg,Free,none,342,304,1,31198,3ffbb2ab9a599b3ae77cd6d5c93b67570e73d6294f578ed48967ebc3dfb12812,False,MagneticTile,exp1_num_126795,4,-99
MT,MT::exp1_num_127649,MT_Free/Imgs/exp1_num_127649.jpg,exp1_num_127649.jpg,Free,none,337,294,1,27067,9041941337e255d1b558dc0daaaaf0b83c0c38577768da0672f1a3c2b6d2fa5b,False,MagneticTile,exp1_num_127649,4,-99
MT,MT::exp1_num_128075,MT_Free/Imgs/exp1_num_128075.jpg,exp1_num_128075.jpg,Free,none,332,309,1,28602,ebf2eb801eee10681b5c52989d2148fc5ed2a29135fb503f64f354f8b69708e9,False,MagneticTile,exp1_num_128075,4,-99
MT,MT::exp1_num_129031,MT_Uneven/Imgs/exp1_num_129031.jpg,exp1_num_129031.jpg,Uneven,none,340,244,1,25565,c481e0318fa4047bd81946f834aa09de4aada3485ba72edafad04406b20150d4,False,MagneticTile,exp1_num_129031,5,-99
MT,MT::exp1_num_129580,MT_Free/Imgs/exp1_num_129580.jpg,exp1_num_129580.jpg,Free,none,357,246,1,29157,41298012b8d44b5cbef34a4f767010832f879dbd7bd320657280030b919d09bf,False,MagneticTile,exp1_num_129580,4,-99
MT,MT::exp1_num_13526,MT_Free/Imgs/exp1_num_13526.jpg,exp1_num_13526.jpg,Free,none,323,505,1,41674,0a5e7082a5d02c8ec927485c1f024d652b1e9c069a64f05b7547fe338ea5e724,False,MagneticTile,exp1_num_13526,4,-99
MT,MT::exp1_num_135544,MT_Fray/Imgs/exp1_num_135544.jpg,exp1_num_135544.jpg,Fray,none,240,602,1,41200,78c8c50cad8019aaf1f90eba648073925e8a940132d0b96e31e07c47a294610b,False,MagneticTile,exp1_num_135544,3,-99
MT,MT::exp1_num_136254,MT_Fray/Imgs/exp1_num_136254.jpg,exp1_num_136254.jpg,Fray,none,233,568,1,30639,5b472ac57ec7120077e05da8caafb942fa3f33058d7c2d135c7d3fa65a316ade,False,MagneticTile,exp1_num_136254,3,-99
MT,MT::exp1_num_138599,MT_Free/Imgs/exp1_num_138599.jpg,exp1_num_138599.jpg,Free,none,248,601,1,39881,89d73067e4aae8646d0ce58c7e5e8ec0bb1b78171aa493d9fa5dd5e38802d719,False,MagneticTile,exp1_num_138599,4,-99
MT,MT::exp1_num_139798,MT_Uneven/Imgs/exp1_num_139798.jpg,exp1_num_139798.jpg,Uneven,none,243,594,1,43655,60f2dcfd4235d72f352022426f7f4764cf12ee1377c258ecb6cd93201e6a0d39,False,MagneticTile,exp1_num_139798,5,-99
MT,MT::exp1_num_143147,MT_Free/Imgs/exp1_num_143147.jpg,exp1_num_143147.jpg,Free,none,254,603,1,41996,add68398b361295e5f238f6a6e54b13811288af43700bad716af183db31911f1,False,MagneticTile,exp1_num_143147,4,-99
MT,MT::exp1_num_144162,MT_Free/Imgs/exp1_num_144162.jpg,exp1_num_144162.jpg,Free,none,246,592,1,37464,d1e14bdd91e39ed063e8ee5d955a80f1e936a11b33ee4575667c07ad4811c21f,False,MagneticTile,exp1_num_144162,4,-99
MT,MT::exp1_num_147928,MT_Free/Imgs/exp1_num_147928.jpg,exp1_num_147928.jpg,Free,none,244,601,1,43743,79783ff5eb88d8ce5d232c4b4d860cf51a7381a010b415f2da485c2f60a0ccce,False,MagneticTile,exp1_num_147928,4,-99
MT,MT::exp1_num_148923,MT_Free/Imgs/exp1_num_148923.jpg,exp1_num_148923.jpg,Free,none,235,590,1,36118,f5fa16032662b1deaf04bb2a466e77d060ce0b0839bfabe35fc3ed5487c2e4e7,False,MagneticTile,exp1_num_148923,4,-99
MT,MT::exp1_num_154549,MT_Free/Imgs/exp1_num_154549.jpg,exp1_num_154549.jpg,Free,none,309,192,1,21050,8b5f8c958d2f59c7ce194616c20e93be50d9e6f8cb0af353d613501349d6f55f,False,MagneticTile,exp1_num_154549,4,-99
MT,MT::exp1_num_155300,MT_Uneven/Imgs/exp1_num_155300.jpg,exp1_num_155300.jpg,Uneven,none,299,181,1,19362,348acd527f701f01f5e62709be29b211af342d8424d42138be0e050b1cf8aac9,False,MagneticTile,exp1_num_155300,5,-99
MT,MT::exp1_num_157166,MT_Free/Imgs/exp1_num_157166.jpg,exp1_num_157166.jpg,Free,none,319,195,1,19575,197904cfe4ba4ded7fa5d2c1e9880cccae029f6aa359f46223d0a26b7a8d2b63,False,MagneticTile,exp1_num_157166,4,-99
MT,MT::exp1_num_157675,MT_Free/Imgs/exp1_num_157675.jpg,exp1_num_157675.jpg,Free,none,319,182,1,18295,70f85715f20554423af2609bae1c9353a6afa0f4050c0af5c989ab5bde69325b,False,MagneticTile,exp1_num_157675,4,-99
MT,MT::exp1_num_16503,MT_Free/Imgs/exp1_num_16503.jpg,exp1_num_16503.jpg,Free,none,315,529,1,39135,8b9ff616011677194ceeaa3db17724257b80fe08e8f2e9dbcee9f194d1d32ce2,False,MagneticTile,exp1_num_16503,4,-99
MT,MT::exp1_num_165362,MT_Free/Imgs/exp1_num_165362.jpg,exp1_num_165362.jpg,Free,none,318,192,1,20498,5e1371a1c0968e7821fe58715003fe78113914a12d987c270da8220167470e09,False,MagneticTile,exp1_num_165362,4,-99
MT,MT::exp1_num_166172,MT_Free/Imgs/exp1_num_166172.jpg,exp1_num_166172.jpg,Free,none,324,187,1,19088,3a7388e4e854462618849122f268e4528816d771feea02073b00fb86fa99cd20,False,MagneticTile,exp1_num_166172,4,-99
MT,MT::exp1_num_172241,MT_Uneven/Imgs/exp1_num_172241.jpg,exp1_num_172241.jpg,Uneven,none,322,166,1,17891,d02930a1489adc57925f2c7b99d21fdbe461e75513ef5655e29e7599bfaf5f8d,False,MagneticTile,exp1_num_172241,5,-99
MT,MT::exp1_num_174647,MT_Free/Imgs/exp1_num_174647.jpg,exp1_num_174647.jpg,Free,none,314,192,1,20468,8c9c488aaea2924593bdfba4eb69b571e28c0b5a48a0791bd2244c7a177759c2,False,MagneticTile,exp1_num_174647,4,-99
MT,MT::exp1_num_177906,MT_Free/Imgs/exp1_num_177906.jpg,exp1_num_177906.jpg,Free,none,307,190,1,23360,1fc768d3d0e4558f61517d26076006aaff66d5df759f44eb80fb69bbed4f3976,False,MagneticTile,exp1_num_177906,4,-99
MT,MT::exp1_num_178453,MT_Free/Imgs/exp1_num_178453.jpg,exp1_num_178453.jpg,Free,none,321,190,1,19919,237982f898a99bd0cea5b4a76349aecd0221a43e2554ad6c8c9bd7d584c96fce,False,MagneticTile,exp1_num_178453,4,-99
MT,MT::exp1_num_180298,MT_Free/Imgs/exp1_num_180298.jpg,exp1_num_180298.jpg,Free,none,326,188,1,18928,60a288aa417049e3adb4794ef1e27ba019e41bc92a8861c53c41886d847d0864,False,MagneticTile,exp1_num_180298,4,-99
MT,MT::exp1_num_180836,MT_Free/Imgs/exp1_num_180836.jpg,exp1_num_180836.jpg,Free,none,319,198,1,19369,6c45fdc5022570b82d0299978023d08ebd609c3f070cf0d5c2da4dfbfecf86e4,False,MagneticTile,exp1_num_180836,4,-99
MT,MT::exp1_num_1810,MT_Free/Imgs/exp1_num_1810.jpg,exp1_num_1810.jpg,Free,none,272,237,1,16089,0453192a78afb807eacd4d97786b2b24532de7e25df67279a4f4507252e88834,False,MagneticTile,exp1_num_1810,4,-99
MT,MT::exp1_num_18129,MT_Free/Imgs/exp1_num_18129.jpg,exp1_num_18129.jpg,Free,none,319,512,1,42083,8d9eab87a8f9bdebded17cc18b9791f40abe3db0f7398722e7b80a4539f5facb,False,MagneticTile,exp1_num_18129,4,-99
MT,MT::exp1_num_183137,MT_Free/Imgs/exp1_num_183137.jpg,exp1_num_183137.jpg,Free,none,317,193,1,23313,9c623376e7ea160156f1279b9097e0aea0e3df3821be1eefbe430e1da1c58f6b,False,MagneticTile,exp1_num_183137,4,-99
MT,MT::exp1_num_183798,MT_Free/Imgs/exp1_num_183798.jpg,exp1_num_183798.jpg,Free,none,317,191,1,20157,4d1034fc84639cc6476f03fd0ac3409df9438a79f61c6c11d57b5e2bb96551d1,False,MagneticTile,exp1_num_183798,4,-99
MT,MT::exp1_num_186826,MT_Uneven/Imgs/exp1_num_186826.jpg,exp1_num_186826.jpg,Uneven,none,312,190,1,21083,d56bd32616289580e4f0ae9f4d2f4a7411b2e058eee26f281a5e535b40679105,False,MagneticTile,exp1_num_186826,5,-99
MT,MT::exp1_num_187505,MT_Free/Imgs/exp1_num_187505.jpg,exp1_num_187505.jpg,Free,none,320,196,1,21357,75c7fa6716c03579a907c4262040034303ac2b847b69cc84e386801e3ebaad53,False,MagneticTile,exp1_num_187505,4,-99
MT,MT::exp1_num_192126,MT_Free/Imgs/exp1_num_192126.jpg,exp1_num_192126.jpg,Free,none,312,195,1,22943,382db573fe8202e81aa776512da9511258b669a10466d65c3bcaec77e2b64a34,False,MagneticTile,exp1_num_192126,4,-99
MT,MT::exp1_num_193104,MT_Free/Imgs/exp1_num_193104.jpg,exp1_num_193104.jpg,Free,none,317,180,1,19558,658b475ab098f3171f70f5582261ddf6c6f899048de9199df15a0e33361fd081,False,MagneticTile,exp1_num_193104,4,-99
MT,MT::exp1_num_194173,MT_Break/Imgs/exp1_num_194173.jpg,exp1_num_194173.jpg,Break,none,320,189,1,21773,7dd57f24a9ed884199035fcc79c275778dcd250bb24d2acfee9ae4cf2b2b7faf,False,MagneticTile,exp1_num_194173,1,-99
MT,MT::exp1_num_195647,MT_Free/Imgs/exp1_num_195647.jpg,exp1_num_195647.jpg,Free,none,313,189,1,20355,3af61142dc58f20a79437559fd9640ded88b216a3c064a3781dd089a7cd569d0,False,MagneticTile,exp1_num_195647,4,-99
MT,MT::exp1_num_19695,MT_Free/Imgs/exp1_num_19695.jpg,exp1_num_19695.jpg,Free,none,321,509,1,41905,2a654e45a840d0e249cb4a66a38c6b7e682098517d29c198ab6c70ba2fa10bf7,False,MagneticTile,exp1_num_19695,4,-99
MT,MT::exp1_num_20362,MT_Fray/Imgs/exp1_num_20362.jpg,exp1_num_20362.jpg,Fray,none,308,502,1,34800,00d8916563f9148b281e055c030d0233cf6ffe799bb128ca38dac617044df1e6,False,MagneticTile,exp1_num_20362,3,-99
MT,MT::exp1_num_2038,MT_Free/Imgs/exp1_num_2038.jpg,exp1_num_2038.jpg,Free,none,368,502,1,41407,86825f1021df04a0e8433992b108fb3134b503a73e288cabbff6fc7a7a13fa53,False,MagneticTile,exp1_num_2038,4,-99
MT,MT::exp1_num_240048,MT_Free/Imgs/exp1_num_240048.jpg,exp1_num_240048.jpg,Free,none,360,264,1,29380,da5778fadd941b8a0fcaf0594767e1a7f89d6a9246d589d0dbf1adedf8eda9d8,False,MagneticTile,exp1_num_240048,4,-99
MT,MT::exp1_num_241352,MT_Free/Imgs/exp1_num_241352.jpg,exp1_num_241352.jpg,Free,none,266,208,1,16107,0feeb41a8159afa33aab88633b970ac4863d6ea7b1e038d760b17cfee2dcbace,False,MagneticTile,exp1_num_241352,4,-99
MT,MT::exp1_num_241889,MT_Break/Imgs/exp1_num_241889.jpg,exp1_num_241889.jpg,Break,none,268,189,1,15081,404258c4c64092782fad7797658cb91badabab2c524106ec592fe12234ed02ca,False,MagneticTile,exp1_num_241889,1,-99
MT,MT::exp1_num_245763,MT_Free/Imgs/exp1_num_245763.jpg,exp1_num_245763.jpg,Free,none,248,211,1,17577,6c9013896a64764afdbf905e5d8878f6e2b3b6181224c5ff6d96e4caf2fa7e12,False,MagneticTile,exp1_num_245763,4,-99
MT,MT::exp1_num_246296,MT_Free/Imgs/exp1_num_246296.jpg,exp1_num_246296.jpg,Free,none,269,220,1,19944,ea1d9206a967081a2ded37de9df52c1ecdb689dccba5ccb79ac5e52c245bb2e0,False,MagneticTile,exp1_num_246296,4,-99
MT,MT::exp1_num_24793,MT_Uneven/Imgs/exp1_num_24793.jpg,exp1_num_24793.jpg,Uneven,none,327,511,1,43659,ed9720e0b58f3e8c69ab4e8096b89ec7ccdb1cda7a1e0a9a3c0d5ae318e9e31b,False,MagneticTile,exp1_num_24793,5,-99
MT,MT::exp1_num_249594,MT_Crack/Imgs/exp1_num_249594.jpg,exp1_num_249594.jpg,Crack,none,264,219,1,20042,f666b811ebcb5a46f18e6e60567566b8a28669e3e7660de95e149a0a05099f31,False,MagneticTile,exp1_num_249594,2,-99
MT,MT::exp1_num_251427,MT_Free/Imgs/exp1_num_251427.jpg,exp1_num_251427.jpg,Free,none,246,217,1,17667,a67c1863a288d42b5dc26ebdcb62fe888c43a3fea93db54790820487a280bc67,False,MagneticTile,exp1_num_251427,4,-99
MT,MT::exp1_num_255641,MT_Free/Imgs/exp1_num_255641.jpg,exp1_num_255641.jpg,Free,none,361,261,1,29652,f322f864da668593eb8363ecf1f8feb987ff3b0a966c62b4ef8aab9e71119b53,False,MagneticTile,exp1_num_255641,4,-99
MT,MT::exp1_num_256261,MT_Free/Imgs/exp1_num_256261.jpg,exp1_num_256261.jpg,Free,none,375,265,1,29604,2d7488cac09e93ccc1c181ca81f027d4360dfa5951a2062bd5662d48b4266b72,False,MagneticTile,exp1_num_256261,4,-99
MT,MT::exp1_num_257103,MT_Free/Imgs/exp1_num_257103.jpg,exp1_num_257103.jpg,Free,none,273,218,1,18609,05913a35d9e961e1c7a66e9116abc036210fc8512bf139cef427e9a3cb96d070,False,MagneticTile,exp1_num_257103,4,-99
MT,MT::exp1_num_257630,MT_Free/Imgs/exp1_num_257630.jpg,exp1_num_257630.jpg,Free,none,337,238,1,23219,86105564e0480968ff9345a059121d1d4c2dde1e40bc3ead57a01c16fd8efc55,False,MagneticTile,exp1_num_257630,4,-99
MT,MT::exp1_num_258511,MT_Fray/Imgs/exp1_num_258511.jpg,exp1_num_258511.jpg,Fray,none,325,232,1,20951,cad183a4b225e06295c7bfd301cf60396bf5a9da01d69e8fcce0a4e70a0e62e3,False,MagneticTile,exp1_num_258511,3,-99
MT,MT::exp1_num_258819,MT_Free/Imgs/exp1_num_258819.jpg,exp1_num_258819.jpg,Free,none,259,217,1,17633,b40190e6f8f0d70caff7d3a4e527711a0e322200182955ac6fdc6803fccba28c,False,MagneticTile,exp1_num_258819,4,-99
MT,MT::exp1_num_260482,MT_Free/Imgs/exp1_num_260482.jpg,exp1_num_260482.jpg,Free,none,262,218,1,18738,30b01a6cc4a1b95679d3ff6d2c95d053bbdc5915552790efdb8ac2f5a13e10a6,False,MagneticTile,exp1_num_260482,4,-99
MT,MT::exp1_num_260927,MT_Free/Imgs/exp1_num_260927.jpg,exp1_num_260927.jpg,Free,none,266,217,1,18939,107c3ae497b75eb5b5eebcfcf07b1ec3a0b4308bdc41c45e8efa404bb9028ec5,False,MagneticTile,exp1_num_260927,4,-99
MT,MT::exp1_num_2610,MT_Free/Imgs/exp1_num_2610.jpg,exp1_num_2610.jpg,Free,none,283,121,1,12405,fe503a52846e0056517e2da4cd4fc46608a5253cce242b457f21dd4727c7ac64,False,MagneticTile,exp1_num_2610,4,-99
MT,MT::exp1_num_26106,MT_Break/Imgs/exp1_num_26106.jpg,exp1_num_26106.jpg,Break,none,309,513,1,36940,3e93ab7d4a1e6d0fc2f98fbe619af1fe1c2601e36305d8735dd62e7501c281b1,False,MagneticTile,exp1_num_26106,1,-99
MT,MT::exp1_num_261937,MT_Free/Imgs/exp1_num_261937.jpg,exp1_num_261937.jpg,Free,none,273,218,1,20671,ad7c2500668f33b3dfe1afe65c3e5304ac762cde23d01989b4c834e246923c3e,False,MagneticTile,exp1_num_261937,4,-99
MT,MT::exp1_num_262216,MT_Free/Imgs/exp1_num_262216.jpg,exp1_num_262216.jpg,Free,none,377,267,1,29415,fae31a17975af06539c234dcc24553a829f101d79a17365f9b4d1a642b35c3ce,False,MagneticTile,exp1_num_262216,4,-99
MT,MT::exp1_num_262480,MT_Blowhole/Imgs/exp1_num_262480.jpg,exp1_num_262480.jpg,Blowhole,none,246,196,1,16879,651bd0ab9f6e0b254b830233d93a7435db7de3422bacb29a8aae6009bff09fb5,False,MagneticTile,exp1_num_262480,0,-99
MT,MT::exp1_num_262642,MT_Free/Imgs/exp1_num_262642.jpg,exp1_num_262642.jpg,Free,none,381,265,1,32730,3b3e21b96926be0af93672e2444a4a4a2d01d92a642952f8979909240a1b1d20,False,MagneticTile,exp1_num_262642,4,-99
MT,MT::exp1_num_263839,MT_Free/Imgs/exp1_num_263839.jpg,exp1_num_263839.jpg,Free,none,371,269,1,31663,bcb40ba5cdfccd333abe80b233b74135e9701fb82c9fc6b86c5cf6d90d3ce94b,False,MagneticTile,exp1_num_263839,4,-99
MT,MT::exp1_num_264189,MT_Free/Imgs/exp1_num_264189.jpg,exp1_num_264189.jpg,Free,none,373,269,1,29366,248ca163ca25e86c5b032952f795165898a205e8b54d4c2b527fae190204cff2,False,MagneticTile,exp1_num_264189,4,-99
MT,MT::exp1_num_265077,MT_Blowhole/Imgs/exp1_num_265077.jpg,exp1_num_265077.jpg,Blowhole,none,356,265,1,29317,c57ae07d5daa20782508bc8156cae537cce71d044059cc7eb115cf6b4a857aa7,False,MagneticTile,exp1_num_265077,0,-99
MT,MT::exp1_num_265613,MT_Crack/Imgs/exp1_num_265613.jpg,exp1_num_265613.jpg,Crack,none,381,253,1,28948,a433a5979961cccaf2ed0ca25050eea19b66d1f61d936400cbd283f98f68fd0d,False,MagneticTile,exp1_num_265613,2,-99
MT,MT::exp1_num_266278,MT_Free/Imgs/exp1_num_266278.jpg,exp1_num_266278.jpg,Free,none,249,215,1,17690,efd67b7e1f1fc37d136ce5269be1068035974d9c9912fd4b0e6f3c94bafe7cbb,False,MagneticTile,exp1_num_266278,4,-99
MT,MT::exp1_num_266790,MT_Free/Imgs/exp1_num_266790.jpg,exp1_num_266790.jpg,Free,none,266,217,1,18626,1c2744d0d7220280b369b8bb3e85373b14920e49c8de9ae361c4d3bad35742ba,False,MagneticTile,exp1_num_266790,4,-99
MT,MT::exp1_num_269086,MT_Free/Imgs/exp1_num_269086.jpg,exp1_num_269086.jpg,Free,none,277,216,1,18444,d0f1712870fb878e19fca938ef01d1caa4786cbb84663951d9f7bd3bbd543163,False,MagneticTile,exp1_num_269086,4,-99
MT,MT::exp1_num_269626,MT_Free/Imgs/exp1_num_269626.jpg,exp1_num_269626.jpg,Free,none,265,219,1,17894,e88f8c3358d20ac9e8cb346302e0a0bcd1a36565076d90cd848e16669d7ee315,False,MagneticTile,exp1_num_269626,4,-99
MT,MT::exp1_num_270128,MT_Uneven/Imgs/exp1_num_270128.jpg,exp1_num_270128.jpg,Uneven,none,359,245,1,24498,4ac1343b5c40d96ea6915682041eceedd8f22c63385b0f90368954bbb006cde3,False,MagneticTile,exp1_num_270128,5,-99
MT,MT::exp1_num_270550,MT_Free/Imgs/exp1_num_270550.jpg,exp1_num_270550.jpg,Free,none,330,245,1,24615,df050318c3a57f1249750c598e70b8542c7d863f634258c55ae1f04a0a8b3696,False,MagneticTile,exp1_num_270550,4,-99
MT,MT::exp1_num_270753,MT_Free/Imgs/exp1_num_270753.jpg,exp1_num_270753.jpg,Free,none,281,221,1,21499,9e4421f6f754dc141479ab5179e625fce5bc2cf83857b44440efe04949285f81,False,MagneticTile,exp1_num_270753,4,-99
MT,MT::exp1_num_271361,MT_Break/Imgs/exp1_num_271361.jpg,exp1_num_271361.jpg,Break,none,281,217,1,20266,489d156892a6d6e10b38a48856dd46ed6466fd80e66857eadd21909af1b562dc,False,MagneticTile,exp1_num_271361,1,-99
MT,MT::exp1_num_274094,MT_Uneven/Imgs/exp1_num_274094.jpg,exp1_num_274094.jpg,Uneven,none,270,214,1,18667,637323d9a6a64dc3620e57f0a66916d3afe5d365372c051c50fb5c31d505f0f2,False,MagneticTile,exp1_num_274094,5,-99
MT,MT::exp1_num_275371,MT_Free/Imgs/exp1_num_275371.jpg,exp1_num_275371.jpg,Free,none,373,259,1,30842,4717b7744a6dffea0529a2feab46b4765fd57e17b2952c9d261154a51b822cf6,False,MagneticTile,exp1_num_275371,4,-99
MT,MT::exp1_num_275662,MT_Free/Imgs/exp1_num_275662.jpg,exp1_num_275662.jpg,Free,none,362,268,1,30479,d641b1b7d66a1d2bd6b3c3e0e7751685f93d8311cb10d3679be91500b720635f,False,MagneticTile,exp1_num_275662,4,-99
MT,MT::exp1_num_276355,MT_Crack/Imgs/exp1_num_276355.jpg,exp1_num_276355.jpg,Crack,none,389,236,1,29407,61bdbdc818fb8b9dc4269f99eb447db22e5f0c6ec7ee0e785a8300c26e1221d2,False,MagneticTile,exp1_num_276355,2,-99
MT,MT::exp1_num_276985,MT_Free/Imgs/exp1_num_276985.jpg,exp1_num_276985.jpg,Free,none,365,261,1,29400,7986ab4f0f02cddf4cf7ada086e91f7ec56166ee27d038a115640fe20256af2d,False,MagneticTile,exp1_num_276985,4,-99
MT,MT::exp1_num_278570,MT_Free/Imgs/exp1_num_278570.jpg,exp1_num_278570.jpg,Free,none,363,266,1,31442,f16c7f702a13724f349c808978a2d5e69490bed33c6fbd34feeea661d4a04fd2,False,MagneticTile,exp1_num_278570,4,-99
MT,MT::exp1_num_279090,MT_Free/Imgs/exp1_num_279090.jpg,exp1_num_279090.jpg,Free,none,375,269,1,30111,cc86a8d8766b2f9bcf47e2ce20db9b8221f2cc0254edc1d2a0790a531b1d0bc4,False,MagneticTile,exp1_num_279090,4,-99
MT,MT::exp1_num_280205,MT_Free/Imgs/exp1_num_280205.jpg,exp1_num_280205.jpg,Free,none,351,254,1,30245,f97582b73eeec1aa2b98e32feac6840187404c5463832550892878e3d4c40aa5,False,MagneticTile,exp1_num_280205,4,-99
MT,MT::exp1_num_280939,MT_Free/Imgs/exp1_num_280939.jpg,exp1_num_280939.jpg,Free,none,359,236,1,23222,04af4f946d3dba4018da1c0133839a6acf38eea25d2cd7ededaf8608cd6a7cea,False,MagneticTile,exp1_num_280939,4,-99
MT,MT::exp1_num_282886,MT_Free/Imgs/exp1_num_282886.jpg,exp1_num_282886.jpg,Free,none,354,254,1,23481,ab91238a9579cada7b6b56d2a6eb760b0779c1638b467f4ad463d54b13ccb543,False,MagneticTile,exp1_num_282886,4,-99
MT,MT::exp1_num_283203,MT_Free/Imgs/exp1_num_283203.jpg,exp1_num_283203.jpg,Free,none,283,246,1,20538,f766ad8f7205c5fe8694230b6236a538a63014b430a9357fc6bb2087902c5a82,False,MagneticTile,exp1_num_283203,4,-99
MT,MT::exp1_num_28341,MT_Uneven/Imgs/exp1_num_28341.jpg,exp1_num_28341.jpg,Uneven,none,333,522,1,45341,17ea07b048f3747be556e5a7ef266f8349039ca31e03e00cf3d5dfd518baf78e,False,MagneticTile,exp1_num_28341,5,-99
MT,MT::exp1_num_284482,MT_Break/Imgs/exp1_num_284482.jpg,exp1_num_284482.jpg,Break,none,367,253,1,28119,0882d513fe9cf7041c2322623308503413083cea927b51138b67f85bee806736,False,MagneticTile,exp1_num_284482,1,-99
MT,MT::exp1_num_284841,MT_Free/Imgs/exp1_num_284841.jpg,exp1_num_284841.jpg,Free,none,353,247,1,23742,d07fd5f3819dcd7673d5d2b1ea62c31cfcfb69e90329f6d479cc4060c542e777,False,MagneticTile,exp1_num_284841,4,-99
MT,MT::exp1_num_286232,MT_Free/Imgs/exp1_num_286232.jpg,exp1_num_286232.jpg,Free,none,343,283,1,27109,9b0ef174e593bb4e1d372478ed79f9b22deaf0178273473a9e6ced51fb57eacb,False,MagneticTile,exp1_num_286232,4,-99
MT,MT::exp1_num_289590,MT_Free/Imgs/exp1_num_289590.jpg,exp1_num_289590.jpg,Free,none,337,304,1,27564,2e13ee7edf2fc588161ce2ed40b2bca671c8cdbc17b9565aab809349fd75f1b1,False,MagneticTile,exp1_num_289590,4,-99
MT,MT::exp1_num_290047,MT_Free/Imgs/exp1_num_290047.jpg,exp1_num_290047.jpg,Free,none,343,309,1,32041,7e981ea8db54d6e8ff0c983e807997e699fe76142a48967c7c1da2b651c01cdd,False,MagneticTile,exp1_num_290047,4,-99
MT,MT::exp1_num_290998,MT_Blowhole/Imgs/exp1_num_290998.jpg,exp1_num_290998.jpg,Blowhole,none,352,289,1,32878,b4019c3e19a848d2c12f7de37d93409a55937ac51a41cf67ebb89822feb7dbfd,False,MagneticTile,exp1_num_290998,0,-99
MT,MT::exp1_num_292087,MT_Free/Imgs/exp1_num_292087.jpg,exp1_num_292087.jpg,Free,none,328,289,1,29714,9c0eb606f1aa560341acc9f856b35721c961ae733aa58e8000d0b27ca4756a98,False,MagneticTile,exp1_num_292087,4,-99
MT,MT::exp1_num_293254,MT_Free/Imgs/exp1_num_293254.jpg,exp1_num_293254.jpg,Free,none,323,292,1,25082,3f3d652200b152ae3d7c4c3e802d74c59e4e9ec1b7c540b02207c93795f05aad,False,MagneticTile,exp1_num_293254,4,-99
MT,MT::exp1_num_293709,MT_Free/Imgs/exp1_num_293709.jpg,exp1_num_293709.jpg,Free,none,332,296,1,28154,6d5a02dca74242e174b6e4e3433f033e7546072c501297ca9c1f1349ef2dccb0,False,MagneticTile,exp1_num_293709,4,-99
MT,MT::exp1_num_29469,MT_Free/Imgs/exp1_num_29469.jpg,exp1_num_29469.jpg,Free,none,320,525,1,39538,8d909231b417e4f682256a1011ee882e6d5f868f67edf6570d6cde697a8ea851,False,MagneticTile,exp1_num_29469,4,-99
MT,MT::exp1_num_296631,MT_Free/Imgs/exp1_num_296631.jpg,exp1_num_296631.jpg,Free,none,350,308,1,29751,a32ef808ab9179b4abe703af43e5d737df8772de98e88d81767ba48664734b66,False,MagneticTile,exp1_num_296631,4,-99
MT,MT::exp1_num_297276,MT_Free/Imgs/exp1_num_297276.jpg,exp1_num_297276.jpg,Free,none,345,311,1,31899,fe811674a4409c7d2feb034cb33bd9bf4d15c6937b8814cdcea62991706b2eb8,False,MagneticTile,exp1_num_297276,4,-99
MT,MT::exp1_num_297464,MT_Blowhole/Imgs/exp1_num_297464.jpg,exp1_num_297464.jpg,Blowhole,none,270,213,1,18298,34fb0ea17caab52cadc1447fe3bfd2e0b674962b73bc8b58f0675c427caccd92,False,MagneticTile,exp1_num_297464,0,-99
MT,MT::exp1_num_299713,MT_Free/Imgs/exp1_num_299713.jpg,exp1_num_299713.jpg,Free,none,266,218,1,19520,f800fdc97c79bcb4ee61270ca0192963bea4e28908c994eaa486dc7bbc70c357,False,MagneticTile,exp1_num_299713,4,-99
MT,MT::exp1_num_301474,MT_Free/Imgs/exp1_num_301474.jpg,exp1_num_301474.jpg,Free,none,360,360,1,34297,7d070fff41575e2ebfd42411dbadf66af4e8932c7fd4a58572a3641fdfa199e1,False,MagneticTile,exp1_num_301474,4,-99
MT,MT::exp1_num_304290,MT_Break/Imgs/exp1_num_304290.jpg,exp1_num_304290.jpg,Break,none,261,208,1,18942,89d1f9ee92400fd150209e565d08742879812d5109e9d6c741b83cec36828102,False,MagneticTile,exp1_num_304290,1,-99
MT,MT::exp1_num_304293,MT_Free/Imgs/exp1_num_304293.jpg,exp1_num_304293.jpg,Free,none,324,307,1,25838,85e8b01e0b51389a1deddf83755362fd65202d9bac2c79a7e4a289b8a686268f,False,MagneticTile,exp1_num_304293,4,-99
MT,MT::exp1_num_304672,MT_Free/Imgs/exp1_num_304672.jpg,exp1_num_304672.jpg,Free,none,306,309,1,26529,49951fd2cfa14a6a8647648fe4a0ae9951afed1f6a9f6464314391dd2271b30c,False,MagneticTile,exp1_num_304672,4,-99
MT,MT::exp1_num_304836,MT_Free/Imgs/exp1_num_304836.jpg,exp1_num_304836.jpg,Free,none,267,206,1,16431,03818c5e886449c559317eb308c89d6d3f83ce5633bb1d686e12e4a6eb76fb80,False,MagneticTile,exp1_num_304836,4,-99
MT,MT::exp1_num_306425,MT_Free/Imgs/exp1_num_306425.jpg,exp1_num_306425.jpg,Free,none,262,209,1,18674,b6df67524df95c448761f6ab26e8647ca88560b339d86614eea119fc4edcca21,False,MagneticTile,exp1_num_306425,4,-99
MT,MT::exp1_num_306586,MT_Free/Imgs/exp1_num_306586.jpg,exp1_num_306586.jpg,Free,none,365,348,1,31125,689f41f66ab833e2405d8042e9fcfbab7e813476076c04e5c552db00cfe65b6d,False,MagneticTile,exp1_num_306586,4,-99
MT,MT::exp1_num_308015,MT_Blowhole/Imgs/exp1_num_308015.jpg,exp1_num_308015.jpg,Blowhole,none,272,221,1,16592,324c259105bf2a2561df9459acec6a5bf712e16e9e263977044eeab5ae26a529,False,MagneticTile,exp1_num_308015,0,-99
MT,MT::exp1_num_308806,MT_Free/Imgs/exp1_num_308806.jpg,exp1_num_308806.jpg,Free,none,358,357,1,36853,60499074e50740e9edf324cd7d2fd3845ff3c10a9d28704fff67c7bd818b7794,False,MagneticTile,exp1_num_308806,4,-99
MT,MT::exp1_num_309352,MT_Free/Imgs/exp1_num_309352.jpg,exp1_num_309352.jpg,Free,none,362,362,1,31424,95c684ae66af530809440c70145555a3df41895e0607a55fedd4f4e65d418f21,False,MagneticTile,exp1_num_309352,4,-99
MT,MT::exp1_num_309648,MT_Free/Imgs/exp1_num_309648.jpg,exp1_num_309648.jpg,Free,none,270,218,1,19568,35b9cbdb974f360b95e08bb5ac9e3744abacea55a3ed2fa7505d192bf1d82602,False,MagneticTile,exp1_num_309648,4,-99
MT,MT::exp1_num_31106,MT_Free/Imgs/exp1_num_31106.jpg,exp1_num_31106.jpg,Free,none,281,122,1,13287,71ddacbffca2b682ba038703a9f7d0eec43a25e2a569893c560e490dee4ec749,False,MagneticTile,exp1_num_31106,4,-99
MT,MT::exp1_num_311322,MT_Free/Imgs/exp1_num_311322.jpg,exp1_num_311322.jpg,Free,none,268,220,1,21734,3dfdc1b42730d6fcbd96be8bcd8df7d0c919815fd110d49e3adf78bdea5198dc,False,MagneticTile,exp1_num_311322,4,-99
MT,MT::exp1_num_311809,MT_Uneven/Imgs/exp1_num_311809.jpg,exp1_num_311809.jpg,Uneven,none,280,224,1,20172,e7a818650cbe7450defc487aa6e5e3086c8279f0008a10312f4be91a154563e6,False,MagneticTile,exp1_num_311809,5,-99
MT,MT::exp1_num_313478,MT_Uneven/Imgs/exp1_num_313478.jpg,exp1_num_313478.jpg,Uneven,none,350,257,1,29470,6a2ec4829e73b03c475d73882aa47a334442a0f9820d771a01b190905f651d49,False,MagneticTile,exp1_num_313478,5,-99
MT,MT::exp1_num_313835,MT_Free/Imgs/exp1_num_313835.jpg,exp1_num_313835.jpg,Free,none,368,247,1,26301,bb82bda60425d2a3c0fd94465e30f245e9db916fefcffbce243f7f65a96f6f97,False,MagneticTile,exp1_num_313835,4,-99
MT,MT::exp1_num_314979,MT_Free/Imgs/exp1_num_314979.jpg,exp1_num_314979.jpg,Free,none,269,201,1,19222,f0864a049d5d089e196af29d4920434b0f338ffc2b7423780322033c66c9f03e,False,MagneticTile,exp1_num_314979,4,-99
MT,MT::exp1_num_316333,MT_Free/Imgs/exp1_num_316333.jpg,exp1_num_316333.jpg,Free,none,357,364,1,37798,87c1dcf71a6a877ccfb61d31b157d6a6fcf63c75b70347ed57eb86a40d39243f,False,MagneticTile,exp1_num_316333,4,-99
MT,MT::exp1_num_316698,MT_Free/Imgs/exp1_num_316698.jpg,exp1_num_316698.jpg,Free,none,364,348,1,31241,c00d5b955571f8c8eddcc31a88087045abde1b5a7d4aacd4f17686a6ebdb8733,False,MagneticTile,exp1_num_316698,4,-99
MT,MT::exp1_num_317483,MT_Blowhole/Imgs/exp1_num_317483.jpg,exp1_num_317483.jpg,Blowhole,none,269,218,1,18222,84fd212c6ff35095ae8f05fdece4e93f5a88f0b46b826bea9fc2f6b213c87940,False,MagneticTile,exp1_num_317483,0,-99
MT,MT::exp1_num_317560,MT_Free/Imgs/exp1_num_317560.jpg,exp1_num_317560.jpg,Free,none,353,372,1,36750,5134cf98d51706b724568e0656e8d3288bc2ff02e8ff3007621de2df68e022ea,False,MagneticTile,exp1_num_317560,4,-99
MT,MT::exp1_num_317885,MT_Free/Imgs/exp1_num_317885.jpg,exp1_num_317885.jpg,Free,none,364,360,1,31741,ef53da492d83bf2a04bfaa0312adbdc53246b39d77daebcd424db160a3bdf50b,False,MagneticTile,exp1_num_317885,4,-99
MT,MT::exp1_num_3191,MT_Crack/Imgs/exp1_num_3191.jpg,exp1_num_3191.jpg,Crack,none,370,469,1,50925,a91f7cd1f40d217554f89fd3dd97de4a0f2834e7a0e7a32e6ddb4ce25abf5b81,False,MagneticTile,exp1_num_3191,2,-99
MT,MT::exp1_num_319321,MT_Free/Imgs/exp1_num_319321.jpg,exp1_num_319321.jpg,Free,none,358,363,1,37703,750513b05a4abd7e970460d088537d01d6a7c4d4aff29b53c7b94ea002b0785d,False,MagneticTile,exp1_num_319321,4,-99
MT,MT::exp1_num_319420,MT_Free/Imgs/exp1_num_319420.jpg,exp1_num_319420.jpg,Free,none,274,222,1,19143,16175c497dc4b700cd8fa55659cce2d505923d94379358c0a9ed48d820c202c3,False,MagneticTile,exp1_num_319420,4,-99
MT,MT::exp1_num_319680,MT_Free/Imgs/exp1_num_319680.jpg,exp1_num_319680.jpg,Free,none,362,349,1,30411,30f50835a595e24e1c79f55ed47483c81c70f4fe3dcd2637b6c1da4158c5e678,False,MagneticTile,exp1_num_319680,4,-99
MT,MT::exp1_num_320441,MT_Free/Imgs/exp1_num_320441.jpg,exp1_num_320441.jpg,Free,none,368,359,1,40555,c7e9538a79200ce43e03a6689f08fc2af3ff1591c259082420e89a2ae033efc4,False,MagneticTile,exp1_num_320441,4,-99
MT,MT::exp1_num_320649,MT_Break/Imgs/exp1_num_320649.jpg,exp1_num_320649.jpg,Break,none,262,191,1,16524,0a11e60a9cab862d4f2870879aa3e3d0a13e39006e9c81bed3e52486968c7011,False,MagneticTile,exp1_num_320649,1,-99
MT,MT::exp1_num_320808,MT_Free/Imgs/exp1_num_320808.jpg,exp1_num_320808.jpg,Free,none,358,359,1,30745,8e085f2db368a53d09d361b2f8b07564788da3a41583a595ccd82b335167c797,False,MagneticTile,exp1_num_320808,4,-99
MT,MT::exp1_num_320895,MT_Free/Imgs/exp1_num_320895.jpg,exp1_num_320895.jpg,Free,none,358,359,1,30913,14c54b7d0b6dbb29f4d5ec5a39f622aa9c378ac5f9c7828a094f610bf972a627,False,MagneticTile,exp1_num_320895,4,-99
MT,MT::exp1_num_32128,MT_Crack/Imgs/exp1_num_32128.jpg,exp1_num_32128.jpg,Crack,none,285,122,1,12146,518361610ce8ed5e238664f5ad995dfa5dedf9e1c58f2545d48a8ceb9ca9acbb,False,MagneticTile,exp1_num_32128,2,-99
MT,MT::exp1_num_322605,MT_Blowhole/Imgs/exp1_num_322605.jpg,exp1_num_322605.jpg,Blowhole,none,257,204,1,16905,2a9754e340e61be9fc3b377ab3d0bc9e11ce11ed88020ac64ba812f30f87ae9b,False,MagneticTile,exp1_num_322605,0,-99
MT,MT::exp1_num_323319,MT_Free/Imgs/exp1_num_323319.jpg,exp1_num_323319.jpg,Free,none,272,219,1,17423,a2d84f6a9f382e9a8d5d96fcdac99709bd07b093a14da0b716ffcea8e60e13ee,False,MagneticTile,exp1_num_323319,4,-99
MT,MT::exp1_num_326586,MT_Free/Imgs/exp1_num_326586.jpg,exp1_num_326586.jpg,Free,none,348,374,1,37427,c4ed32ac79b577a6cf7fefa68a322b5ac9dc110007077778bb03132aa6953d70,False,MagneticTile,exp1_num_326586,4,-99
MT,MT::exp1_num_326904,MT_Free/Imgs/exp1_num_326904.jpg,exp1_num_326904.jpg,Free,none,362,355,1,30333,0026ea247288d7f7d9a5a3e013c8626710d041c7da296eeb5d2e9a232b6ef9f2,False,MagneticTile,exp1_num_326904,4,-99
MT,MT::exp1_num_327970,MT_Blowhole/Imgs/exp1_num_327970.jpg,exp1_num_327970.jpg,Blowhole,none,349,360,1,28449,f3dfb6241458d21a847f1c59ee69df72dcb85ac185bfd1b7b5cd648e6b4d757f,False,MagneticTile,exp1_num_327970,0,-99
MT,MT::exp1_num_329206,MT_Free/Imgs/exp1_num_329206.jpg,exp1_num_329206.jpg,Free,none,358,374,1,36664,f9221c7da580ee9a3466ab8e672f5faa9aad8c6d1925b2bd754297721561eafb,False,MagneticTile,exp1_num_329206,4,-99
MT,MT::exp1_num_331149,MT_Fray/Imgs/exp1_num_331149.jpg,exp1_num_331149.jpg,Fray,none,372,369,1,33524,52b23b715dd92453d213246d4cafc1a8d8b1df919ef0963b0a8f65ee010fe2ef,False,MagneticTile,exp1_num_331149,3,-99
MT,MT::exp1_num_331931,MT_Free/Imgs/exp1_num_331931.jpg,exp1_num_331931.jpg,Free,none,355,352,1,34543,fa8fff755567ce136d8aca84a3d2c32b3e5d3c1c6b46dc30b1c64e3172da64c3,False,MagneticTile,exp1_num_331931,4,-99
MT,MT::exp1_num_332686,MT_Free/Imgs/exp1_num_332686.jpg,exp1_num_332686.jpg,Free,none,351,309,1,29853,53bd551009e2ab4234abcc8a59ff67101342517ebdf2c6aa11f9715fdb059801,False,MagneticTile,exp1_num_332686,4,-99
MT,MT::exp1_num_33365,MT_Uneven/Imgs/exp1_num_33365.jpg,exp1_num_33365.jpg,Uneven,none,313,520,1,41972,d7cd79c0fb25951b217e526aae76322daf96ac97db4a6ac51d3d79809a635ef9,False,MagneticTile,exp1_num_33365,5,-99
MT,MT::exp1_num_337646,MT_Free/Imgs/exp1_num_337646.jpg,exp1_num_337646.jpg,Free,none,384,484,1,52455,e842ed38e94b058b97f56b28a149f4e1b76c14cb10a9c6896f4479bcb200f616,False,MagneticTile,exp1_num_337646,4,-99
MT,MT::exp1_num_338856,MT_Free/Imgs/exp1_num_338856.jpg,exp1_num_338856.jpg,Free,none,373,492,1,52125,4fcb9b3c124ef9f3f7e5401467300b84d23539e5df78012a66b4e80f1208f724,False,MagneticTile,exp1_num_338856,4,-99
MT,MT::exp1_num_339819,MT_Crack/Imgs/exp1_num_339819.jpg,exp1_num_339819.jpg,Crack,none,371,390,1,41288,048755cbc6849c82478650316ecad0d7939c35e48804efe49b250e744dae76f0,False,MagneticTile,exp1_num_339819,2,-99
MT,MT::exp1_num_34078,MT_Free/Imgs/exp1_num_34078.jpg,exp1_num_34078.jpg,Free,none,318,523,1,35288,09d43e47622fc4e513729fdaf9943a9943a57e18549b908b2cbdf8268c5c169f,False,MagneticTile,exp1_num_34078,4,-99
MT,MT::exp1_num_342140,MT_Crack/Imgs/exp1_num_342140.jpg,exp1_num_342140.jpg,Crack,none,372,421,1,47759,24a793f67439ba559453b90ee7cfdcde4bdf096f0a68773505520d61e2445d98,False,MagneticTile,exp1_num_342140,2,-99
MT,MT::exp1_num_342849,MT_Free/Imgs/exp1_num_342849.jpg,exp1_num_342849.jpg,Free,none,370,517,1,40807,da06f09e3c8ed6dea8938eff05e1ff497b6c5e505021b717e1499d2339655f48,False,MagneticTile,exp1_num_342849,4,-99
MT,MT::exp1_num_344557,MT_Free/Imgs/exp1_num_344557.jpg,exp1_num_344557.jpg,Free,none,359,501,1,35573,4471f5a1f3dff9db0c674a5a2bb481740c9b89dd1790f6cf63edb9b418cbe86f,False,MagneticTile,exp1_num_344557,4,-99
MT,MT::exp1_num_346311,MT_Blowhole/Imgs/exp1_num_346311.jpg,exp1_num_346311.jpg,Blowhole,none,371,504,1,41166,7a6329c195dd122147fe9bc055e61a3c60543b3e1d26d9bdef827479500a0d8b,False,MagneticTile,exp1_num_346311,0,-99
MT,MT::exp1_num_348629,MT_Break/Imgs/exp1_num_348629.jpg,exp1_num_348629.jpg,Break,none,373,512,1,42539,38b84c98ff518fb4a17d8fe45df10ac86457baa476748f0f5fa27c3e41a90826,False,MagneticTile,exp1_num_348629,1,-99
MT,MT::exp1_num_349824,MT_Free/Imgs/exp1_num_349824.jpg,exp1_num_349824.jpg,Free,none,364,481,1,49850,8b1af28ffb7f57c9eaa2c9b250837db8fb78bd7f1a14994aa91542691ad21ede,False,MagneticTile,exp1_num_349824,4,-99
MT,MT::exp1_num_3504,MT_Free/Imgs/exp1_num_3504.jpg,exp1_num_3504.jpg,Free,none,271,127,1,12112,ca6be6b3245ccf2ae8589bd0c2eb2c5ea48400d0cd6190e881cc12ab87d7a557,False,MagneticTile,exp1_num_3504,4,-99
MT,MT::exp1_num_351039,MT_Free/Imgs/exp1_num_351039.jpg,exp1_num_351039.jpg,Free,none,355,490,1,49886,877aa6a1e3b30830d6d2ae81ad4b1ced6935b43bead3d12f3853ccdbd52e3d25,False,MagneticTile,exp1_num_351039,4,-99
MT,MT::exp1_num_351427,MT_Free/Imgs/exp1_num_351427.jpg,exp1_num_351427.jpg,Free,none,357,509,1,38387,e1cebd8f8680db334091900dc824767e1fc7b9970395a45daf0b95ee05471ea0,False,MagneticTile,exp1_num_351427,4,-99
MT,MT::exp1_num_352479,MT_Uneven/Imgs/exp1_num_352479.jpg,exp1_num_352479.jpg,Uneven,none,376,508,1,39288,866e58e4d93f86cf4c51d7ea0773018b4206339205386397b2dbd7cfe819a2b2,False,MagneticTile,exp1_num_352479,5,-99
MT,MT::exp1_num_354377,MT_Free/Imgs/exp1_num_354377.jpg,exp1_num_354377.jpg,Free,none,364,494,1,50374,dd42d28f5df1f4502625703aa6738d3f805c4abb0648bd2cd36c28501b620c75,False,MagneticTile,exp1_num_354377,4,-99
MT,MT::exp1_num_355636,MT_Free/Imgs/exp1_num_355636.jpg,exp1_num_355636.jpg,Free,none,372,483,1,53520,1644c61095fbffa66d84409bab74e135e90fb098c219e0aa98b2712b7a2a8d9b,False,MagneticTile,exp1_num_355636,4,-99
MT,MT::exp1_num_356718,MT_Break/Imgs/exp1_num_356718.jpg,exp1_num_356718.jpg,Break,none,376,504,1,41584,9367bafcb63cb251a30efef32dfb6fe650b61397a822dff2922e76e90a14afa7,False,MagneticTile,exp1_num_356718,1,-99
MT,MT::exp1_num_358102,MT_Free/Imgs/exp1_num_358102.jpg,exp1_num_358102.jpg,Free,none,369,476,1,53188,64efeb5786341029f34d8dd0fafc16241401ac8c24f1a1921d3e5f3685f91ffd,False,MagneticTile,exp1_num_358102,4,-99
MT,MT::exp1_num_358933,MT_Free/Imgs/exp1_num_358933.jpg,exp1_num_358933.jpg,Free,none,365,496,1,48145,ba23356bb4ab63a98bc5ebf412269ee39c89a78165e638ae309ef3f3f2d742c1,False,MagneticTile,exp1_num_358933,4,-99
MT,MT::exp1_num_359448,MT_Free/Imgs/exp1_num_359448.jpg,exp1_num_359448.jpg,Free,none,377,499,1,40280,8de1cc483af082f208c0b28c17f8506fa0d1f735696fe96bd2d3c41d2f78e042,False,MagneticTile,exp1_num_359448,4,-99
MT,MT::exp1_num_36290,MT_Blowhole/Imgs/exp1_num_36290.jpg,exp1_num_36290.jpg,Blowhole,none,281,117,1,12033,4ddc0ecbcfbc39cb03ee23392c029f4294199bbe1e548000f41729b113f87681,False,MagneticTile,exp1_num_36290,0,-99
MT,MT::exp1_num_3667,MT_Blowhole/Imgs/exp1_num_3667.jpg,exp1_num_3667.jpg,Blowhole,none,376,491,1,39047,748136262aa6b3be15252ee0b8d25735494f29e9cbac411cec429a7ed8898957,False,MagneticTile,exp1_num_3667,0,-99
MT,MT::exp1_num_37243,MT_Free/Imgs/exp1_num_37243.jpg,exp1_num_37243.jpg,Free,none,325,518,1,42991,8702647db6e62376b97e9b2b9a7a121e17bd873d1bb73b5edbf697084cf3b36a,False,MagneticTile,exp1_num_37243,4,-99
MT,MT::exp1_num_37262,MT_Free/Imgs/exp1_num_37262.jpg,exp1_num_37262.jpg,Free,none,277,126,1,11110,01356ba69ac75224cb956abfcc453df9c774f437a85c95cc788b7a0c6d03a9c3,False,MagneticTile,exp1_num_37262,4,-99
MT,MT::exp1_num_3786,MT_Free/Imgs/exp1_num_3786.jpg,exp1_num_3786.jpg,Free,none,275,116,1,10775,f3e29c7c8dad4ad84b4675e8d0c7da935984c89f38cf7c69c9aa5cf79e45005e,False,MagneticTile,exp1_num_3786,4,-99
MT,MT::exp1_num_37978,MT_Free/Imgs/exp1_num_37978.jpg,exp1_num_37978.jpg,Free,none,317,529,1,36197,c99a8fe4c6a6f2a9d0f8e8911a6312e09ab09f53f7445b1ffdf1571dd27de29d,False,MagneticTile,exp1_num_37978,4,-99
MT,MT::exp1_num_39412,MT_Free/Imgs/exp1_num_39412.jpg,exp1_num_39412.jpg,Free,none,281,126,1,13287,68816b96a1b19fc754b7b4711923e107467b55e09cfb95792422419cd3e82a13,False,MagneticTile,exp1_num_39412,4,-99
MT,MT::exp1_num_40410,MT_Blowhole/Imgs/exp1_num_40410.jpg,exp1_num_40410.jpg,Blowhole,none,290,113,1,11435,a3072b83ca50696acf7e4ff58f893e123e64833264a2b4f73dcc0356762eff61,False,MagneticTile,exp1_num_40410,0,-99
MT,MT::exp1_num_43817,MT_Free/Imgs/exp1_num_43817.jpg,exp1_num_43817.jpg,Free,none,315,527,1,36506,5e67e53678307826d496e4073f14c5ec7bce62b9e2d8602ee486983b75018bb2,False,MagneticTile,exp1_num_43817,4,-99
MT,MT::exp1_num_45007,MT_Uneven/Imgs/exp1_num_45007.jpg,exp1_num_45007.jpg,Uneven,none,334,507,1,42608,66175f1e967be5e37735f358087f5e71120182a4325310569ca31989ffb6018d,False,MagneticTile,exp1_num_45007,5,-99
MT,MT::exp1_num_4727,MT_Blowhole/Imgs/exp1_num_4727.jpg,exp1_num_4727.jpg,Blowhole,none,288,113,1,11009,464e45c3230a80ae5cb3445dd0c73eb3990746dbe91e9a0765930b63bbe7deed,False,MagneticTile,exp1_num_4727,0,-99
MT,MT::exp1_num_4944,MT_Blowhole/Imgs/exp1_num_4944.jpg,exp1_num_4944.jpg,Blowhole,none,282,116,1,11169,cd988e3d121eb5ceaebbb87a522bfb6bf183410319dae0cb964fc9729755b9dd,False,MagneticTile,exp1_num_4944,0,-99
MT,MT::exp1_num_50387,MT_Free/Imgs/exp1_num_50387.jpg,exp1_num_50387.jpg,Free,none,311,523,1,43253,e28cf8372485a574bdb7fd1fc82dc6fac6b6b6c065090f25cf909dec2080520c,False,MagneticTile,exp1_num_50387,4,-99
MT,MT::exp1_num_51080,MT_Free/Imgs/exp1_num_51080.jpg,exp1_num_51080.jpg,Free,none,323,524,1,39343,457e78cfc31f86a2442f4e72d59e81be4dac8517f94ff137cd3f0b87a87ee94f,False,MagneticTile,exp1_num_51080,4,-99
MT,MT::exp1_num_51674,MT_Blowhole/Imgs/exp1_num_51674.jpg,exp1_num_51674.jpg,Blowhole,none,284,112,1,11484,2516510653e631c552e46647e1b390684323e4984583576adfc3bfc92504e735,False,MagneticTile,exp1_num_51674,0,-99
MT,MT::exp1_num_524,MT_Uneven/Imgs/exp1_num_524.jpg,exp1_num_524.jpg,Uneven,none,288,113,1,10818,ce21725016d64378f24c221b04e3140e3cf63ee3d6b2e3474da54ed2ad81bfc6,False,MagneticTile,exp1_num_524,5,-99
MT,MT::exp1_num_52659,MT_Free/Imgs/exp1_num_52659.jpg,exp1_num_52659.jpg,Free,none,291,109,1,11811,20292027548598d72203f6b00a8d8975b9c48103f0adb76a4431b53dd6a70c75,False,MagneticTile,exp1_num_52659,4,-99
MT,MT::exp1_num_53011,MT_Free/Imgs/exp1_num_53011.jpg,exp1_num_53011.jpg,Free,none,336,516,1,43967,9e404322b7d12f5e03e3211dcc3f9f2151003b44a57b952335f6bc1b5e4544a1,False,MagneticTile,exp1_num_53011,4,-99
MT,MT::exp1_num_54107,MT_Free/Imgs/exp1_num_54107.jpg,exp1_num_54107.jpg,Free,none,337,535,1,41109,6d058f6ab465f726689f56e8f24e63e5c3298efd8235285454be7cb377189219,False,MagneticTile,exp1_num_54107,4,-99
MT,MT::exp1_num_54246,MT_Blowhole/Imgs/exp1_num_54246.jpg,exp1_num_54246.jpg,Blowhole,none,278,116,1,11434,9e9dc884bb2d56c2e594200127c1b1f14275a773b06e4c6593f7b58f73442bc5,False,MagneticTile,exp1_num_54246,0,-99
MT,MT::exp1_num_54901,MT_Free/Imgs/exp1_num_54901.jpg,exp1_num_54901.jpg,Free,none,283,129,1,11434,7fa5c207366dfa4c1bebecde480416d9cfa1a2c4088a4020d4bdfae60b66e44d,False,MagneticTile,exp1_num_54901,4,-99
MT,MT::exp1_num_5907,MT_Free/Imgs/exp1_num_5907.jpg,exp1_num_5907.jpg,Free,none,330,521,1,44599,cfb74c93af2f06825a487b399e9d743967677df404592be5da7b4a29db04d091,False,MagneticTile,exp1_num_5907,4,-99
MT,MT::exp1_num_61310,MT_Free/Imgs/exp1_num_61310.jpg,exp1_num_61310.jpg,Free,none,286,117,1,10730,a93930eaa7eda4b79420c3b445babe1f3ec20fdacede7ab68095140d8d4a2730,False,MagneticTile,exp1_num_61310,4,-99
MT,MT::exp1_num_62553,MT_Break/Imgs/exp1_num_62553.jpg,exp1_num_62553.jpg,Break,none,287,115,1,11358,a14f754d04941c3ac5a88333733298b5deacce7792e4ed641863ed9c67034dff,False,MagneticTile,exp1_num_62553,1,-99
MT,MT::exp1_num_65001,MT_Free/Imgs/exp1_num_65001.jpg,exp1_num_65001.jpg,Free,none,331,519,1,43262,a4ebaa9840b0087efbc12c47bc748e297043a1df9dbc6a7475c926ab9805db0d,False,MagneticTile,exp1_num_65001,4,-99
MT,MT::exp1_num_6508,MT_Free/Imgs/exp1_num_6508.jpg,exp1_num_6508.jpg,Free,none,384,508,1,40925,847f6043d468ee79dce0f4dcd658d3a9cb26e2a9f2bae41a482b6c3a4b8646e0,False,MagneticTile,exp1_num_6508,4,-99
MT,MT::exp1_num_6539,MT_Free/Imgs/exp1_num_6539.jpg,exp1_num_6539.jpg,Free,none,286,120,1,12391,3eccc23900b3b0d6c5df97cd767884194453e491be6e23344085040e56f8d294,False,MagneticTile,exp1_num_6539,4,-99
MT,MT::exp1_num_68359,MT_Free/Imgs/exp1_num_68359.jpg,exp1_num_68359.jpg,Free,none,287,126,1,11863,6bb5566dff5ed5d6f06e84243d37bf4cad7ace6e9fb6214250a17cb834b086ed,False,MagneticTile,exp1_num_68359,4,-99
MT,MT::exp1_num_69803,MT_Free/Imgs/exp1_num_69803.jpg,exp1_num_69803.jpg,Free,none,278,119,1,11857,394173a9f5df31ae6b3d6b1c346ea86622841db0bb089e4ca8a0559b78e3df21,False,MagneticTile,exp1_num_69803,4,-99
MT,MT::exp1_num_6984,MT_Blowhole/Imgs/exp1_num_6984.jpg,exp1_num_6984.jpg,Blowhole,none,361,474,1,47028,3f1ac730a8a072c2ba325a7b53cefc8e545c02d80367aec503c657bd1ad98bf7,False,MagneticTile,exp1_num_6984,0,-99
MT,MT::exp1_num_70491,MT_Free/Imgs/exp1_num_70491.jpg,exp1_num_70491.jpg,Free,none,276,121,1,11258,d666c6fa9a39805cb12ae3cde2ab962993eec1228500d02a57fd30c4f730d6de,False,MagneticTile,exp1_num_70491,4,-99
MT,MT::exp1_num_71177,MT_Free/Imgs/exp1_num_71177.jpg,exp1_num_71177.jpg,Free,none,281,125,1,11036,06aabe3d1c625b655c3dbf75c6a6c037574913d87c66ed096f2f6bec662a4eae,False,MagneticTile,exp1_num_71177,4,-99
MT,MT::exp1_num_75090,MT_Free/Imgs/exp1_num_75090.jpg,exp1_num_75090.jpg,Free,none,261,611,1,39715,2ac18aaa2ab3a97632630e73340e8cb7a4a7296076dc36604b0f06535b3b73af,False,MagneticTile,exp1_num_75090,4,-99
MT,MT::exp1_num_77531,MT_Fray/Imgs/exp1_num_77531.jpg,exp1_num_77531.jpg,Fray,none,232,601,1,36027,389c17b2edbce6706418bb46e192ae6af6d939eb7448e291861f311cb74f8e6e,False,MagneticTile,exp1_num_77531,3,-99
MT,MT::exp1_num_7871,MT_Free/Imgs/exp1_num_7871.jpg,exp1_num_7871.jpg,Free,none,292,122,1,11946,8c6fa08548151406c4b26026c32ba0232f6d1ff084be8f46c88ee41fb2566fd4,False,MagneticTile,exp1_num_7871,4,-99
MT,MT::exp1_num_824,MT_Free/Imgs/exp1_num_824.jpg,exp1_num_824.jpg,Free,none,358,484,1,48612,6f96b6b9105e2c2dd7a3a8ad8ea795b92ff0fd2c8e17eb941754a088c202ca29,False,MagneticTile,exp1_num_824,4,-99
MT,MT::exp1_num_855,MT_Free/Imgs/exp1_num_855.jpg,exp1_num_855.jpg,Free,none,295,251,1,27205,77cdf16eac2d6a008633c49e96cc1bbf54e37fa46d8e27ec301af891711e8796,False,MagneticTile,exp1_num_855,4,-99
MT,MT::exp1_num_85781,MT_Crack/Imgs/exp1_num_85781.jpg,exp1_num_85781.jpg,Crack,none,242,606,1,37905,80bdc7316734d3c2f8dea79bdc46f8436c818f9a3870d3502fa04566db9e2c96,False,MagneticTile,exp1_num_85781,2,-99
MT,MT::exp1_num_86828,MT_Crack/Imgs/exp1_num_86828.jpg,exp1_num_86828.jpg,Crack,none,243,599,1,37669,61cecea6f7cadb5b7931a7d5d590933920690b790620a8a756a336c76840e4f5,False,MagneticTile,exp1_num_86828,2,-99
MT,MT::exp1_num_90966,MT_Free/Imgs/exp1_num_90966.jpg,exp1_num_90966.jpg,Free,none,243,604,1,36517,ba1211e80ad496a4d7eb8ac48d5acc031c6dc53057a13b7f46091e9477017a5c,False,MagneticTile,exp1_num_90966,4,-99
MT,MT::exp1_num_9473,MT_Blowhole/Imgs/exp1_num_9473.jpg,exp1_num_9473.jpg,Blowhole,none,382,456,1,49881,465646bcd6d963107f8afc83a0bb30f565220f9092eeda7a3fa418c123ee215e,False,MagneticTile,exp1_num_9473,0,-99
MT,MT::exp1_num_94899,MT_Free/Imgs/exp1_num_94899.jpg,exp1_num_94899.jpg,Free,none,245,616,1,39607,52fe5fcddad3854259464ce07cd9c807c8d4596e397cb1dc309eb9ae06d85d18,False,MagneticTile,exp1_num_94899,4,-99
MT,MT::exp1_num_98080,MT_Break/Imgs/exp1_num_98080.jpg,exp1_num_98080.jpg,Break,none,266,586,1,42328,eb5d30ca4e1357b303cf792d5127255efb9ed8ff9224203afab8ef6a9147cabb,False,MagneticTile,exp1_num_98080,1,-99
MT,MT::exp2_num_10202,MT_Free/Imgs/exp2_num_10202.jpg,exp2_num_10202.jpg,Free,none,374,512,1,50637,adb81cdfe3bf7bd8073048ec2a14e00c1ce7aac14e81c6cd98ed606bccf2867f,False,MagneticTile,exp2_num_10202,4,-99
MT,MT::exp2_num_10410,MT_Free/Imgs/exp2_num_10410.jpg,exp2_num_10410.jpg,Free,none,333,528,1,43972,347c51c6de4eb223758f68d59f4299c5172f7b7091f3a34c9070a7c099817bbc,False,MagneticTile,exp2_num_10410,4,-99
MT,MT::exp2_num_105807,MT_Break/Imgs/exp2_num_105807.jpg,exp2_num_105807.jpg,Break,none,286,610,1,53632,62ded3f022f2c7e41273c01a037b9ff1cb70a26e86d5addef2c4bf5d232641aa,False,MagneticTile,exp2_num_105807,1,-99
MT,MT::exp2_num_106169,MT_Free/Imgs/exp2_num_106169.jpg,exp2_num_106169.jpg,Free,none,354,254,1,28297,127016b12235b5f76f9466f92ca5360d9dc3e4b3cefad7fefbd553acb64245bb,False,MagneticTile,exp2_num_106169,4,-99
MT,MT::exp2_num_106752,MT_Free/Imgs/exp2_num_106752.jpg,exp2_num_106752.jpg,Free,none,334,258,1,31449,396006bbab159e67300ac40c876dfd28fc964148a8411e412904cc87920c102d,False,MagneticTile,exp2_num_106752,4,-99
MT,MT::exp2_num_108741,MT_Blowhole/Imgs/exp2_num_108741.jpg,exp2_num_108741.jpg,Blowhole,none,375,265,1,33124,3fcfd32045ead14c178e3b9e47bc767ec306bc17c39595699ee3e9a64500c060,False,MagneticTile,exp2_num_108741,0,-99
MT,MT::exp2_num_108923,MT_Blowhole/Imgs/exp2_num_108923.jpg,exp2_num_108923.jpg,Blowhole,none,375,265,1,33119,ef74e00f68614fd4479c9e468f9fdfd6e1baf4c668838ab5c849b01ca30c0dad,False,MagneticTile,exp2_num_108923,0,-99
MT,MT::exp2_num_109256,MT_Uneven/Imgs/exp2_num_109256.jpg,exp2_num_109256.jpg,Uneven,none,257,607,1,51172,93923d982e721792b9281a4913f76bfba157baece0a7f7082686d4d79dfe1397,False,MagneticTile,exp2_num_109256,5,-99
MT,MT::exp2_num_10931,MT_Free/Imgs/exp2_num_10931.jpg,exp2_num_10931.jpg,Free,none,343,503,1,42392,0d757eff05df4a36eba012f1eb1c39d9951ca3256b1a15080dcb12a5803f3e50,False,MagneticTile,exp2_num_10931,4,-99
MT,MT::exp2_num_110118,MT_Free/Imgs/exp2_num_110118.jpg,exp2_num_110118.jpg,Free,none,248,609,1,41937,9b0d015555c75a713c15df64402dee20ffd025d3d896120534078b9ac6edb0a5,False,MagneticTile,exp2_num_110118,4,-99
MT,MT::exp2_num_11292,MT_Free/Imgs/exp2_num_11292.jpg,exp2_num_11292.jpg,Free,none,361,478,1,54134,af1fd24271be96ef7b92f07a69d454d76a5b3b7d7c11d1e8d59af590ab15379e,False,MagneticTile,exp2_num_11292,4,-99
MT,MT::exp2_num_114403,MT_Free/Imgs/exp2_num_114403.jpg,exp2_num_114403.jpg,Free,none,372,258,1,34721,fc3fa6d3b7d10acb00a8a560d791b73ac011f524e1654dd7eb530b486824a987,False,MagneticTile,exp2_num_114403,4,-99
MT,MT::exp2_num_116286,MT_Free/Imgs/exp2_num_116286.jpg,exp2_num_116286.jpg,Free,none,252,602,1,51056,6282529af8f8ff6d04d0cde3168fc915a7c212eb4544054f0d17546867149e5f,False,MagneticTile,exp2_num_116286,4,-99
MT,MT::exp2_num_116527,MT_Crack/Imgs/exp2_num_116527.jpg,exp2_num_116527.jpg,Crack,none,353,291,1,35133,b49808c8a5effaaf1360a359fe8866245579b0efeabe4fbd2ef811d492075613,False,MagneticTile,exp2_num_116527,2,-99
MT,MT::exp2_num_116961,MT_Break/Imgs/exp2_num_116961.jpg,exp2_num_116961.jpg,Break,none,256,608,1,45696,d8e3d86e8e1fc3fc6b2cf138b2b4c9af469600499f067f6c7d037149c270ed12,False,MagneticTile,exp2_num_116961,1,-99
MT,MT::exp2_num_116971,MT_Free/Imgs/exp2_num_116971.jpg,exp2_num_116971.jpg,Free,none,299,301,1,30809,b1badcad5540354e8bba879d8bc6827484c12a3714a81a28659427a70bd76534,False,MagneticTile,exp2_num_116971,4,-99
MT,MT::exp2_num_118897,MT_Free/Imgs/exp2_num_118897.jpg,exp2_num_118897.jpg,Free,none,253,605,1,50066,811df8676e5459312cf6623caef8bad4ef739e7f3790e08222aea8580ba376f3,False,MagneticTile,exp2_num_118897,4,-99
MT,MT::exp2_num_124592,MT_Uneven/Imgs/exp2_num_124592.jpg,exp2_num_124592.jpg,Uneven,none,246,586,1,43142,e21079b0c0bccb937dad783435a8e7c9ea1a1f61262b7bb670e9f5a13e27af1c,False,MagneticTile,exp2_num_124592,5,-99
MT,MT::exp2_num_126325,MT_Free/Imgs/exp2_num_126325.jpg,exp2_num_126325.jpg,Free,none,331,310,1,31788,411efaaf9054ae330b049b335cb582c1951e9ed4205812f06a80830cb0879fd9,False,MagneticTile,exp2_num_126325,4,-99
MT,MT::exp2_num_126814,MT_Free/Imgs/exp2_num_126814.jpg,exp2_num_126814.jpg,Free,none,339,309,1,36304,6970aee94d1b7ea90e49627e2e96488a415f52572256aa55845954e3435b3174,False,MagneticTile,exp2_num_126814,4,-99
MT,MT::exp2_num_127664,MT_Free/Imgs/exp2_num_127664.jpg,exp2_num_127664.jpg,Free,none,346,298,1,32660,3ad516c61e82dd024cb8a39f8e31b9545ea2540018fc96385e8fd2ab1b42f859,False,MagneticTile,exp2_num_127664,4,-99
MT,MT::exp2_num_128095,MT_Free/Imgs/exp2_num_128095.jpg,exp2_num_128095.jpg,Free,none,346,313,1,34793,65fd41a1d7fe1170abce11efd45c81488c84f3c878cca66dccd6a03bc7877107,False,MagneticTile,exp2_num_128095,4,-99
MT,MT::exp2_num_129056,MT_Uneven/Imgs/exp2_num_129056.jpg,exp2_num_129056.jpg,Uneven,none,354,244,1,30540,723f8ca944a3caf3502c43f7d1f1cd5ffc926a24a0c19ceea2da5b920b24f2f2,False,MagneticTile,exp2_num_129056,5,-99
MT,MT::exp2_num_129608,MT_Free/Imgs/exp2_num_129608.jpg,exp2_num_129608.jpg,Free,none,357,258,1,34921,6d161fdbea30be9e1c4b7ba1aa8ba00e7c79ea16db2d02943b0649999c5ceb25,False,MagneticTile,exp2_num_129608,4,-99
MT,MT::exp2_num_13549,MT_Free/Imgs/exp2_num_13549.jpg,exp2_num_13549.jpg,Free,none,331,521,1,49666,e5b6a59d6d18f8f27d7e34a4cd646dec765250aad348fe1df9f24ad5450597e2,False,MagneticTile,exp2_num_13549,4,-99
MT,MT::exp2_num_135572,MT_Fray/Imgs/exp2_num_135572.jpg,exp2_num_135572.jpg,Fray,none,247,598,1,48160,1702f6beac8a70c4f9d13789682b906879aca2b097ef6bd8e7cd7e899d77b9f7,False,MagneticTile,exp2_num_135572,3,-99
MT,MT::exp2_num_136286,MT_Fray/Imgs/exp2_num_136286.jpg,exp2_num_136286.jpg,Fray,none,231,584,1,35080,0363dd1e8f1b2a317d8064405a36a237ff06d6df19bf1ce1dc79bc040349d04e,False,MagneticTile,exp2_num_136286,3,-99
MT,MT::exp2_num_138627,MT_Free/Imgs/exp2_num_138627.jpg,exp2_num_138627.jpg,Free,none,249,610,1,47162,421fe06539bc760ee2ebe4c68c7dbcd903c549ba5d92862283c030e6255dc691,False,MagneticTile,exp2_num_138627,4,-99
MT,MT::exp2_num_139820,MT_Uneven/Imgs/exp2_num_139820.jpg,exp2_num_139820.jpg,Uneven,none,239,604,1,48439,36dfe0b875ef7e4dd2676574f580a216f6a37136b8e25f527b83326bd3cdb100,False,MagneticTile,exp2_num_139820,5,-99
MT,MT::exp2_num_143192,MT_Free/Imgs/exp2_num_143192.jpg,exp2_num_143192.jpg,Free,none,254,602,1,48299,dbaef1af219ee5eb47e4cacb40e04ae34eb70202d8b17eb910c3c47a9ca1de4e,False,MagneticTile,exp2_num_143192,4,-99
MT,MT::exp2_num_144192,MT_Free/Imgs/exp2_num_144192.jpg,exp2_num_144192.jpg,Free,none,247,603,1,43903,b47703ab5d0fc4c9ee8608a1017df167e04164dea6f2bff7fc24d13df847b0e3,False,MagneticTile,exp2_num_144192,4,-99
MT,MT::exp2_num_147954,MT_Free/Imgs/exp2_num_147954.jpg,exp2_num_147954.jpg,Free,none,241,600,1,48772,9c5af4cec95abcf8784c2e7d1cea5b97e7a9acfacae78d14001dfce5c7e8a855,False,MagneticTile,exp2_num_147954,4,-99
MT,MT::exp2_num_148952,MT_Free/Imgs/exp2_num_148952.jpg,exp2_num_148952.jpg,Free,none,240,609,1,43091,41fee990823bf226510045decb0c45a2043a1d32df256503f03412cb35954860,False,MagneticTile,exp2_num_148952,4,-99
MT,MT::exp2_num_154576,MT_Free/Imgs/exp2_num_154576.jpg,exp2_num_154576.jpg,Free,none,318,197,1,25522,2285c2c14a976b0075f26ce6e194e061c17d8b20dc534fb2b12d426ba175fab8,False,MagneticTile,exp2_num_154576,4,-99
MT,MT::exp2_num_155333,MT_Uneven/Imgs/exp2_num_155333.jpg,exp2_num_155333.jpg,Uneven,none,311,192,1,23916,7c832af24c8b9e900157246b6671c3c82d11a8bc6df9c6acfb8d144d19623a48,False,MagneticTile,exp2_num_155333,5,-99
MT,MT::exp2_num_157196,MT_Free/Imgs/exp2_num_157196.jpg,exp2_num_157196.jpg,Free,none,315,200,1,22344,e97fc5ab6dfac12df8490a900ae4b8cd97be717e0eab2b335422b1da2fae9767,False,MagneticTile,exp2_num_157196,4,-99
MT,MT::exp2_num_157736,MT_Free/Imgs/exp2_num_157736.jpg,exp2_num_157736.jpg,Free,none,322,195,1,23118,9276685da7bd56d2b781ce184773932f0ab246ab5e1b5e8c9cbf8fd913458671,False,MagneticTile,exp2_num_157736,4,-99
MT,MT::exp2_num_16532,MT_Free/Imgs/exp2_num_16532.jpg,exp2_num_16532.jpg,Free,none,322,531,1,45637,ec94ad8d00f00996bf53e14a2a239dbe675e1f45079ae64a17469fb7cab8d6cf,False,MagneticTile,exp2_num_16532,4,-99
MT,MT::exp2_num_165392,MT_Free/Imgs/exp2_num_165392.jpg,exp2_num_165392.jpg,Free,none,313,203,1,24817,d8147a5f3472866f16837d1966859fda03527247d8e7a7fbafefdba10cc816de,False,MagneticTile,exp2_num_165392,4,-99
MT,MT::exp2_num_166200,MT_Free/Imgs/exp2_num_166200.jpg,exp2_num_166200.jpg,Free,none,322,196,1,23028,787b633242f5b64209e329fb59003efee5ce8d1c28575efdf445915faedb1e1a,False,MagneticTile,exp2_num_166200,4,-99
MT,MT::exp2_num_172267,MT_Uneven/Imgs/exp2_num_172267.jpg,exp2_num_172267.jpg,Uneven,none,325,181,1,22407,d09f31002ee457ba12b978fd7664f1ac3348cabd7787e0b5c6eac05a1e5b7c41,False,MagneticTile,exp2_num_172267,5,-99
MT,MT::exp2_num_174675,MT_Free/Imgs/exp2_num_174675.jpg,exp2_num_174675.jpg,Free,none,317,196,1,24409,e3b3a58631c885f2b5639170440b8d7a1c6e20e061d044a96b6a3c64ae335bcf,False,MagneticTile,exp2_num_174675,4,-99
MT,MT::exp2_num_177935,MT_Free/Imgs/exp2_num_177935.jpg,exp2_num_177935.jpg,Free,none,319,201,1,28605,b6884d7f59ae62a743155fd8c85fe49301774aa749710e6dfa3b86bbe96febfa,False,MagneticTile,exp2_num_177935,4,-99
MT,MT::exp2_num_178482,MT_Free/Imgs/exp2_num_178482.jpg,exp2_num_178482.jpg,Free,none,322,190,1,22667,24bc11f95cbf87b3844608d543eb0a796cfe4e814b3a057c962ce44584a0d80e,False,MagneticTile,exp2_num_178482,4,-99
MT,MT::exp2_num_180326,MT_Free/Imgs/exp2_num_180326.jpg,exp2_num_180326.jpg,Free,none,322,195,1,22091,8c3f1adda2dee8ef122f47fe5fe13f9815dc0fd2f5d9f681d0f05d7d90488f14,False,MagneticTile,exp2_num_180326,4,-99
MT,MT::exp2_num_180865,MT_Free/Imgs/exp2_num_180865.jpg,exp2_num_180865.jpg,Free,none,318,200,1,22042,297ad2c21b2f71222ea733d287cfb44cf52895a5c5e6e4ec897a51a1f7c4c62d,False,MagneticTile,exp2_num_180865,4,-99
MT,MT::exp2_num_18159,MT_Free/Imgs/exp2_num_18159.jpg,exp2_num_18159.jpg,Free,none,331,517,1,51791,5fd8f48b245c222961eaa9ae5fb394353b21e5865f251cb55c5bc1717741c030,False,MagneticTile,exp2_num_18159,4,-99
MT,MT::exp2_num_183171,MT_Free/Imgs/exp2_num_183171.jpg,exp2_num_183171.jpg,Free,none,321,196,1,27280,a3dc36e5052887d1d9b42fc26be3ff8bce44135ee80ddf4fbd8c1b30aaa7c841,False,MagneticTile,exp2_num_183171,4,-99
MT,MT::exp2_num_1836,MT_Free/Imgs/exp2_num_1836.jpg,exp2_num_1836.jpg,Free,none,275,247,1,19335,d95c706e60a4fbde3c5d74f15c81edbb77cceb9d6bace96ab7dc80653d7da2cd,False,MagneticTile,exp2_num_1836,4,-99
MT,MT::exp2_num_183825,MT_Free/Imgs/exp2_num_183825.jpg,exp2_num_183825.jpg,Free,none,321,195,1,24337,f8996b720b029996d0f3b368cc1267d2c6583a8c1bffdd8f183599bbde138b0e,False,MagneticTile,exp2_num_183825,4,-99
MT,MT::exp2_num_186858,MT_Uneven/Imgs/exp2_num_186858.jpg,exp2_num_186858.jpg,Uneven,none,311,194,1,24770,ce0503a15f28256a60e287b3d44f4bbc04ef5d887ea6320661b95573bcc04311,False,MagneticTile,exp2_num_186858,5,-99
MT,MT::exp2_num_187533,MT_Free/Imgs/exp2_num_187533.jpg,exp2_num_187533.jpg,Free,none,321,183,1,22793,68787a91a446af5dd31f2c5a4f1a86be5325cd68b971f2f854043d72030f5c71,False,MagneticTile,exp2_num_187533,4,-99
MT,MT::exp2_num_192155,MT_Free/Imgs/exp2_num_192155.jpg,exp2_num_192155.jpg,Free,none,322,187,1,26324,bf1c92f18327bb43b18fa1c60268c8a04737fa09f5fcd50889c3c86c360ebe1d,False,MagneticTile,exp2_num_192155,4,-99
MT,MT::exp2_num_193126,MT_Free/Imgs/exp2_num_193126.jpg,exp2_num_193126.jpg,Free,none,316,192,1,23386,8374bae74a7feb3691d51bf4a735e224e9780dba6e63e54da8bd35e54a05b4d3,False,MagneticTile,exp2_num_193126,4,-99
MT,MT::exp2_num_194202,MT_Break/Imgs/exp2_num_194202.jpg,exp2_num_194202.jpg,Break,none,326,188,1,25269,8b9ad1bbb8d1d1b9744a83d63a01b0f1fbfc52224362f42bf3e8535636ec6d76,False,MagneticTile,exp2_num_194202,1,-99
MT,MT::exp2_num_195672,MT_Free/Imgs/exp2_num_195672.jpg,exp2_num_195672.jpg,Free,none,311,182,1,21898,b7dc75bff3e4836b18c52f6cd2e923d07af495390a0dbbf4aae964dc9fc707b2,False,MagneticTile,exp2_num_195672,4,-99
MT,MT::exp2_num_19728,MT_Free/Imgs/exp2_num_19728.jpg,exp2_num_19728.jpg,Free,none,328,519,1,48613,d2fa9b69ce50bce502d07cb06b93ed470b682cf1ab35db76733850e0ad995e6a,False,MagneticTile,exp2_num_19728,4,-99
MT,MT::exp2_num_20390,MT_Fray/Imgs/exp2_num_20390.jpg,exp2_num_20390.jpg,Fray,none,308,531,1,42414,27e37897eb1c21e71197cbe0c40470685e892143ef13365a77cda96aa9353513,False,MagneticTile,exp2_num_20390,3,-99
MT,MT::exp2_num_2060,MT_Free/Imgs/exp2_num_2060.jpg,exp2_num_2060.jpg,Free,none,374,514,1,49426,9fbb221e445ef829e868a3951d2ef3a6f1c613324a8efcc15657d5967a57d8cc,False,MagneticTile,exp2_num_2060,4,-99
MT,MT::exp2_num_240063,MT_Free/Imgs/exp2_num_240063.jpg,exp2_num_240063.jpg,Free,none,365,274,1,35584,ccd5ac39a264234e9665ffaa015e0c02250b99f6405bf78b11c858e9126981d3,False,MagneticTile,exp2_num_240063,4,-99
MT,MT::exp2_num_241368,MT_Free/Imgs/exp2_num_241368.jpg,exp2_num_241368.jpg,Free,none,266,220,1,19827,58abcb669ed845a32aad75718645edaa9d134d0b9e4f7e942f418a75683abdaa,False,MagneticTile,exp2_num_241368,4,-99
MT,MT::exp2_num_241913,MT_Break/Imgs/exp2_num_241913.jpg,exp2_num_241913.jpg,Break,none,272,191,1,17461,b5456b59dca33a47ce58b7671a12d0c1d4d2948397b15c315dbb77555b8076c7,False,MagneticTile,exp2_num_241913,1,-99
MT,MT::exp2_num_245780,MT_Free/Imgs/exp2_num_245780.jpg,exp2_num_245780.jpg,Free,none,248,226,1,21047,2769e434f0819c99bc8caab4650a44654ea625341d721139c4633cbfac0f486f,False,MagneticTile,exp2_num_245780,4,-99
MT,MT::exp2_num_246323,MT_Free/Imgs/exp2_num_246323.jpg,exp2_num_246323.jpg,Free,none,273,222,1,22760,4f7972b5ff26da35ae2d09342486d308f5d297382193a124bd3ceab4e3d16b5d,False,MagneticTile,exp2_num_246323,4,-99
MT,MT::exp2_num_24815,MT_Uneven/Imgs/exp2_num_24815.jpg,exp2_num_24815.jpg,Uneven,none,328,506,1,49374,922e58dfa51113fc51bf349f76bf52713d102b5dccc30ae8de1e96526d193e65,False,MagneticTile,exp2_num_24815,5,-99
MT,MT::exp2_num_249619,MT_Crack/Imgs/exp2_num_249619.jpg,exp2_num_249619.jpg,Crack,none,264,221,1,22760,99e33412dd95f776e8ab5e8c625e25bf4a5c446404762c766797b35b0d1891df,False,MagneticTile,exp2_num_249619,2,-99
MT,MT::exp2_num_251454,MT_Free/Imgs/exp2_num_251454.jpg,exp2_num_251454.jpg,Free,none,258,222,1,21413,1275a59f51518a4e67cd89823e88f6ad6f1cd1144b4df21b2e66cb0eaed7d255,False,MagneticTile,exp2_num_251454,4,-99
MT,MT::exp2_num_255674,MT_Free/Imgs/exp2_num_255674.jpg,exp2_num_255674.jpg,Free,none,362,266,1,34313,763ba92fdb422f4b33b95823b0be34b48364507b1a9ec0d686189f79090baf86,False,MagneticTile,exp2_num_255674,4,-99
MT,MT::exp2_num_256286,MT_Free/Imgs/exp2_num_256286.jpg,exp2_num_256286.jpg,Free,none,373,268,1,33929,107f51de74bbddd33a2b5cd93dbcb16af75c62396f717f1407c13b91e32cb1c8,False,MagneticTile,exp2_num_256286,4,-99
MT,MT::exp2_num_257132,MT_Free/Imgs/exp2_num_257132.jpg,exp2_num_257132.jpg,Free,none,276,216,1,20721,8f72dcc9bcb0a22ca455b50b9f38e3f62729d47cf2c7d86f5039a8acfa389bbf,False,MagneticTile,exp2_num_257132,4,-99
MT,MT::exp2_num_257656,MT_Free/Imgs/exp2_num_257656.jpg,exp2_num_257656.jpg,Free,none,341,239,1,26693,1ff4dbc9b26b723da8f62c23ee73299c8de7c64d5cc5497cfa9e4778e5c3285e,False,MagneticTile,exp2_num_257656,4,-99
MT,MT::exp2_num_258536,MT_Fray/Imgs/exp2_num_258536.jpg,exp2_num_258536.jpg,Fray,none,347,236,1,26006,dee352b9a17bcfbfd0e00dc03222666279e8789f37b3b1e9c1f9567a6911d38f,False,MagneticTile,exp2_num_258536,3,-99
MT,MT::exp2_num_258847,MT_Free/Imgs/exp2_num_258847.jpg,exp2_num_258847.jpg,Free,none,264,226,1,20868,b63683a686a23db63db6b0e4fe3fb678c2495db8da5d5a78b82f14a99d3be056,False,MagneticTile,exp2_num_258847,4,-99
MT,MT::exp2_num_260505,MT_Free/Imgs/exp2_num_260505.jpg,exp2_num_260505.jpg,Free,none,264,223,1,21287,666f7b32efee62d41ec15cefcc27a6aca7ff984975dcaa2f49f586d4ae169685,False,MagneticTile,exp2_num_260505,4,-99
MT,MT::exp2_num_260949,MT_Free/Imgs/exp2_num_260949.jpg,exp2_num_260949.jpg,Free,none,273,217,1,21975,b5370142f75fdaccb3e1806ca8277e582a0318401b461999f7dc2972f626c72f,False,MagneticTile,exp2_num_260949,4,-99
MT,MT::exp2_num_26130,MT_Break/Imgs/exp2_num_26130.jpg,exp2_num_26130.jpg,Break,none,313,509,1,41762,908fb43d477e4087a213ca78df54cea28212657d9f67cd00386f19db163979c2,False,MagneticTile,exp2_num_26130,1,-99
MT,MT::exp2_num_261961,MT_Free/Imgs/exp2_num_261961.jpg,exp2_num_261961.jpg,Free,none,270,220,1,22862,0255c8775f8541213710df69ca7ca933850dcd5e26314177fce1f085ef267065,False,MagneticTile,exp2_num_261961,4,-99
MT,MT::exp2_num_262233,MT_Free/Imgs/exp2_num_262233.jpg,exp2_num_262233.jpg,Free,none,386,263,1,34209,d3efdc44d5146b279745dfdf91a1ac4bb78120098f97ba8bc95c223223d4afe4,False,MagneticTile,exp2_num_262233,4,-99
MT,MT::exp2_num_262572,MT_Blowhole/Imgs/exp2_num_262572.jpg,exp2_num_262572.jpg,Blowhole,none,231,187,1,17159,2eb2103c0bc91a1f770c38ff76980d445e483c65e4f442d2acd406f29feb5f14,False,MagneticTile,exp2_num_262572,0,-99
MT,MT::exp2_num_262661,MT_Free/Imgs/exp2_num_262661.jpg,exp2_num_262661.jpg,Free,none,365,264,1,35141,dbccd7e06c197123e6f1447f88760c7a2301c14bc7dd47826779e88363dcb173,False,MagneticTile,exp2_num_262661,4,-99
MT,MT::exp2_num_2627,MT_Free/Imgs/exp2_num_2627.jpg,exp2_num_2627.jpg,Free,none,275,122,1,13721,15e36d994943403f711b21721741bb85631ad5afbd1166437832da0adfb1a52f,False,MagneticTile,exp2_num_2627,4,-99
MT,MT::exp2_num_263852,MT_Free/Imgs/exp2_num_263852.jpg,exp2_num_263852.jpg,Free,none,379,265,1,36185,b1900c14ec374215894bbd1040f1517b54efea533e1c8299b7aad46d53630878,False,MagneticTile,exp2_num_263852,4,-99
MT,MT::exp2_num_264206,MT_Free/Imgs/exp2_num_264206.jpg,exp2_num_264206.jpg,Free,none,364,271,1,32841,b51c88863e70fca36a76f5d3d240824bedd73c0f780183271d55a1e870a6aac9,False,MagneticTile,exp2_num_264206,4,-99
MT,MT::exp2_num_265103,MT_Blowhole/Imgs/exp2_num_265103.jpg,exp2_num_265103.jpg,Blowhole,none,348,257,1,31605,82aa07d88c491a95d9fd897de2a166d5474746983e0a1f63273698933cf83676,False,MagneticTile,exp2_num_265103,0,-99
MT,MT::exp2_num_265639,MT_Crack/Imgs/exp2_num_265639.jpg,exp2_num_265639.jpg,Crack,none,383,260,1,33658,15efc0dd5c323fcf995fbdee31ea6be42f531a9b626219af67cefa2ca374774d,False,MagneticTile,exp2_num_265639,2,-99
MT,MT::exp2_num_266301,MT_Free/Imgs/exp2_num_266301.jpg,exp2_num_266301.jpg,Free,none,250,217,1,20386,570800e43bea6bea8c2e37a13de525f1f63248b7c6526353cce51f1b30d1bdf6,False,MagneticTile,exp2_num_266301,4,-99
MT,MT::exp2_num_266815,MT_Free/Imgs/exp2_num_266815.jpg,exp2_num_266815.jpg,Free,none,271,214,1,20814,ffc5d8680a18281046bbb25a07a0ed995565e58a72b182536174da17b43e1469,False,MagneticTile,exp2_num_266815,4,-99
MT,MT::exp2_num_269104,MT_Free/Imgs/exp2_num_269104.jpg,exp2_num_269104.jpg,Free,none,275,221,1,21493,685b7d47bbbaf70337eb3a088f028983c2d984deeeecfdd4bb72dc0f5daff956,False,MagneticTile,exp2_num_269104,4,-99
MT,MT::exp2_num_269652,MT_Free/Imgs/exp2_num_269652.jpg,exp2_num_269652.jpg,Free,none,270,219,1,20617,87e7e9368a55f0a67846ff431b268e230843890c822fb613536efb951efdb323,False,MagneticTile,exp2_num_269652,4,-99
MT,MT::exp2_num_270153,MT_Uneven/Imgs/exp2_num_270153.jpg,exp2_num_270153.jpg,Uneven,none,355,248,1,27601,125fe6a68bea0d351a66fec411f31e85c2d20bfd3d7f6ab0a477c31e3dc90b92,False,MagneticTile,exp2_num_270153,5,-99
MT,MT::exp2_num_270577,MT_Free/Imgs/exp2_num_270577.jpg,exp2_num_270577.jpg,Free,none,348,262,1,31522,77ae28f6a275e80dcab572f1b17a28e8e1bb534c136d32d9a2efc9971b07be53,False,MagneticTile,exp2_num_270577,4,-99
MT,MT::exp2_num_270781,MT_Free/Imgs/exp2_num_270781.jpg,exp2_num_270781.jpg,Free,none,281,218,1,23995,420ab68b7f2f70fd4c1443aaee6b5bf7e16318669d834e3207650eb6a5fb505b,False,MagneticTile,exp2_num_270781,4,-99
MT,MT::exp2_num_271384,MT_Break/Imgs/exp2_num_271384.jpg,exp2_num_271384.jpg,Break,none,283,215,1,22878,c1a167a5bb2096dd7c6eab7b2ffa125449f6cef090fac2a8aae9e345f1d3bedd,False,MagneticTile,exp2_num_271384,1,-99
MT,MT::exp2_num_274120,MT_Uneven/Imgs/exp2_num_274120.jpg,exp2_num_274120.jpg,Uneven,none,277,220,1,22963,9e8638c1e81910f7ab2737d6ea3c24844fae8b4cefd51cc89e20b183f03302c4,False,MagneticTile,exp2_num_274120,5,-99
MT,MT::exp2_num_275393,MT_Free/Imgs/exp2_num_275393.jpg,exp2_num_275393.jpg,Free,none,376,262,1,35549,379b336c00dc97fb91b2463e5970fbc33faafa428560379b3a907bfadd6ad1ff,False,MagneticTile,exp2_num_275393,4,-99
MT,MT::exp2_num_275685,MT_Free/Imgs/exp2_num_275685.jpg,exp2_num_275685.jpg,Free,none,370,272,1,35398,b85ead9e7e8e6f17929971ed2c813cf43d3990f72d5ef9aedae898c5fe6826a4,False,MagneticTile,exp2_num_275685,4,-99
MT,MT::exp2_num_276373,MT_Break/Imgs/exp2_num_276373.jpg,exp2_num_276373.jpg,Break,none,384,230,1,31358,4cb99b2fabde2200853bc6ccf4df091042e167872356df699e669fff8652986f,False,MagneticTile,exp2_num_276373,1,-99
MT,MT::exp2_num_277012,MT_Free/Imgs/exp2_num_277012.jpg,exp2_num_277012.jpg,Free,none,367,275,1,35200,dd08e0f7830612f6d16a7faa109913c8c07bf6f04e8078ab9edfad7dc82f86ac,False,MagneticTile,exp2_num_277012,4,-99
MT,MT::exp2_num_278584,MT_Free/Imgs/exp2_num_278584.jpg,exp2_num_278584.jpg,Free,none,377,265,1,36844,76cae47f3ffd27c41038b79b0d85deb6780c41fa4b77479ea077642e7f8cfe24,False,MagneticTile,exp2_num_278584,4,-99
MT,MT::exp2_num_279109,MT_Free/Imgs/exp2_num_279109.jpg,exp2_num_279109.jpg,Free,none,383,268,1,35154,07b8d617c3c4abfa6b6aef42d11948bf4a424a187a2f9e8084de22c0e313eee0,False,MagneticTile,exp2_num_279109,4,-99
MT,MT::exp2_num_280233,MT_Free/Imgs/exp2_num_280233.jpg,exp2_num_280233.jpg,Free,none,360,256,1,34851,a46c7e4dc2da0cd4fc480490c2e1dc41521ba05def187de312ce41f45bddbab2,False,MagneticTile,exp2_num_280233,4,-99
MT,MT::exp2_num_280962,MT_Free/Imgs/exp2_num_280962.jpg,exp2_num_280962.jpg,Free,none,361,246,1,27192,5b35f12dfe006d358b7cacc0ebb186b18e42596ac2bea37c861b139a1cb1a4ea,False,MagneticTile,exp2_num_280962,4,-99
MT,MT::exp2_num_282899,MT_Free/Imgs/exp2_num_282899.jpg,exp2_num_282899.jpg,Free,none,347,258,1,26582,b2de75d98819ffe6286525398a16a553c24383ea3095d0ccffa7f7df6d210ebd,False,MagneticTile,exp2_num_282899,4,-99
MT,MT::exp2_num_283218,MT_Free/Imgs/exp2_num_283218.jpg,exp2_num_283218.jpg,Free,none,327,242,1,26984,9b47b2719225ba3264a858a2564f976d3d3c448df02e82a70d76573f2a5354ba,False,MagneticTile,exp2_num_283218,4,-99
MT,MT::exp2_num_28359,MT_Uneven/Imgs/exp2_num_28359.jpg,exp2_num_28359.jpg,Uneven,none,332,511,1,50118,a86f8365f6e4e9ddabdddeb382c5a53dde9257e52541cd6be72304478f638613,False,MagneticTile,exp2_num_28359,5,-99
MT,MT::exp2_num_284506,MT_Break/Imgs/exp2_num_284506.jpg,exp2_num_284506.jpg,Break,none,357,253,1,31061,de66979145114480b5a98f7361d38907befa8c84bb893024a8765272186261e8,False,MagneticTile,exp2_num_284506,1,-99
MT,MT::exp2_num_284861,MT_Free/Imgs/exp2_num_284861.jpg,exp2_num_284861.jpg,Free,none,351,261,1,27909,41887750bc38c0c014312bceee3911eb3fa2b46c8fb49cd6ed514f59b4937086,False,MagneticTile,exp2_num_284861,4,-99
MT,MT::exp2_num_286251,MT_Free/Imgs/exp2_num_286251.jpg,exp2_num_286251.jpg,Free,none,352,294,1,33134,eba3854c6a92432701f30c0da6f0a88b2b64b8a8084ce2ea2684ac006b8b251d,False,MagneticTile,exp2_num_286251,4,-99
MT,MT::exp2_num_289612,MT_Free/Imgs/exp2_num_289612.jpg,exp2_num_289612.jpg,Free,none,344,314,1,32817,701d6a0585a587f4680805330aaed4c3f87f8ef73b45af91602f8020695329f6,False,MagneticTile,exp2_num_289612,4,-99
MT,MT::exp2_num_290068,MT_Free/Imgs/exp2_num_290068.jpg,exp2_num_290068.jpg,Free,none,346,315,1,37574,35177c2054512650787d5e47c7566741bd4193e65d87baf3a66624de89ff2d6b,False,MagneticTile,exp2_num_290068,4,-99
MT,MT::exp2_num_291023,MT_Blowhole/Imgs/exp2_num_291023.jpg,exp2_num_291023.jpg,Blowhole,none,356,294,1,38366,756ea1998ae2382fc6d141a223b82c54a1eef8028789eec4d95b86af877ae1da,False,MagneticTile,exp2_num_291023,0,-99
MT,MT::exp2_num_292109,MT_Free/Imgs/exp2_num_292109.jpg,exp2_num_292109.jpg,Free,none,328,298,1,34873,334d0115278b6bde898e6d27f7e80c4ced15410923abf98c91828645efc29500,False,MagneticTile,exp2_num_292109,4,-99
MT,MT::exp2_num_293276,MT_Free/Imgs/exp2_num_293276.jpg,exp2_num_293276.jpg,Free,none,334,302,1,30228,ff2a14e80be4fa6514d95cacdd0efdafefdf74811a0ad56bd96ffa8ceed8a1f7,False,MagneticTile,exp2_num_293276,4,-99
MT,MT::exp2_num_293729,MT_Free/Imgs/exp2_num_293729.jpg,exp2_num_293729.jpg,Free,none,322,327,1,33892,691bbcd21b45575895c3bf5288f05dae09b3bb525e3c1307e63f121bc769b060,False,MagneticTile,exp2_num_293729,4,-99
MT,MT::exp2_num_29493,MT_Free/Imgs/exp2_num_29493.jpg,exp2_num_29493.jpg,Free,none,320,530,1,45485,10fa79743fadc8a0b297ec6fac751df5a91fca016c799e01e0904adbde5486be,False,MagneticTile,exp2_num_29493,4,-99
MT,MT::exp2_num_296655,MT_Free/Imgs/exp2_num_296655.jpg,exp2_num_296655.jpg,Free,none,349,298,1,32997,7e9d2550a17a82f1039141b10181f87777746cafae1d2a617396b248a6c51008,False,MagneticTile,exp2_num_296655,4,-99
MT,MT::exp2_num_297298,MT_Free/Imgs/exp2_num_297298.jpg,exp2_num_297298.jpg,Free,none,341,312,1,35878,18eede3d9f2347b095890b9ab1bf08c8a31dab83f628d0fe07479e1d61fd98ca,False,MagneticTile,exp2_num_297298,4,-99
MT,MT::exp2_num_297490,MT_Blowhole/Imgs/exp2_num_297490.jpg,exp2_num_297490.jpg,Blowhole,none,267,220,1,21130,8c0547e749212f6b4af183f50f3702429ace73e6a5b87d0377661448c605b2c2,False,MagneticTile,exp2_num_297490,0,-99
MT,MT::exp2_num_299741,MT_Free/Imgs/exp2_num_299741.jpg,exp2_num_299741.jpg,Free,none,264,216,1,20998,7991efbad556977a8215c81ee5ca164368775e5e0e8f12f1fa869e2336d36828,False,MagneticTile,exp2_num_299741,4,-99
MT,MT::exp2_num_301499,MT_Free/Imgs/exp2_num_301499.jpg,exp2_num_301499.jpg,Free,none,369,370,1,41962,e7eacdf2c480c8282ec46609c1a08b292cdd47de29a48b9ecbaa0b9fbcee0753,False,MagneticTile,exp2_num_301499,4,-99
MT,MT::exp2_num_304305,MT_Break/Imgs/exp2_num_304305.jpg,exp2_num_304305.jpg,Break,none,262,206,1,21436,84dacaf1da6e1892b21939566e4cb9fb8a80f21fcff3d61281f714d7dab196c2,False,MagneticTile,exp2_num_304305,1,-99
MT,MT::exp2_num_304307,MT_Free/Imgs/exp2_num_304307.jpg,exp2_num_304307.jpg,Free,none,326,321,1,30538,0cb3d165b756250c71ca9bc1447a81358f982db17fb559a44bc5ebb7d1022f38,False,MagneticTile,exp2_num_304307,4,-99
MT,MT::exp2_num_304688,MT_Free/Imgs/exp2_num_304688.jpg,exp2_num_304688.jpg,Free,none,308,326,1,31445,5c317d09b41a5759eddadf344eb1403db0c0d14d93264516bea4f6fe3e7bd48a,False,MagneticTile,exp2_num_304688,4,-99
MT,MT::exp2_num_304861,MT_Free/Imgs/exp2_num_304861.jpg,exp2_num_304861.jpg,Free,none,285,230,1,22637,ee66a873bb5fd6452151685c5885d274c3362a8bb313faa20aea7a5afbb51597,False,MagneticTile,exp2_num_304861,4,-99
MT,MT::exp2_num_306443,MT_Free/Imgs/exp2_num_306443.jpg,exp2_num_306443.jpg,Free,none,272,228,1,22964,9ca24c9aa532568f1a45f67fb5cbd3bbb71a8fbc0e8e30d28c7564b7fdeffe86,False,MagneticTile,exp2_num_306443,4,-99
MT,MT::exp2_num_306609,MT_Free/Imgs/exp2_num_306609.jpg,exp2_num_306609.jpg,Free,none,370,365,1,37765,40d4e37f9d514723ae27ce594c7f85a5db29e013adbf0d4f893e98ced756115f,False,MagneticTile,exp2_num_306609,4,-99
MT,MT::exp2_num_308043,MT_Blowhole/Imgs/exp2_num_308043.jpg,exp2_num_308043.jpg,Blowhole,none,277,224,1,19498,03a562f4d62c1e9bff18e7983dd5c7a0c0ac40ab03a0ef6524405b1e780e53aa,False,MagneticTile,exp2_num_308043,0,-99
MT,MT::exp2_num_308824,MT_Free/Imgs/exp2_num_308824.jpg,exp2_num_308824.jpg,Free,none,361,369,1,43541,b0261119d43e7c24fc9dfd8cc3077d0ed19e8f3ec694da1674b559bf06fd6583,False,MagneticTile,exp2_num_308824,4,-99
MT,MT::exp2_num_309366,MT_Free/Imgs/exp2_num_309366.jpg,exp2_num_309366.jpg,Free,none,369,372,1,37206,6508efff2c51337f6b9d92c0e6f4008de6061c90b20517a09e5bb03567abc724,False,MagneticTile,exp2_num_309366,4,-99
MT,MT::exp2_num_309668,MT_Free/Imgs/exp2_num_309668.jpg,exp2_num_309668.jpg,Free,none,270,224,1,22324,89709fbe541e110a8608cb024dbda36d7098e1040feb598808173c95565eac89,False,MagneticTile,exp2_num_309668,4,-99
MT,MT::exp2_num_31124,MT_Free/Imgs/exp2_num_31124.jpg,exp2_num_31124.jpg,Free,none,283,121,1,15070,e78915361ed4a575eff0f16fb6e8c43710e5e68ad0a8f006179b096559747ed5,False,MagneticTile,exp2_num_31124,4,-99
MT,MT::exp2_num_311334,MT_Free/Imgs/exp2_num_311334.jpg,exp2_num_311334.jpg,Free,none,276,206,1,24030,387c4e3a0c8e60bfd2edd044e8b09c0b92efab373f9ca816e340066884906774,False,MagneticTile,exp2_num_311334,4,-99
MT,MT::exp2_num_311834,MT_Uneven/Imgs/exp2_num_311834.jpg,exp2_num_311834.jpg,Uneven,none,279,219,1,22569,236ceaf5e677c944d1492d5bd64963a7b7730c4a64f3036794452433ba588b3b,False,MagneticTile,exp2_num_311834,5,-99
MT,MT::exp2_num_313494,MT_Uneven/Imgs/exp2_num_313494.jpg,exp2_num_313494.jpg,Uneven,none,343,249,1,31287,705d1b905f35cd368572f80b520acd77d339ea9129d52bee9d29171e8b0226b5,False,MagneticTile,exp2_num_313494,5,-99
MT,MT::exp2_num_313853,MT_Free/Imgs/exp2_num_313853.jpg,exp2_num_313853.jpg,Free,none,368,253,1,30388,c3de040037883d817d6cf3723e59fb7a38cf454e0c9baa3727f9cefae7e7f73a,False,MagneticTile,exp2_num_313853,4,-99
MT,MT::exp2_num_315006,MT_Free/Imgs/exp2_num_315006.jpg,exp2_num_315006.jpg,Free,none,279,212,1,23530,3a21898ab315c49395690dee2981979692ddd1a35d2e6867db5a3f375ff851b8,False,MagneticTile,exp2_num_315006,4,-99
MT,MT::exp2_num_316344,MT_Free/Imgs/exp2_num_316344.jpg,exp2_num_316344.jpg,Free,none,375,378,1,46395,6ba6a82bb587a7482b8b799e95a7f8cf1fcbabe30509210c08136fcb7e157818,False,MagneticTile,exp2_num_316344,4,-99
MT,MT::exp2_num_316715,MT_Free/Imgs/exp2_num_316715.jpg,exp2_num_316715.jpg,Free,none,370,353,1,36221,1cd3bf975f060526f4dfdc3aaeb66bb18ade97b111da12f6442bd9668393419e,False,MagneticTile,exp2_num_316715,4,-99
MT,MT::exp2_num_317512,MT_Blowhole/Imgs/exp2_num_317512.jpg,exp2_num_317512.jpg,Blowhole,none,266,214,1,20126,8315689ea4a0add44b47e719b31d9a3d0d063f2dff23827ef91cc5d0cb9494c6,False,MagneticTile,exp2_num_317512,0,-99
MT,MT::exp2_num_317576,MT_Free/Imgs/exp2_num_317576.jpg,exp2_num_317576.jpg,Free,none,377,382,1,45208,0e5777ef9b29d23cf2b53b696e4bb86b80fab8f3dc48cfe6fbcab8a8bc3bba24,False,MagneticTile,exp2_num_317576,4,-99
MT,MT::exp2_num_317911,MT_Free/Imgs/exp2_num_317911.jpg,exp2_num_317911.jpg,Free,none,372,364,1,37952,8276e5a8c58fedd122cbece8e17f6118e6085c42c2a54c251d502d97348c126a,False,MagneticTile,exp2_num_317911,4,-99
MT,MT::exp2_num_319334,MT_Free/Imgs/exp2_num_319334.jpg,exp2_num_319334.jpg,Free,none,385,366,1,45981,f1b5524a8f7aad6da3711dea1a46829bc99a526e733a3d26d96970f2f0f3e077,False,MagneticTile,exp2_num_319334,4,-99
MT,MT::exp2_num_319440,MT_Free/Imgs/exp2_num_319440.jpg,exp2_num_319440.jpg,Free,none,281,227,1,22691,bc288372ce1bb835c73c39e56e96d2e7ef3993687bda89931f4b989065658d17,False,MagneticTile,exp2_num_319440,4,-99
MT,MT::exp2_num_319698,MT_Free/Imgs/exp2_num_319698.jpg,exp2_num_319698.jpg,Free,none,367,340,1,33579,6c18c9c21edb000f0708d4f7392ea0947cc48eb51b3f1c6c0eb78605b83c1c5b,False,MagneticTile,exp2_num_319698,4,-99
MT,MT::exp2_num_320463,MT_Free/Imgs/exp2_num_320463.jpg,exp2_num_320463.jpg,Free,none,359,357,1,45156,35664bee4dadff9482dc38de0f45ac0b3be9c507e10d40dc15ccaeb6acda9907,False,MagneticTile,exp2_num_320463,4,-99
MT,MT::exp2_num_320673,MT_Break/Imgs/exp2_num_320673.jpg,exp2_num_320673.jpg,Break,none,268,190,1,19386,a4ceb79d3c46f451dd60492d82decffb7ffe27ac847b62ce11d669f2d6432af5,False,MagneticTile,exp2_num_320673,1,-99
MT,MT::exp2_num_320822,MT_Free/Imgs/exp2_num_320822.jpg,exp2_num_320822.jpg,Free,none,363,359,1,35503,f9c29517963bf7a23ee499ad1b19dbded97130dfb3f91df3a6ef78896fcfe949,False,MagneticTile,exp2_num_320822,4,-99
MT,MT::exp2_num_3211,MT_Crack/Imgs/exp2_num_3211.jpg,exp2_num_3211.jpg,Crack,none,369,470,1,57225,428d83ccd4efb9b8d66ae5a4d597f6e582196df1cba577535be003a3513d9936,False,MagneticTile,exp2_num_3211,2,-99
MT,MT::exp2_num_321452,MT_Free/Imgs/exp2_num_321452.jpg,exp2_num_321452.jpg,Free,none,377,373,1,43868,d186992fa4ba9bad24a4b3885eec79524ff65738b744b967f9a2e1b18e1a3fd9,False,MagneticTile,exp2_num_321452,4,-99
MT,MT::exp2_num_32153,MT_Crack/Imgs/exp2_num_32153.jpg,exp2_num_32153.jpg,Crack,none,279,119,1,12857,243aacea6f2af79751eada813d040cfde64ec4c53a0fa8d789a1958412d4e94c,False,MagneticTile,exp2_num_32153,2,-99
MT,MT::exp2_num_322630,MT_Blowhole/Imgs/exp2_num_322630.jpg,exp2_num_322630.jpg,Blowhole,none,255,212,1,19276,baba039a811c99ec499b75513a00af358caccaaa7dbdce8f174c420eabd94c71,False,MagneticTile,exp2_num_322630,0,-99
MT,MT::exp2_num_323339,MT_Free/Imgs/exp2_num_323339.jpg,exp2_num_323339.jpg,Free,none,275,223,1,20455,b0c26f84075607fbed609ceb9613bf31d2224fda00dfbab4158cd852244b2f40,False,MagneticTile,exp2_num_323339,4,-99
MT,MT::exp2_num_326603,MT_Free/Imgs/exp2_num_326603.jpg,exp2_num_326603.jpg,Free,none,359,370,1,43502,4b5ea9ff1245b7b01bf0c0849c550b162a5dcd0271108c2c37e68b4d960ab4af,False,MagneticTile,exp2_num_326603,4,-99
MT,MT::exp2_num_326923,MT_Free/Imgs/exp2_num_326923.jpg,exp2_num_326923.jpg,Free,none,373,343,1,33988,91291680845524c2a0ddc4959ff7e3e108b2046ef415ffed9e66a58632e574a2,False,MagneticTile,exp2_num_326923,4,-99
MT,MT::exp2_num_327997,MT_Blowhole/Imgs/exp2_num_327997.jpg,exp2_num_327997.jpg,Blowhole,none,351,356,1,31958,600e0a7fb9f4b6d01705b5c07e355c89788beb51aa72e76958948aefa90696e4,False,MagneticTile,exp2_num_327997,0,-99
MT,MT::exp2_num_329231,MT_Free/Imgs/exp2_num_329231.jpg,exp2_num_329231.jpg,Free,none,375,379,1,43891,f23b58f3330b44ae24bd434fc87388ce1fbc15ddf842e343653c7b22201761f1,False,MagneticTile,exp2_num_329231,4,-99
MT,MT::exp2_num_331174,MT_Free/Imgs/exp2_num_331174.jpg,exp2_num_331174.jpg,Free,none,356,372,1,36303,ffd7c50e077fcd3613182dfa5c61b643ee8ad0cf19daf7450a57e4a93a9802db,False,MagneticTile,exp2_num_331174,4,-99
MT,MT::exp2_num_331946,MT_Free/Imgs/exp2_num_331946.jpg,exp2_num_331946.jpg,Free,none,351,367,1,40070,7acb7c28406594c19f54496a8566f964dbe1875c555d369a56c79104a65c3cfc,False,MagneticTile,exp2_num_331946,4,-99
MT,MT::exp2_num_332707,MT_Free/Imgs/exp2_num_332707.jpg,exp2_num_332707.jpg,Free,none,351,309,1,33916,bceb2ce598aaf413da7b76ff80be3b6854f34ec939236152cc300998a93af5f6,False,MagneticTile,exp2_num_332707,4,-99
MT,MT::exp2_num_33380,MT_Uneven/Imgs/exp2_num_33380.jpg,exp2_num_33380.jpg,Uneven,none,320,522,1,48868,6d493e57cb888e5861b2c0006bcc051cd6dee033f8804e07b4bcdb4213737dab,False,MagneticTile,exp2_num_33380,5,-99
MT,MT::exp2_num_337671,MT_Free/Imgs/exp2_num_337671.jpg,exp2_num_337671.jpg,Free,none,377,491,1,58824,015777087e989ccffb3cecb39a6c486736542aa8012be4341823f89a7b471334,False,MagneticTile,exp2_num_337671,4,-99
MT,MT::exp2_num_338872,MT_Free/Imgs/exp2_num_338872.jpg,exp2_num_338872.jpg,Free,none,354,476,1,55331,c901b37689d98eddc4249b64769ac3c9b1e7b3b0d0a2a39066ca5a74324a5cd1,False,MagneticTile,exp2_num_338872,4,-99
MT,MT::exp2_num_339841,MT_Crack/Imgs/exp2_num_339841.jpg,exp2_num_339841.jpg,Crack,none,380,360,1,44257,aa3b35e0b3e89088cf8b449a5477075fbeffa95f4bad37658bc3b4c95e886a9c,False,MagneticTile,exp2_num_339841,2,-99
MT,MT::exp2_num_34101,MT_Free/Imgs/exp2_num_34101.jpg,exp2_num_34101.jpg,Free,none,331,520,1,41948,08034ba7af53660f937e6aec3c8bf6415f879994425693f5dad0a51f21bc0d1a,False,MagneticTile,exp2_num_34101,4,-99
MT,MT::exp2_num_342162,MT_Crack/Imgs/exp2_num_342162.jpg,exp2_num_342162.jpg,Crack,none,372,435,1,55403,7b24bb5811025bb1cc7b7ef8c64cf4735dd3f18549c023ac969365d394bcabd7,False,MagneticTile,exp2_num_342162,2,-99
MT,MT::exp2_num_342873,MT_Free/Imgs/exp2_num_342873.jpg,exp2_num_342873.jpg,Free,none,369,499,1,44087,5b24a82f129374299ac807557575288092f92837c5d7e99aa0d891089d0eaf40,False,MagneticTile,exp2_num_342873,4,-99
MT,MT::exp2_num_344570,MT_Free/Imgs/exp2_num_344570.jpg,exp2_num_344570.jpg,Free,none,362,507,1,41619,09234a7f7b396ff6f2886c450e53005cb013953c77e877d967034f34746f9624,False,MagneticTile,exp2_num_344570,4,-99
MT,MT::exp2_num_346332,MT_Free/Imgs/exp2_num_346332.jpg,exp2_num_346332.jpg,Free,none,371,498,1,45524,7b4745d6ae0655a9b71a6f3c15d6d5adcb28dbee1a3c72dac7f7c2741c709b01,False,MagneticTile,exp2_num_346332,4,-99
MT,MT::exp2_num_348648,MT_Break/Imgs/exp2_num_348648.jpg,exp2_num_348648.jpg,Break,none,374,497,1,46380,3359d6c69aaff46dc1ef15aa1c9e75a4b5fcc83cfe8d75157f1ccf02193733f2,False,MagneticTile,exp2_num_348648,1,-99
MT,MT::exp2_num_349844,MT_Free/Imgs/exp2_num_349844.jpg,exp2_num_349844.jpg,Free,none,371,489,1,58236,b3e8a8c0b0a1430c5aecde11965008a6fb1da8160d9349320d4a67b2dd513a1b,False,MagneticTile,exp2_num_349844,4,-99
MT,MT::exp2_num_351066,MT_Free/Imgs/exp2_num_351066.jpg,exp2_num_351066.jpg,Free,none,359,486,1,56021,0e8294157f3976cc46a9f76135223573e7aef218803a41c67b035dbd79fe344d,False,MagneticTile,exp2_num_351066,4,-99
MT,MT::exp2_num_351450,MT_Free/Imgs/exp2_num_351450.jpg,exp2_num_351450.jpg,Free,none,361,513,1,44675,1df6cdfe11561d340462135873a10d7adaf9ea1be1e2cea275a0c4f1e75986f2,False,MagneticTile,exp2_num_351450,4,-99
MT,MT::exp2_num_3524,MT_Free/Imgs/exp2_num_3524.jpg,exp2_num_3524.jpg,Free,none,285,133,1,15194,54a9956987eb4159da1e6aa785117938752116b58230613fffa19488f41e321c,False,MagneticTile,exp2_num_3524,4,-99
MT,MT::exp2_num_352504,MT_Uneven/Imgs/exp2_num_352504.jpg,exp2_num_352504.jpg,Uneven,none,370,499,1,43029,25a83431c397a97f26e6d3b1cd3aedab2e3db9c2c941ed31e8c89ea877f84223,False,MagneticTile,exp2_num_352504,5,-99
MT,MT::exp2_num_354402,MT_Free/Imgs/exp2_num_354402.jpg,exp2_num_354402.jpg,Free,none,361,488,1,56277,db42f4dea8cd20fa509d00447dbf554ba1eb5924de0e402b3e21b3d4122eb920,False,MagneticTile,exp2_num_354402,4,-99
MT,MT::exp2_num_355658,MT_Free/Imgs/exp2_num_355658.jpg,exp2_num_355658.jpg,Free,none,376,483,1,60649,0430017dc9c7bae7794acb6c55a0c821c3431be33f0ecf43987414ff06a8048f,False,MagneticTile,exp2_num_355658,4,-99
MT,MT::exp2_num_356745,MT_Break/Imgs/exp2_num_356745.jpg,exp2_num_356745.jpg,Break,none,378,504,1,47551,41561171d42f43b33b4465c945cd2a367e4e4a03c97b4d82ca9952019dc2178e,False,MagneticTile,exp2_num_356745,1,-99
MT,MT::exp2_num_358116,MT_Free/Imgs/exp2_num_358116.jpg,exp2_num_358116.jpg,Free,none,387,475,1,63215,b81b3a27b32d81851509ba12ebf3e459bc15a8628460e517b94fc039c465d73f,False,MagneticTile,exp2_num_358116,4,-99
MT,MT::exp2_num_358960,MT_Free/Imgs/exp2_num_358960.jpg,exp2_num_358960.jpg,Free,none,366,484,1,53992,b40efe5decec6e1bf2fa11952d50b59cceb571c35766b6ae63733d43ff57f242,False,MagneticTile,exp2_num_358960,4,-99
MT,MT::exp2_num_359476,MT_Free/Imgs/exp2_num_359476.jpg,exp2_num_359476.jpg,Free,none,382,504,1,45589,9eb7c3e1e412a6f0e769397cad87dafa44f7e9234cd608625e42b5eba95560a3,False,MagneticTile,exp2_num_359476,4,-99
MT,MT::exp2_num_36302,MT_Blowhole/Imgs/exp2_num_36302.jpg,exp2_num_36302.jpg,Blowhole,none,280,119,1,13330,ba4d81bc645bf85dc3fd8d321edb0aa259af3ded86738f04dc63e92e64448cb1,False,MagneticTile,exp2_num_36302,0,-99
MT,MT::exp2_num_3696,MT_Blowhole/Imgs/exp2_num_3696.jpg,exp2_num_3696.jpg,Blowhole,none,366,460,1,38365,a2af5ea7174e59582509a2f633366f9d1404f9aa5d9ddd31b400fa0d915f94b1,False,MagneticTile,exp2_num_3696,0,-99
MT,MT::exp2_num_37263,MT_Free/Imgs/exp2_num_37263.jpg,exp2_num_37263.jpg,Free,none,338,523,1,51725,3074e9ad857367c9dbead6b043297d7edddef46782d94d596a2dec94183af2d5,False,MagneticTile,exp2_num_37263,4,-99
MT,MT::exp2_num_37273,MT_Free/Imgs/exp2_num_37273.jpg,exp2_num_37273.jpg,Free,none,286,130,1,13495,2b6fcb4de59567299579a605eb371e1f1d37e04b8572b12b04bd7797b5c8cfcb,False,MagneticTile,exp2_num_37273,4,-99
MT,MT::exp2_num_38004,MT_Free/Imgs/exp2_num_38004.jpg,exp2_num_38004.jpg,Free,none,333,523,1,43007,f60a173bdc11b0a2025648798d868477d1c13d38662f7d87298f3303d068472c,False,MagneticTile,exp2_num_38004,4,-99
MT,MT::exp2_num_3811,MT_Free/Imgs/exp2_num_3811.jpg,exp2_num_3811.jpg,Free,none,284,124,1,13427,7678f69a2e9867fc8299af9f0e8e57a7863db440220ab48cd54d09e87625058e,False,MagneticTile,exp2_num_3811,4,-99
MT,MT::exp2_num_39430,MT_Free/Imgs/exp2_num_39430.jpg,exp2_num_39430.jpg,Free,none,286,123,1,15186,63eca7f9eb337526310088a93a11509e5fefdce8b0ac883772db5d25b16aa9c6,False,MagneticTile,exp2_num_39430,4,-99
MT,MT::exp2_num_40424,MT_Blowhole/Imgs/exp2_num_40424.jpg,exp2_num_40424.jpg,Blowhole,none,283,105,1,11682,b06f1870698bbae7d08cd6e6453d215e42295bdd625e837a3162c37d8db77a30,False,MagneticTile,exp2_num_40424,0,-99
MT,MT::exp2_num_43841,MT_Free/Imgs/exp2_num_43841.jpg,exp2_num_43841.jpg,Free,none,341,524,1,45003,071d7c5b7b12cd12577b0f334c96f6420237b0c40cbd1132ad47860c2ce3f928,False,MagneticTile,exp2_num_43841,4,-99
MT,MT::exp2_num_45028,MT_Uneven/Imgs/exp2_num_45028.jpg,exp2_num_45028.jpg,Uneven,none,327,505,1,47069,6981fc60877d1561f62aeaa1948af9803773eea00c75ef6cf002b914b8ca9279,False,MagneticTile,exp2_num_45028,5,-99
MT,MT::exp2_num_4748,MT_Blowhole/Imgs/exp2_num_4748.jpg,exp2_num_4748.jpg,Blowhole,none,285,121,1,13242,3fe4985886d96b6e000911c8c2c36e4885f11aff5647e3744529edca31c94ab0,False,MagneticTile,exp2_num_4748,0,-99
MT,MT::exp2_num_4964,MT_Blowhole/Imgs/exp2_num_4964.jpg,exp2_num_4964.jpg,Blowhole,none,281,114,1,12473,b824498794c0b08c390ccbdd7c2096a6d8e07acc0b6c63553fff0d1ed42ad768,False,MagneticTile,exp2_num_4964,0,-99
MT,MT::exp2_num_50402,MT_Free/Imgs/exp2_num_50402.jpg,exp2_num_50402.jpg,Free,none,321,522,1,50661,75376678edcb44141b7d7ff18e20092e3053899da78181c39566679367be3add,False,MagneticTile,exp2_num_50402,4,-99
MT,MT::exp2_num_51097,MT_Free/Imgs/exp2_num_51097.jpg,exp2_num_51097.jpg,Free,none,322,530,1,45177,7d8d2c467dfb2ebaba82caafd697e7c949edd4a5b639aef6a3df565e2b9672e2,False,MagneticTile,exp2_num_51097,4,-99
MT,MT::exp2_num_51697,MT_Blowhole/Imgs/exp2_num_51697.jpg,exp2_num_51697.jpg,Blowhole,none,290,119,1,14360,484bc2d956ae76a3187d26a82fb03bdbd97499c038458cdfb3b3a7bd801cbcf5,False,MagneticTile,exp2_num_51697,0,-99
MT,MT::exp2_num_52677,MT_Free/Imgs/exp2_num_52677.jpg,exp2_num_52677.jpg,Free,none,284,119,1,13531,684be9fd45ebb3da5f4e816d8c18bdbd32b5f6656cbe7a30ba1c2a8c6c464d59,False,MagneticTile,exp2_num_52677,4,-99
MT,MT::exp2_num_53025,MT_Free/Imgs/exp2_num_53025.jpg,exp2_num_53025.jpg,Free,none,339,523,1,51248,9bf141bf5590035515eddb4187fe8914519b41eed16b9ccf6ce3db0aa9bab60d,False,MagneticTile,exp2_num_53025,4,-99
MT,MT::exp2_num_54126,MT_Free/Imgs/exp2_num_54126.jpg,exp2_num_54126.jpg,Free,none,321,523,1,43415,d1cd123f4c7c1c6665d2221a733504f79a550013f06228c29b3f43d4a9e8d06a,False,MagneticTile,exp2_num_54126,4,-99
MT,MT::exp2_num_542,MT_Uneven/Imgs/exp2_num_542.jpg,exp2_num_542.jpg,Uneven,none,294,119,1,13049,874539f62813421a5d80bb22ff2f92cacaadf722b37a5b65b09194bcc5840b8c,False,MagneticTile,exp2_num_542,5,-99
MT,MT::exp2_num_54273,MT_Blowhole/Imgs/exp2_num_54273.jpg,exp2_num_54273.jpg,Blowhole,none,274,116,1,12784,98b74bf336fc57afdd797a48c3f645a401edae6bce4694ac773924dfd1970dd1,False,MagneticTile,exp2_num_54273,0,-99
MT,MT::exp2_num_54925,MT_Free/Imgs/exp2_num_54925.jpg,exp2_num_54925.jpg,Free,none,298,124,1,13294,5e3055a32f039e01a69828a2b0ebcc399c6743fb45ec6ef6c9171bd737e94913,False,MagneticTile,exp2_num_54925,4,-99
MT,MT::exp2_num_5924,MT_Free/Imgs/exp2_num_5924.jpg,exp2_num_5924.jpg,Free,none,331,520,1,50206,34121e282920512afbf771140fde5f7fa5245900f0d5b59e49d86119ffb41713,False,MagneticTile,exp2_num_5924,4,-99
MT,MT::exp2_num_61324,MT_Free/Imgs/exp2_num_61324.jpg,exp2_num_61324.jpg,Free,none,285,128,1,12936,d32dbcd040e5a856be6e712a185711d06c682ea95842c6b02ee3c53fc7040bd8,False,MagneticTile,exp2_num_61324,4,-99
MT,MT::exp2_num_62577,MT_Break/Imgs/exp2_num_62577.jpg,exp2_num_62577.jpg,Break,none,284,123,1,13716,3765e45bfeef2c0f5c9fd9e56db9d8a8f6658177efbfe755497e8fce0eed0cb7,False,MagneticTile,exp2_num_62577,1,-99
MT,MT::exp2_num_65017,MT_Free/Imgs/exp2_num_65017.jpg,exp2_num_65017.jpg,Free,none,332,517,1,49326,d5c7702867884322c2f65e795d23d5c73b9b4990e6ca692881ec866a035d7717,False,MagneticTile,exp2_num_65017,4,-99
MT,MT::exp2_num_6528,MT_Free/Imgs/exp2_num_6528.jpg,exp2_num_6528.jpg,Free,none,381,508,1,46342,bdcb1571c1578c7b8ab8ee05dab4c51c79f30bbdf8f8c184a94dfce47b8ed9b4,False,MagneticTile,exp2_num_6528,4,-99
MT,MT::exp2_num_6558,MT_Free/Imgs/exp2_num_6558.jpg,exp2_num_6558.jpg,Free,none,286,124,1,14550,59c17c978088d904f0843c5610cb54792aa9dbe4db480e8638ab062c7778f783,False,MagneticTile,exp2_num_6558,4,-99
MT,MT::exp2_num_68382,MT_Free/Imgs/exp2_num_68382.jpg,exp2_num_68382.jpg,Free,none,286,123,1,13219,45a44169ae30b30f554bcb081888a6a8101ce192cd255e34b28d2557ecbec25c,False,MagneticTile,exp2_num_68382,4,-99
MT,MT::exp2_num_69830,MT_Free/Imgs/exp2_num_69830.jpg,exp2_num_69830.jpg,Free,none,284,130,1,15219,34191904997669123e0d81ef4ac6342b762da06a38ea5a2106e7c277f009a9c6,False,MagneticTile,exp2_num_69830,4,-99
MT,MT::exp2_num_7009,MT_Blowhole/Imgs/exp2_num_7009.jpg,exp2_num_7009.jpg,Blowhole,none,360,478,1,52705,38125f2b486bb9279a87362fd3255847a56ab92f1294b0100873b2ca668a9812,False,MagneticTile,exp2_num_7009,0,-99
MT,MT::exp2_num_70514,MT_Free/Imgs/exp2_num_70514.jpg,exp2_num_70514.jpg,Free,none,287,127,1,13767,40f5f47077759ca1c7749cfefe088fa148df773ec3e4d838f08c7fb18d354815,False,MagneticTile,exp2_num_70514,4,-99
MT,MT::exp2_num_71201,MT_Free/Imgs/exp2_num_71201.jpg,exp2_num_71201.jpg,Free,none,280,127,1,12513,c0b46b2115ffa655b95d442ea3518dfd8e01a27e277b14d0bd1f2a1cf16a1b9d,False,MagneticTile,exp2_num_71201,4,-99
MT,MT::exp2_num_75106,MT_Free/Imgs/exp2_num_75106.jpg,exp2_num_75106.jpg,Free,none,257,597,1,44406,a58684c1e94ef29726811ff1bf9d74749c40752764d6c84fde617daa0988106a,False,MagneticTile,exp2_num_75106,4,-99
MT,MT::exp2_num_77559,MT_Fray/Imgs/exp2_num_77559.jpg,exp2_num_77559.jpg,Fray,none,229,605,1,41530,e0cf8077fec9765fd8fe3a05f31e3a0c6c5ec05cf11ca84bf5e3d16b9739ee02,False,MagneticTile,exp2_num_77559,3,-99
MT,MT::exp2_num_7886,MT_Free/Imgs/exp2_num_7886.jpg,exp2_num_7886.jpg,Free,none,287,127,1,13471,597701364e8c2e0fa61870c68e1d1b95c9177ef6d799929fceebaf51b51f7707,False,MagneticTile,exp2_num_7886,4,-99
MT,MT::exp2_num_834,MT_Free/Imgs/exp2_num_834.jpg,exp2_num_834.jpg,Free,none,362,484,1,56338,81195ff9898b9931207eff9c18f3a1af2ffdaa59a845d61db7ec887d1713f814,False,MagneticTile,exp2_num_834,4,-99
MT,MT::exp2_num_85846,MT_Crack/Imgs/exp2_num_85846.jpg,exp2_num_85846.jpg,Crack,none,244,593,1,42923,d2020c96379ba7b2a514be979c0880c7288135455d77bbceef6b9fe36ff63cf4,False,MagneticTile,exp2_num_85846,2,-99
MT,MT::exp2_num_86854,MT_Crack/Imgs/exp2_num_86854.jpg,exp2_num_86854.jpg,Crack,none,244,593,1,42859,17e38aeaeb41d47bc5373c4815c32384e8a900d1cab7c325ae158e44ec8ce127,False,MagneticTile,exp2_num_86854,2,-99
MT,MT::exp2_num_887,MT_Free/Imgs/exp2_num_887.jpg,exp2_num_887.jpg,Free,none,296,252,1,30806,de9143acca279456e7dd05bcb4e1af3666e320c78a7bc34619931dd8cc5d4559,False,MagneticTile,exp2_num_887,4,-99
MT,MT::exp2_num_90988,MT_Free/Imgs/exp2_num_90988.jpg,exp2_num_90988.jpg,Free,none,247,608,1,42389,2e88c60125544fe79821e2955496a14e50904d3b03461698c7e8da1ecc47860a,False,MagneticTile,exp2_num_90988,4,-99
MT,MT::exp2_num_94922,MT_Free/Imgs/exp2_num_94922.jpg,exp2_num_94922.jpg,Free,none,245,612,1,45020,36a9e6f17dd6cb7074030cba895f74f2e5e78dd10c2bb527b8f476354a841bc6,False,MagneticTile,exp2_num_94922,4,-99
MT,MT::exp2_num_9496,MT_Blowhole/Imgs/exp2_num_9496.jpg,exp2_num_9496.jpg,Blowhole,none,394,354,1,47680,f206ac1aea797df2514299b7a641973668d70d8acc96facf3e6436498859bec6,False,MagneticTile,exp2_num_9496,0,-99
MT,MT::exp2_num_98102,MT_Break/Imgs/exp2_num_98102.jpg,exp2_num_98102.jpg,Break,none,290,452,1,41722,86f1531816384795d2e6f1672f5cc194e5cf42e9a2f9b853535c51add991ae54,False,MagneticTile,exp2_num_98102,1,-99
MT,MT::exp3_num_10215,MT_Free/Imgs/exp3_num_10215.jpg,exp3_num_10215.jpg,Free,none,378,512,1,56754,b21af02fa5ab6bd392e25e1497c2bff0ae44b7f4599d244f120d69c3cec8971e,False,MagneticTile,exp3_num_10215,4,-99
MT,MT::exp3_num_10448,MT_Free/Imgs/exp3_num_10448.jpg,exp3_num_10448.jpg,Free,none,336,525,1,49344,4239d60f1871c761fc2e60db38f8263f544fcd22849eb94b500f1c66510a61ab,False,MagneticTile,exp3_num_10448,4,-99
MT,MT::exp3_num_105826,MT_Break/Imgs/exp3_num_105826.jpg,exp3_num_105826.jpg,Break,none,252,616,1,53536,cb4fd9d351639429066106d50fc46a3f592b8c943032661a37ff58e3c018b625,False,MagneticTile,exp3_num_105826,1,-99
MT,MT::exp3_num_106186,MT_Free/Imgs/exp3_num_106186.jpg,exp3_num_106186.jpg,Free,none,361,259,1,32479,56865c0936f16e3ccf34ac342581274c95bf11a9c3b206cb621a887d640c3ecb,False,MagneticTile,exp3_num_106186,4,-99
MT,MT::exp3_num_106779,MT_Free/Imgs/exp3_num_106779.jpg,exp3_num_106779.jpg,Free,none,356,263,1,37449,d216319fa03a2f191339eba04096a27dc768e368143e9966663a56d3b985d120,False,MagneticTile,exp3_num_106779,4,-99
MT,MT::exp3_num_108757,MT_Blowhole/Imgs/exp3_num_108757.jpg,exp3_num_108757.jpg,Blowhole,none,381,259,1,36819,3d0864e24287469563e7b379ef9e2f20cc6ad29cd24d3e29efae7fa72913196c,False,MagneticTile,exp3_num_108757,0,-99
MT,MT::exp3_num_109271,MT_Uneven/Imgs/exp3_num_109271.jpg,exp3_num_109271.jpg,Uneven,none,265,611,1,58407,0e04c502e707a0a9d5a2334fb34b7f5790cfa567973f0f6b3bc7e29eaa451687,False,MagneticTile,exp3_num_109271,5,-99
MT,MT::exp3_num_10945,MT_Free/Imgs/exp3_num_10945.jpg,exp3_num_10945.jpg,Free,none,355,513,1,50268,339f196277acca1323ca7c12b492225159f8a0300f73f69d3b9552e408fe09b4,False,MagneticTile,exp3_num_10945,4,-99
MT,MT::exp3_num_110136,MT_Free/Imgs/exp3_num_110136.jpg,exp3_num_110136.jpg,Free,none,251,602,1,47495,9f8d4aa6c1ba6679e875a6c78eb34f8820fcbfd4aaafc519e4aecc47511eac61,False,MagneticTile,exp3_num_110136,4,-99
MT,MT::exp3_num_11304,MT_Free/Imgs/exp3_num_11304.jpg,exp3_num_11304.jpg,Free,none,369,467,1,60661,7a9a6ae134728ee2827015cb1d42414c8c5c96cb666b4214ad6c2e536d335266,False,MagneticTile,exp3_num_11304,4,-99
MT,MT::exp3_num_114419,MT_Free/Imgs/exp3_num_114419.jpg,exp3_num_114419.jpg,Free,none,371,266,1,39701,084d7a5dfe1f1c33614489488f98a362d7affcdbe5d42fe0273bf006da1d5e3d,False,MagneticTile,exp3_num_114419,4,-99
MT,MT::exp3_num_116299,MT_Free/Imgs/exp3_num_116299.jpg,exp3_num_116299.jpg,Free,none,262,601,1,58459,c21175cc6841e42c5ce436c824fe3a869ae364af0992d67bcef8450592399945,False,MagneticTile,exp3_num_116299,4,-99
MT,MT::exp3_num_116541,MT_Crack/Imgs/exp3_num_116541.jpg,exp3_num_116541.jpg,Crack,none,363,299,1,40621,5d311b2a84b4c8eef7d00f3ce9a262d63c83db161b487692c52304d0fc3a43fd,False,MagneticTile,exp3_num_116541,2,-99
MT,MT::exp3_num_116981,MT_Break/Imgs/exp3_num_116981.jpg,exp3_num_116981.jpg,Break,none,264,606,1,52683,9431ece3ad834a987c028e29bf8743e9dccd2fb47dd110b601c37d3f4f7e7130,False,MagneticTile,exp3_num_116981,1,-99
MT,MT::exp3_num_116991,MT_Free/Imgs/exp3_num_116991.jpg,exp3_num_116991.jpg,Free,none,307,308,1,35637,79b49ce866afc8993d89b0b4da5f5ef74bf46dad9c829fe62ad06838fc050407,False,MagneticTile,exp3_num_116991,4,-99
MT,MT::exp3_num_118911,MT_Free/Imgs/exp3_num_118911.jpg,exp3_num_118911.jpg,Free,none,257,606,1,56159,b171e288b65afe9f62d39537ee1473a731669d3e3dc3c2d503c9c5a441d601ea,False,MagneticTile,exp3_num_118911,4,-99
MT,MT::exp3_num_124629,MT_Uneven/Imgs/exp3_num_124629.jpg,exp3_num_124629.jpg,Uneven,none,259,602,1,52725,0b7cf9005c85dc6a8dd789f9a663684395ec5e709715017e4def8824a2539474,False,MagneticTile,exp3_num_124629,5,-99
MT,MT::exp3_num_126339,MT_Free/Imgs/exp3_num_126339.jpg,exp3_num_126339.jpg,Free,none,336,310,1,35064,515d6942c506f137dd2cc496e51a3114b9e62700e5f107cf632307a766040445,False,MagneticTile,exp3_num_126339,4,-99
MT,MT::exp3_num_126827,MT_Free/Imgs/exp3_num_126827.jpg,exp3_num_126827.jpg,Free,none,347,318,1,41895,432c9366e11ac0e970f7207abd594795a663eaaaac1fba772bf772c17d6c8db3,False,MagneticTile,exp3_num_126827,4,-99
MT,MT::exp3_num_127677,MT_Free/Imgs/exp3_num_127677.jpg,exp3_num_127677.jpg,Free,none,347,306,1,36519,f96ee0fd25938d8d8d94fc9446e6334db515034ffb77b42cc6c4367e80cc0bfe,False,MagneticTile,exp3_num_127677,4,-99
MT,MT::exp3_num_128108,MT_Free/Imgs/exp3_num_128108.jpg,exp3_num_128108.jpg,Free,none,339,315,1,37820,6668b9295fe6a36b1ff27274bedb18bf22b11239056e2af656bc0a3e9dfa4169,False,MagneticTile,exp3_num_128108,4,-99
MT,MT::exp3_num_129069,MT_Uneven/Imgs/exp3_num_129069.jpg,exp3_num_129069.jpg,Uneven,none,377,267,1,38163,0ab0ce963b4397b3401513e5f24a4c31c0a1b7ee2bf2134cc0e1f441edc84c90,False,MagneticTile,exp3_num_129069,5,-99
MT,MT::exp3_num_129632,MT_Free/Imgs/exp3_num_129632.jpg,exp3_num_129632.jpg,Free,none,367,251,1,38254,68fdb955e11e9b6afc431b3e9073b7f61c8c851ee65269f0a3b0e1a51dbd6618,False,MagneticTile,exp3_num_129632,4,-99
MT,MT::exp3_num_135593,MT_Fray/Imgs/exp3_num_135593.jpg,exp3_num_135593.jpg,Fray,none,251,600,1,54749,a65418d439d2222714b41028656f33fedaf4ef8ef394e92cb0c9db101e525566,False,MagneticTile,exp3_num_135593,3,-99
MT,MT::exp3_num_13568,MT_Free/Imgs/exp3_num_13568.jpg,exp3_num_13568.jpg,Free,none,336,519,1,54885,4fd372ff6b6b5bfc1e757c68d301c28bea8274d6ff98181ad551ad11627474de,False,MagneticTile,exp3_num_13568,4,-99
MT,MT::exp3_num_136351,MT_Fray/Imgs/exp3_num_136351.jpg,exp3_num_136351.jpg,Fray,none,241,601,1,42894,b38a23128cfa6f120be7e5683475006d33a534b56119183c47cd0ca9b3e78acc,False,MagneticTile,exp3_num_136351,3,-99
MT,MT::exp3_num_138649,MT_Free/Imgs/exp3_num_138649.jpg,exp3_num_138649.jpg,Free,none,254,608,1,52551,263e9fb06e793983a9d18609a25f568e69c8fba3677a085491374bb187875f1d,False,MagneticTile,exp3_num_138649,4,-99
MT,MT::exp3_num_139838,MT_Uneven/Imgs/exp3_num_139838.jpg,exp3_num_139838.jpg,Uneven,none,260,604,1,59444,055085aa149e595cf1d896abade93b2a72e2d9555dacd296ea8bce5e6765683a,False,MagneticTile,exp3_num_139838,5,-99
MT,MT::exp3_num_143234,MT_Free/Imgs/exp3_num_143234.jpg,exp3_num_143234.jpg,Free,none,270,600,1,56483,0272411a1b98e936e0bf13fb1e9c36af65e97022a771d03376e13075b5bce89e,False,MagneticTile,exp3_num_143234,4,-99
MT,MT::exp3_num_144210,MT_Free/Imgs/exp3_num_144210.jpg,exp3_num_144210.jpg,Free,none,250,595,1,49181,c456b2c444b25e19591bff5ebf257620a24ef63f3f54399ff12b7e32bfa66c79,False,MagneticTile,exp3_num_144210,4,-99
MT,MT::exp3_num_147971,MT_Free/Imgs/exp3_num_147971.jpg,exp3_num_147971.jpg,Free,none,253,604,1,57278,3335f99957303dbd8888877f6e4a51ac43d2c697adf09c5e173fe4ea88cece45,False,MagneticTile,exp3_num_147971,4,-99
MT,MT::exp3_num_148977,MT_Break/Imgs/exp3_num_148977.jpg,exp3_num_148977.jpg,Break,none,312,632,1,61835,8fb64766850e8a54b757b81e9c8c654f869526b88108460208c28d33d304197c,False,MagneticTile,exp3_num_148977,1,-99
MT,MT::exp3_num_154595,MT_Free/Imgs/exp3_num_154595.jpg,exp3_num_154595.jpg,Free,none,312,199,1,27036,a02bd3209bba5740ae38ca0b6400d729c451a0a3cf852a183e370b525d287b1a,False,MagneticTile,exp3_num_154595,4,-99
MT,MT::exp3_num_155360,MT_Uneven/Imgs/exp3_num_155360.jpg,exp3_num_155360.jpg,Uneven,none,315,190,1,26612,848924217c7ec4b1a40d50a8371e2b2ca78a3498cf767bdd09366b6620d655c4,False,MagneticTile,exp3_num_155360,5,-99
MT,MT::exp3_num_157220,MT_Free/Imgs/exp3_num_157220.jpg,exp3_num_157220.jpg,Free,none,315,202,1,25401,55b651acb33ffef31da73c35ab19b873e9e48e846ad76871cfd07faa79d6b570,False,MagneticTile,exp3_num_157220,4,-99
MT,MT::exp3_num_157763,MT_Free/Imgs/exp3_num_157763.jpg,exp3_num_157763.jpg,Free,none,321,192,1,24186,542132fe96b0a5f78364dec16d8ab91183309f611eb1833e2f571656704be28c,False,MagneticTile,exp3_num_157763,4,-99
MT,MT::exp3_num_165409,MT_Free/Imgs/exp3_num_165409.jpg,exp3_num_165409.jpg,Free,none,313,205,1,27066,9f52b326e3d4d3d499f0d3cf11580e070a24e5bd8f19247cc7e3cb70f551894e,False,MagneticTile,exp3_num_165409,4,-99
MT,MT::exp3_num_16556,MT_Free/Imgs/exp3_num_16556.jpg,exp3_num_16556.jpg,Free,none,318,526,1,48778,25f8748201d067a07ab9830acdf98546e05f74404c727d260acb612c482cee10,False,MagneticTile,exp3_num_16556,4,-99
MT,MT::exp3_num_166221,MT_Free/Imgs/exp3_num_166221.jpg,exp3_num_166221.jpg,Free,none,322,188,1,24194,daca98f93fba9e59317bd06cfaab840ffc0efafecf4ec701b3184863fea1b62d,False,MagneticTile,exp3_num_166221,4,-99
MT,MT::exp3_num_172286,MT_Uneven/Imgs/exp3_num_172286.jpg,exp3_num_172286.jpg,Uneven,none,325,186,1,25586,699f2f08cb5062a6357862be13cdd806f929bc080efb17d10e1ec347d7d25d8f,False,MagneticTile,exp3_num_172286,5,-99
MT,MT::exp3_num_174699,MT_Free/Imgs/exp3_num_174699.jpg,exp3_num_174699.jpg,Free,none,319,194,1,26589,3a575187565523da6ec9c3ae1c3a37f989926db6a704ce8e611f23653cca8f1c,False,MagneticTile,exp3_num_174699,4,-99
MT,MT::exp3_num_177963,MT_Free/Imgs/exp3_num_177963.jpg,exp3_num_177963.jpg,Free,none,313,202,1,30798,c5a04e63a9caf93f1796ed3746101379d76030bff8f66a76c8b6c422b41bb536,False,MagneticTile,exp3_num_177963,4,-99
MT,MT::exp3_num_178510,MT_Free/Imgs/exp3_num_178510.jpg,exp3_num_178510.jpg,Free,none,322,194,1,26248,d759e17e7897ff795356aa75b28771b5ebf11958393689c6f713807301528810,False,MagneticTile,exp3_num_178510,4,-99
MT,MT::exp3_num_180350,MT_Free/Imgs/exp3_num_180350.jpg,exp3_num_180350.jpg,Free,none,325,192,1,23917,bc830cb63467611a2789c635f7117fcc4dc040ae8c09630813c3691555ca4c00,False,MagneticTile,exp3_num_180350,4,-99
MT,MT::exp3_num_180885,MT_Free/Imgs/exp3_num_180885.jpg,exp3_num_180885.jpg,Free,none,321,196,1,24816,8c2bd999a16c5ca7ba5c182211ca069f3d4794a3f8f5f16b673ca374ef9938e8,False,MagneticTile,exp3_num_180885,4,-99
MT,MT::exp3_num_18185,MT_Free/Imgs/exp3_num_18185.jpg,exp3_num_18185.jpg,Free,none,336,515,1,57425,d6b0b7c7fac1cf7387cd421423d78bb2522468adf09fca69d63bbee2862922cf,False,MagneticTile,exp3_num_18185,4,-99
MT,MT::exp3_num_183198,MT_Free/Imgs/exp3_num_183198.jpg,exp3_num_183198.jpg,Free,none,319,199,1,29289,f5535f4905e52b1475a2970dfa44e1a946abd0a81c8199b5e6d43f2e39b243fa,False,MagneticTile,exp3_num_183198,4,-99
MT,MT::exp3_num_183846,MT_Free/Imgs/exp3_num_183846.jpg,exp3_num_183846.jpg,Free,none,321,199,1,26495,8d7b235b5f6839f994c3a540d30dfc28184637309e220eb719fedd09c7a77a59,False,MagneticTile,exp3_num_183846,4,-99
MT,MT::exp3_num_1855,MT_Free/Imgs/exp3_num_1855.jpg,exp3_num_1855.jpg,Free,none,270,250,1,21321,6ba44576d4ad3a31f0a05faccbf462d82f411bf0d91f32725cb78f537beceb93,False,MagneticTile,exp3_num_1855,4,-99
MT,MT::exp3_num_186885,MT_Uneven/Imgs/exp3_num_186885.jpg,exp3_num_186885.jpg,Uneven,none,317,195,1,27484,73170cdf11e27a287ad838f31047ae9cea38aae3c335212bc8094b770b5b5ed6,False,MagneticTile,exp3_num_186885,5,-99
MT,MT::exp3_num_187556,MT_Free/Imgs/exp3_num_187556.jpg,exp3_num_187556.jpg,Free,none,323,195,1,27643,8266a5c9376a58d414031d33c8b93924192492b47089d8990dc884a767c45468,False,MagneticTile,exp3_num_187556,4,-99
MT,MT::exp3_num_192174,MT_Free/Imgs/exp3_num_192174.jpg,exp3_num_192174.jpg,Free,none,323,191,1,28888,19979f89868d6a6feb4df07ab97a01ad032ca9966517120c29149026a2af0cad,False,MagneticTile,exp3_num_192174,4,-99
MT,MT::exp3_num_193139,MT_Free/Imgs/exp3_num_193139.jpg,exp3_num_193139.jpg,Free,none,323,194,1,27488,9af68fec8f78da5adf8f79ca3db82be68a9b4458ff44dfa7a383ccfc93668570,False,MagneticTile,exp3_num_193139,4,-99
MT,MT::exp3_num_194220,MT_Break/Imgs/exp3_num_194220.jpg,exp3_num_194220.jpg,Break,none,326,194,1,28546,720cbed4b49b0cb1d530f1b91e4a4a6dc68a1afaa1200c194111b727ee90ee74,False,MagneticTile,exp3_num_194220,1,-99
MT,MT::exp3_num_195685,MT_Free/Imgs/exp3_num_195685.jpg,exp3_num_195685.jpg,Free,none,325,192,1,26667,14339c735c0cfbc427bdb213d3d61cd8cdaefd9513aee8a7a6afb7214784fb35,False,MagneticTile,exp3_num_195685,4,-99
MT,MT::exp3_num_19753,MT_Free/Imgs/exp3_num_19753.jpg,exp3_num_19753.jpg,Free,none,325,522,1,54010,e1354f5274ce0b7ed04aa01cc1b5cd3ad4f529290e566d4ba1fa3de85cee4547,False,MagneticTile,exp3_num_19753,4,-99
MT,MT::exp3_num_20409,MT_Fray/Imgs/exp3_num_20409.jpg,exp3_num_20409.jpg,Fray,none,329,535,1,49681,a351e849132440ecbc55fdf8e4015d7d3a420afcefdcfc44a82c8037c3857305,False,MagneticTile,exp3_num_20409,3,-99
MT,MT::exp3_num_2074,MT_Free/Imgs/exp3_num_2074.jpg,exp3_num_2074.jpg,Free,none,375,514,1,54567,5647a3d4b83722edbc90f178c9180d81d364ea9e075eef1f7dd3ca95614c75ee,False,MagneticTile,exp3_num_2074,4,-99
MT,MT::exp3_num_240077,MT_Free/Imgs/exp3_num_240077.jpg,exp3_num_240077.jpg,Free,none,367,266,1,38535,c20802815d596e0fe64b20789dc147b74bae0356a60d50c9d9f0e66b722d91d8,False,MagneticTile,exp3_num_240077,4,-99
MT,MT::exp3_num_241380,MT_Free/Imgs/exp3_num_241380.jpg,exp3_num_241380.jpg,Free,none,274,214,1,21793,287fe5ed9c640f736cf896afb38c0c2cf16462ed8f125475471e69ee767cdd1e,False,MagneticTile,exp3_num_241380,4,-99
MT,MT::exp3_num_241926,MT_Break/Imgs/exp3_num_241926.jpg,exp3_num_241926.jpg,Break,none,280,197,1,20765,14371a876d60f93f80724cf3676a2b05eced0708235e412a23769326d8cf0b12,False,MagneticTile,exp3_num_241926,1,-99
MT,MT::exp3_num_245792,MT_Free/Imgs/exp3_num_245792.jpg,exp3_num_245792.jpg,Free,none,257,208,1,22801,580f633aa2827fbce3dd410750ef82ed1b65d8bce72e846f705e6f8a651a420c,False,MagneticTile,exp3_num_245792,4,-99
MT,MT::exp3_num_246338,MT_Free/Imgs/exp3_num_246338.jpg,exp3_num_246338.jpg,Free,none,276,220,1,25378,8ba282654b621ca0aa8cd869bd4d69c2cbb7e823ee12fafbed7c2c6d0a63407a,False,MagneticTile,exp3_num_246338,4,-99
MT,MT::exp3_num_24829,MT_Uneven/Imgs/exp3_num_24829.jpg,exp3_num_24829.jpg,Uneven,none,336,524,1,57779,12df8dd463a83d7199ae4be26b6be0377070815936db5e37c0a277b100ae7774,False,MagneticTile,exp3_num_24829,5,-99
MT,MT::exp3_num_249637,MT_Crack/Imgs/exp3_num_249637.jpg,exp3_num_249637.jpg,Crack,none,288,233,1,28446,5275c99f65ce6aa0a66609723145de06850358e948faa8da7c14eb61f8275307,False,MagneticTile,exp3_num_249637,2,-99
MT,MT::exp3_num_251473,MT_Free/Imgs/exp3_num_251473.jpg,exp3_num_251473.jpg,Free,none,264,218,1,23570,b2c2ba54914b1dccaede6a713e047aa5d4a2d13bec7d3f53ab7befa7c4de079e,False,MagneticTile,exp3_num_251473,4,-99
MT,MT::exp3_num_255696,MT_Free/Imgs/exp3_num_255696.jpg,exp3_num_255696.jpg,Free,none,375,265,1,38826,63c8a82523861922a6de3ce0f142fbe1825861abe8451b90362ba144fafe04d7,False,MagneticTile,exp3_num_255696,4,-99
MT,MT::exp3_num_256305,MT_Free/Imgs/exp3_num_256305.jpg,exp3_num_256305.jpg,Free,none,386,271,1,38999,85d9d5cfcf6ad6973351c515ed41b288fe6e3d4beac79922b19785ce555d92e7,False,MagneticTile,exp3_num_256305,4,-99
MT,MT::exp3_num_257158,MT_Free/Imgs/exp3_num_257158.jpg,exp3_num_257158.jpg,Free,none,276,212,1,22934,b3c98244f30fdd9346bb7e61b9386efa6eb4c24a71554a6743e102429cc28b0f,False,MagneticTile,exp3_num_257158,4,-99
MT,MT::exp3_num_257678,MT_Free/Imgs/exp3_num_257678.jpg,exp3_num_257678.jpg,Free,none,359,252,1,32384,7654d6d201aecfb8a59df4cd22492c0f90233684b67d2ebb653bc341ee401ff5,False,MagneticTile,exp3_num_257678,4,-99
MT,MT::exp3_num_258558,MT_Fray/Imgs/exp3_num_258558.jpg,exp3_num_258558.jpg,Fray,none,360,252,1,31724,52f8b825bcb825af258afc876f586b579e610acd0c7b8092f79b7f5d38d29b9b,False,MagneticTile,exp3_num_258558,3,-99
MT,MT::exp3_num_258867,MT_Free/Imgs/exp3_num_258867.jpg,exp3_num_258867.jpg,Free,none,274,215,1,23321,5ca35e81b5eefad33c2250ba8c334d67384419608969d5a96a5e10c33d0bfc08,False,MagneticTile,exp3_num_258867,4,-99
MT,MT::exp3_num_260521,MT_Free/Imgs/exp3_num_260521.jpg,exp3_num_260521.jpg,Free,none,280,207,1,23618,6d9ad5e6d4f4be884aed47e683bbc1a24976ebbd3c6b3505fc6faec9ff219478,False,MagneticTile,exp3_num_260521,4,-99
MT,MT::exp3_num_260963,MT_Free/Imgs/exp3_num_260963.jpg,exp3_num_260963.jpg,Free,none,285,223,1,25550,f6c7195ff8335df925cb7b8aded91734be59d6b5489d3325fe31e8301a98d64c,False,MagneticTile,exp3_num_260963,4,-99
MT,MT::exp3_num_26146,MT_Break/Imgs/exp3_num_26146.jpg,exp3_num_26146.jpg,Break,none,312,532,1,47480,2c23003cf6420654c040b7092a81ac24a2f523aef6d1f0a766658ac685eadd57,False,MagneticTile,exp3_num_26146,1,-99
MT,MT::exp3_num_261977,MT_Free/Imgs/exp3_num_261977.jpg,exp3_num_261977.jpg,Free,none,280,218,1,25742,5039ca12400858d8225047b76f646944845447cd2a91d0058a291ebca8fc8bc1,False,MagneticTile,exp3_num_261977,4,-99
MT,MT::exp3_num_262246,MT_Free/Imgs/exp3_num_262246.jpg,exp3_num_262246.jpg,Free,none,383,265,1,37536,99e33a6139c087d93b497f391054a3bb2e0163da6b04e343ce29d77d259aff74,False,MagneticTile,exp3_num_262246,4,-99
MT,MT::exp3_num_262601,MT_Blowhole/Imgs/exp3_num_262601.jpg,exp3_num_262601.jpg,Blowhole,none,258,211,1,23655,822023354d2b025693dc308cf4acf15782e77d5ebddcaeef8eaa00c0938f3e59,False,MagneticTile,exp3_num_262601,0,-99
MT,MT::exp3_num_262674,MT_Free/Imgs/exp3_num_262674.jpg,exp3_num_262674.jpg,Free,none,385,267,1,41674,d1466598b7812123bf09ae71ee3e8abe88405a7a410eaf1921c5de3408af2558,False,MagneticTile,exp3_num_262674,4,-99
MT,MT::exp3_num_263864,MT_Free/Imgs/exp3_num_263864.jpg,exp3_num_263864.jpg,Free,none,387,267,1,41487,b0451eccfee3163b5c1374f4445834bb9f28b694c171dc377e87a0873c67444b,False,MagneticTile,exp3_num_263864,4,-99
MT,MT::exp3_num_2642,MT_Free/Imgs/exp3_num_2642.jpg,exp3_num_2642.jpg,Free,none,291,120,1,15480,8764377b65aa2bbb528874d82b5ca8df5fa3d4cc75abb9ee633c9e69e172577e,False,MagneticTile,exp3_num_2642,4,-99
MT,MT::exp3_num_264225,MT_Free/Imgs/exp3_num_264225.jpg,exp3_num_264225.jpg,Free,none,379,268,1,37757,d7d5fbb0af6ece652f165f9f57ad08a8a6f249bddb7b08d55d447e1070cd8bdb,False,MagneticTile,exp3_num_264225,4,-99
MT,MT::exp3_num_265117,MT_Blowhole/Imgs/exp3_num_265117.jpg,exp3_num_265117.jpg,Blowhole,none,382,247,1,36960,64075d3169ceb7eb46902eff6f08fa54f8afaefaeaa0a48de9a0b9d1e776f008,False,MagneticTile,exp3_num_265117,0,-99
MT,MT::exp3_num_265659,MT_Crack/Imgs/exp3_num_265659.jpg,exp3_num_265659.jpg,Crack,none,399,199,1,30400,351590cf07018775d43b24a614162e28df4584924ab4b8430f99f49523896828,False,MagneticTile,exp3_num_265659,2,-99
MT,MT::exp3_num_266316,MT_Free/Imgs/exp3_num_266316.jpg,exp3_num_266316.jpg,Free,none,252,213,1,22282,939320ea02b9c464c4d90c8d5e9ffaae77436099c6bcd8164636817446b5ed13,False,MagneticTile,exp3_num_266316,4,-99
MT,MT::exp3_num_266831,MT_Free/Imgs/exp3_num_266831.jpg,exp3_num_266831.jpg,Free,none,274,215,1,23853,efd8a08f92b5c4721bc52050e9c4268d152a5eae6213e787ddb3df6d6294ecd1,False,MagneticTile,exp3_num_266831,4,-99
MT,MT::exp3_num_269121,MT_Free/Imgs/exp3_num_269121.jpg,exp3_num_269121.jpg,Free,none,282,220,1,24449,71ba4fc905ac5a7bfbda2405ba8f1e53f1a6694178db28a3cce2742ff1093ad6,False,MagneticTile,exp3_num_269121,4,-99
MT,MT::exp3_num_269668,MT_Free/Imgs/exp3_num_269668.jpg,exp3_num_269668.jpg,Free,none,271,216,1,22538,7ef5ecdea8d18b196ea67693b207e6feeb074ee4bf50d7df581783706f605c4e,False,MagneticTile,exp3_num_269668,4,-99
MT,MT::exp3_num_270169,MT_Uneven/Imgs/exp3_num_270169.jpg,exp3_num_270169.jpg,Uneven,none,360,248,1,30874,66670cd8c80a2947ddfc12b51bc8aab1ebb09812bab75e77c4e8d31eb5afee35,False,MagneticTile,exp3_num_270169,5,-99
MT,MT::exp3_num_270593,MT_Free/Imgs/exp3_num_270593.jpg,exp3_num_270593.jpg,Free,none,361,265,1,36090,3c8d1f8be07b3cccdf4725bccaeb7f86873629db6f619b848971958619e9ae5b,False,MagneticTile,exp3_num_270593,4,-99
MT,MT::exp3_num_270803,MT_Free/Imgs/exp3_num_270803.jpg,exp3_num_270803.jpg,Free,none,277,219,1,25892,13de9267cf03a1ae552e42401d65137c9e0e13fd13f316a099e8435e3603e16a,False,MagneticTile,exp3_num_270803,4,-99
MT,MT::exp3_num_271400,MT_Break/Imgs/exp3_num_271400.jpg,exp3_num_271400.jpg,Break,none,274,220,1,24951,09e27f91bb6ef7b4f9228026d55062011de57b7fd3b0aa31d8db1f6adacb23e2,False,MagneticTile,exp3_num_271400,1,-99
MT,MT::exp3_num_274138,MT_Uneven/Imgs/exp3_num_274138.jpg,exp3_num_274138.jpg,Uneven,none,277,230,1,25591,29235df890c560c9b2fdff027ddbaf400724c33fee865a038ec8bf64926f96fc,False,MagneticTile,exp3_num_274138,5,-99
MT,MT::exp3_num_275407,MT_Free/Imgs/exp3_num_275407.jpg,exp3_num_275407.jpg,Free,none,377,267,1,39927,9368c3aee4114402f05d542bd21b701810733971cfd4fb5163925cb9e1f7f111,False,MagneticTile,exp3_num_275407,4,-99
MT,MT::exp3_num_275697,MT_Free/Imgs/exp3_num_275697.jpg,exp3_num_275697.jpg,Free,none,377,274,1,40385,22036adfa3d6a9b8a41c6b8f91fc4b1329345ee1cd58ea9662009f1a517bbd31,False,MagneticTile,exp3_num_275697,4,-99
MT,MT::exp3_num_276387,MT_Break/Imgs/exp3_num_276387.jpg,exp3_num_276387.jpg,Break,none,386,272,1,40809,045a71f375497f0f3d50f7b6fa70f885d4beb6e639a44af8506c18ee33bf7f24,False,MagneticTile,exp3_num_276387,1,-99
MT,MT::exp3_num_277027,MT_Free/Imgs/exp3_num_277027.jpg,exp3_num_277027.jpg,Free,none,382,275,1,40659,20afc7b4006eca8899a2d5ee7d021c76f8b0f18633c5fb2fc780b2d04e3b2ec3,False,MagneticTile,exp3_num_277027,4,-99
MT,MT::exp3_num_278595,MT_Free/Imgs/exp3_num_278595.jpg,exp3_num_278595.jpg,Free,none,365,263,1,38504,e72e15907dd18f1d6d51575ed4fe6fce9a91076dc9045a9c5316b14b14791961,False,MagneticTile,exp3_num_278595,4,-99
MT,MT::exp3_num_279122,MT_Free/Imgs/exp3_num_279122.jpg,exp3_num_279122.jpg,Free,none,380,265,1,38066,9555d1a7498c296f4801e84c33041f211ae20ae9414bda95862d4e70fe387c9c,False,MagneticTile,exp3_num_279122,4,-99
MT,MT::exp3_num_280246,MT_Free/Imgs/exp3_num_280246.jpg,exp3_num_280246.jpg,Free,none,366,254,1,38818,f8fad248374eb8f5409d23cdcac5a1893f971006f9ed14f2c718209ef3fb065d,False,MagneticTile,exp3_num_280246,4,-99
MT,MT::exp3_num_280977,MT_Free/Imgs/exp3_num_280977.jpg,exp3_num_280977.jpg,Free,none,352,240,1,28718,aff75319cd59bd5dab86e17153d13339fe507d92cde85ee827d322d0cbcba2cf,False,MagneticTile,exp3_num_280977,4,-99
MT,MT::exp3_num_282911,MT_Free/Imgs/exp3_num_282911.jpg,exp3_num_282911.jpg,Free,none,354,264,1,30306,d3e81283537197ba3c05a19a9661a78ccd600031530c1d490fae7961612d2ecf,False,MagneticTile,exp3_num_282911,4,-99
MT,MT::exp3_num_283229,MT_Free/Imgs/exp3_num_283229.jpg,exp3_num_283229.jpg,Free,none,347,258,1,33672,3f5f4d13a43cd9326bb75ef62c5dbc003f1f5dac1565fce90db48c98d283fb7c,False,MagneticTile,exp3_num_283229,4,-99
MT,MT::exp3_num_28373,MT_Uneven/Imgs/exp3_num_28373.jpg,exp3_num_28373.jpg,Uneven,none,334,518,1,55957,a0b6d967f02960640c2f961917f3c58cefffcf91ca844053d7ccde07a9ac57f6,False,MagneticTile,exp3_num_28373,5,-99
MT,MT::exp3_num_284520,MT_Break/Imgs/exp3_num_284520.jpg,exp3_num_284520.jpg,Break,none,368,255,1,35211,947765c36bb13010c5a9db21cc883bfa9fa3da747f4a81c0db3acf33c39084a4,False,MagneticTile,exp3_num_284520,1,-99
MT,MT::exp3_num_284875,MT_Free/Imgs/exp3_num_284875.jpg,exp3_num_284875.jpg,Free,none,355,246,1,30164,50ead9441a750e1aca600efc16e3b861d4e12982046d86ffa3746644ebb8738b,False,MagneticTile,exp3_num_284875,4,-99
MT,MT::exp3_num_286265,MT_Free/Imgs/exp3_num_286265.jpg,exp3_num_286265.jpg,Free,none,352,300,1,37234,cd628ebeb65b5e1ab50d829222ac3544b3c267546a40092389db781666e9803d,False,MagneticTile,exp3_num_286265,4,-99
MT,MT::exp3_num_289625,MT_Free/Imgs/exp3_num_289625.jpg,exp3_num_289625.jpg,Free,none,353,310,1,37230,296a733b97897b62ce265850ff413b025ee5fca38141fa1f3144470662ff078d,False,MagneticTile,exp3_num_289625,4,-99
MT,MT::exp3_num_290081,MT_Free/Imgs/exp3_num_290081.jpg,exp3_num_290081.jpg,Free,none,355,303,1,41159,3a90b15cf89cd22fab08a5ba9c24be062bcd34b83a1fc6f6849ce0ab4fb48c10,False,MagneticTile,exp3_num_290081,4,-99
MT,MT::exp3_num_291038,MT_Blowhole/Imgs/exp3_num_291038.jpg,exp3_num_291038.jpg,Blowhole,none,345,290,1,40214,70d8ab1f5711e6edac00c60609b822e5d70bdfd56394b8cf99f37d4a04b41719,False,MagneticTile,exp3_num_291038,0,-99
MT,MT::exp3_num_292124,MT_Free/Imgs/exp3_num_292124.jpg,exp3_num_292124.jpg,Free,none,336,294,1,38787,8442912e75a5b3f2cd8c80f9cfe036f50c892987520bfd76ae10a2e3627c2480,False,MagneticTile,exp3_num_292124,4,-99
MT,MT::exp3_num_293289,MT_Free/Imgs/exp3_num_293289.jpg,exp3_num_293289.jpg,Free,none,338,302,1,34363,8faddb9d4a67fae99ef5336f77d74db0fedb516e2896ceeab708bbddd1a84f66,False,MagneticTile,exp3_num_293289,4,-99
MT,MT::exp3_num_293742,MT_Free/Imgs/exp3_num_293742.jpg,exp3_num_293742.jpg,Free,none,346,322,1,40090,afda04a876047e1082f0a0285f209cdff7a613454e4ec962d8eced7b9f40ffd6,False,MagneticTile,exp3_num_293742,4,-99
MT,MT::exp3_num_29508,MT_Free/Imgs/exp3_num_29508.jpg,exp3_num_29508.jpg,Free,none,305,536,1,48621,0b9cf74d8b08b994df869841de70f107e4b00cfb056896328c31e386754a5718,False,MagneticTile,exp3_num_29508,4,-99
MT,MT::exp3_num_296668,MT_Free/Imgs/exp3_num_296668.jpg,exp3_num_296668.jpg,Free,none,347,304,1,37019,c947eef6423705a4425a172f94be97a50799cd4cf2c766359d802c7437fffaf5,False,MagneticTile,exp3_num_296668,4,-99
MT,MT::exp3_num_297311,MT_Free/Imgs/exp3_num_297311.jpg,exp3_num_297311.jpg,Free,none,337,310,1,38936,bac79f9179547171c0ff6d9e967100e0cb5a3ca3cd4143adb2e174aaa2a64e17,False,MagneticTile,exp3_num_297311,4,-99
MT,MT::exp3_num_297506,MT_Blowhole/Imgs/exp3_num_297506.jpg,exp3_num_297506.jpg,Blowhole,none,268,221,1,23130,4bfebd8546fd0aeec1ea402e5ba1e959b764b83cf338133006b508e9be904228,False,MagneticTile,exp3_num_297506,0,-99
MT,MT::exp3_num_299758,MT_Free/Imgs/exp3_num_299758.jpg,exp3_num_299758.jpg,Free,none,265,221,1,24077,84d43e4eb1dfea0ee922dac9ca8fe50ea564c52604d8e5ae6aec30c639977c73,False,MagneticTile,exp3_num_299758,4,-99
MT,MT::exp3_num_301511,MT_Free/Imgs/exp3_num_301511.jpg,exp3_num_301511.jpg,Free,none,372,368,1,46132,860d63978fae3dc0c8ace8c88a5ae1d355b73678955c8a514697206ddfa855df,False,MagneticTile,exp3_num_301511,4,-99
MT,MT::exp3_num_304317,MT_Break/Imgs/exp3_num_304317.jpg,exp3_num_304317.jpg,Break,none,252,219,1,23799,5c490bf30d77f84010f34a1ce4cd08ec7de1ca685d069385f547f7c1bb901d8e,False,MagneticTile,exp3_num_304317,1,-99
MT,MT::exp3_num_304319,MT_Free/Imgs/exp3_num_304319.jpg,exp3_num_304319.jpg,Free,none,318,315,1,32318,19d9ca64514433c801c90f175e4a37c5a6fece7567670ea050c18d39851f1e32,False,MagneticTile,exp3_num_304319,4,-99
MT,MT::exp3_num_304701,MT_Free/Imgs/exp3_num_304701.jpg,exp3_num_304701.jpg,Free,none,287,329,1,32189,b2fd25c7aefa7cb2c2bf8921cfea9afa87888d83a2372595bd048295992b276b,False,MagneticTile,exp3_num_304701,4,-99
MT,MT::exp3_num_304882,MT_Free/Imgs/exp3_num_304882.jpg,exp3_num_304882.jpg,Free,none,265,216,1,21415,eebf74065f9352c1c03b7161aa62ed2a698c346d996a684253c783e6852f4e7a,False,MagneticTile,exp3_num_304882,4,-99
MT,MT::exp3_num_306457,MT_Free/Imgs/exp3_num_306457.jpg,exp3_num_306457.jpg,Free,none,254,217,1,22953,52d8ffe141bd0d9a2b8623c9be58a576dc22213ffba182ab61985e112109b8f6,False,MagneticTile,exp3_num_306457,4,-99
MT,MT::exp3_num_306622,MT_Free/Imgs/exp3_num_306622.jpg,exp3_num_306622.jpg,Free,none,360,358,1,39049,c2d393b6478a4a6b5e8cceaa15fc41e9a564d7efd0725907cc99628cf23fe45e,False,MagneticTile,exp3_num_306622,4,-99
MT,MT::exp3_num_308061,MT_Blowhole/Imgs/exp3_num_308061.jpg,exp3_num_308061.jpg,Blowhole,none,279,223,1,21771,9c0c9acbb2d0241f93c4911ee1e31559953869be8f65dad500c60e2df2d3b4b3,False,MagneticTile,exp3_num_308061,0,-99
MT,MT::exp3_num_308837,MT_Free/Imgs/exp3_num_308837.jpg,exp3_num_308837.jpg,Free,none,358,367,1,47290,33362500fd0ef2919721077e7ce7963bb11960ccd6fbbbb163364b6f20d0cf2a,False,MagneticTile,exp3_num_308837,4,-99
MT,MT::exp3_num_309379,MT_Free/Imgs/exp3_num_309379.jpg,exp3_num_309379.jpg,Free,none,355,358,1,38206,add5cbb582485a3dd890fc5b7d45403941a963c3646df3999e3e14b3a42dbffc,False,MagneticTile,exp3_num_309379,4,-99
MT,MT::exp3_num_309681,MT_Free/Imgs/exp3_num_309681.jpg,exp3_num_309681.jpg,Free,none,266,218,1,24128,a4c5ccbcc72716656ea2e0268830272369bd583d418bdc3dc021d033647c8456,False,MagneticTile,exp3_num_309681,4,-99
MT,MT::exp3_num_311344,MT_Free/Imgs/exp3_num_311344.jpg,exp3_num_311344.jpg,Free,none,268,216,1,26216,ffdb402459eb96d6a7ed898300a5fb52653850fc86c3dc844dceb05b5a8a3cd0,False,MagneticTile,exp3_num_311344,4,-99
MT,MT::exp3_num_31138,MT_Free/Imgs/exp3_num_31138.jpg,exp3_num_31138.jpg,Free,none,281,124,1,16590,7b3ed09dec0f6cd42c46b7dba5045e340561709025fd6265d5d71309ae7e5aef,False,MagneticTile,exp3_num_31138,4,-99
MT,MT::exp3_num_311847,MT_Uneven/Imgs/exp3_num_311847.jpg,exp3_num_311847.jpg,Uneven,none,282,225,1,25697,60cbd437130efd297568e3eab7ae29e67f710eb7a590ecf1d39710e1a8a08b3a,False,MagneticTile,exp3_num_311847,5,-99
MT,MT::exp3_num_313507,MT_Uneven/Imgs/exp3_num_313507.jpg,exp3_num_313507.jpg,Uneven,none,351,249,1,35631,9ec5ec55a444838316e527c5c1bcfa3cc0b995284016687448ef6e0e662709ca,False,MagneticTile,exp3_num_313507,5,-99
MT,MT::exp3_num_313866,MT_Free/Imgs/exp3_num_313866.jpg,exp3_num_313866.jpg,Free,none,359,246,1,32183,1615ef2c1613c311ca744ad3e2e8ff4fcb2c51df48d8e3073034778905f99bd1,False,MagneticTile,exp3_num_313866,4,-99
MT,MT::exp3_num_315020,MT_Free/Imgs/exp3_num_315020.jpg,exp3_num_315020.jpg,Free,none,273,221,1,25548,02918b8199ee0da69b6c0fd6528624878a9c0cd06419b6eed7d22b21e7d635e5,False,MagneticTile,exp3_num_315020,4,-99
MT,MT::exp3_num_316354,MT_Free/Imgs/exp3_num_316354.jpg,exp3_num_316354.jpg,Free,none,359,379,1,48547,5997c02b6e76e230cb2343ade8429f24b1a45983236c857edb2275c8a249f8fb,False,MagneticTile,exp3_num_316354,4,-99
MT,MT::exp3_num_316726,MT_Free/Imgs/exp3_num_316726.jpg,exp3_num_316726.jpg,Free,none,363,352,1,38986,a6775955bbe12336f966afe893c10dcf1ddcd624958ebaa42c314d5783ab7582,False,MagneticTile,exp3_num_316726,4,-99
MT,MT::exp3_num_317526,MT_Blowhole/Imgs/exp3_num_317526.jpg,exp3_num_317526.jpg,Blowhole,none,265,224,1,22571,eb91f087bb34435d829304baff10230ec6fdcd28b9ab0f409eb433104570997c,False,MagneticTile,exp3_num_317526,0,-99
MT,MT::exp3_num_317588,MT_Free/Imgs/exp3_num_317588.jpg,exp3_num_317588.jpg,Free,none,345,379,1,45476,3e16e2d87d33a3b6a056e074fa9d4aca2d8a7174a6c861e49361cf368a5c0409,False,MagneticTile,exp3_num_317588,4,-99
MT,MT::exp3_num_317925,MT_Free/Imgs/exp3_num_317925.jpg,exp3_num_317925.jpg,Free,none,366,351,1,39300,d66e19b632996945dcc62523006ad2d94e0bfa7f3ddd4760873d4618154264a3,False,MagneticTile,exp3_num_317925,4,-99
MT,MT::exp3_num_319346,MT_Free/Imgs/exp3_num_319346.jpg,exp3_num_319346.jpg,Free,none,371,369,1,49707,6616b21a19c412254bcc03323cc49e0bc72d0a8d5d4ca09a087e4d590b97c187,False,MagneticTile,exp3_num_319346,4,-99
MT,MT::exp3_num_319456,MT_Free/Imgs/exp3_num_319456.jpg,exp3_num_319456.jpg,Free,none,273,218,1,23690,e890a079f488a3df4c099777dfc63d403fbde3df88bf9789894945ffc7ac4be9,False,MagneticTile,exp3_num_319456,4,-99
MT,MT::exp3_num_319713,MT_Free/Imgs/exp3_num_319713.jpg,exp3_num_319713.jpg,Free,none,370,340,1,38430,4df9b560767cb86e1abd12d470571f374b76efca2ae20786e276108b1b16223e,False,MagneticTile,exp3_num_319713,4,-99
MT,MT::exp3_num_320486,MT_Free/Imgs/exp3_num_320486.jpg,exp3_num_320486.jpg,Free,none,364,361,1,50803,875c7b2d7d36707aa080e01a76e5931f5b961c4eb2f0296f8e7d5b52d8a3e866,False,MagneticTile,exp3_num_320486,4,-99
MT,MT::exp3_num_320689,MT_Break/Imgs/exp3_num_320689.jpg,exp3_num_320689.jpg,Break,none,265,202,1,22554,dc3053baef2a25f7ca11562ee2b62aeeff743be9aa1352c84fd737a8e2744c01,False,MagneticTile,exp3_num_320689,1,-99
MT,MT::exp3_num_320833,MT_Free/Imgs/exp3_num_320833.jpg,exp3_num_320833.jpg,Free,none,359,363,1,39841,77d2d32c37586ebf5279ce13c0c72ff0440f0b88466170d76c9be400bda5e3aa,False,MagneticTile,exp3_num_320833,4,-99
MT,MT::exp3_num_321466,MT_Free/Imgs/exp3_num_321466.jpg,exp3_num_321466.jpg,Free,none,365,376,1,47106,915a19ed2790285f1fdfe43ff9a85e029fb7eadbc33e4ebe751c5af9963b326d,False,MagneticTile,exp3_num_321466,4,-99
MT,MT::exp3_num_32171,MT_Crack/Imgs/exp3_num_32171.jpg,exp3_num_32171.jpg,Crack,none,276,120,1,14096,c5f3251508314626b9a774de7c6a702116ef1a5f4333d4301145a725d9a5458d,False,MagneticTile,exp3_num_32171,2,-99
MT,MT::exp3_num_3223,MT_Crack/Imgs/exp3_num_3223.jpg,exp3_num_3223.jpg,Crack,none,377,456,1,63623,0c8a167acad84e37fd77dda250ea3c07091bae7bb64552cce466cd0e4c6f901a,False,MagneticTile,exp3_num_3223,2,-99
MT,MT::exp3_num_322643,MT_Blowhole/Imgs/exp3_num_322643.jpg,exp3_num_322643.jpg,Blowhole,none,261,213,1,21958,dd4ef436431ea5f4c534b8ae1d1860bb21d1bb49aa39dc617815b58b3790f4d9,False,MagneticTile,exp3_num_322643,0,-99
MT,MT::exp3_num_323352,MT_Free/Imgs/exp3_num_323352.jpg,exp3_num_323352.jpg,Free,none,272,220,1,21948,e95364dd88e88a5b30a7a2b227c3728c4694d6a9fe2850d8fdae67ffb800dfe7,False,MagneticTile,exp3_num_323352,4,-99
MT,MT::exp3_num_326615,MT_Free/Imgs/exp3_num_326615.jpg,exp3_num_326615.jpg,Free,none,369,369,1,49330,47e81b3a5aaac87f03f35fc334737e91751f8ddff768550ebb4ee46e3da12e57,False,MagneticTile,exp3_num_326615,4,-99
MT,MT::exp3_num_326938,MT_Free/Imgs/exp3_num_326938.jpg,exp3_num_326938.jpg,Free,none,367,364,1,39141,bbad8d203186622f0d6bc1813493d433f8f05d43f67343179d5f4bd1bacf6986,False,MagneticTile,exp3_num_326938,4,-99
MT,MT::exp3_num_328014,MT_Blowhole/Imgs/exp3_num_328014.jpg,exp3_num_328014.jpg,Blowhole,none,348,355,1,35700,547d2b13cc783ead1ac6f33de8cdca3ae929a6ed926ca325763225dd4bcd5753,False,MagneticTile,exp3_num_328014,0,-99
MT,MT::exp3_num_329247,MT_Free/Imgs/exp3_num_329247.jpg,exp3_num_329247.jpg,Free,none,367,371,1,46636,366dc1c69d2d69feff7caf07a213aec83857ffc427a8d80dddf67d7d6c3b5352,False,MagneticTile,exp3_num_329247,4,-99
MT,MT::exp3_num_331190,MT_Free/Imgs/exp3_num_331190.jpg,exp3_num_331190.jpg,Free,none,352,354,1,38226,9a4d5da0cd135e7e43d2c73108d3ac391fcaac50d4aa51842c8fbd69e435caa4,False,MagneticTile,exp3_num_331190,4,-99
MT,MT::exp3_num_331958,MT_Free/Imgs/exp3_num_331958.jpg,exp3_num_331958.jpg,Free,none,347,357,1,43246,2e39e37ef683f708b60738ef01c6fb75380b7efff97709254c11e6f2f7373bc3,False,MagneticTile,exp3_num_331958,4,-99
MT,MT::exp3_num_332719,MT_Free/Imgs/exp3_num_332719.jpg,exp3_num_332719.jpg,Free,none,344,293,1,35248,354ea87af2c8d0ad58ef606088ebb8da14e9a94658a0590d331d4941c8d115e8,False,MagneticTile,exp3_num_332719,4,-99
MT,MT::exp3_num_33395,MT_Uneven/Imgs/exp3_num_33395.jpg,exp3_num_33395.jpg,Uneven,none,326,524,1,55127,90e6f94ef80870103dc6b2bfc7bca4388c1eff2349cf8540dd759baf45a3b2c3,False,MagneticTile,exp3_num_33395,5,-99
MT,MT::exp3_num_337688,MT_Free/Imgs/exp3_num_337688.jpg,exp3_num_337688.jpg,Free,none,371,479,1,62943,03d078c1b514aad41507f82f3d59e8e22ced5531e261b14781ed8c936d6979bc,False,MagneticTile,exp3_num_337688,4,-99
MT,MT::exp3_num_338885,MT_Free/Imgs/exp3_num_338885.jpg,exp3_num_338885.jpg,Free,none,361,488,1,62503,2cbfd17f74fda546ab95a0e11261ffb253dba3b6324c55ce32cb2dc6b2cbf5bf,False,MagneticTile,exp3_num_338885,4,-99
MT,MT::exp3_num_339854,MT_Crack/Imgs/exp3_num_339854.jpg,exp3_num_339854.jpg,Crack,none,377,404,1,54373,025685f4a1aea1ab11f01d5d534f9b453a9631a2166b7cf27bc3174d0f2bda6e,False,MagneticTile,exp3_num_339854,2,-99
MT,MT::exp3_num_34117,MT_Free/Imgs/exp3_num_34117.jpg,exp3_num_34117.jpg,Free,none,317,503,1,42302,bf73f4a13be2aada82589e14e3b8d40a990ea70e45a26a72a822acbd0d4af218,False,MagneticTile,exp3_num_34117,4,-99
MT,MT::exp3_num_342176,MT_Crack/Imgs/exp3_num_342176.jpg,exp3_num_342176.jpg,Crack,none,392,428,1,62198,a80ebdf59ac16c8057693cf0bedf43201cef8bdffaa6da4e368a2131a01a0fd9,False,MagneticTile,exp3_num_342176,2,-99
MT,MT::exp3_num_342889,MT_Free/Imgs/exp3_num_342889.jpg,exp3_num_342889.jpg,Free,none,368,498,1,47702,2c720aee917e548c730427a203cb5446d5aa9f6d2d297eb730ec02f5285fe9ce,False,MagneticTile,exp3_num_342889,4,-99
MT,MT::exp3_num_344580,MT_Free/Imgs/exp3_num_344580.jpg,exp3_num_344580.jpg,Free,none,357,485,1,41814,501aa29692bb6f4bf4de2f3cec8f9346d3203f67daa439c6169c41ed933fa709,False,MagneticTile,exp3_num_344580,4,-99
MT,MT::exp3_num_346347,MT_Blowhole/Imgs/exp3_num_346347.jpg,exp3_num_346347.jpg,Blowhole,none,375,512,1,51912,5ff426e9704f2a64d23c141dc672661ae050ac9d15bcff8634ca69c9a71873a6,False,MagneticTile,exp3_num_346347,0,-99
MT,MT::exp3_num_348661,MT_Break/Imgs/exp3_num_348661.jpg,exp3_num_348661.jpg,Break,none,384,509,1,54274,74462c2218034c1445b79e3920371ab162342e91deb4c7f8daa8b769dd64536d,False,MagneticTile,exp3_num_348661,1,-99
MT,MT::exp3_num_349856,MT_Free/Imgs/exp3_num_349856.jpg,exp3_num_349856.jpg,Free,none,363,478,1,61599,814b1ec34d5411ac813a6cfacd269b0af7179a56ab40cb0fbd5d97c346a55f55,False,MagneticTile,exp3_num_349856,4,-99
MT,MT::exp3_num_351078,MT_Free/Imgs/exp3_num_351078.jpg,exp3_num_351078.jpg,Free,none,359,482,1,61247,c5c9b093883561c8ed1d2f9161c213e0576bed839a949869a7b1eac76b39f4f2,False,MagneticTile,exp3_num_351078,4,-99
MT,MT::exp3_num_351463,MT_Free/Imgs/exp3_num_351463.jpg,exp3_num_351463.jpg,Free,none,364,509,1,49042,f415b61c8799cadfcb0bf1881fff0a2b6edf90a4c4650d43afe25e1aa7e85a64,False,MagneticTile,exp3_num_351463,4,-99
MT,MT::exp3_num_352516,MT_Uneven/Imgs/exp3_num_352516.jpg,exp3_num_352516.jpg,Uneven,none,380,509,1,49742,b25feb5c8fea80e6fc9706b97955a051eb733c372b11e5c2fe1b1cdbdba3e363,False,MagneticTile,exp3_num_352516,5,-99
MT,MT::exp3_num_3539,MT_Free/Imgs/exp3_num_3539.jpg,exp3_num_3539.jpg,Free,none,268,131,1,15350,dfa00a7769ce3c74b56798f17227c963062f84fecdce0f9d96ab4c59395b8aca,False,MagneticTile,exp3_num_3539,4,-99
MT,MT::exp3_num_354417,MT_Free/Imgs/exp3_num_354417.jpg,exp3_num_354417.jpg,Free,none,359,501,1,61507,cf21c837d597e8f6963f5159231c460a197deb31d32d8480117021d3b4a550b2,False,MagneticTile,exp3_num_354417,4,-99
MT,MT::exp3_num_355669,MT_Free/Imgs/exp3_num_355669.jpg,exp3_num_355669.jpg,Free,none,372,480,1,66221,503033c6adef1f127f03be327642eee057c0e2545ee587fd18139871a686bb8d,False,MagneticTile,exp3_num_355669,4,-99
MT,MT::exp3_num_356756,MT_Break/Imgs/exp3_num_356756.jpg,exp3_num_356756.jpg,Break,none,382,503,1,52689,b020997b4783ef1e464415bdb4f36bc46edd90d863e3b5c4e8b406ff85dd4f11,False,MagneticTile,exp3_num_356756,1,-99
MT,MT::exp3_num_358127,MT_Free/Imgs/exp3_num_358127.jpg,exp3_num_358127.jpg,Free,none,376,468,1,66197,6946731cb6f17beef671a8c1f237417f6ffc274f64a019093841f590c5697610,False,MagneticTile,exp3_num_358127,4,-99
MT,MT::exp3_num_358972,MT_Free/Imgs/exp3_num_358972.jpg,exp3_num_358972.jpg,Free,none,357,488,1,57839,2579c36a45b4ccd6993c3ce213291f58490914a051bef16947db03346a614b30,False,MagneticTile,exp3_num_358972,4,-99
MT,MT::exp3_num_359489,MT_Free/Imgs/exp3_num_359489.jpg,exp3_num_359489.jpg,Free,none,379,499,1,50359,1bacccd88d14294dfe2ccfb535a08e80c2df03884c15374e33ae194069b0a5b5,False,MagneticTile,exp3_num_359489,4,-99
MT,MT::exp3_num_36246,MT_Blowhole/Imgs/exp3_num_36246.jpg,exp3_num_36246.jpg,Blowhole,none,283,117,1,14842,c93691afeab65165f1b62cfaa9e3cbfee9cb9b8a978abd1a5f7d2bdb200bf84b,False,MagneticTile,exp3_num_36246,0,-99
MT,MT::exp3_num_37056,MT_Free/Imgs/exp3_num_37056.jpg,exp3_num_37056.jpg,Free,none,279,123,1,13735,42871d66b7283c24f5f723ef1ab3431264590c16cba347b60a382c8979fd3f2c,False,MagneticTile,exp3_num_37056,4,-99
MT,MT::exp3_num_3710,MT_Blowhole/Imgs/exp3_num_3710.jpg,exp3_num_3710.jpg,Blowhole,none,367,480,1,45119,a9010bd066ac21cabd9e314fa511f3927100058125d4e7e5b26dead7c1c9635a,False,MagneticTile,exp3_num_3710,0,-99
MT,MT::exp3_num_37278,MT_Free/Imgs/exp3_num_37278.jpg,exp3_num_37278.jpg,Free,none,327,517,1,54288,d873df1f5ac0d63c2224012902604a15e2b96a1fe30ab87c697ecdcd108faaa1,False,MagneticTile,exp3_num_37278,4,-99
MT,MT::exp3_num_37556,MT_Free/Imgs/exp3_num_37556.jpg,exp3_num_37556.jpg,Free,none,283,128,1,14280,45e02773d006f136dabcfe3685e79322cca1ca10fddf52513a1a29b3c71998fe,False,MagneticTile,exp3_num_37556,4,-99
MT,MT::exp3_num_38023,MT_Free/Imgs/exp3_num_38023.jpg,exp3_num_38023.jpg,Free,none,321,522,1,45645,b8b26e8cb53ffc5d65652314a4a41274209fd717e6a9ee8a6cbdc67aaf6020ac,False,MagneticTile,exp3_num_38023,4,-99
MT,MT::exp3_num_3828,MT_Free/Imgs/exp3_num_3828.jpg,exp3_num_3828.jpg,Free,none,273,114,1,13261,b465070eb72e1586ec01428ea69d93b1b5627302b973c41cf02b16b6ad3264b3,False,MagneticTile,exp3_num_3828,4,-99
MT,MT::exp3_num_39447,MT_Free/Imgs/exp3_num_39447.jpg,exp3_num_39447.jpg,Free,none,286,123,1,16524,fc7e4bacb3e3f390598827e15707fce837b0bec110652c78050c8eb1f67672af,False,MagneticTile,exp3_num_39447,4,-99
MT,MT::exp3_num_40438,MT_Blowhole/Imgs/exp3_num_40438.jpg,exp3_num_40438.jpg,Blowhole,none,290,116,1,14698,1090f3de225b927343a7d244f850bf103505b59bc6386db64fa8c29fbff49b51,False,MagneticTile,exp3_num_40438,0,-99
MT,MT::exp3_num_43853,MT_Free/Imgs/exp3_num_43853.jpg,exp3_num_43853.jpg,Free,none,327,523,1,47450,8e6c9f5c2a58c550002dd7d75e521e9f51eb1a49e0569263628dac75674fe694,False,MagneticTile,exp3_num_43853,4,-99
MT,MT::exp3_num_45042,MT_Uneven/Imgs/exp3_num_45042.jpg,exp3_num_45042.jpg,Uneven,none,338,510,1,54648,95adce0dd3f5d5fc5438d6e1684680c1abca929ca5929ca934a549cb3f667a58,False,MagneticTile,exp3_num_45042,5,-99
MT,MT::exp3_num_4764,MT_Blowhole/Imgs/exp3_num_4764.jpg,exp3_num_4764.jpg,Blowhole,none,290,121,1,15004,216f15f50764676cda5fb7c7527bffaea67dabb05f89ae414366f8935ca3bb82,False,MagneticTile,exp3_num_4764,0,-99
MT,MT::exp3_num_4978,MT_Blowhole/Imgs/exp3_num_4978.jpg,exp3_num_4978.jpg,Blowhole,none,286,114,1,13993,8a0fc96ce1e2360b59454db1ef319cd2e97ce4f76cfd5f215db0426f536b1f38,False,MagneticTile,exp3_num_4978,0,-99
MT,MT::exp3_num_50415,MT_Free/Imgs/exp3_num_50415.jpg,exp3_num_50415.jpg,Free,none,317,523,1,55437,b0b3d05c66c418751e9a02b6f864e8ce199319bc86871dbd013b591849029d33,False,MagneticTile,exp3_num_50415,4,-99
MT,MT::exp3_num_51112,MT_Free/Imgs/exp3_num_51112.jpg,exp3_num_51112.jpg,Free,none,325,523,1,49249,a337aaca3cd799198af0a7360ec2e3fecef9b8d149e59490c238097c17b793b7,False,MagneticTile,exp3_num_51112,4,-99
MT,MT::exp3_num_51711,MT_Blowhole/Imgs/exp3_num_51711.jpg,exp3_num_51711.jpg,Blowhole,none,284,118,1,15203,c1ea23e27492ca00f534bbdcf513410b0e98b9c527fe2279e1c0a05c677a99e5,False,MagneticTile,exp3_num_51711,0,-99
MT,MT::exp3_num_52702,MT_Free/Imgs/exp3_num_52702.jpg,exp3_num_52702.jpg,Free,none,290,117,1,15151,703854c0d845c4444e932a0c88bc7444053dda56f1b5066c3362629b4612f8a9,False,MagneticTile,exp3_num_52702,4,-99
MT,MT::exp3_num_53038,MT_Free/Imgs/exp3_num_53038.jpg,exp3_num_53038.jpg,Free,none,338,520,1,55816,bc0d4688d288f7be93860ac125925aafcddee6297670ba198435fda8e2a24b19,False,MagneticTile,exp3_num_53038,4,-99
MT,MT::exp3_num_54145,MT_Free/Imgs/exp3_num_54145.jpg,exp3_num_54145.jpg,Free,none,332,529,1,49863,3ec5e0bed4a3d3c4e4db88ff68a4405afee6f819f190c469d9fcfe1cff875609,False,MagneticTile,exp3_num_54145,4,-99
MT,MT::exp3_num_54291,MT_Blowhole/Imgs/exp3_num_54291.jpg,exp3_num_54291.jpg,Blowhole,none,274,122,1,14903,4e2f3b8c838e29e552d63a5d251a3dc8a0da6107b620c59565c9a3d6c7b4f633,False,MagneticTile,exp3_num_54291,0,-99
MT,MT::exp3_num_54942,MT_Free/Imgs/exp3_num_54942.jpg,exp3_num_54942.jpg,Free,none,300,132,1,15722,13e23088cc2998762583f5ab9fcb95224c30aedbc8628a9febbbe2179f0427f9,False,MagneticTile,exp3_num_54942,4,-99
MT,MT::exp3_num_557,MT_Uneven/Imgs/exp3_num_557.jpg,exp3_num_557.jpg,Uneven,none,289,125,1,15121,9bdc6457e2333022ee83e90d0c436afcb339399d729a1fb4e15096d0997450a0,False,MagneticTile,exp3_num_557,5,-99
MT,MT::exp3_num_5941,MT_Free/Imgs/exp3_num_5941.jpg,exp3_num_5941.jpg,Free,none,330,519,1,55415,4ad4fa887147879ccc5a4938fc94899f868c3b4e2d6243364e05f6a88debfc72,False,MagneticTile,exp3_num_5941,4,-99
MT,MT::exp3_num_61338,MT_Free/Imgs/exp3_num_61338.jpg,exp3_num_61338.jpg,Free,none,281,126,1,13921,7898cdcf5798d2571d88312663c2f4062fe821b0d1ab78f8776a06471befe4b3,False,MagneticTile,exp3_num_61338,4,-99
MT,MT::exp3_num_62592,MT_Break/Imgs/exp3_num_62592.jpg,exp3_num_62592.jpg,Break,none,280,123,1,14678,30ce99b1176e011bb2cc2f5c36188d2a29efc02a356cdd8c0786f3ac7e104d7a,False,MagneticTile,exp3_num_62592,1,-99
MT,MT::exp3_num_65031,MT_Free/Imgs/exp3_num_65031.jpg,exp3_num_65031.jpg,Free,none,336,531,1,55890,b28d7a3da0bf1fdc4419f690ca40f015cba9c087ffaa46b3d163dc5fa4e00f01,False,MagneticTile,exp3_num_65031,4,-99
MT,MT::exp3_num_6541,MT_Free/Imgs/exp3_num_6541.jpg,exp3_num_6541.jpg,Free,none,388,516,1,53148,1f193bdcd7ecbc69c5ac01a4f5417acb0d8ba0a6b6020b36b5660fa6ee5a90fb,False,MagneticTile,exp3_num_6541,4,-99
MT,MT::exp3_num_6571,MT_Free/Imgs/exp3_num_6571.jpg,exp3_num_6571.jpg,Free,none,286,125,1,16000,24cf05554a623ebc49789f3795700fabf4a60da9c494d8d9bfa17d958c5d90fb,False,MagneticTile,exp3_num_6571,4,-99
MT,MT::exp3_num_68398,MT_Free/Imgs/exp3_num_68398.jpg,exp3_num_68398.jpg,Free,none,300,133,1,16368,944ab3ba582e7f94251c47087800164e8191cdebfcfac149c332e470b1d24597,False,MagneticTile,exp3_num_68398,4,-99
MT,MT::exp3_num_69845,MT_Free/Imgs/exp3_num_69845.jpg,exp3_num_69845.jpg,Free,none,287,126,1,16096,eced32025cb97d586349d8d405a6f90c1ea9acdebfa9bc0645916df4bc03a5e5,False,MagneticTile,exp3_num_69845,4,-99
MT,MT::exp3_num_7023,MT_Blowhole/Imgs/exp3_num_7023.jpg,exp3_num_7023.jpg,Blowhole,none,365,477,1,59448,c81382b0cb2c01d1d26177f16a635c08d9fe19980866b470be13709a7400ee5a,False,MagneticTile,exp3_num_7023,0,-99
MT,MT::exp3_num_70527,MT_Free/Imgs/exp3_num_70527.jpg,exp3_num_70527.jpg,Free,none,292,116,1,14480,201d2646cc295d6037f659800d541f4c755fcdc9948c1b227cad5ca3953eec8b,False,MagneticTile,exp3_num_70527,4,-99
MT,MT::exp3_num_71224,MT_Free/Imgs/exp3_num_71224.jpg,exp3_num_71224.jpg,Free,none,286,130,1,14674,808c1c0a3c73849ce88f667e14828bee6f56ea16bf6a50dbec85bb314dc708ec,False,MagneticTile,exp3_num_71224,4,-99
MT,MT::exp3_num_75119,MT_Free/Imgs/exp3_num_75119.jpg,exp3_num_75119.jpg,Free,none,256,591,1,47593,ec869498ccf54580f5ac26f408cc830777fb28f561badb9c713ca20424775615,False,MagneticTile,exp3_num_75119,4,-99
MT,MT::exp3_num_77583,MT_Break/Imgs/exp3_num_77583.jpg,exp3_num_77583.jpg,Break,none,232,602,1,45324,42063ce18af5c5ca2687d0c0fbad3e2e948d4c51b94c5506d030d0f78efd519e,False,MagneticTile,exp3_num_77583,1,-99
MT,MT::exp3_num_7899,MT_Free/Imgs/exp3_num_7899.jpg,exp3_num_7899.jpg,Free,none,287,119,1,13831,d35c1e522c394c9f8e296361babb89fc6fcbb36004b05433dc06f93de9aef58b,False,MagneticTile,exp3_num_7899,4,-99
MT,MT::exp3_num_853,MT_Blowhole/Imgs/exp3_num_853.jpg,exp3_num_853.jpg,Blowhole,none,360,490,1,61102,7fcb812ba0cfb4c8c609bcf078286fcf7614ac956846b299c56525fad56dbdec,False,MagneticTile,exp3_num_853,0,-99
MT,MT::exp3_num_85897,MT_Crack/Imgs/exp3_num_85897.jpg,exp3_num_85897.jpg,Crack,none,245,606,1,48470,9b98101e568529cdfac56daf4ea8f6f51b68f1af21eebca6560307fe929e4cc0,False,MagneticTile,exp3_num_85897,2,-99
MT,MT::exp3_num_86892,MT_Crack/Imgs/exp3_num_86892.jpg,exp3_num_86892.jpg,Crack,none,245,606,1,48425,0682ac09ac26593827f3bb9ad7b72a1be29d97820fee16643db54ac54ca446db,False,MagneticTile,exp3_num_86892,2,-99
MT,MT::exp3_num_91008,MT_Free/Imgs/exp3_num_91008.jpg,exp3_num_91008.jpg,Free,none,244,602,1,46814,3e55ceda327d81afb3e8353de3bdaf6282dba91a19a4ba55f3e1844ae11d2921,False,MagneticTile,exp3_num_91008,4,-99
MT,MT::exp3_num_913,MT_Free/Imgs/exp3_num_913.jpg,exp3_num_913.jpg,Free,none,293,242,1,32441,81531b7b6ee330f2f8f0d34a7cdcb1a6c3abedef7f46a9ed9bf2baaac2710d22,False,MagneticTile,exp3_num_913,4,-99
MT,MT::exp3_num_94938,MT_Free/Imgs/exp3_num_94938.jpg,exp3_num_94938.jpg,Free,none,262,609,1,53871,1eab7bba4846dbad87e04fad079726b219aaa7d6e7c163c284e4c06db783f9c7,False,MagneticTile,exp3_num_94938,4,-99
MT,MT::exp3_num_9508,MT_Blowhole/Imgs/exp3_num_9508.jpg,exp3_num_9508.jpg,Blowhole,none,398,388,1,55841,c3f2703db77315e913b7646fe90df987c10a7295412aa3f9b080b8bd13fce658,False,MagneticTile,exp3_num_9508,0,-99
MT,MT::exp3_num_98116,MT_Break/Imgs/exp3_num_98116.jpg,exp3_num_98116.jpg,Break,none,304,450,1,46973,921cca193bdc6276593b36fd19aa769679a9d44ceb581e7feba41f3cfb070b06,False,MagneticTile,exp3_num_98116,1,-99
MT,MT::exp4_num_10227,MT_Free/Imgs/exp4_num_10227.jpg,exp4_num_10227.jpg,Free,none,376,509,1,60161,299ca81e10dbf131e8247b122a60c7690bd6b4df49df8e1a53f084bea1b3dc55,False,MagneticTile,exp4_num_10227,4,-99
MT,MT::exp4_num_105851,MT_Break/Imgs/exp4_num_105851.jpg,exp4_num_105851.jpg,Break,none,278,618,1,63631,e35dda0f1c319ca5e3dc81f326eae0ab02aff33538cd868223fb820a4b0503a3,False,MagneticTile,exp4_num_105851,1,-99
MT,MT::exp4_num_106203,MT_Free/Imgs/exp4_num_106203.jpg,exp4_num_106203.jpg,Free,none,356,251,1,33870,fbbff4d1e49d99833ff69c2f9c5a4ef3c75e1ca59e8dca408bc1ded9aa707ae4,False,MagneticTile,exp4_num_106203,4,-99
MT,MT::exp4_num_10642,MT_Free/Imgs/exp4_num_10642.jpg,exp4_num_10642.jpg,Free,none,337,524,1,53869,c192a667bb53c5ed75a2e95723cf052f20a4a335b82d862a2ef2df1d83fe76d5,False,MagneticTile,exp4_num_10642,4,-99
MT,MT::exp4_num_106801,MT_Free/Imgs/exp4_num_106801.jpg,exp4_num_106801.jpg,Free,none,355,258,1,39811,f7e78d859c6acd291c160e656735d082315b7794da6a6ffbb59fffb2c35714f7,False,MagneticTile,exp4_num_106801,4,-99
MT,MT::exp4_num_108774,MT_Blowhole/Imgs/exp4_num_108774.jpg,exp4_num_108774.jpg,Blowhole,none,381,254,1,38844,12234a1d14b5ce0aec096583099b388a9230240e80dc6bf04330aa3cea755987,False,MagneticTile,exp4_num_108774,0,-99
MT,MT::exp4_num_109286,MT_Uneven/Imgs/exp4_num_109286.jpg,exp4_num_109286.jpg,Uneven,none,267,607,1,63149,f770b01ffebab9e8b95c9f02ddaebb08562428ca70645e487a601db78b8d9226,False,MagneticTile,exp4_num_109286,5,-99
MT,MT::exp4_num_10957,MT_Free/Imgs/exp4_num_10957.jpg,exp4_num_10957.jpg,Free,none,355,512,1,53878,16ea16bd20437a2c676ea2e98e1fabff89ac463316a4d5c02470b26cdf3dec84,False,MagneticTile,exp4_num_10957,4,-99
MT,MT::exp4_num_110151,MT_Free/Imgs/exp4_num_110151.jpg,exp4_num_110151.jpg,Free,none,255,600,1,52012,ea9792c587e20c0ba581e8f15e3e04f3614230aed275ccccb6639e10c4956f23,False,MagneticTile,exp4_num_110151,4,-99
MT,MT::exp4_num_11314,MT_Free/Imgs/exp4_num_11314.jpg,exp4_num_11314.jpg,Free,none,364,479,1,64950,303e273b923eaa3560e0958980e359280d2c0e7e5da2176ded15e9247942f00b,False,MagneticTile,exp4_num_11314,4,-99
MT,MT::exp4_num_114433,MT_Free/Imgs/exp4_num_114433.jpg,exp4_num_114433.jpg,Free,none,372,253,1,40635,d1d6de256d4d11934d1af1b0342153a5eeb960e6a46fc32061b716c6bbefb488,False,MagneticTile,exp4_num_114433,4,-99
MT,MT::exp4_num_116311,MT_Free/Imgs/exp4_num_116311.jpg,exp4_num_116311.jpg,Free,none,258,604,1,62787,8c06c904377d57cac7afb5247be8567107b151b20fa71f99eb00581a80ebb924,False,MagneticTile,exp4_num_116311,4,-99
MT,MT::exp4_num_116553,MT_Crack/Imgs/exp4_num_116553.jpg,exp4_num_116553.jpg,Crack,none,358,298,1,43008,6eeb71b85de4c753b65289f2632d9ee4ef65974f81cd77bcfb9f3d7a2ee2b2d4,False,MagneticTile,exp4_num_116553,2,-99
MT,MT::exp4_num_116999,MT_Break/Imgs/exp4_num_116999.jpg,exp4_num_116999.jpg,Break,none,269,606,1,58634,5a9d59ecb95fd2d5aad81d2a2031e4b509e4b7f5c5b2c28157beefc523f1f9fd,False,MagneticTile,exp4_num_116999,1,-99
MT,MT::exp4_num_117012,MT_Free/Imgs/exp4_num_117012.jpg,exp4_num_117012.jpg,Free,none,313,302,1,38986,976f916e9e188205c001b802df03bb1347351ec08656afc1118acdce62525e85,False,MagneticTile,exp4_num_117012,4,-99
MT,MT::exp4_num_118925,MT_Free/Imgs/exp4_num_118925.jpg,exp4_num_118925.jpg,Free,none,248,598,1,57455,864b00d22553229e6e67d8379e4b8172a4cbc887d383e96db5082204ff6796f6,False,MagneticTile,exp4_num_118925,4,-99
MT,MT::exp4_num_124690,MT_Uneven/Imgs/exp4_num_124690.jpg,exp4_num_124690.jpg,Uneven,none,259,608,1,57244,bb077623448136cad9af97c3e8ba44c3a34554ba22ed3673c8dae4fc470207e5,False,MagneticTile,exp4_num_124690,5,-99
MT,MT::exp4_num_126353,MT_Free/Imgs/exp4_num_126353.jpg,exp4_num_126353.jpg,Free,none,335,307,1,38278,611ebd93742e80890f6638f67671ae5bcda2d6750142a6c7702e9a5e46f6d8f9,False,MagneticTile,exp4_num_126353,4,-99
MT,MT::exp4_num_126840,MT_Free/Imgs/exp4_num_126840.jpg,exp4_num_126840.jpg,Free,none,340,307,1,43339,c3e683a5035b748c2e7c58eff03887f641a9108b8f76778514831c27bdc4d6b7,False,MagneticTile,exp4_num_126840,4,-99
MT,MT::exp4_num_127690,MT_Free/Imgs/exp4_num_127690.jpg,exp4_num_127690.jpg,Free,none,343,301,1,38309,01b6c22e5991422784275752bb17d3b8b5a19a52ae082e7b5da2c024d9eb3a1c,False,MagneticTile,exp4_num_127690,4,-99
MT,MT::exp4_num_128120,MT_Free/Imgs/exp4_num_128120.jpg,exp4_num_128120.jpg,Free,none,346,317,1,42118,32fc485d7746051d7584a7703d9a708993b0016ecbaca92a5c13908dc8efaa6c,False,MagneticTile,exp4_num_128120,4,-99
MT,MT::exp4_num_129083,MT_Uneven/Imgs/exp4_num_129083.jpg,exp4_num_129083.jpg,Uneven,none,372,264,1,40405,4eb609fafdafe13942969eba778d25f8b00a509d7e4d8598ef88d6219c635662,False,MagneticTile,exp4_num_129083,5,-99
MT,MT::exp4_num_129654,MT_Free/Imgs/exp4_num_129654.jpg,exp4_num_129654.jpg,Free,none,377,251,1,42122,a89d48e749bb041a4ca0ff82214129ff404b7afa08e48ce278a884e3d69fc845,False,MagneticTile,exp4_num_129654,4,-99
MT,MT::exp4_num_135615,MT_Fray/Imgs/exp4_num_135615.jpg,exp4_num_135615.jpg,Fray,none,252,603,1,60235,40c1f82ae9ac7126e6664b031f9372678e8709b42e20265bae9cca58eb8620d7,False,MagneticTile,exp4_num_135615,3,-99
MT,MT::exp4_num_13589,MT_Free/Imgs/exp4_num_13589.jpg,exp4_num_13589.jpg,Free,none,339,513,1,60614,7031a51c11b9c7bb2c87f14bed0d282aad69d15490645e776cc1c5ed8fa44255,False,MagneticTile,exp4_num_13589,4,-99
MT,MT::exp4_num_136676,MT_Fray/Imgs/exp4_num_136676.jpg,exp4_num_136676.jpg,Fray,none,230,616,1,45741,b3875d20250f7e166f4aaaa3852082092289c0f061d9f95dfce7e39bad7a4683,False,MagneticTile,exp4_num_136676,3,-99
MT,MT::exp4_num_138670,MT_Free/Imgs/exp4_num_138670.jpg,exp4_num_138670.jpg,Free,none,253,609,1,57318,3858423b3828b43483dbcfd414af4fc76565307eee7ae8d440ce6a6cd35a0287,False,MagneticTile,exp4_num_138670,4,-99
MT,MT::exp4_num_139856,MT_Uneven/Imgs/exp4_num_139856.jpg,exp4_num_139856.jpg,Uneven,none,246,602,1,59370,176e9032d3682966dc4dce87a5bd9c9dc12d4e2386bb4d4664c96f1884d9189a,False,MagneticTile,exp4_num_139856,5,-99
MT,MT::exp4_num_143255,MT_Free/Imgs/exp4_num_143255.jpg,exp4_num_143255.jpg,Free,none,250,584,1,55629,60768087dc90bf6267183cbeac58d53ed1d5bbd35bafb34f55eaec7cdfdc1516,False,MagneticTile,exp4_num_143255,4,-99
MT,MT::exp4_num_144227,MT_Free/Imgs/exp4_num_144227.jpg,exp4_num_144227.jpg,Free,none,257,564,1,52045,3535f6ad5d8fd46ab5f7ab382e9ef39d4c671902273ada8c0c05431e60698e8c,False,MagneticTile,exp4_num_144227,4,-99
MT,MT::exp4_num_147986,MT_Free/Imgs/exp4_num_147986.jpg,exp4_num_147986.jpg,Free,none,235,593,1,55748,649a5b33adc724636b0a3c6b59664d5642ea3bbb8dbbbecfc6186b6a0eb377ab,False,MagneticTile,exp4_num_147986,4,-99
MT,MT::exp4_num_148998,MT_Free/Imgs/exp4_num_148998.jpg,exp4_num_148998.jpg,Free,none,222,580,1,46102,ed171dafcf898d92b79c38af24178e755538911c2bf452d7bb47408316ada34d,False,MagneticTile,exp4_num_148998,4,-99
MT,MT::exp4_num_154613,MT_Free/Imgs/exp4_num_154613.jpg,exp4_num_154613.jpg,Free,none,319,188,1,28626,a580ce0c976460ad3eda1f722760d1158cfd40827cfe289622df27e7668309a2,False,MagneticTile,exp4_num_154613,4,-99
MT,MT::exp4_num_155384,MT_Uneven/Imgs/exp4_num_155384.jpg,exp4_num_155384.jpg,Uneven,none,303,186,1,26742,23cfcf0facd781451d8533ec8e357ea878c7ae9f58d0f200d52c0fb1c1a87ffc,False,MagneticTile,exp4_num_155384,5,-99
MT,MT::exp4_num_157245,MT_Free/Imgs/exp4_num_157245.jpg,exp4_num_157245.jpg,Free,none,328,197,1,27564,34b3c339acd70c678aa8335cdabab1eaf18c67563305eaad89f1383ceae1bd38,False,MagneticTile,exp4_num_157245,4,-99
MT,MT::exp4_num_157789,MT_Free/Imgs/exp4_num_157789.jpg,exp4_num_157789.jpg,Free,none,322,193,1,27218,0fee269dadc6161722ef89eb06c8d2b5bd20c9192e91f2879754000e8058fd2f,False,MagneticTile,exp4_num_157789,4,-99
MT,MT::exp4_num_165425,MT_Free/Imgs/exp4_num_165425.jpg,exp4_num_165425.jpg,Free,none,321,203,1,29987,b6ae959a219753d1729fdd8f640d2c9a875f35c33d868725f7397c67ac4cc4dc,False,MagneticTile,exp4_num_165425,4,-99
MT,MT::exp4_num_16575,MT_Free/Imgs/exp4_num_16575.jpg,exp4_num_16575.jpg,Free,none,310,533,1,51890,21cf908e3045b02d129a95bb676ffa84c2b4b4cb3a80e778242515436d6141a6,False,MagneticTile,exp4_num_16575,4,-99
MT,MT::exp4_num_166238,MT_Free/Imgs/exp4_num_166238.jpg,exp4_num_166238.jpg,Free,none,321,201,1,27525,952162bb1ccb5804010b8659e2e9bb8ee7d2e4d431c0ff8f6ce87ad45f47208e,False,MagneticTile,exp4_num_166238,4,-99
MT,MT::exp4_num_172304,MT_Uneven/Imgs/exp4_num_172304.jpg,exp4_num_172304.jpg,Uneven,none,318,183,1,26000,e292a9056e9dd4689747a7e0f349b64c6218595d1690486460373570486fa263,False,MagneticTile,exp4_num_172304,5,-99
MT,MT::exp4_num_174720,MT_Free/Imgs/exp4_num_174720.jpg,exp4_num_174720.jpg,Free,none,317,196,1,28285,0ccbe14ceeb775e507b02b02470dd33ce236208e02f43cd16998230bc1916773,False,MagneticTile,exp4_num_174720,4,-99
MT,MT::exp4_num_177987,MT_Free/Imgs/exp4_num_177987.jpg,exp4_num_177987.jpg,Free,none,311,204,1,32778,c12edfdba7b8f7e8c018b772b69f8f5577cf0913e5ef72b1a6c4f98dee3e224c,False,MagneticTile,exp4_num_177987,4,-99
MT,MT::exp4_num_178536,MT_Free/Imgs/exp4_num_178536.jpg,exp4_num_178536.jpg,Free,none,317,191,1,26839,d081819acaabb51f8d765ff83c0622b3a9d846b51ea8ae1490b8c14122431f6b,False,MagneticTile,exp4_num_178536,4,-99
MT,MT::exp4_num_180371,MT_Free/Imgs/exp4_num_180371.jpg,exp4_num_180371.jpg,Free,none,323,196,1,26842,8cfae30cf00b3dc79b4496a1300177f35fe1bdbaf547dc16de0eba5a4c249c3a,False,MagneticTile,exp4_num_180371,4,-99
MT,MT::exp4_num_180903,MT_Free/Imgs/exp4_num_180903.jpg,exp4_num_180903.jpg,Free,none,317,199,1,26305,388d2965705ae722429c4d2cd8da70b73fd522e4a8520677fa76aabb4e0c4a87,False,MagneticTile,exp4_num_180903,4,-99
MT,MT::exp4_num_18204,MT_Free/Imgs/exp4_num_18204.jpg,exp4_num_18204.jpg,Free,none,328,511,1,59769,e4985b30f9b6f7041546c1b6d588f8c8b004aa0476ef5cc146200c109023756e,False,MagneticTile,exp4_num_18204,4,-99
MT,MT::exp4_num_183223,MT_Free/Imgs/exp4_num_183223.jpg,exp4_num_183223.jpg,Free,none,320,199,1,31399,eaac7fc526b504377d6438d26df99b9d85327cb757a3aa3d9ee7adc202015290,False,MagneticTile,exp4_num_183223,4,-99
MT,MT::exp4_num_183867,MT_Free/Imgs/exp4_num_183867.jpg,exp4_num_183867.jpg,Free,none,316,196,1,28054,97254ded4d401729c58d2d6be83625a03234cfeb48fc179adb4c347695bb7e0c,False,MagneticTile,exp4_num_183867,4,-99
MT,MT::exp4_num_186909,MT_Uneven/Imgs/exp4_num_186909.jpg,exp4_num_186909.jpg,Uneven,none,309,191,1,27789,2726cd29667a14523622e64fe284d79379c71e6f388a1057f4e24e8858e9a68d,False,MagneticTile,exp4_num_186909,5,-99
MT,MT::exp4_num_187582,MT_Free/Imgs/exp4_num_187582.jpg,exp4_num_187582.jpg,Free,none,324,192,1,28580,e3626b82fd8ce740b460c8ed14f9d97f1ee2d5c4fccadff41af407c4e237d1dc,False,MagneticTile,exp4_num_187582,4,-99
MT,MT::exp4_num_1877,MT_Free/Imgs/exp4_num_1877.jpg,exp4_num_1877.jpg,Free,none,273,244,1,23447,58d126621461c42c11664550be579d881771e3c64a00064a28bb0f94d73f7713,False,MagneticTile,exp4_num_1877,4,-99
MT,MT::exp4_num_192192,MT_Free/Imgs/exp4_num_192192.jpg,exp4_num_192192.jpg,Free,none,320,194,1,31159,a0e9bb06db43a9c81dac15100403bd7636ab4de648f10155490631a518796a72,False,MagneticTile,exp4_num_192192,4,-99
MT,MT::exp4_num_193151,MT_Free/Imgs/exp4_num_193151.jpg,exp4_num_193151.jpg,Free,none,322,194,1,29083,e45d78d6535184869b6ff9ebfd2123e1acc23d98061236acf70985134f753c1d,False,MagneticTile,exp4_num_193151,4,-99
MT,MT::exp4_num_194236,MT_Break/Imgs/exp4_num_194236.jpg,exp4_num_194236.jpg,Break,none,321,189,1,29074,60898fd47525598c7d3dcc724436cbfae7e6c7ee3ed229785493703d5e89953b,False,MagneticTile,exp4_num_194236,1,-99
MT,MT::exp4_num_195700,MT_Free/Imgs/exp4_num_195700.jpg,exp4_num_195700.jpg,Free,none,319,188,1,27929,78a60ed4b14b279b12b329dcc623d85cf5b524a8249569d434c7a3fd357e380e,False,MagneticTile,exp4_num_195700,4,-99
MT,MT::exp4_num_19770,MT_Free/Imgs/exp4_num_19770.jpg,exp4_num_19770.jpg,Free,none,323,515,1,57926,29ffdae7a3ab18ecac38223cf5274852ca36eb4294b3c68f22e77a7dc2afafb8,False,MagneticTile,exp4_num_19770,4,-99
MT,MT::exp4_num_20426,MT_Fray/Imgs/exp4_num_20426.jpg,exp4_num_20426.jpg,Fray,none,340,523,1,54972,dbd6982a8ff0ddcf48689161c82609614d14ac59d6ccd7470520327941af40ef,False,MagneticTile,exp4_num_20426,3,-99
MT,MT::exp4_num_2086,MT_Free/Imgs/exp4_num_2086.jpg,exp4_num_2086.jpg,Free,none,374,520,1,59154,9cc93d91da92ecf44daeee9665fbff4c1a4a24f5cd68e287efb398facf13866e,False,MagneticTile,exp4_num_2086,4,-99
MT,MT::exp4_num_240090,MT_Free/Imgs/exp4_num_240090.jpg,exp4_num_240090.jpg,Free,none,361,258,1,39933,49a73137ed201deaf088188140c925ab11092b0bb068f8ec180b8514a641e97d,False,MagneticTile,exp4_num_240090,4,-99
MT,MT::exp4_num_241391,MT_Free/Imgs/exp4_num_241391.jpg,exp4_num_241391.jpg,Free,none,258,216,1,22004,7a3cfc487c25f99ed81ad4c7c6292d64b4f032da1a98efef908beffe274600cb,False,MagneticTile,exp4_num_241391,4,-99
MT,MT::exp4_num_241939,MT_Break/Imgs/exp4_num_241939.jpg,exp4_num_241939.jpg,Break,none,273,203,1,22837,1b04117ac24cca5a99093a2558a30bafd38610c96f15e983fbc8a365074b20e0,False,MagneticTile,exp4_num_241939,1,-99
MT,MT::exp4_num_245804,MT_Free/Imgs/exp4_num_245804.jpg,exp4_num_245804.jpg,Free,none,241,210,1,23463,4a78fdeddb04190505689d92b071dc7a3ab45a737300179953666f47153b2e4b,False,MagneticTile,exp4_num_245804,4,-99
MT,MT::exp4_num_246354,MT_Free/Imgs/exp4_num_246354.jpg,exp4_num_246354.jpg,Free,none,272,219,1,26665,b18b20499a8370632f6514ae00acb78252685d763315e34c3de3b27d0c5a3ec2,False,MagneticTile,exp4_num_246354,4,-99
MT,MT::exp4_num_24843,MT_Uneven/Imgs/exp4_num_24843.jpg,exp4_num_24843.jpg,Uneven,none,334,517,1,61624,b52f97f8370fe695e838d6679c637e2e5d2bdd9917e9058185f2fcc91656c044,False,MagneticTile,exp4_num_24843,5,-99
MT,MT::exp4_num_249762,MT_Crack/Imgs/exp4_num_249762.jpg,exp4_num_249762.jpg,Crack,none,274,219,1,27989,00017cdec71db399fded718b42741b484b157cdd31045a958b8a6b09e35056f8,False,MagneticTile,exp4_num_249762,2,-99
MT,MT::exp4_num_251495,MT_Free/Imgs/exp4_num_251495.jpg,exp4_num_251495.jpg,Free,none,247,223,1,23912,551f40eca37b1bc22acc2cf94d86b2c75160ef077fe3b7778b9445cbc9ee65c3,False,MagneticTile,exp4_num_251495,4,-99
MT,MT::exp4_num_255718,MT_Free/Imgs/exp4_num_255718.jpg,exp4_num_255718.jpg,Free,none,353,260,1,38865,739e39988ae6bd835702e4ce740abd4b6a88d86b4c76d64c4af6a626f8314551,False,MagneticTile,exp4_num_255718,4,-99
MT,MT::exp4_num_256324,MT_Free/Imgs/exp4_num_256324.jpg,exp4_num_256324.jpg,Free,none,369,262,1,39271,0a9ea16b422a8fd0727100b434f4def2a07c0fdd6ccc7696fa203b2b64ddfde0,False,MagneticTile,exp4_num_256324,4,-99
MT,MT::exp4_num_257190,MT_Free/Imgs/exp4_num_257190.jpg,exp4_num_257190.jpg,Free,none,273,222,1,24961,5178ce81bd2edece9da8f2ce203de32c6f9034fe0b9fd2b3b17886ba16d1da5e,False,MagneticTile,exp4_num_257190,4,-99
MT,MT::exp4_num_257938,MT_Free/Imgs/exp4_num_257938.jpg,exp4_num_257938.jpg,Free,none,329,248,1,31696,9e448a507005460ed7554e34cabf043949c2d18e7558f12958a55882d7665fb2,False,MagneticTile,exp4_num_257938,4,-99
MT,MT::exp4_num_258590,MT_Fray/Imgs/exp4_num_258590.jpg,exp4_num_258590.jpg,Fray,none,359,257,1,35240,4e66c3b48803f228fdbb4c1cd953a2ca212d1eeffe7f9c20cd2e8ff9ead60edb,False,MagneticTile,exp4_num_258590,3,-99
MT,MT::exp4_num_258885,MT_Free/Imgs/exp4_num_258885.jpg,exp4_num_258885.jpg,Free,none,249,216,1,22346,bf2aad551b90e0371f49892d446c32a1176b4d49529d521faabcab9ecf0bf45f,False,MagneticTile,exp4_num_258885,4,-99
MT,MT::exp4_num_260535,MT_Free/Imgs/exp4_num_260535.jpg,exp4_num_260535.jpg,Free,none,252,221,1,24141,996c58810c66cc9a2d77e5983762175c65b3c3fd81972c63e50dba466e57d463,False,MagneticTile,exp4_num_260535,4,-99
MT,MT::exp4_num_260976,MT_Free/Imgs/exp4_num_260976.jpg,exp4_num_260976.jpg,Free,none,269,223,1,25985,c608ab62c95ef381b27a6062a2ec8593158b33cad9efa0151f6d26fb26632e5e,False,MagneticTile,exp4_num_260976,4,-99
MT,MT::exp4_num_26163,MT_Break/Imgs/exp4_num_26163.jpg,exp4_num_26163.jpg,Break,none,315,532,1,52643,b09a721e70dc3a53fab6f85ffcbe2739e1dc798236e6a8b22b4b4f8c8df0a803,False,MagneticTile,exp4_num_26163,1,-99
MT,MT::exp4_num_261992,MT_Free/Imgs/exp4_num_261992.jpg,exp4_num_261992.jpg,Free,none,269,223,1,26760,e0ce5440ddf5e6e08534515174752250bc5c7bd2930e909dc5d8bc17da489afe,False,MagneticTile,exp4_num_261992,4,-99
MT,MT::exp4_num_262258,MT_Free/Imgs/exp4_num_262258.jpg,exp4_num_262258.jpg,Free,none,381,278,1,41380,423175578ddc5c932027da62111723d202badf9c0790fb72b85ab463764ae165,False,MagneticTile,exp4_num_262258,4,-99
MT,MT::exp4_num_262626,MT_Blowhole/Imgs/exp4_num_262626.jpg,exp4_num_262626.jpg,Blowhole,none,250,193,1,22596,1b160d64467753d4083d143600e9f9550866e24315f8b0f72758ed0f4c7ef781,False,MagneticTile,exp4_num_262626,0,-99
MT,MT::exp4_num_262687,MT_Free/Imgs/exp4_num_262687.jpg,exp4_num_262687.jpg,Free,none,382,271,1,44943,3fd2d997ecbf800185db2793503d4b27e5a6eb250436e8e68b856dc0ceddc33e,False,MagneticTile,exp4_num_262687,4,-99
MT,MT::exp4_num_263875,MT_Free/Imgs/exp4_num_263875.jpg,exp4_num_263875.jpg,Free,none,373,264,1,42079,65a014f825409e70d2f045b4773c9c05ce5cd633a083ea9bf1c143c1051b8bc6,False,MagneticTile,exp4_num_263875,4,-99
MT,MT::exp4_num_264241,MT_Free/Imgs/exp4_num_264241.jpg,exp4_num_264241.jpg,Free,none,372,268,1,39872,a6ac3fe6da1b4095cba4820b27f93b13f0de02081d8e5140171fe36653719f5c,False,MagneticTile,exp4_num_264241,4,-99
MT,MT::exp4_num_265131,MT_Blowhole/Imgs/exp4_num_265131.jpg,exp4_num_265131.jpg,Blowhole,none,360,264,1,39416,488e6ebdd7d4560160d01a7824f110a8ec2568613179094b8b50b8564c72f8f5,False,MagneticTile,exp4_num_265131,0,-99
MT,MT::exp4_num_265677,MT_Crack/Imgs/exp4_num_265677.jpg,exp4_num_265677.jpg,Crack,none,393,256,1,41092,55359656d8e5f4ccfc9657f2639cd3f00ac200ad456d7eecf16d98e05c836ac3,False,MagneticTile,exp4_num_265677,2,-99
MT,MT::exp4_num_2657,MT_Free/Imgs/exp4_num_2657.jpg,exp4_num_2657.jpg,Free,none,285,122,1,16874,15b49278a35ea4fe53644ef706492dabead319f4d43e1141e095e017af192fd2,False,MagneticTile,exp4_num_2657,4,-99
MT,MT::exp4_num_266329,MT_Free/Imgs/exp4_num_266329.jpg,exp4_num_266329.jpg,Free,none,258,223,1,25204,064241de8f9dae00bd5cbd01441c3cdfdda3daeb0735ef9a382ba3bd0e490ee1,False,MagneticTile,exp4_num_266329,4,-99
MT,MT::exp4_num_266844,MT_Free/Imgs/exp4_num_266844.jpg,exp4_num_266844.jpg,Free,none,279,217,1,26248,ff95defd80ac083829c591cf28b2db1e0099061ae8e0cf9bf488a20d3380d22c,False,MagneticTile,exp4_num_266844,4,-99
MT,MT::exp4_num_269136,MT_Free/Imgs/exp4_num_269136.jpg,exp4_num_269136.jpg,Free,none,283,222,1,26463,6d3e5a00c1a519eaacb52bf1b7a0d9e375e1acc61524b5b5f1fcac1032e675c7,False,MagneticTile,exp4_num_269136,4,-99
MT,MT::exp4_num_269682,MT_Free/Imgs/exp4_num_269682.jpg,exp4_num_269682.jpg,Free,none,287,210,1,25461,fd75eb9a31dc3509f1007b0057de7be6d36f7b1c7c07b2b3522549f24b3e4ca3,False,MagneticTile,exp4_num_269682,4,-99
MT,MT::exp4_num_270184,MT_Uneven/Imgs/exp4_num_270184.jpg,exp4_num_270184.jpg,Uneven,none,359,249,1,33796,6aaa66560da9d675e5c0a382657c981a7573ca5b8c74f9643b2f109c089c1223,False,MagneticTile,exp4_num_270184,5,-99
MT,MT::exp4_num_270607,MT_Free/Imgs/exp4_num_270607.jpg,exp4_num_270607.jpg,Free,none,349,260,1,37364,e13c26a6c02ac9edd4d85891b810db3a40eb499faccb4aa6e5c4a5cc94818282,False,MagneticTile,exp4_num_270607,4,-99
MT,MT::exp4_num_270824,MT_Free/Imgs/exp4_num_270824.jpg,exp4_num_270824.jpg,Free,none,295,210,1,28749,840af1e044f7ff5dce2094d1982c157e729f1100672a092490b0a96dbddee680,False,MagneticTile,exp4_num_270824,4,-99
MT,MT::exp4_num_271416,MT_Break/Imgs/exp4_num_271416.jpg,exp4_num_271416.jpg,Break,none,280,218,1,26921,7e345213d8f0787163f590df798a2fc3aa66df4eb0e9aba3e7068d87823d3b30,False,MagneticTile,exp4_num_271416,1,-99
MT,MT::exp4_num_274154,MT_Uneven/Imgs/exp4_num_274154.jpg,exp4_num_274154.jpg,Uneven,none,278,220,1,26043,59051e969136c9e56305b20408a03321175df7a9ac5a90cf34ea917e707e84e4,False,MagneticTile,exp4_num_274154,5,-99
MT,MT::exp4_num_275420,MT_Free/Imgs/exp4_num_275420.jpg,exp4_num_275420.jpg,Free,none,379,266,1,43230,08d1fe58463e3546afceee1d70d1ebd144a49ef8aa527918f157761df844b769,False,MagneticTile,exp4_num_275420,4,-99
MT,MT::exp4_num_275709,MT_Free/Imgs/exp4_num_275709.jpg,exp4_num_275709.jpg,Free,none,383,271,1,43484,eafca16bb829a981b57d9bc450a2473aa4c6c88d545f1d8de559aa0cd5010fd7,False,MagneticTile,exp4_num_275709,4,-99
MT,MT::exp4_num_276401,MT_Break/Imgs/exp4_num_276401.jpg,exp4_num_276401.jpg,Break,none,392,224,1,36892,4ea6db2d7bb328101e01c80c982d32155f4d9929d7545cc7d126c82df2ebb7df,False,MagneticTile,exp4_num_276401,1,-99
MT,MT::exp4_num_277041,MT_Free/Imgs/exp4_num_277041.jpg,exp4_num_277041.jpg,Free,none,379,271,1,42996,48ffdf65ff6f26e5f4de4d55d22128b8f4b0b60e4bc65e01e05bf1b4e65c61d9,False,MagneticTile,exp4_num_277041,4,-99
MT,MT::exp4_num_278605,MT_Free/Imgs/exp4_num_278605.jpg,exp4_num_278605.jpg,Free,none,381,270,1,44266,33ca2e9850c1a45e2785ce590d88a7351849010793577a72609ff42727d94810,False,MagneticTile,exp4_num_278605,4,-99
MT,MT::exp4_num_279133,MT_Free/Imgs/exp4_num_279133.jpg,exp4_num_279133.jpg,Free,none,381,266,1,41518,2f9a0139445ec248936f4d4bf4fae08f1ede8770f110c8adb5fe8bc919b18ee9,False,MagneticTile,exp4_num_279133,4,-99
MT,MT::exp4_num_280258,MT_Free/Imgs/exp4_num_280258.jpg,exp4_num_280258.jpg,Free,none,356,243,1,39914,d79dcf7e190b2f4309111138b10d3f4812d6487ca2d2d6126feb36b8087b9d4d,False,MagneticTile,exp4_num_280258,4,-99
MT,MT::exp4_num_280989,MT_Free/Imgs/exp4_num_280989.jpg,exp4_num_280989.jpg,Free,none,363,242,1,33011,d1f1f83e2bbfc00630eba949750774647604c4cc95957fb35ae97fe5ef79c78f,False,MagneticTile,exp4_num_280989,4,-99
MT,MT::exp4_num_282921,MT_Free/Imgs/exp4_num_282921.jpg,exp4_num_282921.jpg,Free,none,348,254,1,31637,bef87702b4f4be969211fad7e88607dd7c21903d23226f936af3243b20ee5f0b,False,MagneticTile,exp4_num_282921,4,-99
MT,MT::exp4_num_283240,MT_Free/Imgs/exp4_num_283240.jpg,exp4_num_283240.jpg,Free,none,322,256,1,32840,79143f166b7b10a2ee659a7295bb250ff8f78d175f5c370e602aac56bde1e0fd,False,MagneticTile,exp4_num_283240,4,-99
MT,MT::exp4_num_28388,MT_Uneven/Imgs/exp4_num_28388.jpg,exp4_num_28388.jpg,Uneven,none,335,512,1,59761,f5b420696a6e766f6d20f5748b309b089d34f18071fff21d9be25ebcb7a9b949,False,MagneticTile,exp4_num_28388,5,-99
MT,MT::exp4_num_284532,MT_Break/Imgs/exp4_num_284532.jpg,exp4_num_284532.jpg,Break,none,362,247,1,36577,f812e403808722e26f9984236b1d070ed82bcf498db3a732138fdd9ae6dfb5a0,False,MagneticTile,exp4_num_284532,1,-99
MT,MT::exp4_num_284889,MT_Free/Imgs/exp4_num_284889.jpg,exp4_num_284889.jpg,Free,none,354,245,1,32792,28b785aac1cc36af3ef32173c263eb1d552dec290d8ab00c435643cc919985cf,False,MagneticTile,exp4_num_284889,4,-99
MT,MT::exp4_num_286277,MT_Free/Imgs/exp4_num_286277.jpg,exp4_num_286277.jpg,Free,none,347,291,1,39471,886d52a9d88b87a9f4ba704b82e4dca1ec3d5d600410ad47dc79c179c8069586,False,MagneticTile,exp4_num_286277,4,-99
MT,MT::exp4_num_289638,MT_Free/Imgs/exp4_num_289638.jpg,exp4_num_289638.jpg,Free,none,343,296,1,37361,67eac20e2008d1dba5d36acf7b05d7a01f0bca2c8444474fbd20292cb7beab64,False,MagneticTile,exp4_num_289638,4,-99
MT,MT::exp4_num_290093,MT_Free/Imgs/exp4_num_290093.jpg,exp4_num_290093.jpg,Free,none,343,296,1,41269,f91a2451ecb639a5685e237b5d398e50c53f16016fff785516ad857adc94c0c1,False,MagneticTile,exp4_num_290093,4,-99
MT,MT::exp4_num_291052,MT_Blowhole/Imgs/exp4_num_291052.jpg,exp4_num_291052.jpg,Blowhole,none,348,298,1,44758,81a468799487b1f94022f063999f00fc7ae8bebc7c19e9c3dd2c26250bd3bd8d,False,MagneticTile,exp4_num_291052,0,-99
MT,MT::exp4_num_292138,MT_Free/Imgs/exp4_num_292138.jpg,exp4_num_292138.jpg,Free,none,343,296,1,42878,1e70b059c394474b6d7fc1cb717ae37226fae696bff797e1066c9a2e53b819af,False,MagneticTile,exp4_num_292138,4,-99
MT,MT::exp4_num_293302,MT_Free/Imgs/exp4_num_293302.jpg,exp4_num_293302.jpg,Free,none,334,297,1,36482,0fdab2cd5a7d1f0786269b413a61b3520539dc784f9ca3b3205d83491e4aa57f,False,MagneticTile,exp4_num_293302,4,-99
MT,MT::exp4_num_293757,MT_Free/Imgs/exp4_num_293757.jpg,exp4_num_293757.jpg,Free,none,337,311,1,41283,cda7c678f3855cafd843f46aff4c3ee73c84d95f68a25e18242899f972b98202,False,MagneticTile,exp4_num_293757,4,-99
MT,MT::exp4_num_29521,MT_Free/Imgs/exp4_num_29521.jpg,exp4_num_29521.jpg,Free,none,317,496,1,49858,bc69d7d06142a20fccafaf9d22c99f218a32ea447b39fcaee5fd7c6eee29aa6b,False,MagneticTile,exp4_num_29521,4,-99
MT,MT::exp4_num_296682,MT_Free/Imgs/exp4_num_296682.jpg,exp4_num_296682.jpg,Free,none,349,304,1,40422,b141b8fc066788a59964cd5d263cf4fd819a5d65ad5f5fef307dfdf9a15249d6,False,MagneticTile,exp4_num_296682,4,-99
MT,MT::exp4_num_297324,MT_Free/Imgs/exp4_num_297324.jpg,exp4_num_297324.jpg,Free,none,347,303,1,42703,84664ef544c6de9df8eb599ede830a7fd73a9d187d806267140101b1db6a6e9a,False,MagneticTile,exp4_num_297324,4,-99
MT,MT::exp4_num_297524,MT_Blowhole/Imgs/exp4_num_297524.jpg,exp4_num_297524.jpg,Blowhole,none,272,219,1,24392,8dccf24f289616c11585817e8a10a04fa98824c8bcda0456f4eb4ae0c75c72d4,False,MagneticTile,exp4_num_297524,0,-99
MT,MT::exp4_num_299772,MT_Free/Imgs/exp4_num_299772.jpg,exp4_num_299772.jpg,Free,none,269,207,1,25040,42871e1b22592fac2a02dc40e8aeb12d0ff28527a9cd307dec3ed102e9f0c60b,False,MagneticTile,exp4_num_299772,4,-99
MT,MT::exp4_num_301523,MT_Free/Imgs/exp4_num_301523.jpg,exp4_num_301523.jpg,Free,none,365,368,1,49112,7a5eec57fd88d50b5ee362b1fc673560950b0268cdac29a4682b50d42b9d8ad6,False,MagneticTile,exp4_num_301523,4,-99
MT,MT::exp4_num_304328,MT_Break/Imgs/exp4_num_304328.jpg,exp4_num_304328.jpg,Break,none,245,202,1,23378,1b8139cc629daf43a552fd5e5c6433cde77afd3bfe13eb4e0047845e9966aa50,False,MagneticTile,exp4_num_304328,1,-99
MT,MT::exp4_num_304330,MT_Free/Imgs/exp4_num_304330.jpg,exp4_num_304330.jpg,Free,none,328,315,1,36270,2bf1411856b0b0b9e0b11508b28f943173d642122e8695d909abc4003e323e2f,False,MagneticTile,exp4_num_304330,4,-99
MT,MT::exp4_num_304714,MT_Free/Imgs/exp4_num_304714.jpg,exp4_num_304714.jpg,Free,none,303,321,1,36635,526f6896350f4e4a8cc8bee18f81c8e90b6c58cb1e7cf8f3aeed54e2cce6ff1b,False,MagneticTile,exp4_num_304714,4,-99
MT,MT::exp4_num_304904,MT_Free/Imgs/exp4_num_304904.jpg,exp4_num_304904.jpg,Free,none,271,210,1,23194,f93267bb952ad0a511b67e435cf8628a35c8e9edea0af6132821246da5aabfdf,False,MagneticTile,exp4_num_304904,4,-99
MT,MT::exp4_num_306469,MT_Free/Imgs/exp4_num_306469.jpg,exp4_num_306469.jpg,Free,none,267,213,1,25952,623532353ddf0b608fa950b9edea925f3e7be41cc5c61b71cd095c66eeeb5f76,False,MagneticTile,exp4_num_306469,4,-99
MT,MT::exp4_num_306634,MT_Free/Imgs/exp4_num_306634.jpg,exp4_num_306634.jpg,Free,none,375,360,1,44863,2369642447a832667abd4da9241542335b264188aa45795942754af03a3c063a,False,MagneticTile,exp4_num_306634,4,-99
MT,MT::exp4_num_308078,MT_Blowhole/Imgs/exp4_num_308078.jpg,exp4_num_308078.jpg,Blowhole,none,273,219,1,23096,eb213175968cb255569e73ab74f3c06d5bb2d36674f4197aa2e8045209b8410a,False,MagneticTile,exp4_num_308078,0,-99
MT,MT::exp4_num_308849,MT_Free/Imgs/exp4_num_308849.jpg,exp4_num_308849.jpg,Free,none,369,357,1,51534,c9547febfbda2424ea1f1fce97c05871317f9913fb24c48d3ac497f920f0f385,False,MagneticTile,exp4_num_308849,4,-99
MT,MT::exp4_num_309390,MT_Free/Imgs/exp4_num_309390.jpg,exp4_num_309390.jpg,Free,none,358,365,1,42557,f4062d68892afe9586bb16957d39818c8d4eeb11baf311e94a5b088e84b558a1,False,MagneticTile,exp4_num_309390,4,-99
MT,MT::exp4_num_309692,MT_Free/Imgs/exp4_num_309692.jpg,exp4_num_309692.jpg,Free,none,270,218,1,26188,1f78bc98759d7cfef14faf9062bf1328f1dd3abbcbc3b5fd2e8567201f36dce5,False,MagneticTile,exp4_num_309692,4,-99
MT,MT::exp4_num_311355,MT_Free/Imgs/exp4_num_311355.jpg,exp4_num_311355.jpg,Free,none,271,207,1,27576,5de86ca2d2212e6f61ebec382a4b067318192639483aa72ace0edd63469cfc6d,False,MagneticTile,exp4_num_311355,4,-99
MT,MT::exp4_num_31150,MT_Free/Imgs/exp4_num_31150.jpg,exp4_num_31150.jpg,Free,none,280,124,1,17490,7075c05327e7c080544f73cfb1a953a8560170f9c30ba8d20ec9402353750741,False,MagneticTile,exp4_num_31150,4,-99
MT,MT::exp4_num_311863,MT_Uneven/Imgs/exp4_num_311863.jpg,exp4_num_311863.jpg,Uneven,none,279,218,1,25902,de4a251131e1a09e51f97acb011d9e56d91339a5e874ef8db7844625bc91dc78,False,MagneticTile,exp4_num_311863,5,-99
MT,MT::exp4_num_313519,MT_Uneven/Imgs/exp4_num_313519.jpg,exp4_num_313519.jpg,Uneven,none,341,252,1,37693,d017b22f0f72708571143b010385525c380aa18631123e5d2a524eccf8054ce9,False,MagneticTile,exp4_num_313519,5,-99
MT,MT::exp4_num_313877,MT_Free/Imgs/exp4_num_313877.jpg,exp4_num_313877.jpg,Free,none,351,248,1,34281,aeb34463053966bd057e25272e81e8ccb559204f5b593d64ca76e643005bfe76,False,MagneticTile,exp4_num_313877,4,-99
MT,MT::exp4_num_315033,MT_Free/Imgs/exp4_num_315033.jpg,exp4_num_315033.jpg,Free,none,272,207,1,25972,9ec4b1006923e174efa19f8dc5a6b041201d21b99f02d432bb6700d2d87aab67,False,MagneticTile,exp4_num_315033,4,-99
MT,MT::exp4_num_316364,MT_Free/Imgs/exp4_num_316364.jpg,exp4_num_316364.jpg,Free,none,349,363,1,49448,085794335f26ce626d661a64585ccf2fa5f63b81c8762c99d3960ceca1de6c9b,False,MagneticTile,exp4_num_316364,4,-99
MT,MT::exp4_num_316737,MT_Free/Imgs/exp4_num_316737.jpg,exp4_num_316737.jpg,Free,none,352,349,1,40498,107d08f9257aac4a302d8ef3fe81e2d0b1a8eb65e06472377964ee980879f671,False,MagneticTile,exp4_num_316737,4,-99
MT,MT::exp4_num_317540,MT_Blowhole/Imgs/exp4_num_317540.jpg,exp4_num_317540.jpg,Blowhole,none,266,219,1,24422,efed08811f628394b34532c8cd50bf08c0aae8426f7a23e7abfca5f39af05a4e,False,MagneticTile,exp4_num_317540,0,-99
MT,MT::exp4_num_317600,MT_Free/Imgs/exp4_num_317600.jpg,exp4_num_317600.jpg,Free,none,352,349,1,46479,44e3ff363a44b29f3046cba979c45e115a6d3cf8169ba9dbc6fedf1f4bd0d3ed,False,MagneticTile,exp4_num_317600,4,-99
MT,MT::exp4_num_317937,MT_Free/Imgs/exp4_num_317937.jpg,exp4_num_317937.jpg,Free,none,360,344,1,40881,f73e351d74eece335076ba303f992389e1be9d7fc593f29fab8701da084e2a5a,False,MagneticTile,exp4_num_317937,4,-99
MT,MT::exp4_num_319357,MT_Free/Imgs/exp4_num_319357.jpg,exp4_num_319357.jpg,Free,none,357,366,1,51139,a4a636da788b7fe6809c4e1d6e5b14dadbe238481fdaa447042a37dd63c6917a,False,MagneticTile,exp4_num_319357,4,-99
MT,MT::exp4_num_319469,MT_Free/Imgs/exp4_num_319469.jpg,exp4_num_319469.jpg,Free,none,281,217,1,25536,320869a8e25ec1bd7f4e3704ab5520e9cd14a67a7ab9b5006f5776f3e0e51a25,False,MagneticTile,exp4_num_319469,4,-99
MT,MT::exp4_num_319729,MT_Free/Imgs/exp4_num_319729.jpg,exp4_num_319729.jpg,Free,none,367,339,1,40584,b1936f1dd1b4e7392c6be5c77f9a55a1557569b7f599c38f8291f79c17a4ef1e,False,MagneticTile,exp4_num_319729,4,-99
MT,MT::exp4_num_320501,MT_Free/Imgs/exp4_num_320501.jpg,exp4_num_320501.jpg,Free,none,357,362,1,53717,862f8f58a9177c7aab97f969e1710ee6f45a52ec158dfbb5db8655c8a0f493fd,False,MagneticTile,exp4_num_320501,4,-99
MT,MT::exp4_num_320705,MT_Break/Imgs/exp4_num_320705.jpg,exp4_num_320705.jpg,Break,none,257,198,1,22727,442bad587951e160472d026211cc6dc97e0326e6b6ab07dbfaca73d722905faf,False,MagneticTile,exp4_num_320705,1,-99
MT,MT::exp4_num_320843,MT_Free/Imgs/exp4_num_320843.jpg,exp4_num_320843.jpg,Free,none,361,357,1,42816,706b7fd354a225119bee96a85dbe0dddc801a610936a5b6236b34707761dabca,False,MagneticTile,exp4_num_320843,4,-99
MT,MT::exp4_num_321478,MT_Free/Imgs/exp4_num_321478.jpg,exp4_num_321478.jpg,Free,none,366,362,1,49937,8c40257eb13e3773ed96d75bc28c544133be50c21c59823b777027feea82952c,False,MagneticTile,exp4_num_321478,4,-99
MT,MT::exp4_num_32185,MT_Crack/Imgs/exp4_num_32185.jpg,exp4_num_32185.jpg,Crack,none,274,123,1,15759,d2a0a23dca7f89571427b7332bf4e1ab3941697ab9a07854e3bd7e58652badf8,False,MagneticTile,exp4_num_32185,2,-99
MT,MT::exp4_num_322656,MT_Blowhole/Imgs/exp4_num_322656.jpg,exp4_num_322656.jpg,Blowhole,none,253,214,1,22958,a2510ded027410bd6f74c30034c0eac537cd9fec0d71231719f6b1b6a2f3e552,False,MagneticTile,exp4_num_322656,0,-99
MT,MT::exp4_num_323366,MT_Free/Imgs/exp4_num_323366.jpg,exp4_num_323366.jpg,Free,none,267,216,1,22638,8f735945a87ea9f7db681be4dbdfa3bd5b5e0aa90265bac123f92e0f0ae980e9,False,MagneticTile,exp4_num_323366,4,-99
MT,MT::exp4_num_3234,MT_Crack/Imgs/exp4_num_3234.jpg,exp4_num_3234.jpg,Crack,none,381,321,1,49474,afd1d3681430fd337e3da9b82c9da38ba84aaf637782eff298f29df6a6f0ffc2,False,MagneticTile,exp4_num_3234,2,-99
MT,MT::exp4_num_326627,MT_Free/Imgs/exp4_num_326627.jpg,exp4_num_326627.jpg,Free,none,340,372,1,48892,570998ef51b5be70270f29004372e949a651446ceaa3a2c0eb5278b160cf1728,False,MagneticTile,exp4_num_326627,4,-99
MT,MT::exp4_num_326953,MT_Free/Imgs/exp4_num_326953.jpg,exp4_num_326953.jpg,Free,none,362,354,1,41506,9475eab529d0cacc9d7c300eb13da08ac8be91f7d75ee7db57b02f1f7760949b,False,MagneticTile,exp4_num_326953,4,-99
MT,MT::exp4_num_328029,MT_Blowhole/Imgs/exp4_num_328029.jpg,exp4_num_328029.jpg,Blowhole,none,353,353,1,39173,c10264dc164c5e3ad66648a9ec3283406d1c58836baf0d15f16abc1a96425922,False,MagneticTile,exp4_num_328029,0,-99
MT,MT::exp4_num_329260,MT_Free/Imgs/exp4_num_329260.jpg,exp4_num_329260.jpg,Free,none,359,367,1,48936,01a0e7f125a100d9f35c32c9ae4acf895ccdacdc8f72e3e9469b080a25c5c286,False,MagneticTile,exp4_num_329260,4,-99
MT,MT::exp4_num_331207,MT_Free/Imgs/exp4_num_331207.jpg,exp4_num_331207.jpg,Free,none,358,360,1,42705,36b137d8d6cf0281a767da67f1259e719df999f0311ccb59b9a0dd2e3106704f,False,MagneticTile,exp4_num_331207,4,-99
MT,MT::exp4_num_331970,MT_Free/Imgs/exp4_num_331970.jpg,exp4_num_331970.jpg,Free,none,357,358,1,48064,08cf1ec8f005210f6afbc027902a5da5a13be234d20620d2e0d00c20b5a68d09,False,MagneticTile,exp4_num_331970,4,-99
MT,MT::exp4_num_332730,MT_Free/Imgs/exp4_num_332730.jpg,exp4_num_332730.jpg,Free,none,348,311,1,41095,f8c45f69f9bfacd1c59200b67de5b7098a445b8d1d757176bf5c979fb6e217f6,False,MagneticTile,exp4_num_332730,4,-99
MT,MT::exp4_num_33407,MT_Uneven/Imgs/exp4_num_33407.jpg,exp4_num_33407.jpg,Uneven,none,306,519,1,55876,1e15aadf5b35331bf89aeb36099c9c9d10fb3b8ca1c5a55a6b35e29e24782eca,False,MagneticTile,exp4_num_33407,5,-99
MT,MT::exp4_num_337703,MT_Free/Imgs/exp4_num_337703.jpg,exp4_num_337703.jpg,Free,none,374,490,1,68692,5fdda09752b6f7cb014aae322e746782ea5dd3f8ac2b70fea984c8f39564b252,False,MagneticTile,exp4_num_337703,4,-99
MT,MT::exp4_num_338897,MT_Free/Imgs/exp4_num_338897.jpg,exp4_num_338897.jpg,Free,none,372,487,1,69401,7509525107a91ca8c324d03c91b6a65a66e9bba7c9e330a3c55b2b47e0efa2cb,False,MagneticTile,exp4_num_338897,4,-99
MT,MT::exp4_num_339867,MT_Crack/Imgs/exp4_num_339867.jpg,exp4_num_339867.jpg,Crack,none,365,359,1,50319,dd587f7a909de06a7e9e6960d05423903552723454a441998fb10bde87ac641e,False,MagneticTile,exp4_num_339867,2,-99
MT,MT::exp4_num_34134,MT_Free/Imgs/exp4_num_34134.jpg,exp4_num_34134.jpg,Free,none,324,522,1,49343,db44b77ace21168af4953cac28d9647f297cfd54981bb38135fd273e1a073d7b,False,MagneticTile,exp4_num_34134,4,-99
MT,MT::exp4_num_342190,MT_Crack/Imgs/exp4_num_342190.jpg,exp4_num_342190.jpg,Crack,none,374,342,1,56443,fda9e5caff7238cdf924469b217f7bbf5a63a63657be56549acf5009807d41ea,False,MagneticTile,exp4_num_342190,2,-99
MT,MT::exp4_num_342904,MT_Free/Imgs/exp4_num_342904.jpg,exp4_num_342904.jpg,Free,none,370,498,1,52812,74d30907429c18e6537ff440d8f037e5e8f416aff139d9444e451ca26e4889b8,False,MagneticTile,exp4_num_342904,4,-99
MT,MT::exp4_num_344591,MT_Free/Imgs/exp4_num_344591.jpg,exp4_num_344591.jpg,Free,none,363,504,1,48566,3a9561408abd22c43c183ebf21048789d753e9e524bea1724b1869c4ac64ca39,False,MagneticTile,exp4_num_344591,4,-99
MT,MT::exp4_num_346361,MT_Free/Imgs/exp4_num_346361.jpg,exp4_num_346361.jpg,Free,none,380,508,1,56856,f64c2fc2a777b53d31096a9fdb2e80d0715d616ca4652bb78c5b0f15227ea0b5,False,MagneticTile,exp4_num_346361,4,-99
MT,MT::exp4_num_348673,MT_Break/Imgs/exp4_num_348673.jpg,exp4_num_348673.jpg,Break,none,378,516,1,59017,6f6c9a171fe45de390362b99fad14ca47b52773434d1cbfb9a23c0c70d33b2d3,False,MagneticTile,exp4_num_348673,1,-99
MT,MT::exp4_num_349868,MT_Free/Imgs/exp4_num_349868.jpg,exp4_num_349868.jpg,Free,none,371,489,1,68568,f11b90294a4c0f4a75ab54f15bd018ccf659f44e5eca0f6187fa03237b419a88,False,MagneticTile,exp4_num_349868,4,-99
MT,MT::exp4_num_351088,MT_Free/Imgs/exp4_num_351088.jpg,exp4_num_351088.jpg,Free,none,359,492,1,66640,a98178ba7fa52107420100a0e83005f3a494639b033f66c65607170ec13d03e0,False,MagneticTile,exp4_num_351088,4,-99
MT,MT::exp4_num_351474,MT_Free/Imgs/exp4_num_351474.jpg,exp4_num_351474.jpg,Free,none,354,510,1,51724,a92e0b11474940a18ae47c740e8636138472c3607b73d4c830e6a7f4508ea137,False,MagneticTile,exp4_num_351474,4,-99
MT,MT::exp4_num_352527,MT_Uneven/Imgs/exp4_num_352527.jpg,exp4_num_352527.jpg,Uneven,none,379,502,1,53158,21ede6b3df29baaf07d5a66ee701a50df7010694581631349a94a7a62ca80bbd,False,MagneticTile,exp4_num_352527,5,-99
MT,MT::exp4_num_354427,MT_Free/Imgs/exp4_num_354427.jpg,exp4_num_354427.jpg,Free,none,365,496,1,67419,f43a07b08bd48cca0ccb993b9617ee8ea9fdfebac8b380e27cce8adb70a1cca2,False,MagneticTile,exp4_num_354427,4,-99
MT,MT::exp4_num_3554,MT_Free/Imgs/exp4_num_3554.jpg,exp4_num_3554.jpg,Free,none,271,122,1,15833,f353be29c2d85ab995e2e35fd633ff8cdfe1e20d0e0a9ec244be3b7f9072866a,False,MagneticTile,exp4_num_3554,4,-99
MT,MT::exp4_num_355680,MT_Free/Imgs/exp4_num_355680.jpg,exp4_num_355680.jpg,Free,none,382,481,1,72719,2ca6d153dbf67c5ab9278ec20e55488db952972963e614cab5a7484c8162dea7,False,MagneticTile,exp4_num_355680,4,-99
MT,MT::exp4_num_356767,MT_Break/Imgs/exp4_num_356767.jpg,exp4_num_356767.jpg,Break,none,384,510,1,57621,0988379ff09d4817a68ec2056a14a7da8ec7f077aa59abb0b9c7e9db91285785,False,MagneticTile,exp4_num_356767,1,-99
MT,MT::exp4_num_358138,MT_Free/Imgs/exp4_num_358138.jpg,exp4_num_358138.jpg,Free,none,377,472,1,71234,f96a595f749a92e268cdbc40d2f8c01d7433c835ee00dacfb7d2c39a3d6af089,False,MagneticTile,exp4_num_358138,4,-99
MT,MT::exp4_num_358985,MT_Free/Imgs/exp4_num_358985.jpg,exp4_num_358985.jpg,Free,none,366,493,1,64470,e044d5763ae2bb5ec68d3e5dcb27c28bd1db37893d089600ccd9fbea0716e162,False,MagneticTile,exp4_num_358985,4,-99
MT,MT::exp4_num_359501,MT_Free/Imgs/exp4_num_359501.jpg,exp4_num_359501.jpg,Free,none,369,500,1,52791,3c76af771955b414b77faa88936c34c5b01e22e3196c84b44a8fb78aff5809a4,False,MagneticTile,exp4_num_359501,4,-99
MT,MT::exp4_num_36258,MT_Blowhole/Imgs/exp4_num_36258.jpg,exp4_num_36258.jpg,Blowhole,none,287,120,1,16190,d71b788cf0cd3ee8b8b8b3802eac0956816addbd36e6e9e2117a980a48684f30,False,MagneticTile,exp4_num_36258,0,-99
MT,MT::exp4_num_37071,MT_Free/Imgs/exp4_num_37071.jpg,exp4_num_37071.jpg,Free,none,278,121,1,14731,434de7c30bc3f69d9e3a4bca07b93aae03a71d8e1f4c571b74dde09acc89e363,False,MagneticTile,exp4_num_37071,4,-99
MT,MT::exp4_num_3724,MT_Blowhole/Imgs/exp4_num_3724.jpg,exp4_num_3724.jpg,Blowhole,none,367,476,1,48637,406ae5cc5ec7301a2b6399dbfb598e353989ba672b1d441cc10fe1398d4f30c9,False,MagneticTile,exp4_num_3724,0,-99
MT,MT::exp4_num_37293,MT_Free/Imgs/exp4_num_37293.jpg,exp4_num_37293.jpg,Free,none,329,525,1,60752,e7372e8e4664ae048236a0afb37ec878c31c0468f02619366f24cd97ff3f4fb2,False,MagneticTile,exp4_num_37293,4,-99
MT,MT::exp4_num_37571,MT_Free/Imgs/exp4_num_37571.jpg,exp4_num_37571.jpg,Free,none,280,124,1,14914,5e409f32c7f9e1debbc966248e75f96f41da49d4ad68043a3cc75de93dc57d1a,False,MagneticTile,exp4_num_37571,4,-99
MT,MT::exp4_num_38041,MT_Free/Imgs/exp4_num_38041.jpg,exp4_num_38041.jpg,Free,none,320,524,1,48867,a8d95cee46a8596b2d3908eaa7b844253e624d7b3bd5ccea136344032d953b14,False,MagneticTile,exp4_num_38041,4,-99
MT,MT::exp4_num_3846,MT_Free/Imgs/exp4_num_3846.jpg,exp4_num_3846.jpg,Free,none,281,126,1,15757,aa958fe583a12fd00f3cffe88e2fc8ab987ce7a44362883a6d156ee8af71ca4e,False,MagneticTile,exp4_num_3846,4,-99
MT,MT::exp4_num_39469,MT_Free/Imgs/exp4_num_39469.jpg,exp4_num_39469.jpg,Free,none,284,121,1,17303,be162311d87a0d549ebbfe44bd6c173688ac3648a557be98af486258e95cd141,False,MagneticTile,exp4_num_39469,4,-99
MT,MT::exp4_num_40450,MT_Blowhole/Imgs/exp4_num_40450.jpg,exp4_num_40450.jpg,Blowhole,none,287,125,1,16541,74f64d8115485e29761f5810246e64ca32e827d6b99fc368823a8ea44cfcbbc6,False,MagneticTile,exp4_num_40450,0,-99
MT,MT::exp4_num_43865,MT_Free/Imgs/exp4_num_43865.jpg,exp4_num_43865.jpg,Free,none,316,530,1,50280,3ec55887f48d9da4122695e54f7bf039c5aa033072d0e913f88dccbd74231f67,False,MagneticTile,exp4_num_43865,4,-99
MT,MT::exp4_num_45057,MT_Uneven/Imgs/exp4_num_45057.jpg,exp4_num_45057.jpg,Uneven,none,312,508,1,54489,540e61553a349bd116daf43622ece10196805a752b75ecba4c65d683c42dce14,False,MagneticTile,exp4_num_45057,5,-99
MT,MT::exp4_num_4779,MT_Blowhole/Imgs/exp4_num_4779.jpg,exp4_num_4779.jpg,Blowhole,none,288,122,1,16084,ba685825768994f5f74940576c31c69fab6ff54dfd402cee5b1c9c8d3a9fd412,False,MagneticTile,exp4_num_4779,0,-99
MT,MT::exp4_num_4995,MT_Blowhole/Imgs/exp4_num_4995.jpg,exp4_num_4995.jpg,Blowhole,none,288,120,1,15443,8a112e9dc505e23a4532cc067ef08e8ac026e9a285a2d412c16ff429a58b4dd5,False,MagneticTile,exp4_num_4995,0,-99
MT,MT::exp4_num_50428,MT_Free/Imgs/exp4_num_50428.jpg,exp4_num_50428.jpg,Free,none,314,521,1,59091,75ef29cc79f82497e225aa7f9a7a203fa0c64abe2f70c3afaf38d66b430f8af5,False,MagneticTile,exp4_num_50428,4,-99
MT,MT::exp4_num_51125,MT_Free/Imgs/exp4_num_51125.jpg,exp4_num_51125.jpg,Free,none,315,526,1,51611,aba9edd338e51a65d6a01eed937b51283c5c38b8b3898fc13b738b4db9f75b65,False,MagneticTile,exp4_num_51125,4,-99
MT,MT::exp4_num_51725,MT_Blowhole/Imgs/exp4_num_51725.jpg,exp4_num_51725.jpg,Blowhole,none,289,123,1,17502,9f22af240f3d3c6010bbae9a3eda233adb4b3b4ba29c2e0ea8e1b3c413bfa04e,False,MagneticTile,exp4_num_51725,0,-99
MT,MT::exp4_num_52715,MT_Free/Imgs/exp4_num_52715.jpg,exp4_num_52715.jpg,Free,none,289,103,1,14479,dcb119fdea32915693d16786739cdf059ef095444d659ef495ecbfeb4b47d4fb,False,MagneticTile,exp4_num_52715,4,-99
MT,MT::exp4_num_53049,MT_Free/Imgs/exp4_num_53049.jpg,exp4_num_53049.jpg,Free,none,331,516,1,59058,988fc8343f706e32c30073674051e481eb78237995223823541a1a1a06920c71,False,MagneticTile,exp4_num_53049,4,-99
MT,MT::exp4_num_54165,MT_Free/Imgs/exp4_num_54165.jpg,exp4_num_54165.jpg,Free,none,312,531,1,49975,b90fc4b4c9fe59f5202bae2e3ae9569810442cfd1c0cbd9b1c9dd91752d0b250,False,MagneticTile,exp4_num_54165,4,-99
MT,MT::exp4_num_54308,MT_Blowhole/Imgs/exp4_num_54308.jpg,exp4_num_54308.jpg,Blowhole,none,270,118,1,15001,0c3d4e57d42e76bcee18e198dbaded50170067bd8c9c161b183f1c5718e08281,False,MagneticTile,exp4_num_54308,0,-99
MT,MT::exp4_num_54958,MT_Free/Imgs/exp4_num_54958.jpg,exp4_num_54958.jpg,Free,none,281,128,1,14998,a3176e5e3be9343189935b8097616954a4e0a095c34bcfb558f1860a149c5f84,False,MagneticTile,exp4_num_54958,4,-99
MT,MT::exp4_num_573,MT_Uneven/Imgs/exp4_num_573.jpg,exp4_num_573.jpg,Uneven,none,292,119,1,15476,2ac831e6c8730cbb695c3b1984b6b9da6d3f70c6c11edf58b77ea11ebf66a203,False,MagneticTile,exp4_num_573,5,-99
MT,MT::exp4_num_5959,MT_Free/Imgs/exp4_num_5959.jpg,exp4_num_5959.jpg,Free,none,335,524,1,61417,8b8ca4c3c5763070327c9dcd8d9563473a01cb59ed7d6280915ff3758fbfcb09,False,MagneticTile,exp4_num_5959,4,-99
MT,MT::exp4_num_61351,MT_Free/Imgs/exp4_num_61351.jpg,exp4_num_61351.jpg,Free,none,286,123,1,15209,29f1c42c0e5e01db5b928c328a8ea0ef9c5b8fe94bc7d8a893f609c322aea29a,False,MagneticTile,exp4_num_61351,4,-99
MT,MT::exp4_num_62606,MT_Break/Imgs/exp4_num_62606.jpg,exp4_num_62606.jpg,Break,none,282,120,1,15501,202a693e030980edc1eac954b844c18d63a3ace556723aeb0804aa27de33867f,False,MagneticTile,exp4_num_62606,1,-99
MT,MT::exp4_num_65043,MT_Free/Imgs/exp4_num_65043.jpg,exp4_num_65043.jpg,Free,none,325,524,1,58292,44d878c4631b64ce62e4b1151c6eca9af7a6b671d069b096b14a413668494473,False,MagneticTile,exp4_num_65043,4,-99
MT,MT::exp4_num_6552,MT_Free/Imgs/exp4_num_6552.jpg,exp4_num_6552.jpg,Free,none,370,506,1,53832,726c283e923ccfb7ee5cb8eabad4ec9ffd3c74a9d9b64584ca66a42229779c8c,False,MagneticTile,exp4_num_6552,4,-99
MT,MT::exp4_num_6586,MT_Free/Imgs/exp4_num_6586.jpg,exp4_num_6586.jpg,Free,none,282,119,1,16100,2ecf17f513b6ef56a5a8cb0003de6597dbef4d08b24d54d7cd3d17160670fc20,False,MagneticTile,exp4_num_6586,4,-99
MT,MT::exp4_num_68413,MT_Free/Imgs/exp4_num_68413.jpg,exp4_num_68413.jpg,Free,none,286,131,1,16543,370e8912fc3adba23109bb3c57029d1241171bbd624c35775424004549cfda77,False,MagneticTile,exp4_num_68413,4,-99
MT,MT::exp4_num_69864,MT_Free/Imgs/exp4_num_69864.jpg,exp4_num_69864.jpg,Free,none,281,125,1,16708,ffaa74d91a2ca268b251360862865dd31dd1084bf061a68d09eb6b4ea32c0131,False,MagneticTile,exp4_num_69864,4,-99
MT,MT::exp4_num_7036,MT_Blowhole/Imgs/exp4_num_7036.jpg,exp4_num_7036.jpg,Blowhole,none,353,472,1,61520,9079e5998db35fa6d1f7e779bcb4b973388182da120d426284ee6931984c62ac,False,MagneticTile,exp4_num_7036,0,-99
MT,MT::exp4_num_70541,MT_Free/Imgs/exp4_num_70541.jpg,exp4_num_70541.jpg,Free,none,289,118,1,15439,3a8077c6a9903dcffc0ecd2009a0ab4e280550e8c434716792a2eaedfd9928f4,False,MagneticTile,exp4_num_70541,4,-99
MT,MT::exp4_num_71245,MT_Free/Imgs/exp4_num_71245.jpg,exp4_num_71245.jpg,Free,none,284,129,1,15683,cd6567b0bd63bfb8941753f8f4db22715a06d58bc56f29ccd22c4a0ac04a2380,False,MagneticTile,exp4_num_71245,4,-99
MT,MT::exp4_num_75132,MT_Free/Imgs/exp4_num_75132.jpg,exp4_num_75132.jpg,Free,none,260,599,1,53776,55ed550834a0fe6db9e30b186ed6636a94135253f7a305037fdb5ebacd13ba77,False,MagneticTile,exp4_num_75132,4,-99
MT,MT::exp4_num_77613,MT_Fray/Imgs/exp4_num_77613.jpg,exp4_num_77613.jpg,Fray,none,230,609,1,49231,ab2d922478bf175f897698e086dac8687332519b855d051bb42ef13920be52ab,False,MagneticTile,exp4_num_77613,3,-99
MT,MT::exp4_num_7911,MT_Free/Imgs/exp4_num_7911.jpg,exp4_num_7911.jpg,Free,none,289,123,1,16031,a807d060b71be97d2648edb975d2424c2ca853235a8089b5bd0e7b47589109aa,False,MagneticTile,exp4_num_7911,4,-99
MT,MT::exp4_num_85602,MT_Crack/Imgs/exp4_num_85602.jpg,exp4_num_85602.jpg,Crack,none,260,596,1,55193,1d399ac7f0cf8012314d306a4f0c3f5f335133b30e7df44ab79293c2526542db,False,MagneticTile,exp4_num_85602,2,-99
MT,MT::exp4_num_85998,MT_Crack/Imgs/exp4_num_85998.jpg,exp4_num_85998.jpg,Crack,none,260,596,1,54929,645c474f9d7d1b90dafbc9d0d408ed4b0cad66c0e19a2f0a0f8679611365016c,False,MagneticTile,exp4_num_85998,2,-99
MT,MT::exp4_num_88149,MT_Crack/Imgs/exp4_num_88149.jpg,exp4_num_88149.jpg,Crack,none,260,596,1,58157,0718bb3109674ccee46cca3a4bc9790eeba23ff9b8083d1a591c42cec6fa0a94,False,MagneticTile,exp4_num_88149,2,-99
MT,MT::exp4_num_889,MT_Free/Imgs/exp4_num_889.jpg,exp4_num_889.jpg,Free,none,361,484,1,66378,d49983c9a41330765bacb6c756e8630ad302d7546b84f185d6fbd4c36265f5a9,False,MagneticTile,exp4_num_889,4,-99
MT,MT::exp4_num_91034,MT_Free/Imgs/exp4_num_91034.jpg,exp4_num_91034.jpg,Free,none,248,617,1,52301,310df22344365abc9b17983ecd2bf2defe2284b2cdbf1234df344ad3ef46f5a4,False,MagneticTile,exp4_num_91034,4,-99
MT,MT::exp4_num_933,MT_Free/Imgs/exp4_num_933.jpg,exp4_num_933.jpg,Free,none,292,245,1,35252,ff566807016982a6fcac85fd964ee54449b45c6f5a309498fd8a9f5a4d993532,False,MagneticTile,exp4_num_933,4,-99
MT,MT::exp4_num_94954,MT_Free/Imgs/exp4_num_94954.jpg,exp4_num_94954.jpg,Free,none,252,611,1,56141,e798b06d2d20d80b5b3bab2012dd13cd727d4702b5bf208d8f490b709d157cf6,False,MagneticTile,exp4_num_94954,4,-99
MT,MT::exp4_num_9520,MT_Blowhole/Imgs/exp4_num_9520.jpg,exp4_num_9520.jpg,Blowhole,none,386,433,1,66491,a225eaebfd0ecaebeb7604f57f7f21bd99e1a0f51d2d3de03d490dcef0e74d0a,False,MagneticTile,exp4_num_9520,0,-99
MT,MT::exp4_num_98305,MT_Break/Imgs/exp4_num_98305.jpg,exp4_num_98305.jpg,Break,none,277,296,1,30648,d0afc02cc62fa84d93eb35fa75567ad73282f710ed7cb3581593c2dea2c43123,False,MagneticTile,exp4_num_98305,1,-99
MT,MT::exp5_num_10250,MT_Free/Imgs/exp5_num_10250.jpg,exp5_num_10250.jpg,Free,none,373,513,1,62714,b274c42cee56219883a4a5c2018440bfa0c8783027843cdd808b2ec36940957c,False,MagneticTile,exp5_num_10250,4,-99
MT,MT::exp5_num_105879,MT_Break/Imgs/exp5_num_105879.jpg,exp5_num_105879.jpg,Break,none,247,611,1,59600,a6c1f1afec157f43a8cbd00afda00c4ed8e702722f7cd72e3b299d13f23c5d4b,False,MagneticTile,exp5_num_105879,1,-99
MT,MT::exp5_num_106221,MT_Free/Imgs/exp5_num_106221.jpg,exp5_num_106221.jpg,Free,none,355,241,1,35454,938768377b74555bbeb0c3cede12c0c51b52c3c34cc0ad9c0d7731bda0f87c5d,False,MagneticTile,exp5_num_106221,4,-99
MT,MT::exp5_num_106824,MT_Free/Imgs/exp5_num_106824.jpg,exp5_num_106824.jpg,Free,none,349,255,1,40828,181389cf091f11e6ced490f1039af954453901a1b46832c22d1d2ec872296127,False,MagneticTile,exp5_num_106824,4,-99
MT,MT::exp5_num_10714,MT_Free/Imgs/exp5_num_10714.jpg,exp5_num_10714.jpg,Free,none,338,506,1,55919,8f66dbb387f79f38a545a52c44031f00bef0c591c928a58bad15644c720569f2,False,MagneticTile,exp5_num_10714,4,-99
MT,MT::exp5_num_108791,MT_Blowhole/Imgs/exp5_num_108791.jpg,exp5_num_108791.jpg,Blowhole,none,377,254,1,41047,a2431cab12f3e390c41485ee6a3819d4ada96e9ad164174e2e72b44968a266b0,False,MagneticTile,exp5_num_108791,0,-99
MT,MT::exp5_num_109313,MT_Uneven/Imgs/exp5_num_109313.jpg,exp5_num_109313.jpg,Uneven,none,264,599,1,64549,837d3ea5e80f9a293c235cdbd8d00ab427ffcfd5a370c25729dc44498cc203bc,False,MagneticTile,exp5_num_109313,5,-99
MT,MT::exp5_num_10969,MT_Free/Imgs/exp5_num_10969.jpg,exp5_num_10969.jpg,Free,none,352,500,1,55863,eb30803352b9187fce9552f8863ceeb63d2a8bc0f78f7bfae00d04500bd17ccc,False,MagneticTile,exp5_num_10969,4,-99
MT,MT::exp5_num_110188,MT_Free/Imgs/exp5_num_110188.jpg,exp5_num_110188.jpg,Free,none,253,606,1,56480,a95477e05fc78ac1b3cb81d9e37e239a65c1d763c43940b09222ccbe36cb1ecf,False,MagneticTile,exp5_num_110188,4,-99
MT,MT::exp5_num_11325,MT_Free/Imgs/exp5_num_11325.jpg,exp5_num_11325.jpg,Free,none,358,495,1,69029,6067759596dec1eeedf7c23ffb1415e5b4f2a4782a24eab7fd1492533c02e154,False,MagneticTile,exp5_num_11325,4,-99
MT,MT::exp5_num_114453,MT_Free/Imgs/exp5_num_114453.jpg,exp5_num_114453.jpg,Free,none,366,261,1,43613,4831a2700a612ddfecdd0fbe920529786f7f7bccf774131e5d83fe1c6841721e,False,MagneticTile,exp5_num_114453,4,-99
MT,MT::exp5_num_116324,MT_Free/Imgs/exp5_num_116324.jpg,exp5_num_116324.jpg,Free,none,255,599,1,64668,73e128d654bd53752a167b42fa4ce3a793f71bb452569770deec1b1de8d77307,False,MagneticTile,exp5_num_116324,4,-99
MT,MT::exp5_num_116575,MT_Crack/Imgs/exp5_num_116575.jpg,exp5_num_116575.jpg,Crack,none,349,292,1,44221,69bd497f2146a484dbf31facd5910eb239bb06fb015dfc1910f8a96715c5c27a,False,MagneticTile,exp5_num_116575,2,-99
MT,MT::exp5_num_117030,MT_Free/Imgs/exp5_num_117030.jpg,exp5_num_117030.jpg,Free,none,275,609,1,64946,6d931ab12ffb5737c04023a2a0d08d057a8b3dea5619820f4a35c983c2e9aa4a,False,MagneticTile,exp5_num_117030,4,-99
MT,MT::exp5_num_117033,MT_Free/Imgs/exp5_num_117033.jpg,exp5_num_117033.jpg,Free,none,307,303,1,40895,148db75d7c8e29e2e224aef4be831d73d56791cfc2df40792b7991da99ca906b,False,MagneticTile,exp5_num_117033,4,-99
MT,MT::exp5_num_118948,MT_Free/Imgs/exp5_num_118948.jpg,exp5_num_118948.jpg,Free,none,262,607,1,65794,11f0611b92d34d3aaca5d249ae5ef0213e66a499b12914cb450eba5705c6996f,False,MagneticTile,exp5_num_118948,4,-99
MT,MT::exp5_num_124744,MT_Uneven/Imgs/exp5_num_124744.jpg,exp5_num_124744.jpg,Uneven,none,243,615,1,57689,852a93f03d977dd79186947fa3b40b873b78a654dea58c2f8924df8e5bf0044c,False,MagneticTile,exp5_num_124744,5,-99
MT,MT::exp5_num_126370,MT_Free/Imgs/exp5_num_126370.jpg,exp5_num_126370.jpg,Free,none,352,303,1,42548,f03d703f1ff98a99d4d0cc0d71f39e4c02203c71d15777cf4ece879eab139c22,False,MagneticTile,exp5_num_126370,4,-99
MT,MT::exp5_num_126855,MT_Free/Imgs/exp5_num_126855.jpg,exp5_num_126855.jpg,Free,none,347,313,1,47739,b5ec312539e358f34a8b1e089aa1cad9e692468d22a72ad8a6e9a594ebbe499e,False,MagneticTile,exp5_num_126855,4,-99
MT,MT::exp5_num_127703,MT_Free/Imgs/exp5_num_127703.jpg,exp5_num_127703.jpg,Free,none,344,306,1,41573,20d08783faeb9c7efa17fb55b2ac29d7bfbf22be0a3cb36f8b8a29cfd8a9ef92,False,MagneticTile,exp5_num_127703,4,-99
MT,MT::exp5_num_128134,MT_Free/Imgs/exp5_num_128134.jpg,exp5_num_128134.jpg,Free,none,337,321,1,43947,c57de7e8a487afbef735437fcec4bdbb3216b29ebb66ac4403bc1171303bc534,False,MagneticTile,exp5_num_128134,4,-99
MT,MT::exp5_num_129103,MT_Uneven/Imgs/exp5_num_129103.jpg,exp5_num_129103.jpg,Uneven,none,362,248,1,39009,8de8e9ff2ef0e8df6679bf766a1f0ee80b07ef522428bae3e5f71897294e007e,False,MagneticTile,exp5_num_129103,5,-99
MT,MT::exp5_num_129678,MT_Free/Imgs/exp5_num_129678.jpg,exp5_num_129678.jpg,Free,none,372,260,1,45939,dfbcead1a67fbc427859144f640366f3d3c81c32a16c951a23dc6d506c59f01b,False,MagneticTile,exp5_num_129678,4,-99
MT,MT::exp5_num_135651,MT_Fray/Imgs/exp5_num_135651.jpg,exp5_num_135651.jpg,Fray,none,247,599,1,61339,4561faddf1e0d4299bfd6526c18279a1a0540881cf1ad9a721c53ca782432664,False,MagneticTile,exp5_num_135651,3,-99
MT,MT::exp5_num_13636,MT_Free/Imgs/exp5_num_13636.jpg,exp5_num_13636.jpg,Free,none,340,513,1,64790,bfcb31debcdd1155f3485454506e453796d83cc610930c36b7fb1a12ed22fb7f,False,MagneticTile,exp5_num_13636,4,-99
MT,MT::exp5_num_136716,MT_Fray/Imgs/exp5_num_136716.jpg,exp5_num_136716.jpg,Fray,none,227,608,1,48162,e6002d3439d8ec30cf967f9a005301073b39cdb0ca0811f402620704e0d16b01,False,MagneticTile,exp5_num_136716,3,-99
MT,MT::exp5_num_138694,MT_Free/Imgs/exp5_num_138694.jpg,exp5_num_138694.jpg,Free,none,251,609,1,60566,8419877c312a77428064360d5119f97f1c1e74beed9b02e447f6d4e2f875a946,False,MagneticTile,exp5_num_138694,4,-99
MT,MT::exp5_num_139883,MT_Uneven/Imgs/exp5_num_139883.jpg,exp5_num_139883.jpg,Uneven,none,244,604,1,62589,7a0f8a8f2c5807c5eb6c80b699c0aaccec20653616191e5c1a9aba0857b64e56,False,MagneticTile,exp5_num_139883,5,-99
MT,MT::exp5_num_143282,MT_Free/Imgs/exp5_num_143282.jpg,exp5_num_143282.jpg,Free,none,254,599,1,61496,73f6548bcd99178d3c0a77b985860a7014d155059ca7173adbfa6911c3801a78,False,MagneticTile,exp5_num_143282,4,-99
MT,MT::exp5_num_144247,MT_Free/Imgs/exp5_num_144247.jpg,exp5_num_144247.jpg,Free,none,246,613,1,56974,91fca0da57d310531d51c7da396c4a7ebe39941d1842d118a60a0b0bad60298f,False,MagneticTile,exp5_num_144247,4,-99
MT,MT::exp5_num_148007,MT_Free/Imgs/exp5_num_148007.jpg,exp5_num_148007.jpg,Free,none,245,599,1,60747,4154d504baf0bcd543bb08dd8f9723cd6508e71304269e87ee55620141ac8d46,False,MagneticTile,exp5_num_148007,4,-99
MT,MT::exp5_num_149023,MT_Break/Imgs/exp5_num_149023.jpg,exp5_num_149023.jpg,Break,none,267,615,1,63256,27f667984e652b36c8ed372a52ef4187bc5d6216845d44424a7c775b198825e7,False,MagneticTile,exp5_num_149023,1,-99
MT,MT::exp5_num_154637,MT_Free/Imgs/exp5_num_154637.jpg,exp5_num_154637.jpg,Free,none,314,205,1,32065,2a94b0b66f3a4a5e5637161c230baa141df970d4af9b853ac54cb725f41f769d,False,MagneticTile,exp5_num_154637,4,-99
MT,MT::exp5_num_155415,MT_Uneven/Imgs/exp5_num_155415.jpg,exp5_num_155415.jpg,Uneven,none,311,195,1,30163,972c193888cedf1a97302ad36c0be1aa6c2005377733614b725612b966ab53a9,False,MagneticTile,exp5_num_155415,5,-99
MT,MT::exp5_num_157271,MT_Free/Imgs/exp5_num_157271.jpg,exp5_num_157271.jpg,Free,none,316,193,1,27684,b0a8112e9c2764b177cfcab9939e8b16429724d17d6f55a0a6a35add0d3dce47,False,MagneticTile,exp5_num_157271,4,-99
MT,MT::exp5_num_157829,MT_Free/Imgs/exp5_num_157829.jpg,exp5_num_157829.jpg,Free,none,320,190,1,27611,917cb9a45505cf93797d2e8411ee172b8a5ae29f6afe400028cae1f3e89f297b,False,MagneticTile,exp5_num_157829,4,-99
MT,MT::exp5_num_165457,MT_Free/Imgs/exp5_num_165457.jpg,exp5_num_165457.jpg,Free,none,323,197,1,31170,a7d096c28f336a245cba28a61c56375278b830b73a679bb08a450eaa35d4295a,False,MagneticTile,exp5_num_165457,4,-99
MT,MT::exp5_num_16596,MT_Free/Imgs/exp5_num_16596.jpg,exp5_num_16596.jpg,Free,none,329,535,1,60095,f177bdabf7e5b692519d2cd5c72a90a877157f47622f443c83781486fa996e16,False,MagneticTile,exp5_num_16596,4,-99
MT,MT::exp5_num_166258,MT_Free/Imgs/exp5_num_166258.jpg,exp5_num_166258.jpg,Free,none,316,195,1,28156,14ccd23a8538987da6de5214472e2e26b9c903c8675f721d0b66cd8241437f54,False,MagneticTile,exp5_num_166258,4,-99
MT,MT::exp5_num_172332,MT_Uneven/Imgs/exp5_num_172332.jpg,exp5_num_172332.jpg,Uneven,none,328,188,1,29352,e8e30ded53fa204d8168b32895f5fbd23b510bb62d9b371a5961667103a39b71,False,MagneticTile,exp5_num_172332,5,-99
MT,MT::exp5_num_174768,MT_Free/Imgs/exp5_num_174768.jpg,exp5_num_174768.jpg,Free,none,317,196,1,29603,d63378c20be6f7815e038b40f2b25ae6c0bd2f37f765461c08a081850e3dc573,False,MagneticTile,exp5_num_174768,4,-99
MT,MT::exp5_num_178016,MT_Free/Imgs/exp5_num_178016.jpg,exp5_num_178016.jpg,Free,none,303,183,1,29035,38e30889511eac6ccc770d3ac27ef5b565e0173ac60559a6e712b44fe3f6588d,False,MagneticTile,exp5_num_178016,4,-99
MT,MT::exp5_num_178566,MT_Free/Imgs/exp5_num_178566.jpg,exp5_num_178566.jpg,Free,none,313,195,1,28644,65d94b906c6ddcb12dbfc544ca07d9481d58d7b69efc7f27a51f39f43e8306dc,False,MagneticTile,exp5_num_178566,4,-99
MT,MT::exp5_num_180393,MT_Free/Imgs/exp5_num_180393.jpg,exp5_num_180393.jpg,Free,none,327,193,1,28079,b232f34ec6c0f157223703627650ff35ce2160363f09f4e16a4af78ee8b7b34c,False,MagneticTile,exp5_num_180393,4,-99
MT,MT::exp5_num_180926,MT_Free/Imgs/exp5_num_180926.jpg,exp5_num_180926.jpg,Free,none,324,190,1,27611,2adc2567c7d9fc38d87b09b86cddb016c7f03c9a7fccd9ee2485dafbfb941b5a,False,MagneticTile,exp5_num_180926,4,-99
MT,MT::exp5_num_18227,MT_Free/Imgs/exp5_num_18227.jpg,exp5_num_18227.jpg,Free,none,330,518,1,66017,062158b9110bf046c3afe25e56d114e401c4d8f213067ea7ed2991909a7d2433,False,MagneticTile,exp5_num_18227,4,-99
MT,MT::exp5_num_183254,MT_Free/Imgs/exp5_num_183254.jpg,exp5_num_183254.jpg,Free,none,323,195,1,32525,1b901c5165108cdc428a65ac0ef099ce9557bd1b4f03aa9ac1ca2464f883c53f,False,MagneticTile,exp5_num_183254,4,-99
MT,MT::exp5_num_183890,MT_Free/Imgs/exp5_num_183890.jpg,exp5_num_183890.jpg,Free,none,320,190,1,28122,56621f11a5095f005d36a7dfd942867e89b5c7efcdcf7e7606dbfe16fc1b0944,False,MagneticTile,exp5_num_183890,4,-99
MT,MT::exp5_num_186953,MT_Uneven/Imgs/exp5_num_186953.jpg,exp5_num_186953.jpg,Uneven,none,313,188,1,28979,b506bf98a13760199b5458e25bfd878b5909aebd79edd8c237089216bd24265d,False,MagneticTile,exp5_num_186953,5,-99
MT,MT::exp5_num_187612,MT_Free/Imgs/exp5_num_187612.jpg,exp5_num_187612.jpg,Free,none,334,189,1,31065,8532d82f5d4d6b5eda184df1149e10f774d26eee733b5370ec081f4194fdc396,False,MagneticTile,exp5_num_187612,4,-99
MT,MT::exp5_num_1903,MT_Free/Imgs/exp5_num_1903.jpg,exp5_num_1903.jpg,Free,none,275,244,1,25547,92f6ae8997015ea061345abfb5ca0ef63273d0b6c27bf76f370949c28e110e47,False,MagneticTile,exp5_num_1903,4,-99
MT,MT::exp5_num_192233,MT_Free/Imgs/exp5_num_192233.jpg,exp5_num_192233.jpg,Free,none,324,198,1,32598,d9deded12dd9ae1c9cee46864068b2e20014320f4c6b07de39ec556dd8fb64bb,False,MagneticTile,exp5_num_192233,4,-99
MT,MT::exp5_num_193164,MT_Free/Imgs/exp5_num_193164.jpg,exp5_num_193164.jpg,Free,none,319,192,1,27946,85ff30c4e700fe9ead59dd9696f3ff83c2ad812740169f56aabdf323c3ea26d8,False,MagneticTile,exp5_num_193164,4,-99
MT,MT::exp5_num_194256,MT_Break/Imgs/exp5_num_194256.jpg,exp5_num_194256.jpg,Break,none,329,181,1,29825,acc36edb84edcda6913231e503d49193679e13b144ddc23b83e987b72cc20b7c,False,MagneticTile,exp5_num_194256,1,-99
MT,MT::exp5_num_195717,MT_Free/Imgs/exp5_num_195717.jpg,exp5_num_195717.jpg,Free,none,327,192,1,30543,297ca4065a5b0cfce9f91b9b13d070f2863ce60e6cf2be981cbe37be8d48426a,False,MagneticTile,exp5_num_195717,4,-99
MT,MT::exp5_num_19790,MT_Free/Imgs/exp5_num_19790.jpg,exp5_num_19790.jpg,Free,none,323,522,1,62617,a7c14a34b938528598f6129a82d6f43fe021543e79621d1401c4658de62ecc66,False,MagneticTile,exp5_num_19790,4,-99
MT,MT::exp5_num_20449,MT_Fray/Imgs/exp5_num_20449.jpg,exp5_num_20449.jpg,Fray,none,334,459,1,47624,dad7bf06df340e6c7f4e173799f7266215f8cfe54ad8261e95652c5c3376af86,False,MagneticTile,exp5_num_20449,3,-99
MT,MT::exp5_num_2089,MT_Free/Imgs/exp5_num_2089.jpg,exp5_num_2089.jpg,Free,none,376,499,1,57042,47c0b24c7fbba1558595f6f1b7f97e2cdaef4d130225dcaad020f8d80face6a8,False,MagneticTile,exp5_num_2089,4,-99
MT,MT::exp5_num_240124,MT_Free/Imgs/exp5_num_240124.jpg,exp5_num_240124.jpg,Free,none,370,268,1,44623,b2e215e283d061a958fd05ae19299db0a5897835ebdcb0efbca87138b7296548,False,MagneticTile,exp5_num_240124,4,-99
MT,MT::exp5_num_241403,MT_Free/Imgs/exp5_num_241403.jpg,exp5_num_241403.jpg,Free,none,272,222,1,25493,209a618f2e1cd8316b26357fcfd43944083ccb8283def94cfd72c1f109ca831a,False,MagneticTile,exp5_num_241403,4,-99
MT,MT::exp5_num_242089,MT_Break/Imgs/exp5_num_242089.jpg,exp5_num_242089.jpg,Break,none,276,200,1,24209,be7e1bf8c913bd05aa646c68414b020dea67f38fd7e16b5a8df12247a7b7a550,False,MagneticTile,exp5_num_242089,1,-99
MT,MT::exp5_num_245817,MT_Free/Imgs/exp5_num_245817.jpg,exp5_num_245817.jpg,Free,none,244,220,1,25959,420dcb02b50a0c8c9481337e0aab589a7eb20e7dc734d0bbec8685c22b1b43c1,False,MagneticTile,exp5_num_245817,4,-99
MT,MT::exp5_num_246375,MT_Free/Imgs/exp5_num_246375.jpg,exp5_num_246375.jpg,Free,none,271,228,1,28997,549d38cfd68d65218a88ab8d34a350caf9c79743425e0156ed0615be0c84c130,False,MagneticTile,exp5_num_246375,4,-99
MT,MT::exp5_num_24876,MT_Uneven/Imgs/exp5_num_24876.jpg,exp5_num_24876.jpg,Uneven,none,323,511,1,62749,1127ac9ab63c36242d09b2741809b090fd53bcee9ae4320bfa9a7b379ecf264f,False,MagneticTile,exp5_num_24876,5,-99
MT,MT::exp5_num_249786,MT_Crack/Imgs/exp5_num_249786.jpg,exp5_num_249786.jpg,Crack,none,270,220,1,28736,02ab4e04a4191b2e0da17f442663fbd77255428a6e13a208d7b5dc17931fd107,False,MagneticTile,exp5_num_249786,2,-99
MT,MT::exp5_num_251519,MT_Free/Imgs/exp5_num_251519.jpg,exp5_num_251519.jpg,Free,none,257,222,1,26576,e9d6def29dea3fe462899608070ca5bd88a2121cc3db20bf53e2800cd1585051,False,MagneticTile,exp5_num_251519,4,-99
MT,MT::exp5_num_255775,MT_Free/Imgs/exp5_num_255775.jpg,exp5_num_255775.jpg,Free,none,363,258,1,42681,2744219340f35d97455a1d85212e36f4b4fc0996bd76ac3261fd902daf767cac,False,MagneticTile,exp5_num_255775,4,-99
MT,MT::exp5_num_256354,MT_Free/Imgs/exp5_num_256354.jpg,exp5_num_256354.jpg,Free,none,375,265,1,42965,0223c3b1b95905385a92a40d8beb02023d43510837dd8bda3ce1a2ee8b2eddf1,False,MagneticTile,exp5_num_256354,4,-99
MT,MT::exp5_num_257273,MT_Free/Imgs/exp5_num_257273.jpg,exp5_num_257273.jpg,Free,none,268,210,1,24925,65d04d5f03749cfeab16864bfbf119f7ad3d110b611991a5a4de38ce734c253e,False,MagneticTile,exp5_num_257273,4,-99
MT,MT::exp5_num_257962,MT_Free/Imgs/exp5_num_257962.jpg,exp5_num_257962.jpg,Free,none,344,248,1,35274,592fbf2fdcdf5c3e092bd4e7168897b32acc7d63f0567a88dc8da6d44f2b2141,False,MagneticTile,exp5_num_257962,4,-99
MT,MT::exp5_num_258619,MT_Fray/Imgs/exp5_num_258619.jpg,exp5_num_258619.jpg,Fray,none,343,239,1,33002,de46751d6ddeef2328c6d82b4a31bd2163211e193086542895d96f4b52450ce6,False,MagneticTile,exp5_num_258619,3,-99
MT,MT::exp5_num_258905,MT_Free/Imgs/exp5_num_258905.jpg,exp5_num_258905.jpg,Free,none,262,217,1,25274,5983c1aa824af5c94222906dd6e6dac5e895ff414d4cd7e3f70561916fe65812,False,MagneticTile,exp5_num_258905,4,-99
MT,MT::exp5_num_260550,MT_Free/Imgs/exp5_num_260550.jpg,exp5_num_260550.jpg,Free,none,266,222,1,27390,acf99d836bd0af1ba437c82ca6a85719b8bc7e5cdb100a32af47a4752bd8c783,False,MagneticTile,exp5_num_260550,4,-99
MT,MT::exp5_num_260989,MT_Free/Imgs/exp5_num_260989.jpg,exp5_num_260989.jpg,Free,none,270,226,1,28153,5cf4e7bb3e0444bce5a709687f6bb4e822b0758bca277aab1fe4df64a48d8769,False,MagneticTile,exp5_num_260989,4,-99
MT,MT::exp5_num_262018,MT_Free/Imgs/exp5_num_262018.jpg,exp5_num_262018.jpg,Free,none,270,221,1,27928,3ea61b9a20961367679a899546910d41874b1401831590151a9f3be3bd5e66af,False,MagneticTile,exp5_num_262018,4,-99
MT,MT::exp5_num_26212,MT_Break/Imgs/exp5_num_26212.jpg,exp5_num_26212.jpg,Break,none,323,498,1,53301,f180f64b391500c7129f7608df20a9fce16d86f75711c9b7580b6e17d358ae81,False,MagneticTile,exp5_num_26212,1,-99
MT,MT::exp5_num_262271,MT_Free/Imgs/exp5_num_262271.jpg,exp5_num_262271.jpg,Free,none,377,270,1,43094,b05dbdae18ad249446a98b68ff701b7f85b9aec5075ed5708bff556b422b42e3,False,MagneticTile,exp5_num_262271,4,-99
MT,MT::exp5_num_262654,MT_Blowhole/Imgs/exp5_num_262654.jpg,exp5_num_262654.jpg,Blowhole,none,254,182,1,22264,46dc52258dd7365594675a1f60788eaaf141778f571be9e1f73913246270b982,False,MagneticTile,exp5_num_262654,0,-99
MT,MT::exp5_num_262702,MT_Free/Imgs/exp5_num_262702.jpg,exp5_num_262702.jpg,Free,none,364,271,1,45250,4ab9bc59f436d985a714c1935f47d5c8939b0ae43907c54f8e9e9f076f19d41e,False,MagneticTile,exp5_num_262702,4,-99
MT,MT::exp5_num_263887,MT_Free/Imgs/exp5_num_263887.jpg,exp5_num_263887.jpg,Free,none,373,264,1,44865,d0828e5b430cb501c3bf8eb45ff39c2161c1404963b1f7206588f5b22a526720,False,MagneticTile,exp5_num_263887,4,-99
MT,MT::exp5_num_264257,MT_Free/Imgs/exp5_num_264257.jpg,exp5_num_264257.jpg,Free,none,367,269,1,42061,0c57befd0348047dfcb9696f951a3c84a504e408729aa81e87279d8651c64d4d,False,MagneticTile,exp5_num_264257,4,-99
MT,MT::exp5_num_265149,MT_Blowhole/Imgs/exp5_num_265149.jpg,exp5_num_265149.jpg,Blowhole,none,360,262,1,41976,9abae916fc7a7b63931b0a63bb1d39323d572d9af9cd3c2a0bc7abc617d251e4,False,MagneticTile,exp5_num_265149,0,-99
MT,MT::exp5_num_265695,MT_Crack/Imgs/exp5_num_265695.jpg,exp5_num_265695.jpg,Crack,none,386,203,1,34527,d9b99df1c2e6227567f8d8217717778069cf58e1245dce06802c159226c496ba,False,MagneticTile,exp5_num_265695,2,-99
MT,MT::exp5_num_266347,MT_Free/Imgs/exp5_num_266347.jpg,exp5_num_266347.jpg,Free,none,247,213,1,24791,7e2e323d912af7a47865121eada3ba111db3de3e7e64ae6a658dadc24fc8e649,False,MagneticTile,exp5_num_266347,4,-99
MT,MT::exp5_num_266861,MT_Free/Imgs/exp5_num_266861.jpg,exp5_num_266861.jpg,Free,none,276,219,1,28060,1e2b743816ee7b871418dd33382286a83ba3f3276dcd83308c46affa667de201,False,MagneticTile,exp5_num_266861,4,-99
MT,MT::exp5_num_2673,MT_Free/Imgs/exp5_num_2673.jpg,exp5_num_2673.jpg,Free,none,284,126,1,18127,56bf17ecb0eaf574ee8f31080e02d6dc546d4f80f250cd78a35fba1b861080fb,False,MagneticTile,exp5_num_2673,4,-99
MT,MT::exp5_num_269152,MT_Free/Imgs/exp5_num_269152.jpg,exp5_num_269152.jpg,Free,none,282,226,1,28907,27a823e02b81e0313aebdfc74cc957aa52d5b061eb8d37a9f4636706ad22f6ba,False,MagneticTile,exp5_num_269152,4,-99
MT,MT::exp5_num_269697,MT_Free/Imgs/exp5_num_269697.jpg,exp5_num_269697.jpg,Free,none,264,218,1,25940,56236107aa515df6027dd3d96bed4fc59343b6a8045ba7360ebab652f6b98448,False,MagneticTile,exp5_num_269697,4,-99
MT,MT::exp5_num_270218,MT_Uneven/Imgs/exp5_num_270218.jpg,exp5_num_270218.jpg,Uneven,none,359,242,1,35083,c08d39dac9a535b788ea8eb6e3d4dcdbda8793615c0093ead784f376e5d47c90,False,MagneticTile,exp5_num_270218,5,-99
MT,MT::exp5_num_270623,MT_Free/Imgs/exp5_num_270623.jpg,exp5_num_270623.jpg,Free,none,339,245,1,37050,d9ac7b19ddd849bb1f5626736c6a4760b32ce4f425c5451acff4b7495dfd732f,False,MagneticTile,exp5_num_270623,4,-99
MT,MT::exp5_num_270847,MT_Free/Imgs/exp5_num_270847.jpg,exp5_num_270847.jpg,Free,none,275,219,1,29114,1bfc60711ab9886c79422f6f38a8f0b30c35d468d8740a68e6bf144fb5d38728,False,MagneticTile,exp5_num_270847,4,-99
MT,MT::exp5_num_271434,MT_Break/Imgs/exp5_num_271434.jpg,exp5_num_271434.jpg,Break,none,278,221,1,28799,cbbf59757693ca44f9b6d8f4f77e47cf846ab7426259d276e844d81e7219c189,False,MagneticTile,exp5_num_271434,1,-99
MT,MT::exp5_num_274174,MT_Uneven/Imgs/exp5_num_274174.jpg,exp5_num_274174.jpg,Uneven,none,270,223,1,26320,cf1771d76b3bebac0a34d3269dfe2dc8082378df4df4b30b4525cd3f3a96f7a7,False,MagneticTile,exp5_num_274174,5,-99
MT,MT::exp5_num_275434,MT_Free/Imgs/exp5_num_275434.jpg,exp5_num_275434.jpg,Free,none,375,265,1,44734,a22bb8734caeb2ec2ee1ebfe5b17daf28d75b481a38d2fcf083912a23d0ba874,False,MagneticTile,exp5_num_275434,4,-99
MT,MT::exp5_num_275722,MT_Free/Imgs/exp5_num_275722.jpg,exp5_num_275722.jpg,Free,none,374,269,1,44977,ceda964f8e2ff903dabf9f285c30edbf0a2bb7362b9ee8078dba3066ce42e2df,False,MagneticTile,exp5_num_275722,4,-99
MT,MT::exp5_num_276416,MT_Break/Imgs/exp5_num_276416.jpg,exp5_num_276416.jpg,Break,none,385,253,1,43326,a677b9dff0ab475105af958c0ea11e1f133792c3f644c78cf1c32148298f5c21,False,MagneticTile,exp5_num_276416,1,-99
MT,MT::exp5_num_277059,MT_Free/Imgs/exp5_num_277059.jpg,exp5_num_277059.jpg,Free,none,366,263,1,42850,245a5e7fc3e11e5101327cda40dd9a1b6cc9f9709165651b3429678c8518c850,False,MagneticTile,exp5_num_277059,4,-99
MT,MT::exp5_num_278628,MT_Free/Imgs/exp5_num_278628.jpg,exp5_num_278628.jpg,Free,none,366,264,1,43779,a31af418fe311332574fa8ecc28e83455add4d84ed9c53c61e8fd36c7eb4395d,False,MagneticTile,exp5_num_278628,4,-99
MT,MT::exp5_num_279145,MT_Free/Imgs/exp5_num_279145.jpg,exp5_num_279145.jpg,Free,none,376,269,1,43419,f3ac07254e9a59a9cb355003cd18568464ce71b115f8d03fda84606a1aef9512,False,MagneticTile,exp5_num_279145,4,-99
MT,MT::exp5_num_280271,MT_Free/Imgs/exp5_num_280271.jpg,exp5_num_280271.jpg,Free,none,353,254,1,42536,14dcd82ec6f41e482fc6be3bc968a81af6abc74d67592be948b4f83d621fa8d7,False,MagneticTile,exp5_num_280271,4,-99
MT,MT::exp5_num_281007,MT_Free/Imgs/exp5_num_281007.jpg,exp5_num_281007.jpg,Free,none,369,247,1,35924,ccc64bb56ce641860ac9ddcc31cb89198fe2e53aadb7f9d6c4c1b450b7d6ed45,False,MagneticTile,exp5_num_281007,4,-99
MT,MT::exp5_num_282932,MT_Free/Imgs/exp5_num_282932.jpg,exp5_num_282932.jpg,Free,none,355,252,1,34579,849bed1e420d105056febe863a6e12159e7cd423a40983784aa33137b2860a28,False,MagneticTile,exp5_num_282932,4,-99
MT,MT::exp5_num_283254,MT_Free/Imgs/exp5_num_283254.jpg,exp5_num_283254.jpg,Free,none,323,258,1,36110,692cf8eb4b8bb80f7b03d391e6870710f28fc6ae359b278fadb32f20d0bbc5cb,False,MagneticTile,exp5_num_283254,4,-99
MT,MT::exp5_num_28404,MT_Uneven/Imgs/exp5_num_28404.jpg,exp5_num_28404.jpg,Uneven,none,332,519,1,64302,d8fba03c423235e7520696b399f1a78b4180c92aa54f52f681bcb0814e9069d7,False,MagneticTile,exp5_num_28404,5,-99
MT,MT::exp5_num_284552,MT_Break/Imgs/exp5_num_284552.jpg,exp5_num_284552.jpg,Break,none,368,257,1,41546,27225e0767eecd763b7218df74fc2029ebe7267ccc33b2d9a3799ac5a917b024,False,MagneticTile,exp5_num_284552,1,-99
MT,MT::exp5_num_284910,MT_Free/Imgs/exp5_num_284910.jpg,exp5_num_284910.jpg,Free,none,363,252,1,36786,f8452314fff18f5eea7bfd988e5b0571057e787e61dc8652b3883bd814b67537,False,MagneticTile,exp5_num_284910,4,-99
MT,MT::exp5_num_286294,MT_Free/Imgs/exp5_num_286294.jpg,exp5_num_286294.jpg,Free,none,352,296,1,42423,9770758469786168a93f8c702b2cd8ae6e8d39e80e971eb3a2768a96783a0d35,False,MagneticTile,exp5_num_286294,4,-99
MT,MT::exp5_num_289653,MT_Free/Imgs/exp5_num_289653.jpg,exp5_num_289653.jpg,Free,none,344,306,1,41709,8a6b8f71502377743e6be3639d4da5d2b2f75cf9150782e63fafda76b0c04a62,False,MagneticTile,exp5_num_289653,4,-99
MT,MT::exp5_num_290107,MT_Free/Imgs/exp5_num_290107.jpg,exp5_num_290107.jpg,Free,none,358,308,1,48660,a17e30c58515d35fe8e797734ba77130332431a680e8777f41d3b69969677353,False,MagneticTile,exp5_num_290107,4,-99
MT,MT::exp5_num_291077,MT_Blowhole/Imgs/exp5_num_291077.jpg,exp5_num_291077.jpg,Blowhole,none,356,295,1,47904,95e3625aec6f1b0fc9a6db371ebde53b1f785794f433219f4cb941e85bf7db92,False,MagneticTile,exp5_num_291077,0,-99
MT,MT::exp5_num_292160,MT_Free/Imgs/exp5_num_292160.jpg,exp5_num_292160.jpg,Free,none,339,303,1,46797,95f4fea6d7448842d08e12c73f2d81dee4ae059b5e835880b0f8eff0704bc21d,False,MagneticTile,exp5_num_292160,4,-99
MT,MT::exp5_num_293317,MT_Free/Imgs/exp5_num_293317.jpg,exp5_num_293317.jpg,Free,none,342,306,1,40901,d0617bb2c7ed2816300c3e651f02353472b5120bd46923ce817524e00944dc4a,False,MagneticTile,exp5_num_293317,4,-99
MT,MT::exp5_num_293876,MT_Free/Imgs/exp5_num_293876.jpg,exp5_num_293876.jpg,Free,none,341,311,1,44553,ba5573b40d48979a2bd47f879c68c13cf195959002db8c8ccb9eb74211560c69,False,MagneticTile,exp5_num_293876,4,-99
MT,MT::exp5_num_29537,MT_Free/Imgs/exp5_num_29537.jpg,exp5_num_29537.jpg,Free,none,323,537,1,59261,685b772348f44b31ed24b7630950761a8f327d7bc462a7c6d3c6f5e501454ec4,False,MagneticTile,exp5_num_29537,4,-99
MT,MT::exp5_num_296701,MT_Free/Imgs/exp5_num_296701.jpg,exp5_num_296701.jpg,Free,none,353,312,1,44687,b8034f30e79e1f5a95f9d0ef577586570731562afed966d9915ead03b3e2d770,False,MagneticTile,exp5_num_296701,4,-99
MT,MT::exp5_num_297341,MT_Free/Imgs/exp5_num_297341.jpg,exp5_num_297341.jpg,Free,none,342,317,1,46506,7f9f90853cb082098af309a79b464293a57d9d281a012c5c3f622d16d1ce9830,False,MagneticTile,exp5_num_297341,4,-99
MT,MT::exp5_num_297552,MT_Blowhole/Imgs/exp5_num_297552.jpg,exp5_num_297552.jpg,Blowhole,none,272,221,1,25470,384b61463d53c86d3ee20961133dacbf78951458d17637db1d1a265cabada6b2,False,MagneticTile,exp5_num_297552,0,-99
MT,MT::exp5_num_299793,MT_Free/Imgs/exp5_num_299793.jpg,exp5_num_299793.jpg,Free,none,264,219,1,26944,01cb1af09198888a6e716fd1338f9c45bfdd92a2ab54fbc15bd1c75eca4236a3,False,MagneticTile,exp5_num_299793,4,-99
MT,MT::exp5_num_301547,MT_Free/Imgs/exp5_num_301547.jpg,exp5_num_301547.jpg,Free,none,369,377,1,54431,7b8fdfd172122314c268a380ec576d267d88dfc5efec236258c15b7337ff4d6d,False,MagneticTile,exp5_num_301547,4,-99
MT,MT::exp5_num_304340,MT_Free/Imgs/exp5_num_304340.jpg,exp5_num_304340.jpg,Free,none,331,323,1,40346,cef9dc554bff171f93fa57ea2d06ba93b871fd26171d2aae654774fdc86d0693,False,MagneticTile,exp5_num_304340,4,-99
MT,MT::exp5_num_304345,MT_Break/Imgs/exp5_num_304345.jpg,exp5_num_304345.jpg,Break,none,263,212,1,27398,f0942344b5b8a70ad3836a17858cfcbd73ebf54934a700e567915ea28d7220e0,False,MagneticTile,exp5_num_304345,1,-99
MT,MT::exp5_num_304772,MT_Free/Imgs/exp5_num_304772.jpg,exp5_num_304772.jpg,Free,none,313,326,1,41023,d4b2c38ba70740d1991318df72091fdb3b7ad58fb7328c8a4611c2197a80774a,False,MagneticTile,exp5_num_304772,4,-99
MT,MT::exp5_num_304927,MT_Free/Imgs/exp5_num_304927.jpg,exp5_num_304927.jpg,Free,none,271,216,1,24609,25ee5355b1e8e511c04088a0aed2686b7ef4a167e739f531aae96a588e11e32c,False,MagneticTile,exp5_num_304927,4,-99
MT,MT::exp5_num_306480,MT_Free/Imgs/exp5_num_306480.jpg,exp5_num_306480.jpg,Free,none,268,214,1,27669,21ba875cf9f2354251b352a27f440f5d3aa9bedf01d17f0086de6cd0f851dda9,False,MagneticTile,exp5_num_306480,4,-99
MT,MT::exp5_num_306654,MT_Free/Imgs/exp5_num_306654.jpg,exp5_num_306654.jpg,Free,none,366,355,1,46795,3c4a264f6c66a997c32a93b2615983e524ce88d838d59861eba6fd4e9caa1ad9,False,MagneticTile,exp5_num_306654,4,-99
MT,MT::exp5_num_308098,MT_Blowhole/Imgs/exp5_num_308098.jpg,exp5_num_308098.jpg,Blowhole,none,278,220,1,25196,017a0405ecfc40fd86f081879be3c057b71901c6f648e6584a4cf6d58837856a,False,MagneticTile,exp5_num_308098,0,-99
MT,MT::exp5_num_308863,MT_Free/Imgs/exp5_num_308863.jpg,exp5_num_308863.jpg,Free,none,370,363,1,55841,e52da11471664d80b8facc9a5a6c4f5a67c335348ecd4ec6f681cc5bcf8fd746,False,MagneticTile,exp5_num_308863,4,-99
MT,MT::exp5_num_309407,MT_Free/Imgs/exp5_num_309407.jpg,exp5_num_309407.jpg,Free,none,356,366,1,45687,59e17ba6571e9c6293fbd835c3c6d59f7f7ff670cfeae347b1f5a35a8ab14b34,False,MagneticTile,exp5_num_309407,4,-99
MT,MT::exp5_num_309704,MT_Free/Imgs/exp5_num_309704.jpg,exp5_num_309704.jpg,Free,none,271,223,1,27987,3dc3e08ece6e47217c015278fd4591c50f4e60639107d2eeeadc06df7621a869,False,MagneticTile,exp5_num_309704,4,-99
MT,MT::exp5_num_311371,MT_Free/Imgs/exp5_num_311371.jpg,exp5_num_311371.jpg,Free,none,265,202,1,28121,c0467fe5d913af69ddeb397160d120e27cc9d95f098fafae5ade4f602e8778e8,False,MagneticTile,exp5_num_311371,4,-99
MT,MT::exp5_num_31166,MT_Free/Imgs/exp5_num_31166.jpg,exp5_num_31166.jpg,Free,none,284,126,1,19118,20b7627eb3c9e858622d82e0295cc023e260acd7040cd411cb7f27edac9a67ec,False,MagneticTile,exp5_num_31166,4,-99
MT,MT::exp5_num_311887,MT_Uneven/Imgs/exp5_num_311887.jpg,exp5_num_311887.jpg,Uneven,none,284,230,1,29529,7c5735fe685f00c267d758bdf5412805fe151945d01f4bf82797566b081b38cc,False,MagneticTile,exp5_num_311887,5,-99
MT,MT::exp5_num_313536,MT_Uneven/Imgs/exp5_num_313536.jpg,exp5_num_313536.jpg,Uneven,none,346,247,1,39269,cae0aff6f5ca386fcf9f2edff0642893f14c97c56ccac9eb924a1576998f2778,False,MagneticTile,exp5_num_313536,5,-99
MT,MT::exp5_num_313892,MT_Free/Imgs/exp5_num_313892.jpg,exp5_num_313892.jpg,Free,none,355,260,1,38530,622c5586cd4dca37fd63498d27915a44b774dfdcbbba634bb9f1cee74b66c7de,False,MagneticTile,exp5_num_313892,4,-99
MT,MT::exp5_num_315045,MT_Free/Imgs/exp5_num_315045.jpg,exp5_num_315045.jpg,Free,none,268,215,1,28118,8791dda1e852c058f1e7820c629cef92d4d4b45cf9db9b80123a0d7dd013b3f8,False,MagneticTile,exp5_num_315045,4,-99
MT,MT::exp5_num_316375,MT_Free/Imgs/exp5_num_316375.jpg,exp5_num_316375.jpg,Free,none,362,377,1,56343,4c70e110b9590c0e01ac352501ac1f7e3f3066df5a9fb6965ab59fe00d30ee37,False,MagneticTile,exp5_num_316375,4,-99
MT,MT::exp5_num_316749,MT_Free/Imgs/exp5_num_316749.jpg,exp5_num_316749.jpg,Free,none,372,344,1,45422,da9cce923a18bcc85b0dfdb6b892eaaaf6d9662ed2e7ac549501b217cab3535a,False,MagneticTile,exp5_num_316749,4,-99
MT,MT::exp5_num_317558,MT_Blowhole/Imgs/exp5_num_317558.jpg,exp5_num_317558.jpg,Blowhole,none,271,217,1,26089,101d1261865528e26b88c56790361546f9fd2bd94ebe109a37a37dd974a9b8f4,False,MagneticTile,exp5_num_317558,0,-99
MT,MT::exp5_num_317612,MT_Free/Imgs/exp5_num_317612.jpg,exp5_num_317612.jpg,Free,none,352,375,1,52165,484125590b3b99ae28824b0179c8baa9ff6b606d547a230fb3b412b30b046d79,False,MagneticTile,exp5_num_317612,4,-99
MT,MT::exp5_num_317949,MT_Free/Imgs/exp5_num_317949.jpg,exp5_num_317949.jpg,Free,none,360,360,1,45767,abe5510b5319980be3186562b777eefa21057401a2d467e4bad38d144392a525,False,MagneticTile,exp5_num_317949,4,-99
MT,MT::exp5_num_319370,MT_Free/Imgs/exp5_num_319370.jpg,exp5_num_319370.jpg,Free,none,368,370,1,56279,fdd6cb05d90f2850be1e07a4d18689cc96cd3cfbc42323c8a6cd06a247d8d60e,False,MagneticTile,exp5_num_319370,4,-99
MT,MT::exp5_num_319483,MT_Free/Imgs/exp5_num_319483.jpg,exp5_num_319483.jpg,Free,none,284,229,1,28924,cc6ef1c7303e7152ecd4993f132dd1c3b3d9c0e29eab03b9d708d7730523dcd3,False,MagneticTile,exp5_num_319483,4,-99
MT,MT::exp5_num_319758,MT_Free/Imgs/exp5_num_319758.jpg,exp5_num_319758.jpg,Free,none,367,347,1,44049,1b4283d4691b8c78abc6a4d2c8b684e9a850d3760178dd0f78214e94eb9ebaff,False,MagneticTile,exp5_num_319758,4,-99
MT,MT::exp5_num_320520,MT_Free/Imgs/exp5_num_320520.jpg,exp5_num_320520.jpg,Free,none,369,363,1,58674,280e32292d947c4a0bcdf14bdf08f152360d6e13dbfebaf28a30c5e5f5f75c20,False,MagneticTile,exp5_num_320520,4,-99
MT,MT::exp5_num_320724,MT_Break/Imgs/exp5_num_320724.jpg,exp5_num_320724.jpg,Break,none,270,201,1,25878,5e890e94feea448fc7b7dac2b2861f05508b8799e5c1abbd3658081cd2ab2537,False,MagneticTile,exp5_num_320724,1,-99
MT,MT::exp5_num_320853,MT_Free/Imgs/exp5_num_320853.jpg,exp5_num_320853.jpg,Free,none,354,359,1,45064,b5a45519ec7af64bd6463bae9b920a2ed44e2a70e251bbf626139b099f7a993d,False,MagneticTile,exp5_num_320853,4,-99
MT,MT::exp5_num_321489,MT_Free/Imgs/exp5_num_321489.jpg,exp5_num_321489.jpg,Free,none,367,370,1,54298,01f52b94e6dfb758468e9e5208bcee8eaf0c376f6bb9c1026febbec162272978,False,MagneticTile,exp5_num_321489,4,-99
MT,MT::exp5_num_32201,MT_Crack/Imgs/exp5_num_32201.jpg,exp5_num_32201.jpg,Crack,none,287,121,1,16984,f64002c4b5fd08ca684653d13a769c74aa0f16c18e8be2356c95031e41e7c520,False,MagneticTile,exp5_num_32201,2,-99
MT,MT::exp5_num_322672,MT_Blowhole/Imgs/exp5_num_322672.jpg,exp5_num_322672.jpg,Blowhole,none,254,216,1,24544,312f3f36758bf25ab96478d35457d6a32bec98121358172b528815919b4fdcf0,False,MagneticTile,exp5_num_322672,0,-99
MT,MT::exp5_num_323381,MT_Free/Imgs/exp5_num_323381.jpg,exp5_num_323381.jpg,Free,none,270,226,1,25964,18c40ef5171fe079be1a8f098328d1c1596c78590ae59165ed28ceac2d2076db,False,MagneticTile,exp5_num_323381,4,-99
MT,MT::exp5_num_3247,MT_Crack/Imgs/exp5_num_3247.jpg,exp5_num_3247.jpg,Crack,none,376,375,1,59761,d9ec35acd9467db271605a3d1013ba8be17cbe4622b0efb669af90cbc6706e69,False,MagneticTile,exp5_num_3247,2,-99
MT,MT::exp5_num_326642,MT_Free/Imgs/exp5_num_326642.jpg,exp5_num_326642.jpg,Free,none,348,370,1,53370,ff8bd76e42d04f2f3de34d1cd26d632ea381d502469249b454b4490d2f0343b1,False,MagneticTile,exp5_num_326642,4,-99
MT,MT::exp5_num_326973,MT_Free/Imgs/exp5_num_326973.jpg,exp5_num_326973.jpg,Free,none,370,352,1,45007,f8e2095db165d005c19aa5ba1dae30bf2c15d3e95c7ca679d16dabb87cdf82bc,False,MagneticTile,exp5_num_326973,4,-99
MT,MT::exp5_num_328057,MT_Blowhole/Imgs/exp5_num_328057.jpg,exp5_num_328057.jpg,Blowhole,none,360,354,1,42719,7ee3a6937f7bb7d13a17273a86f993e049fe85108f311f8d3159128ec6d4d78a,False,MagneticTile,exp5_num_328057,0,-99
MT,MT::exp5_num_329283,MT_Free/Imgs/exp5_num_329283.jpg,exp5_num_329283.jpg,Free,none,362,372,1,53832,79f525f76bc3308aaeb0b2e4fcba62ba7ecb8689b136209c0aaa2e87ad84846b,False,MagneticTile,exp5_num_329283,4,-99
MT,MT::exp5_num_331230,MT_Free/Imgs/exp5_num_331230.jpg,exp5_num_331230.jpg,Free,none,368,360,1,47138,2480fbe0a9527505902619dfedbc76cb0c5838510528f70ccda6945accfe2bc7,False,MagneticTile,exp5_num_331230,4,-99
MT,MT::exp5_num_331983,MT_Free/Imgs/exp5_num_331983.jpg,exp5_num_331983.jpg,Free,none,358,370,1,53254,a6f2f250954a89c58e4bce7c7b85b34ab665f48916ceed96eb64298f92d7fb93,False,MagneticTile,exp5_num_331983,4,-99
MT,MT::exp5_num_332745,MT_Free/Imgs/exp5_num_332745.jpg,exp5_num_332745.jpg,Free,none,348,291,1,41761,9f7b000fdf9c425aee03d788e5ec1c22c40025431bb01ba22fd68282d86ffd82,False,MagneticTile,exp5_num_332745,4,-99
MT,MT::exp5_num_33487,MT_Uneven/Imgs/exp5_num_33487.jpg,exp5_num_33487.jpg,Uneven,none,313,516,1,60913,27691bd0c2ce049601e30d696a0ccd1dd9014e38b1dbc9fcd7496930c806d42c,False,MagneticTile,exp5_num_33487,5,-99
MT,MT::exp5_num_337720,MT_Free/Imgs/exp5_num_337720.jpg,exp5_num_337720.jpg,Free,none,376,481,1,72551,5c7499dd34b532c06d7bfe1bcb0451ae584d6cb7ef0a5e46e3c18bce1b30b2be,False,MagneticTile,exp5_num_337720,4,-99
MT,MT::exp5_num_338911,MT_Free/Imgs/exp5_num_338911.jpg,exp5_num_338911.jpg,Free,none,376,487,1,73587,6b2e9f3e0239d5452f178b646853d5570d8cc03561929318dc4edc0c9e6d987c,False,MagneticTile,exp5_num_338911,4,-99
MT,MT::exp5_num_339932,MT_Crack/Imgs/exp5_num_339932.jpg,exp5_num_339932.jpg,Crack,none,369,447,1,65378,fbed6c8ee02877a5142db863981cfa9b525b863b47fe15400a602e00b227e258,False,MagneticTile,exp5_num_339932,2,-99
MT,MT::exp5_num_34157,MT_Free/Imgs/exp5_num_34157.jpg,exp5_num_34157.jpg,Free,none,324,519,1,52333,d857e84ed15b0a336659d583656d1af0883066b0103e014a8059c6c4144de484,False,MagneticTile,exp5_num_34157,4,-99
MT,MT::exp5_num_342212,MT_Crack/Imgs/exp5_num_342212.jpg,exp5_num_342212.jpg,Crack,none,377,392,1,63259,529d3a22e29334186c5715fca4025376420ca4b27699fb3093604c76f6f2d386,False,MagneticTile,exp5_num_342212,2,-99
MT,MT::exp5_num_342943,MT_Free/Imgs/exp5_num_342943.jpg,exp5_num_342943.jpg,Free,none,373,503,1,56844,4baee9266327ebe58c1cfd58dc4f254edfd5aaea2a8c95c891ad5b1e5e6aae79,False,MagneticTile,exp5_num_342943,4,-99
MT,MT::exp5_num_344604,MT_Free/Imgs/exp5_num_344604.jpg,exp5_num_344604.jpg,Free,none,383,490,1,53391,85a5e368bfd7365b5df713a1f9d435002a3162b2971faa5f46d2fc52aa7099a1,False,MagneticTile,exp5_num_344604,4,-99
MT,MT::exp5_num_346381,MT_Blowhole/Imgs/exp5_num_346381.jpg,exp5_num_346381.jpg,Blowhole,none,364,510,1,56032,59c08d69bf99e612d100ea893499a5f56f8a6cb5b638ae32ee0517e7b559f770,False,MagneticTile,exp5_num_346381,0,-99
MT,MT::exp5_num_348696,MT_Break/Imgs/exp5_num_348696.jpg,exp5_num_348696.jpg,Break,none,381,509,1,61066,61ded551ccf3296c0e3ac8bedffd61f848deec7bd1eda5f17401d6add22cf07d,False,MagneticTile,exp5_num_348696,1,-99
MT,MT::exp5_num_349891,MT_Free/Imgs/exp5_num_349891.jpg,exp5_num_349891.jpg,Free,none,373,488,1,72182,0bd21ddea17c8e6630f6c4c82f2caa0c8e1652371f4ced180b6fde016c94ba65,False,MagneticTile,exp5_num_349891,4,-99
MT,MT::exp5_num_351099,MT_Free/Imgs/exp5_num_351099.jpg,exp5_num_351099.jpg,Free,none,355,490,1,69754,05097e1f8f0e054cb01822dc336f832335d6cbc951e7ddea021fef3120ab154d,False,MagneticTile,exp5_num_351099,4,-99
MT,MT::exp5_num_351488,MT_Free/Imgs/exp5_num_351488.jpg,exp5_num_351488.jpg,Free,none,363,518,1,56839,5af9290013a025b7d22fc734bd0fc4afbbf9f68ef7ba1fddc6028a8f979a1053,False,MagneticTile,exp5_num_351488,4,-99
MT,MT::exp5_num_352540,MT_Uneven/Imgs/exp5_num_352540.jpg,exp5_num_352540.jpg,Uneven,none,385,503,1,57492,a836e4f8c934d98f27823e248610f4e7f22a4a92de7d326918e73c4f3bdb5992,False,MagneticTile,exp5_num_352540,5,-99
MT,MT::exp5_num_354439,MT_Free/Imgs/exp5_num_354439.jpg,exp5_num_354439.jpg,Free,none,350,502,1,68209,834b65c8e6fd5aba1ab1d7487f509bbb90aa34c7c7ac53901485bdc36be4f05a,False,MagneticTile,exp5_num_354439,4,-99
MT,MT::exp5_num_355692,MT_Free/Imgs/exp5_num_355692.jpg,exp5_num_355692.jpg,Free,none,380,485,1,76812,f19bdfb4ea474d0d28af9bcb9e15870c33bbdc3c843a5381c33882b1d21f386e,False,MagneticTile,exp5_num_355692,4,-99
MT,MT::exp5_num_356780,MT_Break/Imgs/exp5_num_356780.jpg,exp5_num_356780.jpg,Break,none,383,512,1,61256,c026278679f88a8f0fca6f1da70bd89e467dedfb151ab670bd25ef0e7bff10f1,False,MagneticTile,exp5_num_356780,1,-99
MT,MT::exp5_num_3572,MT_Free/Imgs/exp5_num_3572.jpg,exp5_num_3572.jpg,Free,none,269,130,1,17770,6cabe73f7b2fe276a937702535515af7a010e88cb6c8b82ed27a3913fefb64e7,False,MagneticTile,exp5_num_3572,4,-99
MT,MT::exp5_num_358149,MT_Free/Imgs/exp5_num_358149.jpg,exp5_num_358149.jpg,Free,none,386,484,1,77372,99e8fbf675ddbd6840c841bc521d79579c7107c6f4f9b98e1f5a3c4d14affd4f,False,MagneticTile,exp5_num_358149,4,-99
MT,MT::exp5_num_358999,MT_Free/Imgs/exp5_num_358999.jpg,exp5_num_358999.jpg,Free,none,370,480,1,69051,cc2ef38ebf35d22f1f0aa828ecf44715b72fad41aaacdc2029b5cbb187b401d4,False,MagneticTile,exp5_num_358999,4,-99
MT,MT::exp5_num_359512,MT_Free/Imgs/exp5_num_359512.jpg,exp5_num_359512.jpg,Free,none,377,512,1,58709,70f234a903fa139dda314b6f1e48ef1e613714b9b61d00c134793431931f5f49,False,MagneticTile,exp5_num_359512,4,-99
MT,MT::exp5_num_36269,MT_Blowhole/Imgs/exp5_num_36269.jpg,exp5_num_36269.jpg,Blowhole,none,291,119,1,17627,8313b9a48dd3f2333ff43a6c69e4c8da058db0387e3ed33669b6ccf8d20c0051,False,MagneticTile,exp5_num_36269,0,-99
MT,MT::exp5_num_37084,MT_Free/Imgs/exp5_num_37084.jpg,exp5_num_37084.jpg,Free,none,275,123,1,15896,dfe0ddf366caa8b18d19fbfe59de956bdb040b846509f464004cd14f80f7aecc,False,MagneticTile,exp5_num_37084,4,-99
MT,MT::exp5_num_37319,MT_Free/Imgs/exp5_num_37319.jpg,exp5_num_37319.jpg,Free,none,328,520,1,62813,4b019fa2d115c1d743651caadaf7d3e00ab8c000a51d7e9b239cf668e9b33193,False,MagneticTile,exp5_num_37319,4,-99
MT,MT::exp5_num_3746,MT_Blowhole/Imgs/exp5_num_3746.jpg,exp5_num_3746.jpg,Blowhole,none,361,478,1,51891,91637e1fe6e3336be1bab16dee50cccc71d19d69d2d2433450a5b1226b28ba20,False,MagneticTile,exp5_num_3746,0,-99
MT,MT::exp5_num_37636,MT_Free/Imgs/exp5_num_37636.jpg,exp5_num_37636.jpg,Free,none,286,131,1,17286,ebff3052ece333a96e4bb0e784e1d9e035c21daa499af16e03155ba0a28887c9,False,MagneticTile,exp5_num_37636,4,-99
MT,MT::exp5_num_38064,MT_Free/Imgs/exp5_num_38064.jpg,exp5_num_38064.jpg,Free,none,333,523,1,55112,c6257442632b45132099d8393c77751fbd811117e89ba5aa5f3a1ff0965afba4,False,MagneticTile,exp5_num_38064,4,-99
MT,MT::exp5_num_3899,MT_Free/Imgs/exp5_num_3899.jpg,exp5_num_3899.jpg,Free,none,282,121,1,16537,94113f1811126dbc53d94e87641a3232ccd13f8b464155e8e90c631c7a8c1dab,False,MagneticTile,exp5_num_3899,4,-99
MT,MT::exp5_num_39497,MT_Free/Imgs/exp5_num_39497.jpg,exp5_num_39497.jpg,Free,none,291,135,1,19998,26d75249fbfcc4a7845e6dc5d74529d19ecf5c9e9d567eb1b4ecc9368850e6dd,False,MagneticTile,exp5_num_39497,4,-99
MT,MT::exp5_num_40480,MT_Blowhole/Imgs/exp5_num_40480.jpg,exp5_num_40480.jpg,Blowhole,none,280,116,1,16006,a377d8150ec4aec02a65fadc8e52066209e3ad6b6a8af5e1f2a28c7a5b901749,False,MagneticTile,exp5_num_40480,0,-99
MT,MT::exp5_num_43878,MT_Free/Imgs/exp5_num_43878.jpg,exp5_num_43878.jpg,Free,none,341,520,1,57375,9a8d3d05950ce6c59f520eb4bbb0ab02635f083bba8e3c645f0021146cbbf969,False,MagneticTile,exp5_num_43878,4,-99
MT,MT::exp5_num_45084,MT_Uneven/Imgs/exp5_num_45084.jpg,exp5_num_45084.jpg,Uneven,none,327,502,1,60397,ea4e5b4928a1c6f262700ff78245686c8bd2a5feeecc406e5f66e265f4e4295f,False,MagneticTile,exp5_num_45084,5,-99
MT,MT::exp5_num_4801,MT_Blowhole/Imgs/exp5_num_4801.jpg,exp5_num_4801.jpg,Blowhole,none,288,126,1,17159,146bcd8863f013b026c0a23a41811b92f8eb8e1e766d9fcd1159f6cb8b880ae1,False,MagneticTile,exp5_num_4801,0,-99
MT,MT::exp5_num_5022,MT_Blowhole/Imgs/exp5_num_5022.jpg,exp5_num_5022.jpg,Blowhole,none,288,120,1,16425,e1522e5846c455d5ac2a6acb3cbe5a8aeafa6c4d939cd974d26cb8cc57e987fb,False,MagneticTile,exp5_num_5022,0,-99
MT,MT::exp5_num_50443,MT_Free/Imgs/exp5_num_50443.jpg,exp5_num_50443.jpg,Free,none,318,530,1,64448,df26171cd6a59aec9489e07c6b372f6edf470c98b744713516e86a8dd368e481,False,MagneticTile,exp5_num_50443,4,-99
MT,MT::exp5_num_51139,MT_Free/Imgs/exp5_num_51139.jpg,exp5_num_51139.jpg,Free,none,314,528,1,55143,8772f59ab4af07525267523bebe4ac0facaa5911b04be24ec61009e2b4240e9b,False,MagneticTile,exp5_num_51139,4,-99
MT,MT::exp5_num_51739,MT_Blowhole/Imgs/exp5_num_51739.jpg,exp5_num_51739.jpg,Blowhole,none,286,121,1,17814,52a2aa478dbd8e67436bc704cf7a424139c29c47565c18eba046b0888eb30679,False,MagneticTile,exp5_num_51739,0,-99
MT,MT::exp5_num_52740,MT_Free/Imgs/exp5_num_52740.jpg,exp5_num_52740.jpg,Free,none,287,124,1,17872,942df791bd27be8a733bf370d1453b05c3882f92f62deb8b7db2b5f34e6d02cf,False,MagneticTile,exp5_num_52740,4,-99
MT,MT::exp5_num_53060,MT_Free/Imgs/exp5_num_53060.jpg,exp5_num_53060.jpg,Free,none,334,517,1,63561,68d37a489d8629bf3b5faafb934a58d999cf2bd411da2aa2cb819aa10665a2f6,False,MagneticTile,exp5_num_53060,4,-99
MT,MT::exp5_num_54191,MT_Free/Imgs/exp5_num_54191.jpg,exp5_num_54191.jpg,Free,none,327,532,1,56884,316bf906e0f4955a81a7ca37640839e06353dc4fbfaf2d3a8ba2ad4ca755efdb,False,MagneticTile,exp5_num_54191,4,-99
MT,MT::exp5_num_54331,MT_Blowhole/Imgs/exp5_num_54331.jpg,exp5_num_54331.jpg,Blowhole,none,285,122,1,17637,d4c321e0d81965ead2653ae8970e8a297a6537273e374043ef262b2bcbdb7e49,False,MagneticTile,exp5_num_54331,0,-99
MT,MT::exp5_num_54978,MT_Free/Imgs/exp5_num_54978.jpg,exp5_num_54978.jpg,Free,none,290,129,1,17135,a59f3177885220f7a0f89844a27fb6b499056db53a9f21675c6e9003f2e53662,False,MagneticTile,exp5_num_54978,4,-99
MT,MT::exp5_num_5874,MT_Free/Imgs/exp5_num_5874.jpg,exp5_num_5874.jpg,Free,none,331,525,1,65117,e6cb366b62c35531c83f2c8deaf1b60267389f7293a72067089763af22d942a1,False,MagneticTile,exp5_num_5874,4,-99
MT,MT::exp5_num_592,MT_Uneven/Imgs/exp5_num_592.jpg,exp5_num_592.jpg,Uneven,none,292,124,1,17519,a631deecfe61ff70b8879a1f5d3ef362ebbfe434f015d852bfd79681a35ca2d7,False,MagneticTile,exp5_num_592,5,-99
MT,MT::exp5_num_61380,MT_Free/Imgs/exp5_num_61380.jpg,exp5_num_61380.jpg,Free,none,290,131,1,17477,c556497cd79ace4af745cee9297cd0d2a2f935b0f7a2e27a3796c7b34e8a8428,False,MagneticTile,exp5_num_61380,4,-99
MT,MT::exp5_num_62619,MT_Break/Imgs/exp5_num_62619.jpg,exp5_num_62619.jpg,Break,none,285,122,1,17256,7e84b68f328d2b8e59ff8a415d4dc96961b113c809f3ffe8645a905b85ba6a96,False,MagneticTile,exp5_num_62619,1,-99
MT,MT::exp5_num_65054,MT_Free/Imgs/exp5_num_65054.jpg,exp5_num_65054.jpg,Free,none,334,523,1,64294,c06bcacecce7aae04ac9600a0bbb9d14c5ad9b08988cccad6f07c0aaa74e3826,False,MagneticTile,exp5_num_65054,4,-99
MT,MT::exp5_num_6566,MT_Free/Imgs/exp5_num_6566.jpg,exp5_num_6566.jpg,Free,none,377,507,1,58496,1988241c877df6e0e58a71e116e8f67b81d8a377afaddb7e6ad18da032e9e5ac,False,MagneticTile,exp5_num_6566,4,-99
MT,MT::exp5_num_6605,MT_Free/Imgs/exp5_num_6605.jpg,exp5_num_6605.jpg,Free,none,289,128,1,18152,e7b0075ddc727255f8cefa2ec77e32ea5b3f8c1acfcd19b8678d47d454d39bd0,False,MagneticTile,exp5_num_6605,4,-99
MT,MT::exp5_num_68428,MT_Free/Imgs/exp5_num_68428.jpg,exp5_num_68428.jpg,Free,none,294,128,1,17413,f761e39f7adc7c5976aa62dd3b26a84cf976902b6418c3f98fae7bc0c41fe9b7,False,MagneticTile,exp5_num_68428,4,-99
MT,MT::exp5_num_69885,MT_Free/Imgs/exp5_num_69885.jpg,exp5_num_69885.jpg,Free,none,277,129,1,18037,06aa775bfc48eec381861965d2617527a49e9530f1624dbfd23294652477ba9c,False,MagneticTile,exp5_num_69885,4,-99
MT,MT::exp5_num_7054,MT_Blowhole/Imgs/exp5_num_7054.jpg,exp5_num_7054.jpg,Blowhole,none,364,482,1,68499,4b5cf9c925b1b635d5a290e9fe9f301c8f0ba956c481390770c33c9fa2509589,False,MagneticTile,exp5_num_7054,0,-99
MT,MT::exp5_num_70558,MT_Free/Imgs/exp5_num_70558.jpg,exp5_num_70558.jpg,Free,none,279,124,1,16613,8fc7f35ecba5ae307ffc691771c69e497d83c27366e658746807f1fc26385552,False,MagneticTile,exp5_num_70558,4,-99
MT,MT::exp5_num_71267,MT_Free/Imgs/exp5_num_71267.jpg,exp5_num_71267.jpg,Free,none,282,124,1,16219,7522831dc247f84d05f20f79b5da5a6c64408ede87a63f0aed61c67253e03972,False,MagneticTile,exp5_num_71267,4,-99
MT,MT::exp5_num_75157,MT_Free/Imgs/exp5_num_75157.jpg,exp5_num_75157.jpg,Free,none,260,602,1,58306,f744a9d0edd775bb8e5e2479cb538ed8505592b4abd06df952fc7cf633fb8b11,False,MagneticTile,exp5_num_75157,4,-99
MT,MT::exp5_num_77692,MT_Fray/Imgs/exp5_num_77692.jpg,exp5_num_77692.jpg,Fray,none,242,606,1,54015,71d8da53c37b942004406981b5e3d5122466afa612d820957b6aaba4b18091f5,False,MagneticTile,exp5_num_77692,3,-99
MT,MT::exp5_num_7935,MT_Free/Imgs/exp5_num_7935.jpg,exp5_num_7935.jpg,Free,none,287,124,1,16901,2450080ad530d85a28cad0e31b94e3bfc45b04fa77c124486ccc2824895d8c21,False,MagneticTile,exp5_num_7935,4,-99
MT,MT::exp5_num_85642,MT_Crack/Imgs/exp5_num_85642.jpg,exp5_num_85642.jpg,Crack,none,244,599,1,55335,aef21a92c58df525f662f3abd841174e74009d012e1226f051a7a30a19f97fd5,False,MagneticTile,exp5_num_85642,2,-99
MT,MT::exp5_num_86031,MT_Crack/Imgs/exp5_num_86031.jpg,exp5_num_86031.jpg,Crack,none,244,599,1,55376,ff1c1dee336650b43b7dba8e7b1a327954983c34744ee2303db0c51be2f5df8d,False,MagneticTile,exp5_num_86031,2,-99
MT,MT::exp5_num_8676,MT_Free/Imgs/exp5_num_8676.jpg,exp5_num_8676.jpg,Free,none,342,527,1,58170,84e760406a18e8d4fe4697821448545804e6b800f74e9e26c50bb8d8f4260cca,False,MagneticTile,exp5_num_8676,4,-99
MT,MT::exp5_num_88170,MT_Crack/Imgs/exp5_num_88170.jpg,exp5_num_88170.jpg,Crack,none,244,599,1,58121,7b990ea5a3f1b7a13eaf8b3bdb047f9309ff2a97010b7c787bc24f5bc73b5ef5,False,MagneticTile,exp5_num_88170,2,-99
MT,MT::exp5_num_91072,MT_Free/Imgs/exp5_num_91072.jpg,exp5_num_91072.jpg,Free,none,258,602,1,57798,294438ee152d1fdc1ebd0032e7a44041a3db2a58ee7ddff76b9c3a5bd01ed22c,False,MagneticTile,exp5_num_91072,4,-99
MT,MT::exp5_num_937,MT_Free/Imgs/exp5_num_937.jpg,exp5_num_937.jpg,Free,none,364,486,1,71220,5f8e2573cf818da002a52ef7e13e287b4e7312fcef5f45a4a0b64f46e6b37550,False,MagneticTile,exp5_num_937,4,-99
MT,MT::exp5_num_94986,MT_Free/Imgs/exp5_num_94986.jpg,exp5_num_94986.jpg,Free,none,252,614,1,60522,3abee4e6eaf23f0c85147a681e21652d895123114ab13ce655dd39f8665a4266,False,MagneticTile,exp5_num_94986,4,-99
MT,MT::exp5_num_9549,MT_Blowhole/Imgs/exp5_num_9549.jpg,exp5_num_9549.jpg,Blowhole,none,390,451,1,73256,52c1a027fbd44267ffdd80f41d52c6228296118fd0fbb87abbc4548a772cb963,False,MagneticTile,exp5_num_9549,0,-99
MT,MT::exp5_num_964,MT_Free/Imgs/exp5_num_964.jpg,exp5_num_964.jpg,Free,none,291,250,1,37876,2a7e179e17a38d6e78e1711e680b7cbd849f96a2e13c787ee4c8baf0ea40f280,False,MagneticTile,exp5_num_964,4,-99
MT,MT::exp5_num_98336,MT_Break/Imgs/exp5_num_98336.jpg,exp5_num_98336.jpg,Break,none,296,421,1,49803,0ea84fa02c9c562f712e46363d741764c0b713b7cfad1529e3797534a4f7b417,False,MagneticTile,exp5_num_98336,1,-99
MT,MT::exp6_num_1012,MT_Free/Imgs/exp6_num_1012.jpg,exp6_num_1012.jpg,Free,none,291,250,1,39678,ce4cb85920474b8b8bb7aea93903beea816dacfac20c4d1c344328554b97c5a6,False,MagneticTile,exp6_num_1012,4,-99
MT,MT::exp6_num_10280,MT_Free/Imgs/exp6_num_10280.jpg,exp6_num_10280.jpg,Free,none,374,508,1,61318,052ce697567c5bc8dc5f067e3c7faaaf54e0dc44add8aa12863de7da5120cf90,False,MagneticTile,exp6_num_10280,4,-99
MT,MT::exp6_num_105927,MT_Break/Imgs/exp6_num_105927.jpg,exp6_num_105927.jpg,Break,none,252,611,1,63724,5a695da1881a8631efaf707d90fbf3ecc68351f40b37b7adbfc7b729f97cf7cc,False,MagneticTile,exp6_num_105927,1,-99
MT,MT::exp6_num_106244,MT_Free/Imgs/exp6_num_106244.jpg,exp6_num_106244.jpg,Free,none,362,251,1,38103,c5da06e19e914d3790305ed8ad8801c14e5c1e846f5982d523ac0f52fcc5511f,False,MagneticTile,exp6_num_106244,4,-99
MT,MT::exp6_num_106873,MT_Free/Imgs/exp6_num_106873.jpg,exp6_num_106873.jpg,Free,none,352,256,1,42904,c1ac472f02916b62237578e1cb97a9f57fc690ae1f1748119c9995e741313d8b,False,MagneticTile,exp6_num_106873,4,-99
MT,MT::exp6_num_10790,MT_Free/Imgs/exp6_num_10790.jpg,exp6_num_10790.jpg,Free,none,347,523,1,62459,61ba8950f59b97a859a94051246a11905263aae2a36d5d0cafd37cd7232fabdc,False,MagneticTile,exp6_num_10790,4,-99
MT,MT::exp6_num_108812,MT_Blowhole/Imgs/exp6_num_108812.jpg,exp6_num_108812.jpg,Blowhole,none,372,256,1,42283,b1f21f7e385e709571751d552cde7c5f2f246541e061024a5068fdf549420d6b,False,MagneticTile,exp6_num_108812,0,-99
MT,MT::exp6_num_109350,MT_Uneven/Imgs/exp6_num_109350.jpg,exp6_num_109350.jpg,Uneven,none,260,600,1,67458,0db061f536686d458655ce5208b9e19e11bae1e23f6acd7618280c510c9f03f1,False,MagneticTile,exp6_num_109350,5,-99
MT,MT::exp6_num_11001,MT_Free/Imgs/exp6_num_11001.jpg,exp6_num_11001.jpg,Free,none,361,512,1,62448,d29a07ada6fb89eebaf8c2b29e5fbc088a67588828e14a8017b2be9fbf68fea5,False,MagneticTile,exp6_num_11001,4,-99
MT,MT::exp6_num_110224,MT_Free/Imgs/exp6_num_110224.jpg,exp6_num_110224.jpg,Free,none,261,618,1,63734,ce83b8fecaa5706f3b914ca241c1a0cda8f3ab9d43ab8c6c72f9b65be339ae97,False,MagneticTile,exp6_num_110224,4,-99
MT,MT::exp6_num_11357,MT_Free/Imgs/exp6_num_11357.jpg,exp6_num_11357.jpg,Free,none,377,486,1,76527,ca045a9b6db2da66ac47a542e468849c992a10f8998970e1b995b06559939054,False,MagneticTile,exp6_num_11357,4,-99
MT,MT::exp6_num_114490,MT_Free/Imgs/exp6_num_114490.jpg,exp6_num_114490.jpg,Free,none,371,258,1,45747,f0184c7a2216248a969dba8e79a6b8c14abd565178c9321ecb98c973a5d78faf,False,MagneticTile,exp6_num_114490,4,-99
MT,MT::exp6_num_116352,MT_Free/Imgs/exp6_num_116352.jpg,exp6_num_116352.jpg,Free,none,261,604,1,70805,1cb1910a610eb068c34dd746970c1da6f805e34e7231c61f58a558c2114f125b,False,MagneticTile,exp6_num_116352,4,-99
MT,MT::exp6_num_116623,MT_Crack/Imgs/exp6_num_116623.jpg,exp6_num_116623.jpg,Crack,none,345,286,1,44941,7424363b3fc56c875f9ab12755ca782388fe1fd14fddad25b778aa03d8ff7b58,False,MagneticTile,exp6_num_116623,2,-99
MT,MT::exp6_num_117060,MT_Break/Imgs/exp6_num_117060.jpg,exp6_num_117060.jpg,Break,none,270,610,1,67345,bfd15e9e46c6de78177d7ad39d09b3c24b19d01ea946e8e07428a41847e9289f,False,MagneticTile,exp6_num_117060,1,-99
MT,MT::exp6_num_117068,MT_Free/Imgs/exp6_num_117068.jpg,exp6_num_117068.jpg,Free,none,330,302,1,46428,626c999f007a75c2fddc4c24f8b80753f1c5c190e468a11fd4be00f0dd91e488,False,MagneticTile,exp6_num_117068,4,-99
MT,MT::exp6_num_118981,MT_Free/Imgs/exp6_num_118981.jpg,exp6_num_118981.jpg,Free,none,260,606,1,67675,c60cd660d7ee0c6c5d7a7fbc65f0ab32ce121c8812676cd110995907cb13d21a,False,MagneticTile,exp6_num_118981,4,-99
MT,MT::exp6_num_124787,MT_Uneven/Imgs/exp6_num_124787.jpg,exp6_num_124787.jpg,Uneven,none,241,620,1,59848,d3e4e5177c97b1170fc376f4d9a8330b368f46cedf4af87aaf1ceaa308f2cfbb,False,MagneticTile,exp6_num_124787,5,-99
MT,MT::exp6_num_126419,MT_Free/Imgs/exp6_num_126419.jpg,exp6_num_126419.jpg,Free,none,340,310,1,44682,56cd476e1c32e74045a81efd67454b4d7d4151fd29f4ddf9bc5f3e7242c197ed,False,MagneticTile,exp6_num_126419,4,-99
MT,MT::exp6_num_126888,MT_Free/Imgs/exp6_num_126888.jpg,exp6_num_126888.jpg,Free,none,336,313,1,48409,58e633bf6aebf6cea0202967905f207f351c05cef17f7a4df8a07814361e0c24,False,MagneticTile,exp6_num_126888,4,-99
MT,MT::exp6_num_127730,MT_Free/Imgs/exp6_num_127730.jpg,exp6_num_127730.jpg,Free,none,352,310,1,45895,58ff65ef7355dcb36dd3cdef973d6feed9ec8940f9755d90e2883e178675c38b,False,MagneticTile,exp6_num_127730,4,-99
MT,MT::exp6_num_128176,MT_Free/Imgs/exp6_num_128176.jpg,exp6_num_128176.jpg,Free,none,339,313,1,46411,9a37bc5b8e542a2602fc9f36c54e383967702505fec5c08dabac23ca88a76a19,False,MagneticTile,exp6_num_128176,4,-99
MT,MT::exp6_num_129148,MT_Uneven/Imgs/exp6_num_129148.jpg,exp6_num_129148.jpg,Uneven,none,366,256,1,41071,e8d04370878839e9960ab755a522e0462bd02981eea31e16503b2a63aee365d1,False,MagneticTile,exp6_num_129148,5,-99
MT,MT::exp6_num_129718,MT_Free/Imgs/exp6_num_129718.jpg,exp6_num_129718.jpg,Free,none,362,266,1,47787,f62727ad749e32e7021e57ece97b1b43d72e62b140cd98ac2314fffb8b74bd38,False,MagneticTile,exp6_num_129718,4,-99
MT,MT::exp6_num_135686,MT_Fray/Imgs/exp6_num_135686.jpg,exp6_num_135686.jpg,Fray,none,251,607,1,67292,03abe83cdd1e70ab26dac7945f2c936659f27d8825e3ddd5fedc504a385b18d7,False,MagneticTile,exp6_num_135686,3,-99
MT,MT::exp6_num_136770,MT_Fray/Imgs/exp6_num_136770.jpg,exp6_num_136770.jpg,Fray,none,238,540,1,45726,f9533ca21e15c249efd01cd0364bfb9e034f3e135d3929eaf1862e842ee5287e,False,MagneticTile,exp6_num_136770,3,-99
MT,MT::exp6_num_13689,MT_Free/Imgs/exp6_num_13689.jpg,exp6_num_13689.jpg,Free,none,342,520,1,68876,b1fa387d401051c2755a162274dc0d09714aa6ba8ea7eaf3e8eb63cde7425ba9,False,MagneticTile,exp6_num_13689,4,-99
MT,MT::exp6_num_138723,MT_Free/Imgs/exp6_num_138723.jpg,exp6_num_138723.jpg,Free,none,254,610,1,64816,087d0961df71a9edd9619dd150d8013cfbcf0a0f4ba6d2dde96e6fe251b40b4c,False,MagneticTile,exp6_num_138723,4,-99
MT,MT::exp6_num_139916,MT_Uneven/Imgs/exp6_num_139916.jpg,exp6_num_139916.jpg,Uneven,none,244,608,1,64046,f72a77077d848b38344be3329f33796ea946d2c209d9686bfafa6ab6a2bbc633,False,MagneticTile,exp6_num_139916,5,-99
MT,MT::exp6_num_143316,MT_Free/Imgs/exp6_num_143316.jpg,exp6_num_143316.jpg,Free,none,253,596,1,64989,9b340d2df1a497bcc5542c35db17e95295f6a25b2c08f9c2e758d06a8dba5452,False,MagneticTile,exp6_num_143316,4,-99
MT,MT::exp6_num_144276,MT_Free/Imgs/exp6_num_144276.jpg,exp6_num_144276.jpg,Free,none,245,605,1,59305,1b4c1998560c0a43725f58698e9a91c6f7bda4361473656342b7d7b575a3034b,False,MagneticTile,exp6_num_144276,4,-99
MT,MT::exp6_num_148035,MT_Free/Imgs/exp6_num_148035.jpg,exp6_num_148035.jpg,Free,none,240,597,1,60555,f7cd82a6e6df2ab5a6910bb9cb90e4a705360081b8bf4631e7631811b95d12d0,False,MagneticTile,exp6_num_148035,4,-99
MT,MT::exp6_num_149097,MT_Break/Imgs/exp6_num_149097.jpg,exp6_num_149097.jpg,Break,none,265,582,1,63043,3c13d55a8eb4b9eea06a72dd4e9d26d76acdc453286a2f6ad3d77f069202e0f3,False,MagneticTile,exp6_num_149097,1,-99
MT,MT::exp6_num_154721,MT_Free/Imgs/exp6_num_154721.jpg,exp6_num_154721.jpg,Free,none,314,190,1,30750,fa3f785e64f581fbc76212b3b0cf918d6987940f64e2c83af53b33a180bb97ac,False,MagneticTile,exp6_num_154721,4,-99
MT,MT::exp6_num_155478,MT_Uneven/Imgs/exp6_num_155478.jpg,exp6_num_155478.jpg,Uneven,none,314,195,1,30830,d0fc9a26f6650aee3a286504234ea7ce84db3f871004c1305e340905eb8ba0c0,False,MagneticTile,exp6_num_155478,5,-99
MT,MT::exp6_num_157298,MT_Free/Imgs/exp6_num_157298.jpg,exp6_num_157298.jpg,Free,none,319,191,1,28715,65e36490b46cd9a5b14024d1e56266984f666c55b4e2cf1ad3bc40f94aa42d03,False,MagneticTile,exp6_num_157298,4,-99
MT,MT::exp6_num_157877,MT_Free/Imgs/exp6_num_157877.jpg,exp6_num_157877.jpg,Free,none,326,195,1,31282,04826c2ff933341cbc211869ce30ba1aeed5947219ccf381546e587133e110f5,False,MagneticTile,exp6_num_157877,4,-99
MT,MT::exp6_num_165523,MT_Free/Imgs/exp6_num_165523.jpg,exp6_num_165523.jpg,Free,none,322,201,1,31703,6b241388999bfbc90962ab6ffa2125fe5fae2dd4f890fafd42e4dc5f8464e21d,False,MagneticTile,exp6_num_165523,4,-99
MT,MT::exp6_num_16624,MT_Free/Imgs/exp6_num_16624.jpg,exp6_num_16624.jpg,Free,none,330,524,1,62583,19e61a83d77258c56257934912c045e97f717c289ea09e0880ce6eee536c132b,False,MagneticTile,exp6_num_16624,4,-99
MT,MT::exp6_num_166278,MT_Free/Imgs/exp6_num_166278.jpg,exp6_num_166278.jpg,Free,none,330,183,1,29081,e9b6b5c82f146673ec57138f74c2bc425faac6c15da2c19a2f6364e1f5579579,False,MagneticTile,exp6_num_166278,4,-99
MT,MT::exp6_num_172365,MT_Uneven/Imgs/exp6_num_172365.jpg,exp6_num_172365.jpg,Uneven,none,322,190,1,28531,f5b797d02d5bac06333210bbe4e66c325801d61abe87cc775a5056b8d0cffe5c,False,MagneticTile,exp6_num_172365,5,-99
MT,MT::exp6_num_174804,MT_Free/Imgs/exp6_num_174804.jpg,exp6_num_174804.jpg,Free,none,318,193,1,28488,79cbfeca7aa9b1cde7a0e35c491bed4a7d9878a89d07f5eeec494f5ea8df8933,False,MagneticTile,exp6_num_174804,4,-99
MT,MT::exp6_num_178058,MT_Free/Imgs/exp6_num_178058.jpg,exp6_num_178058.jpg,Free,none,316,194,1,31641,0f223b245da1d6b115f5a80b111158892fa3a124d2810a2ac59d48ea587e5834,False,MagneticTile,exp6_num_178058,4,-99
MT,MT::exp6_num_178602,MT_Free/Imgs/exp6_num_178602.jpg,exp6_num_178602.jpg,Free,none,322,195,1,31291,019f9bc8642819aa3bed45d7556a7b444300adc9f3a5388302572ae0d2846a42,False,MagneticTile,exp6_num_178602,4,-99
MT,MT::exp6_num_180428,MT_Free/Imgs/exp6_num_180428.jpg,exp6_num_180428.jpg,Free,none,334,194,1,30938,f8ba43cf0759ac1d6ea254df390f270031e19363ac6b821d18109b987515d271,False,MagneticTile,exp6_num_180428,4,-99
MT,MT::exp6_num_180965,MT_Free/Imgs/exp6_num_180965.jpg,exp6_num_180965.jpg,Free,none,328,190,1,29367,cf3ff36795c204821a244551009cf6dabb799220b2c24b31ea385de750a9e620,False,MagneticTile,exp6_num_180965,4,-99
MT,MT::exp6_num_18258,MT_Free/Imgs/exp6_num_18258.jpg,exp6_num_18258.jpg,Free,none,334,519,1,70328,0d5a30b866bcc8872dce05acb26a775a1284643dfd3a3a59aa73f8974125b710,False,MagneticTile,exp6_num_18258,4,-99
MT,MT::exp6_num_183290,MT_Free/Imgs/exp6_num_183290.jpg,exp6_num_183290.jpg,Free,none,320,194,1,28839,4ddb10933c026c53a6e7be88bf56c9bf052a60912043c520efef2096178b63dd,False,MagneticTile,exp6_num_183290,4,-99
MT,MT::exp6_num_183930,MT_Free/Imgs/exp6_num_183930.jpg,exp6_num_183930.jpg,Free,none,323,209,1,31985,4020f4723abb267b02083b185cebf71aba2cc3390578e783c30e038f236c7368,False,MagneticTile,exp6_num_183930,4,-99
MT,MT::exp6_num_187011,MT_Uneven/Imgs/exp6_num_187011.jpg,exp6_num_187011.jpg,Uneven,none,319,194,1,30318,48944214f89f1afe5c9329e774a0db6aea5600e84a6128f635795b8a734d5538,False,MagneticTile,exp6_num_187011,5,-99
MT,MT::exp6_num_187701,MT_Free/Imgs/exp6_num_187701.jpg,exp6_num_187701.jpg,Free,none,324,193,1,32368,a83076adceb612ad3f415b895770e62625b66823d3ced834e14a60223898eecd,False,MagneticTile,exp6_num_187701,4,-99
MT,MT::exp6_num_192263,MT_Free/Imgs/exp6_num_192263.jpg,exp6_num_192263.jpg,Free,none,322,198,1,29797,401c5423656c417837c8f122e4dffab0c02151d50e4c894de5b0ef73a0d98e51,False,MagneticTile,exp6_num_192263,4,-99
MT,MT::exp6_num_193234,MT_Free/Imgs/exp6_num_193234.jpg,exp6_num_193234.jpg,Free,none,318,194,1,26549,7178cd66dd1dcfeb1ad2eff83ba0fa1650ca5ed68e67fd2c21f50874fad070ef,False,MagneticTile,exp6_num_193234,4,-99
MT,MT::exp6_num_194304,MT_Break/Imgs/exp6_num_194304.jpg,exp6_num_194304.jpg,Break,none,335,190,1,30061,7a993a648b0bd8d39da0f8015b391dd9c6394c6dd203c4cb4c1af225ac07aaf9,False,MagneticTile,exp6_num_194304,1,-99
MT,MT::exp6_num_195761,MT_Free/Imgs/exp6_num_195761.jpg,exp6_num_195761.jpg,Free,none,323,188,1,31401,cb8dbd0ae58520868c9135e751a1a927e63bdd27ae4bbdf76df4e1f019725249,False,MagneticTile,exp6_num_195761,4,-99
MT,MT::exp6_num_1965,MT_Free/Imgs/exp6_num_1965.jpg,exp6_num_1965.jpg,Free,none,270,242,1,25853,59b66edf243e37bc88f60b66f9be4cff75958463c184bdbe1b11f9c835dbac2e,False,MagneticTile,exp6_num_1965,4,-99
MT,MT::exp6_num_19822,MT_Free/Imgs/exp6_num_19822.jpg,exp6_num_19822.jpg,Free,none,315,521,1,64659,fb22b3f317c26f1957867192771d90bc033e12727508f86290a267404baf90d2,False,MagneticTile,exp6_num_19822,4,-99
MT,MT::exp6_num_20496,MT_Fray/Imgs/exp6_num_20496.jpg,exp6_num_20496.jpg,Fray,none,355,423,1,48198,fa27c1aca56e8c9d172af7c534fb9ae39baa199f421e1cf1be7a8d76498e3423,False,MagneticTile,exp6_num_20496,3,-99
MT,MT::exp6_num_2121,MT_Free/Imgs/exp6_num_2121.jpg,exp6_num_2121.jpg,Free,none,380,513,1,67736,dec618f7bd36884d34ea2fce6652ed5d8f876d3bb87ba8d7fd8dd42a299b9ed7,False,MagneticTile,exp6_num_2121,4,-99
MT,MT::exp6_num_240188,MT_Free/Imgs/exp6_num_240188.jpg,exp6_num_240188.jpg,Free,none,367,264,1,45294,35c9cd5e5b18acd052f41285201e0151aa2ad14421246ebc4001ce4ac76aa58c,False,MagneticTile,exp6_num_240188,4,-99
MT,MT::exp6_num_241417,MT_Free/Imgs/exp6_num_241417.jpg,exp6_num_241417.jpg,Free,none,274,223,1,27213,455343334a956aa37f3710fcd3ffb5ccffb8a62109a88b6e8fa2240b0fc55fa1,False,MagneticTile,exp6_num_241417,4,-99
MT,MT::exp6_num_242123,MT_Break/Imgs/exp6_num_242123.jpg,exp6_num_242123.jpg,Break,none,276,198,1,25564,1eaf1a6389785555e18b9b5b2d67147f630f22863ef23349e7a8ab18a883e26f,False,MagneticTile,exp6_num_242123,1,-99
MT,MT::exp6_num_245834,MT_Free/Imgs/exp6_num_245834.jpg,exp6_num_245834.jpg,Free,none,271,208,1,28526,c93c3c962abf75758de73625b38978389fe466d058ee4d3fec6183e4e33f9a40,False,MagneticTile,exp6_num_245834,4,-99
MT,MT::exp6_num_246442,MT_Free/Imgs/exp6_num_246442.jpg,exp6_num_246442.jpg,Free,none,279,221,1,30689,5cbaa7a78bc8055c982cc91f78000c74d25ef30e968cb60b1268004266f09f92,False,MagneticTile,exp6_num_246442,4,-99
MT,MT::exp6_num_249821,MT_Crack/Imgs/exp6_num_249821.jpg,exp6_num_249821.jpg,Crack,none,274,201,1,28742,e9ca1a34a61f9864f5150104dfd7ef8e95dc3ea7f0d72734a084f4d4e1808be6,False,MagneticTile,exp6_num_249821,2,-99
MT,MT::exp6_num_25007,MT_Uneven/Imgs/exp6_num_25007.jpg,exp6_num_25007.jpg,Uneven,none,332,514,1,67046,9e56d0d4fac6d0d5e13a5970b6d5b2bbe11c60f498fc3e134dfb6485e0fd2689,False,MagneticTile,exp6_num_25007,5,-99
MT,MT::exp6_num_251550,MT_Free/Imgs/exp6_num_251550.jpg,exp6_num_251550.jpg,Free,none,265,218,1,28103,fdda2cc5710e562fc4fcca1a8d6737a519f681a8e89bca9fc2e34149b6ed5df9,False,MagneticTile,exp6_num_251550,4,-99
MT,MT::exp6_num_255822,MT_Free/Imgs/exp6_num_255822.jpg,exp6_num_255822.jpg,Free,none,379,256,1,45749,252087fc206cba70ed0e48a841f97d534918f608309d86e5bae9cd757359b499,False,MagneticTile,exp6_num_255822,4,-99
MT,MT::exp6_num_256392,MT_Free/Imgs/exp6_num_256392.jpg,exp6_num_256392.jpg,Free,none,385,269,1,47182,cddaba56b83a2ae35d327037172c563931963bffdfee01ee6a0f20dccd6baed2,False,MagneticTile,exp6_num_256392,4,-99
MT,MT::exp6_num_257334,MT_Free/Imgs/exp6_num_257334.jpg,exp6_num_257334.jpg,Free,none,276,223,1,28019,9bfbf852447b2e6586b6e23375ac6d8aac829f43b3a05925f29708bdfb0d9044,False,MagneticTile,exp6_num_257334,4,-99
MT,MT::exp6_num_258043,MT_Free/Imgs/exp6_num_258043.jpg,exp6_num_258043.jpg,Free,none,351,255,1,38779,0982e18e53277d83d0c6718a2bc2a16b69ce4ff6cb583a6e6446c0397829b8cf,False,MagneticTile,exp6_num_258043,4,-99
MT,MT::exp6_num_258703,MT_Fray/Imgs/exp6_num_258703.jpg,exp6_num_258703.jpg,Fray,none,342,242,1,35656,56098b2f34c7bafe82dd403580a58f107d5ede6abab64dac7cc986265b849bb4,False,MagneticTile,exp6_num_258703,3,-99
MT,MT::exp6_num_258935,MT_Free/Imgs/exp6_num_258935.jpg,exp6_num_258935.jpg,Free,none,264,208,1,25787,f022f90aaaf3dfbc93264b348fe0402d59e1c0cda6ce4689c6ee5484cf90ce71,False,MagneticTile,exp6_num_258935,4,-99
MT,MT::exp6_num_260572,MT_Free/Imgs/exp6_num_260572.jpg,exp6_num_260572.jpg,Free,none,273,213,1,28736,fe27dac80ed81094e86cda5e4be5dda0c1ce29c3dad773a54c734f3f360b852e,False,MagneticTile,exp6_num_260572,4,-99
MT,MT::exp6_num_261003,MT_Free/Imgs/exp6_num_261003.jpg,exp6_num_261003.jpg,Free,none,274,220,1,29480,b77e099e79ed98a44e8fdd6e6871b235e76d8795612a75ee4f17302995aea74b,False,MagneticTile,exp6_num_261003,4,-99
MT,MT::exp6_num_262067,MT_Free/Imgs/exp6_num_262067.jpg,exp6_num_262067.jpg,Free,none,271,220,1,29007,24ec8567f3afeb46f5fb1ebfd5908fefb298f82bf04037050866f741965adde0,False,MagneticTile,exp6_num_262067,4,-99
MT,MT::exp6_num_262294,MT_Free/Imgs/exp6_num_262294.jpg,exp6_num_262294.jpg,Free,none,380,267,1,44990,626a255cab0e0bcaa0aadae9be502b3b38762c00c03dbbf8ca44622fca6be432,False,MagneticTile,exp6_num_262294,4,-99
MT,MT::exp6_num_26244,MT_Break/Imgs/exp6_num_26244.jpg,exp6_num_26244.jpg,Break,none,315,500,1,54560,75fbd6c68d0e121ee245cb64deeb7bf6966f2519257271a47507142c395ae7a5,False,MagneticTile,exp6_num_26244,1,-99
MT,MT::exp6_num_262705,MT_Blowhole/Imgs/exp6_num_262705.jpg,exp6_num_262705.jpg,Blowhole,none,249,185,1,23688,f6bd3ccc140b1f841aef9c5504ee81f035c1283528ca9c3c835a62ea113e86ec,False,MagneticTile,exp6_num_262705,0,-99
MT,MT::exp6_num_262733,MT_Free/Imgs/exp6_num_262733.jpg,exp6_num_262733.jpg,Free,none,375,266,1,48421,3b07dd198e62ca53c24e9dadae2bb94d46a628f78cbcc3f8317809c426fff68f,False,MagneticTile,exp6_num_262733,4,-99
MT,MT::exp6_num_263900,MT_Free/Imgs/exp6_num_263900.jpg,exp6_num_263900.jpg,Free,none,370,263,1,46132,f9f55a6f7c44403f77574eb1ced30421dfe599b35f3043129e0cf2e02b1e24d5,False,MagneticTile,exp6_num_263900,4,-99
MT,MT::exp6_num_264283,MT_Free/Imgs/exp6_num_264283.jpg,exp6_num_264283.jpg,Free,none,369,260,1,43579,e3bc78aae130c50e26f4329c03048f87f3c087f76482807623ffd843e85a9e09,False,MagneticTile,exp6_num_264283,4,-99
MT,MT::exp6_num_265182,MT_Blowhole/Imgs/exp6_num_265182.jpg,exp6_num_265182.jpg,Blowhole,none,364,234,1,40959,2cdd9b6e86676e6fecd80f026611e0bc9fa31c2ce93ef47528321c02841eb58e,False,MagneticTile,exp6_num_265182,0,-99
MT,MT::exp6_num_265737,MT_Crack/Imgs/exp6_num_265737.jpg,exp6_num_265737.jpg,Crack,none,386,236,1,41248,b7b3c869aa450debcbc3fc92725b1fb526a35c530f52a520a6f9babadbdb8b06,False,MagneticTile,exp6_num_265737,2,-99
MT,MT::exp6_num_266375,MT_Free/Imgs/exp6_num_266375.jpg,exp6_num_266375.jpg,Free,none,255,210,1,26755,ee20662626f7451c1fb3e05f28efaf56897e0017d8ca66e171a5ba31ae4d2316,False,MagneticTile,exp6_num_266375,4,-99
MT,MT::exp6_num_266888,MT_Free/Imgs/exp6_num_266888.jpg,exp6_num_266888.jpg,Free,none,269,212,1,28016,d354dea82e8b85d94402ce2e844efa1ecb2fda47b32314b1f66b6e87e21c188a,False,MagneticTile,exp6_num_266888,4,-99
MT,MT::exp6_num_269180,MT_Free/Imgs/exp6_num_269180.jpg,exp6_num_269180.jpg,Free,none,275,221,1,29165,899bd62ec1f1cd1934fa0e9538361848fecc0e20ca9d34ef9d2e22d361cc66cd,False,MagneticTile,exp6_num_269180,4,-99
MT,MT::exp6_num_2697,MT_Free/Imgs/exp6_num_2697.jpg,exp6_num_2697.jpg,Free,none,282,122,1,18558,8ef61397a704c634de42e41878f2318df66fa58330eb052949341096e01bfc9e,False,MagneticTile,exp6_num_2697,4,-99
MT,MT::exp6_num_269733,MT_Free/Imgs/exp6_num_269733.jpg,exp6_num_269733.jpg,Free,none,271,210,1,27120,295fdf82a2ddfd605ee464a120e5eb511ea04aab2fe7badf0889418e91e04bd5,False,MagneticTile,exp6_num_269733,4,-99
MT,MT::exp6_num_270255,MT_Uneven/Imgs/exp6_num_270255.jpg,exp6_num_270255.jpg,Uneven,none,357,250,1,37089,8b81e630204066015dd6fb94be1656177849a13ed99910a30c31ed407c27c057,False,MagneticTile,exp6_num_270255,5,-99
MT,MT::exp6_num_270665,MT_Free/Imgs/exp6_num_270665.jpg,exp6_num_270665.jpg,Free,none,336,263,1,40185,d8c9d7ada373cfc59a50fb04bb878939abebf613ce50cdf75eb3545666fb8ea6,False,MagneticTile,exp6_num_270665,4,-99
MT,MT::exp6_num_270880,MT_Free/Imgs/exp6_num_270880.jpg,exp6_num_270880.jpg,Free,none,276,220,1,29993,6cb40c0a2eab3049208f144c6784f98af124d6e6db9d79df01071e858813304f,False,MagneticTile,exp6_num_270880,4,-99
MT,MT::exp6_num_271512,MT_Break/Imgs/exp6_num_271512.jpg,exp6_num_271512.jpg,Break,none,290,211,1,31222,70ceb880f649ae0b30af745662bf94fe0bc9130972c780484bd6eceb233aada8,False,MagneticTile,exp6_num_271512,1,-99
MT,MT::exp6_num_274218,MT_Uneven/Imgs/exp6_num_274218.jpg,exp6_num_274218.jpg,Uneven,none,278,226,1,29224,dfb523e02c29e16314b4ce056851e2f3f4c5f8d72341cf1f03aa4e0a891093c8,False,MagneticTile,exp6_num_274218,5,-99
MT,MT::exp6_num_275466,MT_Free/Imgs/exp6_num_275466.jpg,exp6_num_275466.jpg,Free,none,380,265,1,46922,6de69337cc9e7aa6122aba1ea9b239dfb2bd28d151f88db1df47d535b925dff9,False,MagneticTile,exp6_num_275466,4,-99
MT,MT::exp6_num_275757,MT_Free/Imgs/exp6_num_275757.jpg,exp6_num_275757.jpg,Free,none,385,266,1,48210,370dcb50b6b38040862f843cf66e3421254be118db22921bfc944d3ebf21d48a,False,MagneticTile,exp6_num_275757,4,-99
MT,MT::exp6_num_276451,MT_Break/Imgs/exp6_num_276451.jpg,exp6_num_276451.jpg,Break,none,388,260,1,45774,ccc78a196e72e013145c76ec83ca0da3388dd8e6b1f47d3e7d021efac1401a21,False,MagneticTile,exp6_num_276451,1,-99
MT,MT::exp6_num_277095,MT_Free/Imgs/exp6_num_277095.jpg,exp6_num_277095.jpg,Free,none,369,267,1,46224,f9d18eedc80097729f0b97369b33b405ef61ae14e6fc37803eb3bf874ce2d36d,False,MagneticTile,exp6_num_277095,4,-99
MT,MT::exp6_num_278659,MT_Free/Imgs/exp6_num_278659.jpg,exp6_num_278659.jpg,Free,none,362,256,1,43151,ae31e0028860e83e4da297dc1a7b89f20839ee9d06d1000220c4b29de47842c4,False,MagneticTile,exp6_num_278659,4,-99
MT,MT::exp6_num_279178,MT_Free/Imgs/exp6_num_279178.jpg,exp6_num_279178.jpg,Free,none,382,270,1,46767,1b1730324bd5e0bb2c96fcfa213c4fbe6b612d53619eb116856c0780d15e4c62,False,MagneticTile,exp6_num_279178,4,-99
MT,MT::exp6_num_280303,MT_Free/Imgs/exp6_num_280303.jpg,exp6_num_280303.jpg,Free,none,348,249,1,43908,7d473d21ddbc0e469a6d370d599b92e5fa6f8b31de43518a8dd1542beb0d8885,False,MagneticTile,exp6_num_280303,4,-99
MT,MT::exp6_num_281048,MT_Free/Imgs/exp6_num_281048.jpg,exp6_num_281048.jpg,Free,none,364,237,1,36850,50bb848e2ad1daec5b95e723466948e5c3f262a1f4c425541fa02575b3ee73d1,False,MagneticTile,exp6_num_281048,4,-99
MT,MT::exp6_num_282965,MT_Free/Imgs/exp6_num_282965.jpg,exp6_num_282965.jpg,Free,none,350,251,1,35726,910912fcfb68ef824d5cc16819911c45b270e579bdb699c0e4b21ede79256068,False,MagneticTile,exp6_num_282965,4,-99
MT,MT::exp6_num_283465,MT_Free/Imgs/exp6_num_283465.jpg,exp6_num_283465.jpg,Free,none,324,272,1,40266,4307880aa973ec855a18c526248b26d9bd3471b44252258c5ed4ec6404f0bcb2,False,MagneticTile,exp6_num_283465,4,-99
MT,MT::exp6_num_28424,MT_Uneven/Imgs/exp6_num_28424.jpg,exp6_num_28424.jpg,Uneven,none,333,516,1,67470,8ccc768365f2fa0321735fc86e2d01ba4459b4a30165b1786eb1d309feea3063,False,MagneticTile,exp6_num_28424,5,-99
MT,MT::exp6_num_284593,MT_Break/Imgs/exp6_num_284593.jpg,exp6_num_284593.jpg,Break,none,369,263,1,44427,64951bec8cea12023c6fab30dae8b7ce923596efeaf7995ceeb69bd5436e8a32,False,MagneticTile,exp6_num_284593,1,-99
MT,MT::exp6_num_284942,MT_Free/Imgs/exp6_num_284942.jpg,exp6_num_284942.jpg,Free,none,356,248,1,37468,5082e64cf9dc150976df33eed1df93397f651d30288df902e41a51cb6730899e,False,MagneticTile,exp6_num_284942,4,-99
MT,MT::exp6_num_286336,MT_Free/Imgs/exp6_num_286336.jpg,exp6_num_286336.jpg,Free,none,353,287,1,44276,0661a5b8dadbad4f6b6d2e264a14dd0e3743b50ca1c9334ba03e21780359827c,False,MagneticTile,exp6_num_286336,4,-99
MT,MT::exp6_num_289705,MT_Free/Imgs/exp6_num_289705.jpg,exp6_num_289705.jpg,Free,none,319,304,1,40276,cc9203d5a58418296cb641af14266213662aed226b571ccde4a0d6aa1198837b,False,MagneticTile,exp6_num_289705,4,-99
MT,MT::exp6_num_290165,MT_Free/Imgs/exp6_num_290165.jpg,exp6_num_290165.jpg,Free,none,332,322,1,48990,82e0079b63238161996a16bd0ae17caa38a0e8af47cd9200e03590ccfcdfb250,False,MagneticTile,exp6_num_290165,4,-99
MT,MT::exp6_num_291134,MT_Blowhole/Imgs/exp6_num_291134.jpg,exp6_num_291134.jpg,Blowhole,none,357,298,1,50643,d0426eafcb13e78622b9b09c6c18a77aa6f7c82ef88c7d421c8b42b8b04a29cf,False,MagneticTile,exp6_num_291134,0,-99
MT,MT::exp6_num_292199,MT_Free/Imgs/exp6_num_292199.jpg,exp6_num_292199.jpg,Free,none,332,297,1,47555,f7862b20c18597a146b8b9078b2a59a3570fe4d7fd5e315a484b1e7bf2cad6c6,False,MagneticTile,exp6_num_292199,4,-99
MT,MT::exp6_num_293354,MT_Free/Imgs/exp6_num_293354.jpg,exp6_num_293354.jpg,Free,none,325,303,1,40576,d831dc08a037a61f96270602417bb4157fe00d120c03a43c83e4d4289b5d1864,False,MagneticTile,exp6_num_293354,4,-99
MT,MT::exp6_num_293912,MT_Free/Imgs/exp6_num_293912.jpg,exp6_num_293912.jpg,Free,none,336,322,1,47481,7a858cc395682718a40e86caff5536f43b9594041816edbb1b290a2971f87628,False,MagneticTile,exp6_num_293912,4,-99
MT,MT::exp6_num_29564,MT_Free/Imgs/exp6_num_29564.jpg,exp6_num_29564.jpg,Free,none,311,527,1,57337,5c5d7953d4afdcea1ab78453d2edd06dfc89327dc30644d35c8b6b61d34bf869,False,MagneticTile,exp6_num_29564,4,-99
MT,MT::exp6_num_296754,MT_Free/Imgs/exp6_num_296754.jpg,exp6_num_296754.jpg,Free,none,348,297,1,45340,6fb6257e5fcf805b8c84874c4b8db5615ce79f0f9a50d49000ea5a400337be01,False,MagneticTile,exp6_num_296754,4,-99
MT,MT::exp6_num_297388,MT_Free/Imgs/exp6_num_297388.jpg,exp6_num_297388.jpg,Free,none,343,309,1,48443,9d9e30d67a8c899dc8ec47e5fe97e1d96042e279f1a1bde53bf89b768776f2cf,False,MagneticTile,exp6_num_297388,4,-99
MT,MT::exp6_num_297601,MT_Blowhole/Imgs/exp6_num_297601.jpg,exp6_num_297601.jpg,Blowhole,none,271,218,1,26161,af23e2f94b71d0c34e0e8bd5d733eebaeb3a32a4c024c7d6fb5f1917cedf9b6e,False,MagneticTile,exp6_num_297601,0,-99
MT,MT::exp6_num_299824,MT_Free/Imgs/exp6_num_299824.jpg,exp6_num_299824.jpg,Free,none,260,213,1,27385,cbf38da7b07ac79e310aca5e2cf75d8ef2ca76df91a83781161e7b49085eb00d,False,MagneticTile,exp6_num_299824,4,-99
MT,MT::exp6_num_301599,MT_Free/Imgs/exp6_num_301599.jpg,exp6_num_301599.jpg,Free,none,357,366,1,53716,ee8fab278be91f766a125af476398fbe56449044d231d9e45de8b38d523ac35c,False,MagneticTile,exp6_num_301599,4,-99
MT,MT::exp6_num_304352,MT_Free/Imgs/exp6_num_304352.jpg,exp6_num_304352.jpg,Free,none,327,316,1,40905,1aade7cca8ea610bd76fc3dfc4b10c92405dc6fda7bb30672dd866ded411bb16,False,MagneticTile,exp6_num_304352,4,-99
MT,MT::exp6_num_304361,MT_Break/Imgs/exp6_num_304361.jpg,exp6_num_304361.jpg,Break,none,262,207,1,27827,08ec0bdff403bf6c364098c0b42f19e1dacb5c4d4fd8fe2ccad009b7d8d1007f,False,MagneticTile,exp6_num_304361,1,-99
MT,MT::exp6_num_304811,MT_Free/Imgs/exp6_num_304811.jpg,exp6_num_304811.jpg,Free,none,300,314,1,40529,f0860b32e786638a6e6a1ca756fea369c84730c804bb4f079d0e59c1e4a1d814,False,MagneticTile,exp6_num_304811,4,-99
MT,MT::exp6_num_304958,MT_Free/Imgs/exp6_num_304958.jpg,exp6_num_304958.jpg,Free,none,272,212,1,25741,cdbe1d8d29b05b48c74c272df7c3a7c43c73b6af5571a98fc78b80b30f92fbbf,False,MagneticTile,exp6_num_304958,4,-99
MT,MT::exp6_num_306496,MT_Free/Imgs/exp6_num_306496.jpg,exp6_num_306496.jpg,Free,none,264,217,1,28562,d37765442d505389212a7c08964685a48c8e794c3fbafebbb0dba3b61bd7b99c,False,MagneticTile,exp6_num_306496,4,-99
MT,MT::exp6_num_306696,MT_Free/Imgs/exp6_num_306696.jpg,exp6_num_306696.jpg,Free,none,369,360,1,50270,931b0403d1ee9a73d3bdd6edd2fffe08e9b0f479ef2bd5aca5570a4e8fcc0e68,False,MagneticTile,exp6_num_306696,4,-99
MT,MT::exp6_num_308130,MT_Blowhole/Imgs/exp6_num_308130.jpg,exp6_num_308130.jpg,Blowhole,none,275,220,1,26664,5d0b563c6c7a831c584119c0cdbfff8240ca7a4fe01bf17772d94337b51c98e5,False,MagneticTile,exp6_num_308130,0,-99
MT,MT::exp6_num_308897,MT_Free/Imgs/exp6_num_308897.jpg,exp6_num_308897.jpg,Free,none,356,367,1,54971,2b7654654cced1a1df419b95b023c876eed94b2d37d81272bf954225c610ae65,False,MagneticTile,exp6_num_308897,4,-99
MT,MT::exp6_num_309443,MT_Free/Imgs/exp6_num_309443.jpg,exp6_num_309443.jpg,Free,none,360,359,1,47700,00ef05e1536f33f5f009175ecf8b264105c3a94f5e49f8d8aa2d5004b445d9eb,False,MagneticTile,exp6_num_309443,4,-99
MT,MT::exp6_num_309719,MT_Free/Imgs/exp6_num_309719.jpg,exp6_num_309719.jpg,Free,none,266,216,1,28050,5658a736c9bde7be1b9677339d8303f4fc0824002af0de0ea45e6992ea999da3,False,MagneticTile,exp6_num_309719,4,-99
MT,MT::exp6_num_311392,MT_Free/Imgs/exp6_num_311392.jpg,exp6_num_311392.jpg,Free,none,268,205,1,28703,cc0a38ac787ee0e720db67c1ae4adc2864c1f892388ff2e78a7e69563c4b999e,False,MagneticTile,exp6_num_311392,4,-99
MT,MT::exp6_num_31184,MT_Free/Imgs/exp6_num_31184.jpg,exp6_num_31184.jpg,Free,none,284,124,1,19948,7a99488f4e2a15e13dba00bfa221735927929f68ddf2fa7ff7ff2952739616dc,False,MagneticTile,exp6_num_31184,4,-99
MT,MT::exp6_num_311924,MT_Uneven/Imgs/exp6_num_311924.jpg,exp6_num_311924.jpg,Uneven,none,282,223,1,28664,9f87a41b54a7a682c51fe8b66ca8260fc1fe5d22536fff24a53997a22a3af55c,False,MagneticTile,exp6_num_311924,5,-99
MT,MT::exp6_num_313568,MT_Uneven/Imgs/exp6_num_313568.jpg,exp6_num_313568.jpg,Uneven,none,348,252,1,41873,599cb98328d1d96aa4b95ea6f8788ecd843319e1d05a5b19b7ac8c20661810e9,False,MagneticTile,exp6_num_313568,5,-99
MT,MT::exp6_num_313921,MT_Free/Imgs/exp6_num_313921.jpg,exp6_num_313921.jpg,Free,none,364,252,1,40330,68d549f54bbae6933100dff49e105cb7ec3489e52cdc45cbd0030f03a070f417,False,MagneticTile,exp6_num_313921,4,-99
MT,MT::exp6_num_315056,MT_Free/Imgs/exp6_num_315056.jpg,exp6_num_315056.jpg,Free,none,268,215,1,29254,8f0c44003ee2c46815bc0511d0447d87fe6d870fb767e14e1645db7c8f52e0aa,False,MagneticTile,exp6_num_315056,4,-99
MT,MT::exp6_num_316396,MT_Free/Imgs/exp6_num_316396.jpg,exp6_num_316396.jpg,Free,none,351,375,1,54562,0f133ab3719e9cdc143a8bbcaff1c1b8a441bf315e507eb864d01229b5531742,False,MagneticTile,exp6_num_316396,4,-99
MT,MT::exp6_num_316778,MT_Free/Imgs/exp6_num_316778.jpg,exp6_num_316778.jpg,Free,none,371,345,1,48558,479476e6bf4d2b5a6ec9e3298133e5efc5fdda38d6fc4074ef3c7a05f2f29415,False,MagneticTile,exp6_num_316778,4,-99
MT,MT::exp6_num_317592,MT_Blowhole/Imgs/exp6_num_317592.jpg,exp6_num_317592.jpg,Blowhole,none,267,225,1,27970,06d0417683dcb8c2fb123c827c09220bd1819372db4d7a78d29ca05655ff23fd,False,MagneticTile,exp6_num_317592,0,-99
MT,MT::exp6_num_317640,MT_Free/Imgs/exp6_num_317640.jpg,exp6_num_317640.jpg,Free,none,347,374,1,54393,ae8c9f48c7934dfbb2da305febf91a753441dd2f0b63054f09acf6e528c0ee91,False,MagneticTile,exp6_num_317640,4,-99
MT,MT::exp6_num_317978,MT_Free/Imgs/exp6_num_317978.jpg,exp6_num_317978.jpg,Free,none,357,353,1,47563,a66e30a8e1e1c99faaf7cfd792bc05517782811bcd6768a6d7a572cf95fa021a,False,MagneticTile,exp6_num_317978,4,-99
MT,MT::exp6_num_319398,MT_Free/Imgs/exp6_num_319398.jpg,exp6_num_319398.jpg,Free,none,370,363,1,58106,d86030c67849b105c9b0ba3af41fe519cff45adea1258ac223818afb1564e82b,False,MagneticTile,exp6_num_319398,4,-99
MT,MT::exp6_num_319512,MT_Free/Imgs/exp6_num_319512.jpg,exp6_num_319512.jpg,Free,none,280,222,1,28761,4de428b8c350fef1e1a42d7177a83d004e70f7a789762f07d609ccf9b8f5f2a1,False,MagneticTile,exp6_num_319512,4,-99
MT,MT::exp6_num_319796,MT_Free/Imgs/exp6_num_319796.jpg,exp6_num_319796.jpg,Free,none,366,361,1,48297,bae18476e9104e447d7538ca535f8e6e3c63fdf2b194d23f0e969f75733544b7,False,MagneticTile,exp6_num_319796,4,-99
MT,MT::exp6_num_320546,MT_Free/Imgs/exp6_num_320546.jpg,exp6_num_320546.jpg,Free,none,365,361,1,58662,a6e3b3923bdf1a5627e21ae3d1079ff8c780dfca435fb07939fe6539848b5d20,False,MagneticTile,exp6_num_320546,4,-99
MT,MT::exp6_num_320759,MT_Break/Imgs/exp6_num_320759.jpg,exp6_num_320759.jpg,Break,none,252,185,1,23246,28db4d881f46bef8a8661c471a2325828a15202b74a1180491db2f5508c5a62e,False,MagneticTile,exp6_num_320759,1,-99
MT,MT::exp6_num_320864,MT_Free/Imgs/exp6_num_320864.jpg,exp6_num_320864.jpg,Free,none,362,366,1,50194,ecbea27b9eb4e57e4d55967e54d9ac7e4da25e7eb99b951cb2d1dd98d3518cb4,False,MagneticTile,exp6_num_320864,4,-99
MT,MT::exp6_num_321501,MT_Free/Imgs/exp6_num_321501.jpg,exp6_num_321501.jpg,Free,none,367,375,1,56764,952e777d3b6748c33fd65c536652a5f6fca48aea7979a387e57779c112c77382,False,MagneticTile,exp6_num_321501,4,-99
MT,MT::exp6_num_32235,MT_Crack/Imgs/exp6_num_32235.jpg,exp6_num_32235.jpg,Crack,none,288,128,1,18386,52ee5d190c9d895290c43c3d31042a8386c17e71ca77e0a46532f8748d92e87c,False,MagneticTile,exp6_num_32235,2,-99
MT,MT::exp6_num_322697,MT_Blowhole/Imgs/exp6_num_322697.jpg,exp6_num_322697.jpg,Blowhole,none,241,204,1,23920,0686d9776c69a8a6ca146f92310315fec626266f86cd3f84c41efba4b3f550b2,False,MagneticTile,exp6_num_322697,0,-99
MT,MT::exp6_num_323405,MT_Free/Imgs/exp6_num_323405.jpg,exp6_num_323405.jpg,Free,none,275,218,1,27256,4d1777a0e9c17f81b87a98b13e4d3ff7e31f507fc919e69fb228cfccc1eb5168,False,MagneticTile,exp6_num_323405,4,-99
MT,MT::exp6_num_326679,MT_Free/Imgs/exp6_num_326679.jpg,exp6_num_326679.jpg,Free,none,361,370,1,58071,4f5ee1cee719a3ee1a4176efe80cbed38ae726855af3085d1f716c0d6f56d1bb,False,MagneticTile,exp6_num_326679,4,-99
MT,MT::exp6_num_327003,MT_Free/Imgs/exp6_num_327003.jpg,exp6_num_327003.jpg,Free,none,363,353,1,47362,8f0358aaeb93bc2728c31b42c15c41e46f9d82ecdcf3765c8b023c16484a62d0,False,MagneticTile,exp6_num_327003,4,-99
MT,MT::exp6_num_3279,MT_Crack/Imgs/exp6_num_3279.jpg,exp6_num_3279.jpg,Crack,none,380,428,1,73693,485b38513a85cad0e5e2a1cdc9988ff54c7a7de731d7e8eb5c75e8985a192066,False,MagneticTile,exp6_num_3279,2,-99
MT,MT::exp6_num_328105,MT_Blowhole/Imgs/exp6_num_328105.jpg,exp6_num_328105.jpg,Blowhole,none,348,359,1,44434,c76ecfe9e0a40b987b7ad9ac502531c9f5bb94df131b61e01683ca171399feda,False,MagneticTile,exp6_num_328105,0,-99
MT,MT::exp6_num_329323,MT_Free/Imgs/exp6_num_329323.jpg,exp6_num_329323.jpg,Free,none,363,368,1,56267,69dd5c5fa36fca8372e8e95c1af58dc552a51855b4428aa2a6cf78db80fb0383,False,MagneticTile,exp6_num_329323,4,-99
MT,MT::exp6_num_331267,MT_Free/Imgs/exp6_num_331267.jpg,exp6_num_331267.jpg,Free,none,359,358,1,48433,4035c9dd5444fec135f63ac953fc455458db42be413176afd5c8039e01260fb2,False,MagneticTile,exp6_num_331267,4,-99
MT,MT::exp6_num_332013,MT_Free/Imgs/exp6_num_332013.jpg,exp6_num_332013.jpg,Free,none,348,358,1,52431,433a66cead9bfdc752840e0c2cdd2f332ad06ec9becd4dec1a333d644ae8e604,False,MagneticTile,exp6_num_332013,4,-99
MT,MT::exp6_num_332792,MT_Free/Imgs/exp6_num_332792.jpg,exp6_num_332792.jpg,Free,none,341,302,1,44435,489cf006be5c7057ac243ddcb85d2dc2e3fbc3ee582f210553ae00837af51c0b,False,MagneticTile,exp6_num_332792,4,-99
MT,MT::exp6_num_33541,MT_Uneven/Imgs/exp6_num_33541.jpg,exp6_num_33541.jpg,Uneven,none,315,516,1,64703,0b67193e7f15c60490400dfb12536e879e603d4fff6f11d20832a3a67e28b11f,False,MagneticTile,exp6_num_33541,5,-99
MT,MT::exp6_num_337757,MT_Free/Imgs/exp6_num_337757.jpg,exp6_num_337757.jpg,Free,none,380,487,1,76291,2c63796fdedac9cc31e0be6b62b31a0bb27178b2b36bef77c436e4c5470187d8,False,MagneticTile,exp6_num_337757,4,-99
MT,MT::exp6_num_338952,MT_Free/Imgs/exp6_num_338952.jpg,exp6_num_338952.jpg,Free,none,372,492,1,76868,d19c491f3863c68d9b7ff610aedc2827f358973e578f03e6a811fe3df8e902f8,False,MagneticTile,exp6_num_338952,4,-99
MT,MT::exp6_num_339965,MT_Crack/Imgs/exp6_num_339965.jpg,exp6_num_339965.jpg,Crack,none,399,358,1,62534,85772d19de6311d85e1a7cd22df7ec70368590797efda028276b6f28d5f2b4e2,False,MagneticTile,exp6_num_339965,2,-99
MT,MT::exp6_num_34208,MT_Free/Imgs/exp6_num_34208.jpg,exp6_num_34208.jpg,Free,none,325,521,1,56102,d1f70f34e876166e2adf90daea83c96757c6cc4b9b61b54fa19b3cd0dc38213c,False,MagneticTile,exp6_num_34208,4,-99
MT,MT::exp6_num_342249,MT_Crack/Imgs/exp6_num_342249.jpg,exp6_num_342249.jpg,Crack,none,403,355,1,66544,5c8a33bb9c9f2951c3d11bc791ea03928092d4b3f470f625d9a7a6288713fc4e,False,MagneticTile,exp6_num_342249,2,-99
MT,MT::exp6_num_342992,MT_Free/Imgs/exp6_num_342992.jpg,exp6_num_342992.jpg,Free,none,368,507,1,59164,4a951e9f9b3e0231e67aaeee970cf5f7281af5583bb7b4afd5079a6a1534b49e,False,MagneticTile,exp6_num_342992,4,-99
MT,MT::exp6_num_344641,MT_Free/Imgs/exp6_num_344641.jpg,exp6_num_344641.jpg,Free,none,363,507,1,56698,d419cd633ae1f52c53ba1c49d788fa8b4257b9199720ad1772f14533a2401935,False,MagneticTile,exp6_num_344641,4,-99
MT,MT::exp6_num_346414,MT_Blowhole/Imgs/exp6_num_346414.jpg,exp6_num_346414.jpg,Blowhole,none,382,494,1,57386,741c50f4144053aacddaa23a32891ca317069e38d92ed44eb8d25d98e1628a96,False,MagneticTile,exp6_num_346414,0,-99
MT,MT::exp6_num_348888,MT_Break/Imgs/exp6_num_348888.jpg,exp6_num_348888.jpg,Break,none,380,488,1,58578,3c31152e3f4e34e86099adb8a428de82f8e741994b4adb032ae4c67a4aecc429,False,MagneticTile,exp6_num_348888,1,-99
MT,MT::exp6_num_349930,MT_Free/Imgs/exp6_num_349930.jpg,exp6_num_349930.jpg,Free,none,370,491,1,75772,17c02837a379fc6f2a71fa6892399d9191d586b3e59e060b4a6f07530149fd28,False,MagneticTile,exp6_num_349930,4,-99
MT,MT::exp6_num_351127,MT_Free/Imgs/exp6_num_351127.jpg,exp6_num_351127.jpg,Free,none,355,487,1,70858,9a27ca9147709280cbf840568f717c9da550e216fb24ecf19e91b85254213306,False,MagneticTile,exp6_num_351127,4,-99
MT,MT::exp6_num_351520,MT_Free/Imgs/exp6_num_351520.jpg,exp6_num_351520.jpg,Free,none,361,510,1,55341,7a0524820d2b5b454436fe921d08365ce942f7d1d83c427a945c803f4dd50ff5,False,MagneticTile,exp6_num_351520,4,-99
MT,MT::exp6_num_352572,MT_Uneven/Imgs/exp6_num_352572.jpg,exp6_num_352572.jpg,Uneven,none,373,510,1,59546,1c130db1e48867a26e872dadeddb7a72adc68ab7a06bafdb2569eb6026f6468e,False,MagneticTile,exp6_num_352572,5,-99
MT,MT::exp6_num_354474,MT_Free/Imgs/exp6_num_354474.jpg,exp6_num_354474.jpg,Free,none,362,482,1,71644,0538a87d8e72384a5f23192d0445da8fd6c1a7429bb57fa6b5bfb6b2e20623ea,False,MagneticTile,exp6_num_354474,4,-99
MT,MT::exp6_num_355732,MT_Free/Imgs/exp6_num_355732.jpg,exp6_num_355732.jpg,Free,none,387,486,1,80049,6101372cfa80398c95f22c7dbf305df9db3f6ec9b47d6c4dfe97bb36b5bbbbec,False,MagneticTile,exp6_num_355732,4,-99
MT,MT::exp6_num_356817,MT_Break/Imgs/exp6_num_356817.jpg,exp6_num_356817.jpg,Break,none,381,513,1,62536,69278f23f45357171e7d302c250c72c416bf1467d4195fa4e62a99d1adb44c19,False,MagneticTile,exp6_num_356817,1,-99
MT,MT::exp6_num_358179,MT_Free/Imgs/exp6_num_358179.jpg,exp6_num_358179.jpg,Free,none,382,484,1,76461,8c2bb84a380b8fe7ce6399d682595b7f3ca5936f7cb883f1b53252823248e8cd,False,MagneticTile,exp6_num_358179,4,-99
MT,MT::exp6_num_359029,MT_Free/Imgs/exp6_num_359029.jpg,exp6_num_359029.jpg,Free,none,371,488,1,73334,c8a0b0eaf41f1895a1182431ab27a0f8a0656231a4c7e2d50da6a22484fa8fef,False,MagneticTile,exp6_num_359029,4,-99
MT,MT::exp6_num_359542,MT_Free/Imgs/exp6_num_359542.jpg,exp6_num_359542.jpg,Free,none,373,506,1,60843,7e488596b73caa3db1fbbd3cd89b91a94050f3dd90cdbf2bb7fddd0dee53a803,False,MagneticTile,exp6_num_359542,4,-99
MT,MT::exp6_num_3620,MT_Free/Imgs/exp6_num_3620.jpg,exp6_num_3620.jpg,Free,none,276,125,1,18433,6ad5910bb198113372db86ea8d8c25dce3657e5850830fc7c869af8b58531f27,False,MagneticTile,exp6_num_3620,4,-99
MT,MT::exp6_num_36280,MT_Blowhole/Imgs/exp6_num_36280.jpg,exp6_num_36280.jpg,Blowhole,none,287,113,1,17247,54bed843a681265a7dafb6e5a2b1c06eac80af85de5d845f5296f267668e8f59,False,MagneticTile,exp6_num_36280,0,-99
MT,MT::exp6_num_37098,MT_Free/Imgs/exp6_num_37098.jpg,exp6_num_37098.jpg,Free,none,284,127,1,17482,89b857a0fdddabef80bfaa40c4a2bc8d1e7d133be0997a23be258fcdbf7e882a,False,MagneticTile,exp6_num_37098,4,-99
MT,MT::exp6_num_37354,MT_Free/Imgs/exp6_num_37354.jpg,exp6_num_37354.jpg,Free,none,327,525,1,66538,ecaba8e6a88673f112393fe3e8e1fe86afe504f6945e04be8956a8638fb7cf74,False,MagneticTile,exp6_num_37354,4,-99
MT,MT::exp6_num_37675,MT_Free/Imgs/exp6_num_37675.jpg,exp6_num_37675.jpg,Free,none,283,120,1,16442,dd07977fc441f39ad55d4b27cee1dc0b690b292342e3344c8aaf5c027c7565e7,False,MagneticTile,exp6_num_37675,4,-99
MT,MT::exp6_num_3789,MT_Blowhole/Imgs/exp6_num_3789.jpg,exp6_num_3789.jpg,Blowhole,none,366,469,1,53978,64835810f763ecc8cd14c3de8d5945f5b518517dfbec848962a24c61073b962b,False,MagneticTile,exp6_num_3789,0,-99
MT,MT::exp6_num_38098,MT_Free/Imgs/exp6_num_38098.jpg,exp6_num_38098.jpg,Free,none,314,527,1,54714,9a5783558e10951633f87b4ebfde4c0d42317aa9e333c5da19e0cd3d6e871ad4,False,MagneticTile,exp6_num_38098,4,-99
MT,MT::exp6_num_39559,MT_Free/Imgs/exp6_num_39559.jpg,exp6_num_39559.jpg,Free,none,284,124,1,19505,9c2a84c4b319fb737c9668fd838a590e7501b0abc551aa7ed9bee19c7d0d33c8,False,MagneticTile,exp6_num_39559,4,-99
MT,MT::exp6_num_3981,MT_Free/Imgs/exp6_num_3981.jpg,exp6_num_3981.jpg,Free,none,274,127,1,17241,d3de175677b3650f2552df663d508a0df78789a0ab2226dc33fad0feaf0eb307,False,MagneticTile,exp6_num_3981,4,-99
MT,MT::exp6_num_40515,MT_Blowhole/Imgs/exp6_num_40515.jpg,exp6_num_40515.jpg,Blowhole,none,289,118,1,17294,cdc87c456c98b17da0f50922788f7197b13a4f7b2783a85b703eb27b01ed4cc2,False,MagneticTile,exp6_num_40515,0,-99
MT,MT::exp6_num_43955,MT_Free/Imgs/exp6_num_43955.jpg,exp6_num_43955.jpg,Free,none,336,525,1,60035,c1808928762f0246cff10c788987272aab339c9f17cf15cfaecb3d8da321c0bb,False,MagneticTile,exp6_num_43955,4,-99
MT,MT::exp6_num_45116,MT_Uneven/Imgs/exp6_num_45116.jpg,exp6_num_45116.jpg,Uneven,none,319,502,1,62372,193f3e80a286b7dd379abd343abf0a843ae80cde991c5edee5113ef90ff5d12f,False,MagneticTile,exp6_num_45116,5,-99
MT,MT::exp6_num_4841,MT_Blowhole/Imgs/exp6_num_4841.jpg,exp6_num_4841.jpg,Blowhole,none,288,122,1,17695,26e5e363399ea50057f25fa6b9d2399ecc517e1b113777097664ebcf12d77c0b,False,MagneticTile,exp6_num_4841,0,-99
MT,MT::exp6_num_50468,MT_Free/Imgs/exp6_num_50468.jpg,exp6_num_50468.jpg,Free,none,310,525,1,64882,c369ee3eaa08a3dc4d819ad023f06c9e6165fb80ed01b2f342e6bd07bffc688e,False,MagneticTile,exp6_num_50468,4,-99
MT,MT::exp6_num_5106,MT_Blowhole/Imgs/exp6_num_5106.jpg,exp6_num_5106.jpg,Blowhole,none,283,121,1,17388,caf0be118d2077d81b9cfe5fef00de80478a27873a9f854321e6e261bd8c48b5,False,MagneticTile,exp6_num_5106,0,-99
MT,MT::exp6_num_51154,MT_Free/Imgs/exp6_num_51154.jpg,exp6_num_51154.jpg,Free,none,320,532,1,59485,3fc0656e15f57ebe6168714008fc691730a7dde9833b02e2a69a740dc8f4ae9b,False,MagneticTile,exp6_num_51154,4,-99
MT,MT::exp6_num_51771,MT_Blowhole/Imgs/exp6_num_51771.jpg,exp6_num_51771.jpg,Blowhole,none,283,119,1,18113,9e082b8739e1f10f1f24f98f9fbdd6c428b2f065466175413baf5a10433d7b87,False,MagneticTile,exp6_num_51771,0,-99
MT,MT::exp6_num_52784,MT_Free/Imgs/exp6_num_52784.jpg,exp6_num_52784.jpg,Free,none,292,124,1,19242,b3ee32487a7ace9bcdc8502b22624ce7c64eaaf83415f0d953cd011ed6c066f5,False,MagneticTile,exp6_num_52784,4,-99
MT,MT::exp6_num_53080,MT_Free/Imgs/exp6_num_53080.jpg,exp6_num_53080.jpg,Free,none,334,526,1,68103,8cb1dd81df249203f1912ede106065b40ea4864c66b9f22f8e9eae4fab6e2d1c,False,MagneticTile,exp6_num_53080,4,-99
MT,MT::exp6_num_54271,MT_Free/Imgs/exp6_num_54271.jpg,exp6_num_54271.jpg,Free,none,322,533,1,59274,14f09075f8ecbecfdac1bc3507e61d571009a88c7dab1e115b6c3f93202cfd91,False,MagneticTile,exp6_num_54271,4,-99
MT,MT::exp6_num_54366,MT_Blowhole/Imgs/exp6_num_54366.jpg,exp6_num_54366.jpg,Blowhole,none,276,125,1,18227,e5530ccdf77b65649de741a029c58cd0c05078004c805fdf591cd18a22a4e3a9,False,MagneticTile,exp6_num_54366,0,-99
MT,MT::exp6_num_55020,MT_Free/Imgs/exp6_num_55020.jpg,exp6_num_55020.jpg,Free,none,289,137,1,18540,e87d1a0f58567a8e83e9fcaccbe5a95fdaa6f24304dac0aceea689c62900a516,False,MagneticTile,exp6_num_55020,4,-99
MT,MT::exp6_num_5892,MT_Free/Imgs/exp6_num_5892.jpg,exp6_num_5892.jpg,Free,none,330,515,1,67708,66ad031242ae181716749f5d94b5d145e1cd2031f0748dd8c86ce9ddc59c1a5a,False,MagneticTile,exp6_num_5892,4,-99
MT,MT::exp6_num_61501,MT_Free/Imgs/exp6_num_61501.jpg,exp6_num_61501.jpg,Free,none,287,131,1,18026,9fd7fa087d3e562edb03e7d74d2679b58d59b8d7545cd58232b8fac358c4c8e0,False,MagneticTile,exp6_num_61501,4,-99
MT,MT::exp6_num_62649,MT_Break/Imgs/exp6_num_62649.jpg,exp6_num_62649.jpg,Break,none,291,115,1,17480,d1a68239266d4a34a98eb1713261e4e41960cf1610b55f3d80f0ee9ce6c7c3bf,False,MagneticTile,exp6_num_62649,1,-99
MT,MT::exp6_num_628,MT_Uneven/Imgs/exp6_num_628.jpg,exp6_num_628.jpg,Uneven,none,293,120,1,17302,1f7ed0f208093e00dd2b7bbf2b7a2663bb22a6cb23e27abfafaf547589ffc29d,False,MagneticTile,exp6_num_628,5,-99
MT,MT::exp6_num_65067,MT_Free/Imgs/exp6_num_65067.jpg,exp6_num_65067.jpg,Free,none,331,520,1,66541,e2e95203e27d9e70f0e48eba70f4a0eb944ec2d5f27ceb259174f655326a7dca,False,MagneticTile,exp6_num_65067,4,-99
MT,MT::exp6_num_6600,MT_Free/Imgs/exp6_num_6600.jpg,exp6_num_6600.jpg,Free,none,376,507,1,61400,1952a941c4f154d48f8589e74f07329da63aacd8fcebbbbb9313e0cc01a3a75a,False,MagneticTile,exp6_num_6600,4,-99
MT,MT::exp6_num_6634,MT_Free/Imgs/exp6_num_6634.jpg,exp6_num_6634.jpg,Free,none,288,128,1,18458,e47f4a8763e6fa32485f403d64519e08d6eb8b6fc4bc7d3f9d58c13a5b5a43f9,False,MagneticTile,exp6_num_6634,4,-99
MT,MT::exp6_num_68465,MT_Free/Imgs/exp6_num_68465.jpg,exp6_num_68465.jpg,Free,none,285,128,1,17753,53b03c319738a794048c9dc960e1a845527ce247902b1d88db17185220b7932d,False,MagneticTile,exp6_num_68465,4,-99
MT,MT::exp6_num_69923,MT_Free/Imgs/exp6_num_69923.jpg,exp6_num_69923.jpg,Free,none,277,131,1,18990,ee2dbd43b2510bba53690e8a57cb20074bf0ee24b038747cbdf36e0224748dec,False,MagneticTile,exp6_num_69923,4,-99
MT,MT::exp6_num_70585,MT_Free/Imgs/exp6_num_70585.jpg,exp6_num_70585.jpg,Free,none,285,126,1,18245,858768c9b9e6ed507bc2ce0d268fed1c233de9fe039fb0a15777ef92872ac138,False,MagneticTile,exp6_num_70585,4,-99
MT,MT::exp6_num_7102,MT_Blowhole/Imgs/exp6_num_7102.jpg,exp6_num_7102.jpg,Blowhole,none,372,479,1,73072,6ad5c2ae256ef07c3b06f5f6e01db7b4a601083898235a90f81367f3b46b5d8a,False,MagneticTile,exp6_num_7102,0,-99
MT,MT::exp6_num_71297,MT_Free/Imgs/exp6_num_71297.jpg,exp6_num_71297.jpg,Free,none,284,125,1,17016,0fd45e64872433936bbc9d36d90cbb7d8613f47297ac3fccf197d8605170add2,False,MagneticTile,exp6_num_71297,4,-99
MT,MT::exp6_num_75343,MT_Free/Imgs/exp6_num_75343.jpg,exp6_num_75343.jpg,Free,none,258,599,1,60177,0cb10b3adbbe63f7b4257fcab2fc1172c5e15b3f1fcde89eb71bcd40d38db9f1,False,MagneticTile,exp6_num_75343,4,-99
MT,MT::exp6_num_77744,MT_Fray/Imgs/exp6_num_77744.jpg,exp6_num_77744.jpg,Fray,none,240,606,1,53181,25f0cebd067bffea620dff9dba43f637f841dd5550d4b8acdaf9ded331565d24,False,MagneticTile,exp6_num_77744,3,-99
MT,MT::exp6_num_8015,MT_Free/Imgs/exp6_num_8015.jpg,exp6_num_8015.jpg,Free,none,286,123,1,17583,6bf325315ec5f40ec437c4a388b1a5115ac601fbcb2e4aa9f73a0d3b2088adad,False,MagneticTile,exp6_num_8015,4,-99
MT,MT::exp6_num_85665,MT_Crack/Imgs/exp6_num_85665.jpg,exp6_num_85665.jpg,Crack,none,242,594,1,58108,913dbfe3238350e5f8c19d162075c89ee855aa87f37abbfbe84744225b6de481,False,MagneticTile,exp6_num_85665,2,-99
MT,MT::exp6_num_86064,MT_Crack/Imgs/exp6_num_86064.jpg,exp6_num_86064.jpg,Crack,none,242,594,1,58106,f056d4295d2cee6e3a513a476e7fcf05e40055ede82f4b14c632654d1a089670,False,MagneticTile,exp6_num_86064,2,-99
MT,MT::exp6_num_88201,MT_Crack/Imgs/exp6_num_88201.jpg,exp6_num_88201.jpg,Crack,none,242,594,1,60651,421855376b5adaef3d02f173a61753ce19ded2ea53d060f60bd099299d863648,False,MagneticTile,exp6_num_88201,2,-99
MT,MT::exp6_num_91131,MT_Free/Imgs/exp6_num_91131.jpg,exp6_num_91131.jpg,Free,none,248,606,1,58338,d91be6007dd9fbc8dd69160c8af54a0b1c5ffaf2acd4b911d273e26b4a3ad6bf,False,MagneticTile,exp6_num_91131,4,-99
MT,MT::exp6_num_9196,MT_Free/Imgs/exp6_num_9196.jpg,exp6_num_9196.jpg,Free,none,340,514,1,60534,68634cf1a36add417b247236a17e7c7e27e279211fc277ba05a1e085af33337d,False,MagneticTile,exp6_num_9196,4,-99
MT,MT::exp6_num_95059,MT_Free/Imgs/exp6_num_95059.jpg,exp6_num_95059.jpg,Free,none,248,614,1,62034,bb63aecd73a090ae57105fce8a2426553bcd0d4844428e1b8274f82595676412,False,MagneticTile,exp6_num_95059,4,-99
MT,MT::exp6_num_9594,MT_Blowhole/Imgs/exp6_num_9594.jpg,exp6_num_9594.jpg,Blowhole,none,364,301,1,48757,8add3156168d9f91bf903c525643b11d0da3522a22fce98c9a61eea138e7e987,False,MagneticTile,exp6_num_9594,0,-99
MT,MT::exp6_num_972,MT_Fray/Imgs/exp6_num_972.jpg,exp6_num_972.jpg,Fray,none,363,491,1,75077,b86203051e68928f63a1b943bf10ff7993df433c4812fa68f6b58b9e19c22a8d,False,MagneticTile,exp6_num_972,3,-99
MT,MT::exp6_num_98402,MT_Break/Imgs/exp6_num_98402.jpg,exp6_num_98402.jpg,Break,none,297,278,1,34197,64dce6db53a311230f82987c1119a505afdd3c558d4d9ef4a887f8fc62949c7a,False,MagneticTile,exp6_num_98402,1,-99
NEU,NEU::crazing_1,NEU-DET/train/images/crazing/crazing_1.jpg,crazing_1.jpg,crazing,none,200,200,3,22873,5278cd3695adbcbd7a16a7e4b2c6bc27f18095ab8a1e034d2b06c0fc42020eca,False,NEU-CLS,crazing_1,0,-99
NEU,NEU::crazing_10,NEU-DET/train/images/crazing/crazing_10.jpg,crazing_10.jpg,crazing,none,200,200,3,21377,522352a6c3532d45a64184b7b1435a74e8cdb732ebdc8e062ced67fa737cf63c,False,NEU-CLS,crazing_10,0,-99
NEU,NEU::crazing_100,NEU-DET/train/images/crazing/crazing_100.jpg,crazing_100.jpg,crazing,none,200,200,3,21837,9d0d09aec1914e8bdc876052f357c8d898acfe38d1f9eae835944e5de432f969,False,NEU-CLS,crazing_100,0,-99
NEU,NEU::crazing_101,NEU-DET/train/images/crazing/crazing_101.jpg,crazing_101.jpg,crazing,none,200,200,3,22537,0c4ccbfd539aa9d0a151f25b3e798fbad36d2a3532218bcc5c313f06c2c1dda4,False,NEU-CLS,crazing_101,0,-99
NEU,NEU::crazing_102,NEU-DET/train/images/crazing/crazing_102.jpg,crazing_102.jpg,crazing,none,200,200,3,18818,b4e276eb131f61b44084d0c06640b00cbaecbffb48d3a8f3120d7aaa5cc84a53,False,NEU-CLS,crazing_102,0,-99
NEU,NEU::crazing_103,NEU-DET/train/images/crazing/crazing_103.jpg,crazing_103.jpg,crazing,none,200,200,3,21976,244204c49439f6b663a277e2e8c65344e0f2e51b5c3c763fa02a3ae925933f64,False,NEU-CLS,crazing_103,0,-99
NEU,NEU::crazing_104,NEU-DET/train/images/crazing/crazing_104.jpg,crazing_104.jpg,crazing,none,200,200,3,18748,1b60cd12649d9a695a693be42c29b1b3837fe81788b923a37546f6505b4e221c,False,NEU-CLS,crazing_104,0,-99
NEU,NEU::crazing_105,NEU-DET/train/images/crazing/crazing_105.jpg,crazing_105.jpg,crazing,none,200,200,3,21533,1163a4f6e0a9f9fc950748e1abe52b6c6fc6d8253d13fb36af3c90e78aaee884,False,NEU-CLS,crazing_105,0,-99
NEU,NEU::crazing_106,NEU-DET/train/images/crazing/crazing_106.jpg,crazing_106.jpg,crazing,none,200,200,3,18488,1dc8951b8ea88596d00487e98772e8c2a5403940e94772ae5ee7363e4718a287,False,NEU-CLS,crazing_106,0,-99
NEU,NEU::crazing_107,NEU-DET/train/images/crazing/crazing_107.jpg,crazing_107.jpg,crazing,none,200,200,3,21326,e1bddbbe0200853e17a71649a61eb6867286847f6a532e270769d4f345e183ed,False,NEU-CLS,crazing_107,0,-99
NEU,NEU::crazing_108,NEU-DET/train/images/crazing/crazing_108.jpg,crazing_108.jpg,crazing,none,200,200,3,20872,f3fa6a34aecaa1af2e1e31c2359b1d730f450c166377a622ef29f85848c26c54,False,NEU-CLS,crazing_108,0,-99
NEU,NEU::crazing_109,NEU-DET/train/images/crazing/crazing_109.jpg,crazing_109.jpg,crazing,none,200,200,3,21633,798ada3a99c5c1d694902dbe04a9b74f834f9b21f1c7477eeefede49256dce06,False,NEU-CLS,crazing_109,0,-99
NEU,NEU::crazing_11,NEU-DET/train/images/crazing/crazing_11.jpg,crazing_11.jpg,crazing,none,200,200,3,22949,dd961ee1c4139335b50ffa9ba2c6b8d366d92c82107b3fc0b8ed6f3957db6f3c,False,NEU-CLS,crazing_11,0,-99
NEU,NEU::crazing_110,NEU-DET/train/images/crazing/crazing_110.jpg,crazing_110.jpg,crazing,none,200,200,3,18671,7ee07aebfe8997bd5c57f958e494b9468fd788b10a73a7f390e777e7602f938d,False,NEU-CLS,crazing_110,0,-99
NEU,NEU::crazing_111,NEU-DET/train/images/crazing/crazing_111.jpg,crazing_111.jpg,crazing,none,200,200,3,18782,28e8357c2731740ea42757c69d52e9308119cda379da601a8fbd63bb83b68962,False,NEU-CLS,crazing_111,0,-99
NEU,NEU::crazing_112,NEU-DET/train/images/crazing/crazing_112.jpg,crazing_112.jpg,crazing,none,200,200,3,18394,851ad33e391aae4854136029058467881d156d4318714c60542f5d2acc4cfcec,False,NEU-CLS,crazing_112,0,-99
NEU,NEU::crazing_113,NEU-DET/train/images/crazing/crazing_113.jpg,crazing_113.jpg,crazing,none,200,200,3,22090,d3b215c4e9bdac856fce33b9c59029583439010135c26d9e75adc24744594d32,False,NEU-CLS,crazing_113,0,-99
NEU,NEU::crazing_114,NEU-DET/train/images/crazing/crazing_114.jpg,crazing_114.jpg,crazing,none,200,200,3,21714,bfbf237d5d9cdd29527db2d4c2a7d825d3cbcf8a188977f812917b6b49519781,False,NEU-CLS,crazing_114,0,-99
NEU,NEU::crazing_115,NEU-DET/train/images/crazing/crazing_115.jpg,crazing_115.jpg,crazing,none,200,200,3,21854,778fb5214ca3559c563dc5f7e498f51285f45fa4fae0e04db78206b3b9c4304d,False,NEU-CLS,crazing_115,0,-99
NEU,NEU::crazing_116,NEU-DET/train/images/crazing/crazing_116.jpg,crazing_116.jpg,crazing,none,200,200,3,18587,941e6bd4be28f83dc5892c69fbca178867d385d6088d0310c942ebdefb9f8b59,False,NEU-CLS,crazing_116,0,-99
NEU,NEU::crazing_117,NEU-DET/train/images/crazing/crazing_117.jpg,crazing_117.jpg,crazing,none,200,200,3,22128,20db791a37ebb26f078cf8575568a3b147256ba5477fed59fb9755db7e9ca3c4,False,NEU-CLS,crazing_117,0,-99
NEU,NEU::crazing_118,NEU-DET/train/images/crazing/crazing_118.jpg,crazing_118.jpg,crazing,none,200,200,3,21784,f9c42b5730267693e831f3286b900e8df2eca14441380c75975e0e1ac10ffcd9,False,NEU-CLS,crazing_118,0,-99
NEU,NEU::crazing_119,NEU-DET/train/images/crazing/crazing_119.jpg,crazing_119.jpg,crazing,none,200,200,3,20700,812c159da60d62e21e3c1e56b720385cd0b0a2c5dbdd19503612b355915e433e,False,NEU-CLS,crazing_119,0,-99
NEU,NEU::crazing_12,NEU-DET/train/images/crazing/crazing_12.jpg,crazing_12.jpg,crazing,none,200,200,3,23165,13311f667aec82e20670265337866b50a4a546dd6845f3700fda088c0172afeb,False,NEU-CLS,crazing_12,0,-99
NEU,NEU::crazing_120,NEU-DET/train/images/crazing/crazing_120.jpg,crazing_120.jpg,crazing,none,200,200,3,22392,9e88d467b31b526f0cf3732264d72af070365a87edfcbcccbe0f9a3845a30974,False,NEU-CLS,crazing_120,0,-99
NEU,NEU::crazing_121,NEU-DET/train/images/crazing/crazing_121.jpg,crazing_121.jpg,crazing,none,200,200,3,19724,e8a92b1981daca6071464cad61b03a41cabe33e921d01d4c12ccc767576457c0,False,NEU-CLS,crazing_121,0,-99
NEU,NEU::crazing_122,NEU-DET/train/images/crazing/crazing_122.jpg,crazing_122.jpg,crazing,none,200,200,3,22583,1e6cb35c14532fa7d1a47012c2a6c0b5117eaf6f8ece0870a12b4d0a7b3e2bee,False,NEU-CLS,crazing_122,0,-99
NEU,NEU::crazing_123,NEU-DET/train/images/crazing/crazing_123.jpg,crazing_123.jpg,crazing,none,200,200,3,18963,bb2020c554decdfbc6a8499e2d9179781e2aa3427f31d48c626a3da367abb15e,False,NEU-CLS,crazing_123,0,-99
NEU,NEU::crazing_124,NEU-DET/train/images/crazing/crazing_124.jpg,crazing_124.jpg,crazing,none,200,200,3,21968,25e1b0b087e53166451ae14ea9f8c46959c156f0560cdb253abddf6c9eedace7,False,NEU-CLS,crazing_124,0,-99
NEU,NEU::crazing_125,NEU-DET/train/images/crazing/crazing_125.jpg,crazing_125.jpg,crazing,none,200,200,3,18972,efb63be3add2d88ca121a33a77e39955b14f3ab32917896a98a8923f3c838dbd,False,NEU-CLS,crazing_125,0,-99
NEU,NEU::crazing_126,NEU-DET/train/images/crazing/crazing_126.jpg,crazing_126.jpg,crazing,none,200,200,3,22920,16db7a20320de7c04fd4d40701bee6caca636d7d436bc642075d07b38dd43f29,False,NEU-CLS,crazing_126,0,-99
NEU,NEU::crazing_127,NEU-DET/train/images/crazing/crazing_127.jpg,crazing_127.jpg,crazing,none,200,200,3,20582,a223d7201459a1206bec6a6ddedaa5297d2e0ce54ac31659b394cba23352e98f,False,NEU-CLS,crazing_127,0,-99
NEU,NEU::crazing_128,NEU-DET/train/images/crazing/crazing_128.jpg,crazing_128.jpg,crazing,none,200,200,3,21204,6c9f506429318b9eda3235d4fdbb150fbf81c5cca42fd2213ca9a88a01377402,False,NEU-CLS,crazing_128,0,-99
NEU,NEU::crazing_129,NEU-DET/train/images/crazing/crazing_129.jpg,crazing_129.jpg,crazing,none,200,200,3,20431,a466019aae3e0d4a5324e0bd2a9c1d8298eb113b7792f90354ee400a59574a7c,False,NEU-CLS,crazing_129,0,-99
NEU,NEU::crazing_13,NEU-DET/train/images/crazing/crazing_13.jpg,crazing_13.jpg,crazing,none,200,200,3,23344,428a5d25cf2fa0487cf9737d637ad160008c0b3ca84e7dab89c0f93dae83c7a2,False,NEU-CLS,crazing_13,0,-99
NEU,NEU::crazing_130,NEU-DET/train/images/crazing/crazing_130.jpg,crazing_130.jpg,crazing,none,200,200,3,21641,79cef251160019422e3e4fec09c37bb0376574018990d604c505188f50e879c3,False,NEU-CLS,crazing_130,0,-99
NEU,NEU::crazing_131,NEU-DET/train/images/crazing/crazing_131.jpg,crazing_131.jpg,crazing,none,200,200,3,22046,d5d3daf656fa4d7c7a66cdccbe90b7b1eed94725446f6b228f02620deabeb64a,False,NEU-CLS,crazing_131,0,-99
NEU,NEU::crazing_132,NEU-DET/train/images/crazing/crazing_132.jpg,crazing_132.jpg,crazing,none,200,200,3,22285,311f5cb186dcaa5163d470088ede7e45948c0b0a2ee6be5d6711cf32e61639b2,False,NEU-CLS,crazing_132,0,-99
NEU,NEU::crazing_133,NEU-DET/train/images/crazing/crazing_133.jpg,crazing_133.jpg,crazing,none,200,200,3,22183,81511a77a5cd85d208c411bd87242168bc80b652706e07461071b5596bb459b6,False,NEU-CLS,crazing_133,0,-99
NEU,NEU::crazing_134,NEU-DET/train/images/crazing/crazing_134.jpg,crazing_134.jpg,crazing,none,200,200,3,22094,35fa0a639b596f8fb7be7e69b10bd3369913d7a3ccab83a5871da2ab32709747,False,NEU-CLS,crazing_134,0,-99
NEU,NEU::crazing_135,NEU-DET/train/images/crazing/crazing_135.jpg,crazing_135.jpg,crazing,none,200,200,3,22205,6173b9bd597a0b8cf594b5e257a1c4912568f786966dae96e59dd5ebc1821ff5,False,NEU-CLS,crazing_135,0,-99
NEU,NEU::crazing_136,NEU-DET/train/images/crazing/crazing_136.jpg,crazing_136.jpg,crazing,none,200,200,3,20644,e21ec9cc6273ca4729a58a991368b5b66c6cd7b05b945bb1d0725fb48987a2e7,False,NEU-CLS,crazing_136,0,-99
NEU,NEU::crazing_137,NEU-DET/train/images/crazing/crazing_137.jpg,crazing_137.jpg,crazing,none,200,200,3,21737,cf573f466bc44d4cb0316eb3c661b8bc44776fe186ba237bdfbc4e5011cadd2a,False,NEU-CLS,crazing_137,0,-99
NEU,NEU::crazing_138,NEU-DET/train/images/crazing/crazing_138.jpg,crazing_138.jpg,crazing,none,200,200,3,21381,b30b127032406ef0d87df5e1c227ec9b37074254ae9dede42dda31a94ebf8565,False,NEU-CLS,crazing_138,0,-99
NEU,NEU::crazing_139,NEU-DET/train/images/crazing/crazing_139.jpg,crazing_139.jpg,crazing,none,200,200,3,21257,b73e2cec62b9478c3ad32b6081d7a87c7dd5da7d8b5a44b2d0f29cd7ceba2ed7,False,NEU-CLS,crazing_139,0,-99
NEU,NEU::crazing_14,NEU-DET/train/images/crazing/crazing_14.jpg,crazing_14.jpg,crazing,none,200,200,3,22023,97c5efc6fcc1e2ff1279718c15554e2a3681b95c8f70ad6603f6264f6ea5e660,False,NEU-CLS,crazing_14,0,-99
NEU,NEU::crazing_140,NEU-DET/train/images/crazing/crazing_140.jpg,crazing_140.jpg,crazing,none,200,200,3,18977,e93030abf5c2b941529e6b105767aa0a6edd92b18c96792a2ef07865c39d7253,False,NEU-CLS,crazing_140,0,-99
NEU,NEU::crazing_141,NEU-DET/train/images/crazing/crazing_141.jpg,crazing_141.jpg,crazing,none,200,200,3,21511,57fc38c627bf90303f8a6463748416de11212a5d0b5914e68403da487755269c,False,NEU-CLS,crazing_141,0,-99
NEU,NEU::crazing_142,NEU-DET/train/images/crazing/crazing_142.jpg,crazing_142.jpg,crazing,none,200,200,3,19639,9dcca212ac2d94a88e9a5ad3131ffd21ce83d27a5942af15890c0fabcb8c7d1a,False,NEU-CLS,crazing_142,0,-99
NEU,NEU::crazing_143,NEU-DET/train/images/crazing/crazing_143.jpg,crazing_143.jpg,crazing,none,200,200,3,21910,eb154bae7ada35115e9bb8d2c2a8f9e4d87ab5c9d2b48aaa331814aa62eca3a5,False,NEU-CLS,crazing_143,0,-99
NEU,NEU::crazing_144,NEU-DET/train/images/crazing/crazing_144.jpg,crazing_144.jpg,crazing,none,200,200,3,21971,e4a2071037607429d8d859c4b0f3b81141e5e6a450d33831f4a83d5fb240e66b,False,NEU-CLS,crazing_144,0,-99
NEU,NEU::crazing_145,NEU-DET/train/images/crazing/crazing_145.jpg,crazing_145.jpg,crazing,none,200,200,3,21720,c91b2e3ee3b1a86d955389405bb97e16922d410df54f3fbddb5cf5f4a8bdb16b,False,NEU-CLS,crazing_145,0,-99
NEU,NEU::crazing_146,NEU-DET/train/images/crazing/crazing_146.jpg,crazing_146.jpg,crazing,none,200,200,3,21958,4bb4d14eeb2ab476b79177cc7bbc57436daf376a3d4ce0f098107e5efb111ee4,False,NEU-CLS,crazing_146,0,-99
NEU,NEU::crazing_147,NEU-DET/train/images/crazing/crazing_147.jpg,crazing_147.jpg,crazing,none,200,200,3,22182,bff0d186bc10a8a65572e9239920d7efa4a39addccf0f3451b59abb35b1a23d7,False,NEU-CLS,crazing_147,0,-99
NEU,NEU::crazing_148,NEU-DET/train/images/crazing/crazing_148.jpg,crazing_148.jpg,crazing,none,200,200,3,22319,0f4369b2b9aaea4e843cf4c6a169aa6fadff8fba16abe3e9a1c109a7e2ec7071,False,NEU-CLS,crazing_148,0,-99
NEU,NEU::crazing_149,NEU-DET/train/images/crazing/crazing_149.jpg,crazing_149.jpg,crazing,none,200,200,3,22648,de6c4056279bc72e580ebdc50ade0d28fa020272b1be34f77588425071f8f0bd,False,NEU-CLS,crazing_149,0,-99
NEU,NEU::crazing_15,NEU-DET/train/images/crazing/crazing_15.jpg,crazing_15.jpg,crazing,none,200,200,3,22480,466fc481bd3e6d378058b4aa9a4a4612e27da31a6a1844fe9d863e85ab47a5e8,False,NEU-CLS,crazing_15,0,-99
NEU,NEU::crazing_150,NEU-DET/train/images/crazing/crazing_150.jpg,crazing_150.jpg,crazing,none,200,200,3,22335,78bad28f4e809d41a679584659abb94911736b7a86bec2ebbfda83492965a818,False,NEU-CLS,crazing_150,0,-99
NEU,NEU::crazing_151,NEU-DET/train/images/crazing/crazing_151.jpg,crazing_151.jpg,crazing,none,200,200,3,17489,2f0f486f51c31a7c7e5f1f5b0755537f18372c61c55b0a09bc7dadc8971262b8,False,NEU-CLS,crazing_151,0,-99
NEU,NEU::crazing_152,NEU-DET/train/images/crazing/crazing_152.jpg,crazing_152.jpg,crazing,none,200,200,3,21108,7e68d49434009772b394535968ea15d8f1c9707c945d99e47a00eeeaace46960,False,NEU-CLS,crazing_152,0,-99
NEU,NEU::crazing_153,NEU-DET/train/images/crazing/crazing_153.jpg,crazing_153.jpg,crazing,none,200,200,3,20518,9568a72ddc882108a6defe0f6bb2600e22e278f2e684716b9c563dc810b33bac,False,NEU-CLS,crazing_153,0,-99
NEU,NEU::crazing_154,NEU-DET/train/images/crazing/crazing_154.jpg,crazing_154.jpg,crazing,none,200,200,3,21138,dcda48b1fa04518744e30db7a378702fbc77baebc2db6c03e4d9c4f9ecb14565,False,NEU-CLS,crazing_154,0,-99
NEU,NEU::crazing_155,NEU-DET/train/images/crazing/crazing_155.jpg,crazing_155.jpg,crazing,none,200,200,3,22463,af9f0321f3acedf982a652f5f2e9310a783d3ec890c80e4228a66646e9afced4,False,NEU-CLS,crazing_155,0,-99
NEU,NEU::crazing_156,NEU-DET/train/images/crazing/crazing_156.jpg,crazing_156.jpg,crazing,none,200,200,3,22226,ce6c5cb055c2710fc0169e3ac58c54985b176f0da300b60c00e08ae8f3a9dd1b,False,NEU-CLS,crazing_156,0,-99
NEU,NEU::crazing_157,NEU-DET/train/images/crazing/crazing_157.jpg,crazing_157.jpg,crazing,none,200,200,3,22548,c50b115700ed6408936e788e261d4243480380e3793a2fd0d25c2a91419a2b23,False,NEU-CLS,crazing_157,0,-99
NEU,NEU::crazing_158,NEU-DET/train/images/crazing/crazing_158.jpg,crazing_158.jpg,crazing,none,200,200,3,22808,525d70534373c48ced12e1bc6d8923488f5a7db80a925f98d9afbb34cff5d507,False,NEU-CLS,crazing_158,0,-99
NEU,NEU::crazing_159,NEU-DET/train/images/crazing/crazing_159.jpg,crazing_159.jpg,crazing,none,200,200,3,22558,d9bef22fa9c71d22b0eb2e89176dac41d604361e3756b1dd2882bad1563c7723,False,NEU-CLS,crazing_159,0,-99
NEU,NEU::crazing_16,NEU-DET/train/images/crazing/crazing_16.jpg,crazing_16.jpg,crazing,none,200,200,3,22317,4fecf9b0e5c9fe781c51277884fa930ab02ebe3c28af636567dd5d52a6f807a6,False,NEU-CLS,crazing_16,0,-99
NEU,NEU::crazing_160,NEU-DET/train/images/crazing/crazing_160.jpg,crazing_160.jpg,crazing,none,200,200,3,22355,7481e41a90a324d1a6cbde8ea0d1a3996d4a295be5d876f6a14dbe0f3fa6e02b,False,NEU-CLS,crazing_160,0,-99
NEU,NEU::crazing_161,NEU-DET/train/images/crazing/crazing_161.jpg,crazing_161.jpg,crazing,none,200,200,3,22456,e79aae5302ce4fbe38f7b2e5c32af5f6125a6dd141861e3ed54cc2e407d49673,False,NEU-CLS,crazing_161,0,-99
NEU,NEU::crazing_162,NEU-DET/train/images/crazing/crazing_162.jpg,crazing_162.jpg,crazing,none,200,200,3,22529,1f6e7bea3a7748605249b5f149910ec71a20d0db43b774c0d5047421f4a71d23,False,NEU-CLS,crazing_162,0,-99
NEU,NEU::crazing_163,NEU-DET/train/images/crazing/crazing_163.jpg,crazing_163.jpg,crazing,none,200,200,3,22212,12f84f78d5e9f8d8490e5a8842be619cf54b9b477f81e94156aed833958e49cf,False,NEU-CLS,crazing_163,0,-99
NEU,NEU::crazing_164,NEU-DET/train/images/crazing/crazing_164.jpg,crazing_164.jpg,crazing,none,200,200,3,22439,01c1ce5196958f543a8fd3039eb0e3b66157f8ffb125cc3e1f500bc0548f1913,False,NEU-CLS,crazing_164,0,-99
NEU,NEU::crazing_165,NEU-DET/train/images/crazing/crazing_165.jpg,crazing_165.jpg,crazing,none,200,200,3,22059,840c450bc6c1a69bdb48e59abc822db5f23e2cd8997b7b0695d49d6117a95b1b,False,NEU-CLS,crazing_165,0,-99
NEU,NEU::crazing_166,NEU-DET/train/images/crazing/crazing_166.jpg,crazing_166.jpg,crazing,none,200,200,3,18775,bebbae671824925d0537d8c3306120c58e1f2dad688fbe8c2057d32ae5eae13d,False,NEU-CLS,crazing_166,0,-99
NEU,NEU::crazing_167,NEU-DET/train/images/crazing/crazing_167.jpg,crazing_167.jpg,crazing,none,200,200,3,22559,e2587baf277081662a2034d5204589da064b6151e0a49c77a05592b6022d5e0d,False,NEU-CLS,crazing_167,0,-99
NEU,NEU::crazing_168,NEU-DET/train/images/crazing/crazing_168.jpg,crazing_168.jpg,crazing,none,200,200,3,22618,caacd794d43649ca3788087be60e16b024c611c66832d4d0aff2364428919b33,False,NEU-CLS,crazing_168,0,-99
NEU,NEU::crazing_169,NEU-DET/train/images/crazing/crazing_169.jpg,crazing_169.jpg,crazing,none,200,200,3,22712,84a1bd8144ad8b9b280400ec22d2ae1ca09012108b24a90a9599235f1a01f313,False,NEU-CLS,crazing_169,0,-99
NEU,NEU::crazing_17,NEU-DET/train/images/crazing/crazing_17.jpg,crazing_17.jpg,crazing,none,200,200,3,22807,c811854bc098b5524d3de6c31c21ccbb2dfde665309317a8d92cc59137263e0e,False,NEU-CLS,crazing_17,0,-99
NEU,NEU::crazing_170,NEU-DET/train/images/crazing/crazing_170.jpg,crazing_170.jpg,crazing,none,200,200,3,22646,ec427bca7b07023ad943e750070bf9caccc054ccd313bc4875d0727816f1ed43,False,NEU-CLS,crazing_170,0,-99
NEU,NEU::crazing_171,NEU-DET/train/images/crazing/crazing_171.jpg,crazing_171.jpg,crazing,none,200,200,3,17427,1d3046dfd62c8bb7d4f3bed64d8f0dd1df21523c1261faa8c09e10d76f29cfda,False,NEU-CLS,crazing_171,0,-99
NEU,NEU::crazing_172,NEU-DET/train/images/crazing/crazing_172.jpg,crazing_172.jpg,crazing,none,200,200,3,19567,3374f8f27498b03a8a815a28d4e63a5a745549f6baa38a6ad93c489ee664f492,False,NEU-CLS,crazing_172,0,-99
NEU,NEU::crazing_173,NEU-DET/train/images/crazing/crazing_173.jpg,crazing_173.jpg,crazing,none,200,200,3,18681,7b44afee9a0978d37328b34ce12909dff980856ffb97fab7fb71ef5d25eafe23,False,NEU-CLS,crazing_173,0,-99
NEU,NEU::crazing_174,NEU-DET/train/images/crazing/crazing_174.jpg,crazing_174.jpg,crazing,none,200,200,3,19942,8acd00d4737b9aa6817b2961c82d2d10ff8dae8a0687996b71b158af0c08c3b6,False,NEU-CLS,crazing_174,0,-99
NEU,NEU::crazing_175,NEU-DET/train/images/crazing/crazing_175.jpg,crazing_175.jpg,crazing,none,200,200,3,22663,6be1274fe64d462318296583b601eb7cbe4dc9d2cd81e407f8f380ca53eed7fe,False,NEU-CLS,crazing_175,0,-99
NEU,NEU::crazing_176,NEU-DET/train/images/crazing/crazing_176.jpg,crazing_176.jpg,crazing,none,200,200,3,19617,20e375fe90ecf726ed1d482c0db90f7aaf7b166f595a65b7a592cc38a401216c,False,NEU-CLS,crazing_176,0,-99
NEU,NEU::crazing_177,NEU-DET/train/images/crazing/crazing_177.jpg,crazing_177.jpg,crazing,none,200,200,3,22738,7cfad80ed8df45124dce13a24dce66949b774750fe13ab9f3a29ae7ecf32d4ef,False,NEU-CLS,crazing_177,0,-99
NEU,NEU::crazing_178,NEU-DET/train/images/crazing/crazing_178.jpg,crazing_178.jpg,crazing,none,200,200,3,23255,6a867904651264bedc9470410bb5e1d7125e0bbe15f70ac5b9f50434be9b90d5,False,NEU-CLS,crazing_178,0,-99
NEU,NEU::crazing_179,NEU-DET/train/images/crazing/crazing_179.jpg,crazing_179.jpg,crazing,none,200,200,3,23039,a796d606ae9c573d722bdec9d282c53cd543006e1d49e4a5152072fe61505d08,False,NEU-CLS,crazing_179,0,-99
NEU,NEU::crazing_18,NEU-DET/train/images/crazing/crazing_18.jpg,crazing_18.jpg,crazing,none,200,200,3,22397,56b79f6438ea95ae5219c47ed4b7186a1c3cba37d5eeabce21f5e647aba6dc10,False,NEU-CLS,crazing_18,0,-99
NEU,NEU::crazing_180,NEU-DET/train/images/crazing/crazing_180.jpg,crazing_180.jpg,crazing,none,200,200,3,22227,7b42c2cfe2071328ae4f5c33fedc31ff5aa5a81600ea3c165a8eb223548886ae,False,NEU-CLS,crazing_180,0,-99
NEU,NEU::crazing_181,NEU-DET/train/images/crazing/crazing_181.jpg,crazing_181.jpg,crazing,none,200,200,3,21423,4dc33b6795a8cea10123e21134a63b0fb8bd79308f8aa53de62ea407d2f0dc4e,False,NEU-CLS,crazing_181,0,-99
NEU,NEU::crazing_182,NEU-DET/train/images/crazing/crazing_182.jpg,crazing_182.jpg,crazing,none,200,200,3,19422,2fc9cab35c3683874721070262c4b6d0185653b68866173d47fadf51c152b07c,False,NEU-CLS,crazing_182,0,-99
NEU,NEU::crazing_183,NEU-DET/train/images/crazing/crazing_183.jpg,crazing_183.jpg,crazing,none,200,200,3,19351,235d4d003fcd9444e789cd5e0e1ba547049c7ce1b1e309fa6f8c839697683157,False,NEU-CLS,crazing_183,0,-99
NEU,NEU::crazing_184,NEU-DET/train/images/crazing/crazing_184.jpg,crazing_184.jpg,crazing,none,200,200,3,21323,8f8338544c1af240c972cb9b65364ccf940fa99a9b49031600eeffeea8e162e7,False,NEU-CLS,crazing_184,0,-99
NEU,NEU::crazing_185,NEU-DET/train/images/crazing/crazing_185.jpg,crazing_185.jpg,crazing,none,200,200,3,22988,2ecd30de32c5fcaeadedbd7b97efe6910e037a88b7d4a1d82800d5b837977c2e,False,NEU-CLS,crazing_185,0,-99
NEU,NEU::crazing_186,NEU-DET/train/images/crazing/crazing_186.jpg,crazing_186.jpg,crazing,none,200,200,3,23005,323876549bcf8a22d791d2bccd4f4e227f6338eb5aa3e810b1a57ce470a4260b,False,NEU-CLS,crazing_186,0,-99
NEU,NEU::crazing_187,NEU-DET/train/images/crazing/crazing_187.jpg,crazing_187.jpg,crazing,none,200,200,3,21383,bf302c6472f4fe52779500515f03789f10533b6a285047bb1248981ca2bf05bc,False,NEU-CLS,crazing_187,0,-99
NEU,NEU::crazing_188,NEU-DET/train/images/crazing/crazing_188.jpg,crazing_188.jpg,crazing,none,200,200,3,23226,45670819395294b3d2f7ddf0fa702b4a5573f447aecc9b699926e27fb24f66b1,False,NEU-CLS,crazing_188,0,-99
NEU,NEU::crazing_189,NEU-DET/train/images/crazing/crazing_189.jpg,crazing_189.jpg,crazing,none,200,200,3,23235,8064bef326ab2f1e88f8bdca2b1486f267fe505e5faeed78d6963dae21129ea0,False,NEU-CLS,crazing_189,0,-99
NEU,NEU::crazing_19,NEU-DET/train/images/crazing/crazing_19.jpg,crazing_19.jpg,crazing,none,200,200,3,18260,9301e1cf2e515a61190106315cd09b2014e912b7c25d7f59bef1953ced7a5cf7,False,NEU-CLS,crazing_19,0,-99
NEU,NEU::crazing_190,NEU-DET/train/images/crazing/crazing_190.jpg,crazing_190.jpg,crazing,none,200,200,3,23769,2cc88396c55f661fb52bf4cd17c6175a25c079596352986cc030cdb46c77f3a6,False,NEU-CLS,crazing_190,0,-99
NEU,NEU::crazing_191,NEU-DET/train/images/crazing/crazing_191.jpg,crazing_191.jpg,crazing,none,200,200,3,23758,69a87d220c2665f465cc70fcfb4ffc703e15181df1d5e916f425958d7fa78bfc,False,NEU-CLS,crazing_191,0,-99
NEU,NEU::crazing_192,NEU-DET/train/images/crazing/crazing_192.jpg,crazing_192.jpg,crazing,none,200,200,3,23715,695a2adff6f47c44e7d0b46efe27b39e935006e261eb773d634f9e3bc2d69b77,False,NEU-CLS,crazing_192,0,-99
NEU,NEU::crazing_193,NEU-DET/train/images/crazing/crazing_193.jpg,crazing_193.jpg,crazing,none,200,200,3,20443,ad8b326145b04c0e36e738451b010691094b1213792a64d911c093f3a3310c17,False,NEU-CLS,crazing_193,0,-99
NEU,NEU::crazing_194,NEU-DET/train/images/crazing/crazing_194.jpg,crazing_194.jpg,crazing,none,200,200,3,20454,abdec7a1f84a30c28709f0e373a165c912a18f15aa8e7c992d4b5b0314fc0038,False,NEU-CLS,crazing_194,0,-99
NEU,NEU::crazing_195,NEU-DET/train/images/crazing/crazing_195.jpg,crazing_195.jpg,crazing,none,200,200,3,19504,1795a0947d87383d2923f69d179e74f532e0f6aa777dafcde7162e445cbde91e,False,NEU-CLS,crazing_195,0,-99
NEU,NEU::crazing_196,NEU-DET/train/images/crazing/crazing_196.jpg,crazing_196.jpg,crazing,none,200,200,3,23358,ccb1cfb869dfc39ecec28cf20e6f6e3df0fc5739bbbea41a1f487ebe607ff45d,False,NEU-CLS,crazing_196,0,-99
NEU,NEU::crazing_197,NEU-DET/train/images/crazing/crazing_197.jpg,crazing_197.jpg,crazing,none,200,200,3,23686,4a621bcec1670cf3afbb75ddc98d45a8c5575cf0753c66ef406cd09546a1baec,False,NEU-CLS,crazing_197,0,-99
NEU,NEU::crazing_198,NEU-DET/train/images/crazing/crazing_198.jpg,crazing_198.jpg,crazing,none,200,200,3,23337,f158dd46f2c647afd928affd30218434d91a54f15678c3b38a103e70f2c3fb82,False,NEU-CLS,crazing_198,0,-99
NEU,NEU::crazing_199,NEU-DET/train/images/crazing/crazing_199.jpg,crazing_199.jpg,crazing,none,200,200,3,23144,045dd7295bb1c32e3d180ab5092618fd4015852c747a667a67c5b53048c0fd2a,False,NEU-CLS,crazing_199,0,-99
NEU,NEU::crazing_2,NEU-DET/train/images/crazing/crazing_2.jpg,crazing_2.jpg,crazing,none,200,200,3,23379,c49651a58066f155f1efc0a488bf7415d3d1ef0fb2948f6c2ee6e8296411c9be,False,NEU-CLS,crazing_2,0,-99
NEU,NEU::crazing_20,NEU-DET/train/images/crazing/crazing_20.jpg,crazing_20.jpg,crazing,none,200,200,3,21357,c81fdfa4f7e457c21bbe7dca824ffcdb602dadf60aa59f6aeaf4ddc71054386c,False,NEU-CLS,crazing_20,0,-99
NEU,NEU::crazing_200,NEU-DET/train/images/crazing/crazing_200.jpg,crazing_200.jpg,crazing,none,200,200,3,23130,2a2ab581557322cb12c8916a6a3b74c81ccd788aea7bc0950918f89c0dae701e,False,NEU-CLS,crazing_200,0,-99
NEU,NEU::crazing_201,NEU-DET/train/images/crazing/crazing_201.jpg,crazing_201.jpg,crazing,none,200,200,3,23025,20ae74412c2c5e1271d975356217412b3a2f8c1c68ced06c5175028fa74566d9,False,NEU-CLS,crazing_201,0,-99
NEU,NEU::crazing_202,NEU-DET/train/images/crazing/crazing_202.jpg,crazing_202.jpg,crazing,none,200,200,3,23434,0c9e4a2a4ace6ececf47b659f9f3babf48dba32b4bf6d7bf26e0b579893b01a0,False,NEU-CLS,crazing_202,0,-99
NEU,NEU::crazing_203,NEU-DET/train/images/crazing/crazing_203.jpg,crazing_203.jpg,crazing,none,200,200,3,22918,b8cc3d4cf816a1f02b5844c5f7344667db80947581b57f86e3a3363734620fd4,False,NEU-CLS,crazing_203,0,-99
NEU,NEU::crazing_204,NEU-DET/train/images/crazing/crazing_204.jpg,crazing_204.jpg,crazing,none,200,200,3,19582,b2f9e0689212c067d3dd36923e753371114697911d9e5533dd51f2a775ddef0d,False,NEU-CLS,crazing_204,0,-99
NEU,NEU::crazing_205,NEU-DET/train/images/crazing/crazing_205.jpg,crazing_205.jpg,crazing,none,200,200,3,21230,893f11bee876f47786e05acecf0acd3007e78908329bdf3eaae7203b13d3dc7b,False,NEU-CLS,crazing_205,0,-99
NEU,NEU::crazing_206,NEU-DET/train/images/crazing/crazing_206.jpg,crazing_206.jpg,crazing,none,200,200,3,22940,40bbb613dd990d44eb4cf2f8c0b9620ae47d556c041b7555baa52d4d94480d46,False,NEU-CLS,crazing_206,0,-99
NEU,NEU::crazing_207,NEU-DET/train/images/crazing/crazing_207.jpg,crazing_207.jpg,crazing,none,200,200,3,22853,27f77016ee364560e53e2c3083bd9f47d9d205340714efbe57462bd8365c252b,False,NEU-CLS,crazing_207,0,-99
NEU,NEU::crazing_208,NEU-DET/train/images/crazing/crazing_208.jpg,crazing_208.jpg,crazing,none,200,200,3,22787,2ecfe579cfe9d6105a160f6d005ca6bcaa3cc6b04131ece0c909a50803a33ad0,False,NEU-CLS,crazing_208,0,-99
NEU,NEU::crazing_209,NEU-DET/train/images/crazing/crazing_209.jpg,crazing_209.jpg,crazing,none,200,200,3,22774,77e8903891d20e2997a793c3789823ff8133e909b404ce8ffdbd4bb7cc470d64,False,NEU-CLS,crazing_209,0,-99
NEU,NEU::crazing_21,NEU-DET/train/images/crazing/crazing_21.jpg,crazing_21.jpg,crazing,none,200,200,3,22732,299bdf591092a9582b866d295173c77278b5e2e5adfc82880eea3427dac8d413,False,NEU-CLS,crazing_21,0,-99
NEU,NEU::crazing_210,NEU-DET/train/images/crazing/crazing_210.jpg,crazing_210.jpg,crazing,none,200,200,3,19824,0eb758928ba3664ebce598e52f122e973ac1f7e8de648bb20c3f54c30e35d2b0,False,NEU-CLS,crazing_210,0,-99
NEU,NEU::crazing_211,NEU-DET/train/images/crazing/crazing_211.jpg,crazing_211.jpg,crazing,none,200,200,3,19886,36bc59a5854fbe928a35b2b41478f37456721a5d8b5aa723be04a3e5fe6c3bbb,False,NEU-CLS,crazing_211,0,-99
NEU,NEU::crazing_212,NEU-DET/train/images/crazing/crazing_212.jpg,crazing_212.jpg,crazing,none,200,200,3,23213,a7ce3566d8246d17290452bd22d8e4c8c526d2703204d0491a15fe1d31628fe7,False,NEU-CLS,crazing_212,0,-99
NEU,NEU::crazing_213,NEU-DET/train/images/crazing/crazing_213.jpg,crazing_213.jpg,crazing,none,200,200,3,19664,ecbcc17281d66963b480397632d6dc90be81cab2d69340d6b379d2f416cf3602,False,NEU-CLS,crazing_213,0,-99
NEU,NEU::crazing_214,NEU-DET/train/images/crazing/crazing_214.jpg,crazing_214.jpg,crazing,none,200,200,3,23169,0046405b60f2f012edc86c68264e839d574b20bf77777df10cc61acb763de3fa,False,NEU-CLS,crazing_214,0,-99
NEU,NEU::crazing_215,NEU-DET/train/images/crazing/crazing_215.jpg,crazing_215.jpg,crazing,none,200,200,3,22826,2598ee75cb31b6717eadeedb5f7039893ea8b4fb08417212332f7fe3b7bd7b09,False,NEU-CLS,crazing_215,0,-99
NEU,NEU::crazing_216,NEU-DET/train/images/crazing/crazing_216.jpg,crazing_216.jpg,crazing,none,200,200,3,22997,23d057d6150dddcf0e0a83e75d2fee86af4a52ce801e454539301431ad2d12fe,False,NEU-CLS,crazing_216,0,-99
NEU,NEU::crazing_217,NEU-DET/train/images/crazing/crazing_217.jpg,crazing_217.jpg,crazing,none,200,200,3,22617,dd0e2f8a2c6901cc540c53aa7194af40fa2e8ed38a0825608e1b56c846fcf01e,False,NEU-CLS,crazing_217,0,-99
NEU,NEU::crazing_218,NEU-DET/train/images/crazing/crazing_218.jpg,crazing_218.jpg,crazing,none,200,200,3,19728,0391916cc44a7dbfebd764dd85759974cd636da8208b3a3a47df2d73538ee6fb,False,NEU-CLS,crazing_218,0,-99
NEU,NEU::crazing_219,NEU-DET/train/images/crazing/crazing_219.jpg,crazing_219.jpg,crazing,none,200,200,3,19469,11e62a880f9d69352c265469c3e6d49783125880a3f2ce31e0a8bdc8f410e258,False,NEU-CLS,crazing_219,0,-99
NEU,NEU::crazing_22,NEU-DET/train/images/crazing/crazing_22.jpg,crazing_22.jpg,crazing,none,200,200,3,22528,feca81a11578690771b14f50dd53d6a4656bc18a7a80aaab8ad19d48b78a8f39,False,NEU-CLS,crazing_22,0,-99
NEU,NEU::crazing_220,NEU-DET/train/images/crazing/crazing_220.jpg,crazing_220.jpg,crazing,none,200,200,3,23258,ee6d32c95f87d6489f177f035f4464b5c78e919b72800c33ec029d2292988c89,False,NEU-CLS,crazing_220,0,-99
NEU,NEU::crazing_221,NEU-DET/train/images/crazing/crazing_221.jpg,crazing_221.jpg,crazing,none,200,200,3,23181,ebdc18e201d36b0c1d68ed71fbdaf0954b04acfc69224b19f51e7fe2b919e77c,False,NEU-CLS,crazing_221,0,-99
NEU,NEU::crazing_222,NEU-DET/train/images/crazing/crazing_222.jpg,crazing_222.jpg,crazing,none,200,200,3,23071,90521f05d4c3c2fc3f15475e8d00a7af52111db2f8884cc8befd9aeb14b661ed,False,NEU-CLS,crazing_222,0,-99
NEU,NEU::crazing_223,NEU-DET/train/images/crazing/crazing_223.jpg,crazing_223.jpg,crazing,none,200,200,3,18492,62753656212be7a89c7a882a18e589bf51effc711f9b01bb15fdbeb67a5f80fd,False,NEU-CLS,crazing_223,0,-99
NEU,NEU::crazing_224,NEU-DET/train/images/crazing/crazing_224.jpg,crazing_224.jpg,crazing,none,200,200,3,23549,420d84308e801c4d24c125c8b2b0b15f53fa7dc7a1c0e51e129a25b428224e37,False,NEU-CLS,crazing_224,0,-99
NEU,NEU::crazing_225,NEU-DET/train/images/crazing/crazing_225.jpg,crazing_225.jpg,crazing,none,200,200,3,23398,cf6c9fb4f506098d208ad0e77fd60da60eebb7f483eae9a5a56876157f39a428,False,NEU-CLS,crazing_225,0,-99
NEU,NEU::crazing_226,NEU-DET/train/images/crazing/crazing_226.jpg,crazing_226.jpg,crazing,none,200,200,3,23388,cf59e7a9b758c9af450503774af88a65ce22546907fe59a73ca5533e96c70a75,False,NEU-CLS,crazing_226,0,-99
NEU,NEU::crazing_227,NEU-DET/train/images/crazing/crazing_227.jpg,crazing_227.jpg,crazing,none,200,200,3,23415,67499dd21306030c383b07abf5c7a7d597313d24d8420e16a46d797fba6d1195,False,NEU-CLS,crazing_227,0,-99
NEU,NEU::crazing_228,NEU-DET/train/images/crazing/crazing_228.jpg,crazing_228.jpg,crazing,none,200,200,3,23426,acaf388126e0a346c5f5a76920cefcab08ef6121a8edffb1ac4da56fd0a95188,False,NEU-CLS,crazing_228,0,-99
NEU,NEU::crazing_229,NEU-DET/train/images/crazing/crazing_229.jpg,crazing_229.jpg,crazing,none,200,200,3,23725,f837bf055e053b796928091851c0b848c1c0646de7e458b43df3107ac16db285,False,NEU-CLS,crazing_229,0,-99
NEU,NEU::crazing_23,NEU-DET/train/images/crazing/crazing_23.jpg,crazing_23.jpg,crazing,none,200,200,3,20693,a395ac78920129571f89635111d30b50ad88b593fe44856d586c7c4adf8f24e5,False,NEU-CLS,crazing_23,0,-99
NEU,NEU::crazing_230,NEU-DET/train/images/crazing/crazing_230.jpg,crazing_230.jpg,crazing,none,200,200,3,18183,ed6f3c3c49fa25742c0b87379e9e05ca950adcc4d734a15e941b2d13aefbafc0,False,NEU-CLS,crazing_230,0,-99
NEU,NEU::crazing_231,NEU-DET/train/images/crazing/crazing_231.jpg,crazing_231.jpg,crazing,none,200,200,3,23074,89526e779b3ef99fe1a115262f58d9ad2e7f0012e62a8f86b59ab7c3f770e2d4,False,NEU-CLS,crazing_231,0,-99
NEU,NEU::crazing_232,NEU-DET/train/images/crazing/crazing_232.jpg,crazing_232.jpg,crazing,none,200,200,3,22871,783748168663bbb816334df63cdc72f8802944e4ad3dd318bcc74ca9b8829ab2,False,NEU-CLS,crazing_232,0,-99
NEU,NEU::crazing_233,NEU-DET/train/images/crazing/crazing_233.jpg,crazing_233.jpg,crazing,none,200,200,3,23476,6d36474a8491a431c9965b54c53a51538c4bba96752c9af72bd3d82b3f4a85ef,False,NEU-CLS,crazing_233,0,-99
NEU,NEU::crazing_234,NEU-DET/train/images/crazing/crazing_234.jpg,crazing_234.jpg,crazing,none,200,200,3,22687,3beefc152c0661038c722d0ffb4e2242ca6180a7bb88d196b3683287d92a2efc,False,NEU-CLS,crazing_234,0,-99
NEU,NEU::crazing_235,NEU-DET/train/images/crazing/crazing_235.jpg,crazing_235.jpg,crazing,none,200,200,3,20975,2f70c13563551d283461a163bc2f6deced9c678740118db144404bf4b9ad61e0,False,NEU-CLS,crazing_235,0,-99
NEU,NEU::crazing_236,NEU-DET/train/images/crazing/crazing_236.jpg,crazing_236.jpg,crazing,none,200,200,3,23783,6326aa9e8a757535553482e8d99d75f8995f39705b0bf355749dc3ef65427bef,False,NEU-CLS,crazing_236,0,-99
NEU,NEU::crazing_237,NEU-DET/train/images/crazing/crazing_237.jpg,crazing_237.jpg,crazing,none,200,200,3,23759,18f8b0bcf9692da645238c25dcd17a8f29d9119ec6f84079f9b97bd93d9557cf,False,NEU-CLS,crazing_237,0,-99
NEU,NEU::crazing_238,NEU-DET/train/images/crazing/crazing_238.jpg,crazing_238.jpg,crazing,none,200,200,3,22306,8eee0652524255e28c455d460e04389c38c6e8ad8ef6bcf60f6e9ca1110aabf2,False,NEU-CLS,crazing_238,0,-99
NEU,NEU::crazing_239,NEU-DET/train/images/crazing/crazing_239.jpg,crazing_239.jpg,crazing,none,200,200,3,23775,c2c86495e80860b742b5deb1ef96f8a9a6d2fbbbda9cf8ab8f20a675e4800eab,False,NEU-CLS,crazing_239,0,-99
NEU,NEU::crazing_24,NEU-DET/train/images/crazing/crazing_24.jpg,crazing_24.jpg,crazing,none,200,200,3,22330,26341b60aa1ce81a0f2c000942a9c71deb7eac2de9b58f3bd21b6dd54d1ad4d7,False,NEU-CLS,crazing_24,0,-99
NEU,NEU::crazing_240,NEU-DET/train/images/crazing/crazing_240.jpg,crazing_240.jpg,crazing,none,200,200,3,23936,81e5ca1b935489de16db4808ec37b4f8525b493d7d3f65f913b5a95696ae8a81,False,NEU-CLS,crazing_240,0,-99
NEU,NEU::crazing_241,NEU-DET/validation/images/crazing/crazing_241.jpg,crazing_241.jpg,crazing,none,200,200,3,23845,1d65ef27eaa9bf27608d954dfe57b40e401fc1aed435884400f35e8000bbf98d,False,NEU-CLS,crazing_241,0,-99
NEU,NEU::crazing_242,NEU-DET/validation/images/crazing/crazing_242.jpg,crazing_242.jpg,crazing,none,200,200,3,23535,6471b0b8300f5b0c809ff9802c4a1c7f747c0738929a952b30ced6d0e65f61f3,False,NEU-CLS,crazing_242,0,-99
NEU,NEU::crazing_243,NEU-DET/validation/images/crazing/crazing_243.jpg,crazing_243.jpg,crazing,none,200,200,3,23565,94e839f26e6b51d8dee5d8a8c3ffc0d4f820015f18e7bcb5fef9582a2df2b295,False,NEU-CLS,crazing_243,0,-99
NEU,NEU::crazing_244,NEU-DET/validation/images/crazing/crazing_244.jpg,crazing_244.jpg,crazing,none,200,200,3,23533,fa3d0c5d7a23b82da1533df61a39a7056a21b021f879da6426f6dc6326abd0a1,False,NEU-CLS,crazing_244,0,-99
NEU,NEU::crazing_245,NEU-DET/validation/images/crazing/crazing_245.jpg,crazing_245.jpg,crazing,none,200,200,3,22208,933abef72d56ca78e0398d4da001d51df4070e4d796af398359b843eaaea4d90,False,NEU-CLS,crazing_245,0,-99
NEU,NEU::crazing_246,NEU-DET/validation/images/crazing/crazing_246.jpg,crazing_246.jpg,crazing,none,200,200,3,23475,0018b62c07b5dfd379d0563721fe46d15d72bf3bdbc1e39d7f8e081692c0266d,False,NEU-CLS,crazing_246,0,-99
NEU,NEU::crazing_247,NEU-DET/validation/images/crazing/crazing_247.jpg,crazing_247.jpg,crazing,none,200,200,3,23565,8f41f3d185b0de0fe9197e70631c7fa148180067ddd8d95e87ca1aa2ecd1807f,False,NEU-CLS,crazing_247,0,-99
NEU,NEU::crazing_248,NEU-DET/validation/images/crazing/crazing_248.jpg,crazing_248.jpg,crazing,none,200,200,3,23673,461c41b74f61f2b38c1110194b783f7652edf89784c69b4a79f521fd7117079b,False,NEU-CLS,crazing_248,0,-99
NEU,NEU::crazing_249,NEU-DET/validation/images/crazing/crazing_249.jpg,crazing_249.jpg,crazing,none,200,200,3,23623,e8a366fe396aaaea124716a1baad189f43971bf78b88e4a4c4c8bbd3ceb849a9,False,NEU-CLS,crazing_249,0,-99
NEU,NEU::crazing_25,NEU-DET/train/images/crazing/crazing_25.jpg,crazing_25.jpg,crazing,none,200,200,3,22763,0357ebe4e802a34427d3a5c1c2ccd7c3674f690bf8fce4dd0d622d79a29ca1d8,False,NEU-CLS,crazing_25,0,-99
NEU,NEU::crazing_250,NEU-DET/validation/images/crazing/crazing_250.jpg,crazing_250.jpg,crazing,none,200,200,3,23779,811d2e1f215e2d4eecba1dff15b08f138187626e34f57b3c1bb334f45e25e4a2,False,NEU-CLS,crazing_250,0,-99
NEU,NEU::crazing_251,NEU-DET/validation/images/crazing/crazing_251.jpg,crazing_251.jpg,crazing,none,200,200,3,22304,d5a8082d1ffe47364d9d09bec23d5ff6bee3e1e69f8f50016d7e7ae3e486f97b,False,NEU-CLS,crazing_251,0,-99
NEU,NEU::crazing_252,NEU-DET/validation/images/crazing/crazing_252.jpg,crazing_252.jpg,crazing,none,200,200,3,23824,0e7db66e291981d959158176443d58c2d54491bb9c804db19b7e6a2529ff29bb,False,NEU-CLS,crazing_252,0,-99
NEU,NEU::crazing_253,NEU-DET/validation/images/crazing/crazing_253.jpg,crazing_253.jpg,crazing,none,200,200,3,20507,1b4d78036b2313669f4cdfbf4a77619998c68f0807d1e655cbf3edcc70158f80,False,NEU-CLS,crazing_253,0,-99
NEU,NEU::crazing_254,NEU-DET/validation/images/crazing/crazing_254.jpg,crazing_254.jpg,crazing,none,200,200,3,23661,eca94052417c7982259fce8aa9a6aca1693ea34570d9dee9b46374dda8094154,False,NEU-CLS,crazing_254,0,-99
NEU,NEU::crazing_255,NEU-DET/validation/images/crazing/crazing_255.jpg,crazing_255.jpg,crazing,none,200,200,3,23624,a96b1fd4135862349a69a761e76dfbb3af6faccdc3efb97e0d4e52a1f605076d,False,NEU-CLS,crazing_255,0,-99
NEU,NEU::crazing_256,NEU-DET/validation/images/crazing/crazing_256.jpg,crazing_256.jpg,crazing,none,200,200,3,23595,c609f66d29dcff487eaaf6c43e4b7410792a9f07974ed085eaf508c593fa9a2e,False,NEU-CLS,crazing_256,0,-99
NEU,NEU::crazing_257,NEU-DET/validation/images/crazing/crazing_257.jpg,crazing_257.jpg,crazing,none,200,200,3,23181,f4e5cf14e8e352b89da12ed84a98de3d5b7e7e402694d64ecaed9acb7efe9454,False,NEU-CLS,crazing_257,0,-99
NEU,NEU::crazing_258,NEU-DET/validation/images/crazing/crazing_258.jpg,crazing_258.jpg,crazing,none,200,200,3,23676,714900c25988c034626be50863b7e570430d1d3f2009c5a2e01784a7678f7aae,False,NEU-CLS,crazing_258,0,-99
NEU,NEU::crazing_259,NEU-DET/validation/images/crazing/crazing_259.jpg,crazing_259.jpg,crazing,none,200,200,3,23720,a877fc65b57470befe6d482650fc613d2cda028b55df0eb86d25fffd0dba781a,False,NEU-CLS,crazing_259,0,-99
NEU,NEU::crazing_26,NEU-DET/train/images/crazing/crazing_26.jpg,crazing_26.jpg,crazing,none,200,200,3,23102,6c24d211a06a25d7b1ab80038402f9cebd3932cdc73b348b7871fb690047f0d3,False,NEU-CLS,crazing_26,0,-99
NEU,NEU::crazing_260,NEU-DET/validation/images/crazing/crazing_260.jpg,crazing_260.jpg,crazing,none,200,200,3,23730,f8f182527157c5fad4a77848f79231a203f2366ed8cee3eb7d0dee516d3f1143,False,NEU-CLS,crazing_260,0,-99
NEU,NEU::crazing_261,NEU-DET/validation/images/crazing/crazing_261.jpg,crazing_261.jpg,crazing,none,200,200,3,23712,3f8df47b873cf6e2ade7b42ad3d18d361dbf504e0f1921bfab3dc7a207499e92,False,NEU-CLS,crazing_261,0,-99
NEU,NEU::crazing_262,NEU-DET/validation/images/crazing/crazing_262.jpg,crazing_262.jpg,crazing,none,200,200,3,21173,abc6b2581de60b19137ef9cb68e4b237a1b5a1302820df4809506b5454d02c19,False,NEU-CLS,crazing_262,0,-99
NEU,NEU::crazing_263,NEU-DET/validation/images/crazing/crazing_263.jpg,crazing_263.jpg,crazing,none,200,200,3,22575,1e232e717c44df26f4700547935f55a177ff78ff3187179cf94321471fc93298,False,NEU-CLS,crazing_263,0,-99
NEU,NEU::crazing_264,NEU-DET/validation/images/crazing/crazing_264.jpg,crazing_264.jpg,crazing,none,200,200,3,23972,b69102d4b251f77872eef741bd0e8dcc342bf2ab59d90e8a45dd8c5535265477,False,NEU-CLS,crazing_264,0,-99
NEU,NEU::crazing_265,NEU-DET/validation/images/crazing/crazing_265.jpg,crazing_265.jpg,crazing,none,200,200,3,23318,707d4e141e42dfb3c41fd09764e62423913a54d844b3e851fb9b5ea68cc3181c,False,NEU-CLS,crazing_265,0,-99
NEU,NEU::crazing_266,NEU-DET/validation/images/crazing/crazing_266.jpg,crazing_266.jpg,crazing,none,200,200,3,23629,a59b97cf9671a0ca80101ca67291e977a172f5223f295edc1c8760b7224762e4,False,NEU-CLS,crazing_266,0,-99
NEU,NEU::crazing_267,NEU-DET/validation/images/crazing/crazing_267.jpg,crazing_267.jpg,crazing,none,200,200,3,22341,e2e8e6f90ca2b9d2135613801ef954565e81881938917b241b5c7ffa89ea02b2,False,NEU-CLS,crazing_267,0,-99
NEU,NEU::crazing_268,NEU-DET/validation/images/crazing/crazing_268.jpg,crazing_268.jpg,crazing,none,200,200,3,23849,35cc3d2e7ad513f2bd1fd22d105e2eb68106df4609f4f727a71fb7ce5b9b48ce,False,NEU-CLS,crazing_268,0,-99
NEU,NEU::crazing_269,NEU-DET/validation/images/crazing/crazing_269.jpg,crazing_269.jpg,crazing,none,200,200,3,18625,4cac3f7a6ef724ab817f6e4c0fe8f80117880efb5a80fdbae565a5edc70b32d4,False,NEU-CLS,crazing_269,0,-99
NEU,NEU::crazing_27,NEU-DET/train/images/crazing/crazing_27.jpg,crazing_27.jpg,crazing,none,200,200,3,22577,10626e2b51d15ee8d30e107d3f92b4d02017ef40188f029ebb7c64d77bace16b,False,NEU-CLS,crazing_27,0,-99
NEU,NEU::crazing_270,NEU-DET/validation/images/crazing/crazing_270.jpg,crazing_270.jpg,crazing,none,200,200,3,24001,4c67250c57703f8fabb6d97cc0ad72000b690e8412c071f0a63fc5a03bb2a5b7,False,NEU-CLS,crazing_270,0,-99
NEU,NEU::crazing_271,NEU-DET/validation/images/crazing/crazing_271.jpg,crazing_271.jpg,crazing,none,200,200,3,23093,2227d033081e4b5d83589d4dea528b0af45d94d22c2a916e1204bf00b372a6fe,False,NEU-CLS,crazing_271,0,-99
NEU,NEU::crazing_272,NEU-DET/validation/images/crazing/crazing_272.jpg,crazing_272.jpg,crazing,none,200,200,3,23823,e57ac6b9b586284ae7d07cf487540d03092daa569d6f949f67db398d23cfa439,False,NEU-CLS,crazing_272,0,-99
NEU,NEU::crazing_273,NEU-DET/validation/images/crazing/crazing_273.jpg,crazing_273.jpg,crazing,none,200,200,3,23591,b67c916c81548576bf226c07c29c081f2fe0a73d2c2b37be5b762bffdb605810,False,NEU-CLS,crazing_273,0,-99
NEU,NEU::crazing_274,NEU-DET/validation/images/crazing/crazing_274.jpg,crazing_274.jpg,crazing,none,200,200,3,22735,7666107c448d2234f43fcf14541e7bf958d41583e7ca38449f59547e030a5f6c,False,NEU-CLS,crazing_274,0,-99
NEU,NEU::crazing_275,NEU-DET/validation/images/crazing/crazing_275.jpg,crazing_275.jpg,crazing,none,200,200,3,23554,6ae4426aaf22b79d3eacb74fc03893ccf3a2ff1f489fd37bd1a402a78a8d5949,False,NEU-CLS,crazing_275,0,-99
NEU,NEU::crazing_276,NEU-DET/validation/images/crazing/crazing_276.jpg,crazing_276.jpg,crazing,none,200,200,3,19868,8440b30fbde2cb5f3d254648340dbc2e4094df6ace47089511ec685f953a2bf8,False,NEU-CLS,crazing_276,0,-99
NEU,NEU::crazing_277,NEU-DET/validation/images/crazing/crazing_277.jpg,crazing_277.jpg,crazing,none,200,200,3,23636,41dee519ca65f342c25b91f0e8a6fa82c0bf90fb36be8ed47360ab57f72b7d82,False,NEU-CLS,crazing_277,0,-99
NEU,NEU::crazing_278,NEU-DET/validation/images/crazing/crazing_278.jpg,crazing_278.jpg,crazing,none,200,200,3,23575,8aa0adc94ab37ba8bc08f828343a938e0a8e24ea459e0eb5ed93a65ab0fbabdc,False,NEU-CLS,crazing_278,0,-99
NEU,NEU::crazing_279,NEU-DET/validation/images/crazing/crazing_279.jpg,crazing_279.jpg,crazing,none,200,200,3,23741,edb42fccfd1f9754fdd6866a0517c1550a46775f004618d3f6747229ba7f1b67,False,NEU-CLS,crazing_279,0,-99
NEU,NEU::crazing_28,NEU-DET/train/images/crazing/crazing_28.jpg,crazing_28.jpg,crazing,none,200,200,3,19705,933e2ddde52372191f1c211d8750a719f656ce6f8c82a0b381e57a7945b02341,False,NEU-CLS,crazing_28,0,-99
NEU,NEU::crazing_280,NEU-DET/validation/images/crazing/crazing_280.jpg,crazing_280.jpg,crazing,none,200,200,3,19745,f67462e22e7e025d07a09854282b519ad30a5bd802d79ae3c4fb17c609fdb570,False,NEU-CLS,crazing_280,0,-99
NEU,NEU::crazing_281,NEU-DET/validation/images/crazing/crazing_281.jpg,crazing_281.jpg,crazing,none,200,200,3,23659,72c1c814e984a539b879e0a03bd81fc0a1e5146b7d95bd12aea2db9a73d3a846,False,NEU-CLS,crazing_281,0,-99
NEU,NEU::crazing_282,NEU-DET/validation/images/crazing/crazing_282.jpg,crazing_282.jpg,crazing,none,200,200,3,23292,541ea674fef6a8964b6485fd3f14ee79c2a2cd24ab9d03f80e6e669d29e8378d,False,NEU-CLS,crazing_282,0,-99
NEU,NEU::crazing_283,NEU-DET/validation/images/crazing/crazing_283.jpg,crazing_283.jpg,crazing,none,200,200,3,22192,09ec881115d4ea3652342ea63a1bb225cfaf4c9624ed13838208b1477f611ded,False,NEU-CLS,crazing_283,0,-99
NEU,NEU::crazing_284,NEU-DET/validation/images/crazing/crazing_284.jpg,crazing_284.jpg,crazing,none,200,200,3,22346,7e298fc6d48cd74212b6e50c7cbd5c193f91c6ce5ea3b5787804a8cdae3870ea,False,NEU-CLS,crazing_284,0,-99
NEU,NEU::crazing_285,NEU-DET/validation/images/crazing/crazing_285.jpg,crazing_285.jpg,crazing,none,200,200,3,23255,f93b867670dc0f2ac94cf98db4fa8abcaec09bd2b3a22098bc46a20cdea1c891,False,NEU-CLS,crazing_285,0,-99
NEU,NEU::crazing_286,NEU-DET/validation/images/crazing/crazing_286.jpg,crazing_286.jpg,crazing,none,200,200,3,21964,590a7b94145bc859adbf27001833c28dcdc58d8bc67e5f0dd1e3eb978d99b571,False,NEU-CLS,crazing_286,0,-99
NEU,NEU::crazing_287,NEU-DET/validation/images/crazing/crazing_287.jpg,crazing_287.jpg,crazing,none,200,200,3,21797,793aa8808f567cd6552258c01904817b28d481c5224cce86c6b78bdd2721d42f,False,NEU-CLS,crazing_287,0,-99
NEU,NEU::crazing_288,NEU-DET/validation/images/crazing/crazing_288.jpg,crazing_288.jpg,crazing,none,200,200,3,23321,48efd269655d26e04df4dda98d72deac85963a3bee9390be7b26f81889a64bea,False,NEU-CLS,crazing_288,0,-99
NEU,NEU::crazing_289,NEU-DET/validation/images/crazing/crazing_289.jpg,crazing_289.jpg,crazing,none,200,200,3,22788,e8a4eb437e3586cdedf11bbca2fc2698cfbfeabcb8df251c80696b9b7780318c,False,NEU-CLS,crazing_289,0,-99
NEU,NEU::crazing_29,NEU-DET/train/images/crazing/crazing_29.jpg,crazing_29.jpg,crazing,none,200,200,3,19363,9718f45776957ad8492f896067db6783e448911992b49564f29b0342e5ad02b5,False,NEU-CLS,crazing_29,0,-99
NEU,NEU::crazing_290,NEU-DET/validation/images/crazing/crazing_290.jpg,crazing_290.jpg,crazing,none,200,200,3,22839,adcb1bb45c8e9a837bde4b39b3979eabf08a2ad921bb2b660b3d61a17c6c8800,False,NEU-CLS,crazing_290,0,-99
NEU,NEU::crazing_291,NEU-DET/validation/images/crazing/crazing_291.jpg,crazing_291.jpg,crazing,none,200,200,3,23137,f08ee4fd02d4b59f72263bc8b11bf3af8561d7527be9c5636f1eb4f7398534ea,False,NEU-CLS,crazing_291,0,-99
NEU,NEU::crazing_292,NEU-DET/validation/images/crazing/crazing_292.jpg,crazing_292.jpg,crazing,none,200,200,3,23261,091518252229e30c7a01b80f32aa02a9f1c576b1649deaa7bca26bc4b2b67203,False,NEU-CLS,crazing_292,0,-99
NEU,NEU::crazing_293,NEU-DET/validation/images/crazing/crazing_293.jpg,crazing_293.jpg,crazing,none,200,200,3,23120,d2ba33bf399dabc564bd17c2a3b104d832decf6eaf585ae09e3d3a3eec1911d3,False,NEU-CLS,crazing_293,0,-99
NEU,NEU::crazing_294,NEU-DET/validation/images/crazing/crazing_294.jpg,crazing_294.jpg,crazing,none,200,200,3,20550,067a4d6dd8fbae0a53fe3ed2242c7ceb0cabd778003db32a25205a45ca9f1230,False,NEU-CLS,crazing_294,0,-99
NEU,NEU::crazing_295,NEU-DET/validation/images/crazing/crazing_295.jpg,crazing_295.jpg,crazing,none,200,200,3,23153,baf96b62005b06f8f3e14fd87e5b9748b52f0f8e1598c26d10cff50692bfc6b6,False,NEU-CLS,crazing_295,0,-99
NEU,NEU::crazing_296,NEU-DET/validation/images/crazing/crazing_296.jpg,crazing_296.jpg,crazing,none,200,200,3,23436,92a1d48c1f1b08a495abbc40d999e54f6a2fdb910ecf40cc9675aeb917db3b5e,False,NEU-CLS,crazing_296,0,-99
NEU,NEU::crazing_297,NEU-DET/validation/images/crazing/crazing_297.jpg,crazing_297.jpg,crazing,none,200,200,3,23716,f747b0d994279d4e000f854793f762f3592becb5909afb704d512b9e74f2dbd4,False,NEU-CLS,crazing_297,0,-99
NEU,NEU::crazing_298,NEU-DET/validation/images/crazing/crazing_298.jpg,crazing_298.jpg,crazing,none,200,200,3,23434,767ef7b4c31afd770cd2dfd17341af33ca3eec6a0018ad9cf9ef6c69c13c97a0,False,NEU-CLS,crazing_298,0,-99
NEU,NEU::crazing_299,NEU-DET/validation/images/crazing/crazing_299.jpg,crazing_299.jpg,crazing,none,200,200,3,23459,37cb5a5f9ffcf7226ac5a1963823da5b918c26750897d1926c9bc90b0eb7ec67,False,NEU-CLS,crazing_299,0,-99
NEU,NEU::crazing_3,NEU-DET/train/images/crazing/crazing_3.jpg,crazing_3.jpg,crazing,none,200,200,3,21321,155778cd3e7c82e81ea80a956a015f4eb3d0d09828fca6956eb8883edc39d123,False,NEU-CLS,crazing_3,0,-99
NEU,NEU::crazing_30,NEU-DET/train/images/crazing/crazing_30.jpg,crazing_30.jpg,crazing,none,200,200,3,22306,81aff6312a4ceae245855ced6e56719e7e8e3d0911345317d2bb9f8ebbb9847e,False,NEU-CLS,crazing_30,0,-99
NEU,NEU::crazing_300,NEU-DET/validation/images/crazing/crazing_300.jpg,crazing_300.jpg,crazing,none,200,200,3,23558,87595c05d2a5f7792c219dfa245dce2cfc26784e165a5172fecaab73eaee288d,False,NEU-CLS,crazing_300,0,-99
NEU,NEU::crazing_31,NEU-DET/train/images/crazing/crazing_31.jpg,crazing_31.jpg,crazing,none,200,200,3,23008,11811c52e18ce0f75735982d56a593e8c7d55ce91acbbb276e716d921de03c6c,False,NEU-CLS,crazing_31,0,-99
NEU,NEU::crazing_32,NEU-DET/train/images/crazing/crazing_32.jpg,crazing_32.jpg,crazing,none,200,200,3,20832,f57a1208c7883891c0bea1879d9d6e45df7d5640a47caccc0df53615f87b5533,False,NEU-CLS,crazing_32,0,-99
NEU,NEU::crazing_33,NEU-DET/train/images/crazing/crazing_33.jpg,crazing_33.jpg,crazing,none,200,200,3,23446,448d39af4c31bc49221dbaaca70522b51a5c9b000499f395db8292f421788931,False,NEU-CLS,crazing_33,0,-99
NEU,NEU::crazing_34,NEU-DET/train/images/crazing/crazing_34.jpg,crazing_34.jpg,crazing,none,200,200,3,20684,fdee1c20f4c0476d35b7348d2325e4a933b8992465ed2fb409435cde08f0197e,False,NEU-CLS,crazing_34,0,-99
NEU,NEU::crazing_35,NEU-DET/train/images/crazing/crazing_35.jpg,crazing_35.jpg,crazing,none,200,200,3,21372,744ed04f33da9d31c23f0c1b1d97157c96e39fb5e8b38a5f98f97473b86baff9,False,NEU-CLS,crazing_35,0,-99
NEU,NEU::crazing_36,NEU-DET/train/images/crazing/crazing_36.jpg,crazing_36.jpg,crazing,none,200,200,3,21125,84294a46d3ecfbaab1882f992230e73a56852ce3778d0187e8f6ed352e763103,False,NEU-CLS,crazing_36,0,-99
NEU,NEU::crazing_37,NEU-DET/train/images/crazing/crazing_37.jpg,crazing_37.jpg,crazing,none,200,200,3,20107,4ffcf91ed3cf1fdd3f2d840553b6cb569e4ca1ab0eece4db7810082a7fa7026d,False,NEU-CLS,crazing_37,0,-99
NEU,NEU::crazing_38,NEU-DET/train/images/crazing/crazing_38.jpg,crazing_38.jpg,crazing,none,200,200,3,20503,5e16cb2c52345acb8e71cf29e98082a6e52074a8e823452ea59705e482b8c4c2,False,NEU-CLS,crazing_38,0,-99
NEU,NEU::crazing_39,NEU-DET/train/images/crazing/crazing_39.jpg,crazing_39.jpg,crazing,none,200,200,3,20348,4a2b97c587ee93b2ca5ba820ce2c09c4d25fe95a731fce3bd96d6fe91d04f594,False,NEU-CLS,crazing_39,0,-99
NEU,NEU::crazing_4,NEU-DET/train/images/crazing/crazing_4.jpg,crazing_4.jpg,crazing,none,200,200,3,23008,0f52f3882d3ffc77a5f20c2c4b557a6a79620090e6f8ef9a0568ed508749e436,False,NEU-CLS,crazing_4,0,-99
NEU,NEU::crazing_40,NEU-DET/train/images/crazing/crazing_40.jpg,crazing_40.jpg,crazing,none,200,200,3,22583,5af42f7b29116f3a377435738a7cada23e573e81998b6a34b1c3f8e137f18dbc,False,NEU-CLS,crazing_40,0,-99
NEU,NEU::crazing_41,NEU-DET/train/images/crazing/crazing_41.jpg,crazing_41.jpg,crazing,none,200,200,3,23837,53b23674f9756ffbee2d8e24d622ab80c797f9380b881734a62d8f8383bd1f49,False,NEU-CLS,crazing_41,0,-99
NEU,NEU::crazing_42,NEU-DET/train/images/crazing/crazing_42.jpg,crazing_42.jpg,crazing,none,200,200,3,23297,9381527988faf21bd1241ad42d0dc85f53bc54e0c83c8b5bfdf3b4a0f430b640,False,NEU-CLS,crazing_42,0,-99
NEU,NEU::crazing_43,NEU-DET/train/images/crazing/crazing_43.jpg,crazing_43.jpg,crazing,none,200,200,3,19595,0e3fae3fea8ac95c28d5d5f791418a967b76ab1f73512677ca13a9148874150e,False,NEU-CLS,crazing_43,0,-99
NEU,NEU::crazing_44,NEU-DET/train/images/crazing/crazing_44.jpg,crazing_44.jpg,crazing,none,200,200,3,19679,4b95e1f850b1cf16c6117525ffee5cd0669bd8211ef9ad58507d7b3f3c423b9a,False,NEU-CLS,crazing_44,0,-99
NEU,NEU::crazing_45,NEU-DET/train/images/crazing/crazing_45.jpg,crazing_45.jpg,crazing,none,200,200,3,20045,d3dce85fea7604f681e3da01982c40842e1fb564242c1a755fac59355816df56,False,NEU-CLS,crazing_45,0,-99
NEU,NEU::crazing_46,NEU-DET/train/images/crazing/crazing_46.jpg,crazing_46.jpg,crazing,none,200,200,3,23768,ebbb23464a4c5be52235fd3088e89930c60802de487a1fa1c608bee259a48526,False,NEU-CLS,crazing_46,0,-99
NEU,NEU::crazing_47,NEU-DET/train/images/crazing/crazing_47.jpg,crazing_47.jpg,crazing,none,200,200,3,23208,d77ee250330fd1743874dadec8bedd898266c285e810be192742fe470aeec688,False,NEU-CLS,crazing_47,0,-99
NEU,NEU::crazing_48,NEU-DET/train/images/crazing/crazing_48.jpg,crazing_48.jpg,crazing,none,200,200,3,23984,d79b1cf76ffa81315a8e1a870e374076bdcc01196e4eb9796c8d43297ca4d8cc,False,NEU-CLS,crazing_48,0,-99
NEU,NEU::crazing_49,NEU-DET/train/images/crazing/crazing_49.jpg,crazing_49.jpg,crazing,none,200,200,3,23908,d9beeff73a60926ebf5a2763df3f02c22275f0d9164b81204d30a4926a1ebcce,False,NEU-CLS,crazing_49,0,-99
NEU,NEU::crazing_5,NEU-DET/train/images/crazing/crazing_5.jpg,crazing_5.jpg,crazing,none,200,200,3,23226,efcdf6413c7265a1492cf9e9de37ae8b260061b60b06a0212dc9c9b840cb4ab2,False,NEU-CLS,crazing_5,0,-99
NEU,NEU::crazing_50,NEU-DET/train/images/crazing/crazing_50.jpg,crazing_50.jpg,crazing,none,200,200,3,24150,a7a11fa9737a118af9703e8ea983bee26d5db78ba2c6fe067d536cc200366323,False,NEU-CLS,crazing_50,0,-99
NEU,NEU::crazing_51,NEU-DET/train/images/crazing/crazing_51.jpg,crazing_51.jpg,crazing,none,200,200,3,20348,185daa31428cf2467d48f9f57ff582575d07a796cd26d77f3e05537bae681503,False,NEU-CLS,crazing_51,0,-99
NEU,NEU::crazing_52,NEU-DET/train/images/crazing/crazing_52.jpg,crazing_52.jpg,crazing,none,200,200,3,20108,055986e899fafa4a46e80fe01e5dad5255a5158b55e77325bed3b1c9bdc5b9c9,False,NEU-CLS,crazing_52,0,-99
NEU,NEU::crazing_53,NEU-DET/train/images/crazing/crazing_53.jpg,crazing_53.jpg,crazing,none,200,200,3,16991,a16828a58ab03f0c6cd5947f4a7015eef72febf6e5528b49fb165539046b53fa,False,NEU-CLS,crazing_53,0,-99
NEU,NEU::crazing_54,NEU-DET/train/images/crazing/crazing_54.jpg,crazing_54.jpg,crazing,none,200,200,3,20249,1bb2a0b5f536370e8565466ec3d6147071fe5a17925ef706b5166bca8f1dd1f9,False,NEU-CLS,crazing_54,0,-99
NEU,NEU::crazing_55,NEU-DET/train/images/crazing/crazing_55.jpg,crazing_55.jpg,crazing,none,200,200,3,20186,ef625b79fbd0636ce5a4af56e0ff832f5ab3c1b25dc7c0e648b20fbcadf1a798,False,NEU-CLS,crazing_55,0,-99
NEU,NEU::crazing_56,NEU-DET/train/images/crazing/crazing_56.jpg,crazing_56.jpg,crazing,none,200,200,3,21709,f0db4ea8f3b579799fac33d14d621dc7de2e0c56c0bf83bf2539c56cac1ac3f5,False,NEU-CLS,crazing_56,0,-99
NEU,NEU::crazing_57,NEU-DET/train/images/crazing/crazing_57.jpg,crazing_57.jpg,crazing,none,200,200,3,19910,d962440b85f1a1b6a3fbfc38562dd10fba994c3e8b269ae34b28f2f44b0edff0,False,NEU-CLS,crazing_57,0,-99
NEU,NEU::crazing_58,NEU-DET/train/images/crazing/crazing_58.jpg,crazing_58.jpg,crazing,none,200,200,3,23255,b65f1e18d496df96231807c74aab701d680a5d529be56ad97497f6f52443d977,False,NEU-CLS,crazing_58,0,-99
NEU,NEU::crazing_59,NEU-DET/train/images/crazing/crazing_59.jpg,crazing_59.jpg,crazing,none,200,200,3,19660,a00621e2838535650cc053346039c394cb920e4166eb08785c68b8cc8e65bbec,False,NEU-CLS,crazing_59,0,-99
NEU,NEU::crazing_6,NEU-DET/train/images/crazing/crazing_6.jpg,crazing_6.jpg,crazing,none,200,200,3,23498,34646d48f4e27f58a044ddac5e893c3208e855676e724a33f9d8e588bc78b2bd,False,NEU-CLS,crazing_6,0,-99
NEU,NEU::crazing_60,NEU-DET/train/images/crazing/crazing_60.jpg,crazing_60.jpg,crazing,none,200,200,3,20134,564d10bccbc68f4c7e1983493469c7adb25dc89ab37456c748c3e70acf232f57,False,NEU-CLS,crazing_60,0,-99
NEU,NEU::crazing_61,NEU-DET/train/images/crazing/crazing_61.jpg,crazing_61.jpg,crazing,none,200,200,3,21311,d0e4e13c6a2680da14861607445dec73092103187163bcd0d677d8f43028ef10,False,NEU-CLS,crazing_61,0,-99
NEU,NEU::crazing_62,NEU-DET/train/images/crazing/crazing_62.jpg,crazing_62.jpg,crazing,none,200,200,3,23594,8abc2a5ba3bb3c562fddf2c815f0803f4ae32d6a05c83ffd424465011e55769e,False,NEU-CLS,crazing_62,0,-99
NEU,NEU::crazing_63,NEU-DET/train/images/crazing/crazing_63.jpg,crazing_63.jpg,crazing,none,200,200,3,20184,b6870a0cc504de5913c485b462c538bcc6242771cf4fe3f2cb22ba37cae0483a,False,NEU-CLS,crazing_63,0,-99
NEU,NEU::crazing_64,NEU-DET/train/images/crazing/crazing_64.jpg,crazing_64.jpg,crazing,none,200,200,3,19720,41f29f1de1be87c832619d28a4e30515b2efec24b9b29560efe1957b01ac49a3,False,NEU-CLS,crazing_64,0,-99
NEU,NEU::crazing_65,NEU-DET/train/images/crazing/crazing_65.jpg,crazing_65.jpg,crazing,none,200,200,3,22622,a35f3d67bd8f90728ff701ab77e49073085bc8ad2fa3ba4bf7ef8599140f1a08,False,NEU-CLS,crazing_65,0,-99
NEU,NEU::crazing_66,NEU-DET/train/images/crazing/crazing_66.jpg,crazing_66.jpg,crazing,none,200,200,3,19752,c905e814bfb7385132197f1f8efd5b7b76414398c1534dd90114681b3d2a6144,False,NEU-CLS,crazing_66,0,-99
NEU,NEU::crazing_67,NEU-DET/train/images/crazing/crazing_67.jpg,crazing_67.jpg,crazing,none,200,200,3,20269,c4f1027db43a4cc746e12b1dda42f5d1728ecc093ee73bbb2ec8961e4aaa72cb,False,NEU-CLS,crazing_67,0,-99
NEU,NEU::crazing_68,NEU-DET/train/images/crazing/crazing_68.jpg,crazing_68.jpg,crazing,none,200,200,3,20155,cc1a491bafa45b321edbd4e82a147279093824fa258a74e942be76f0cc6ed3e2,False,NEU-CLS,crazing_68,0,-99
NEU,NEU::crazing_69,NEU-DET/train/images/crazing/crazing_69.jpg,crazing_69.jpg,crazing,none,200,200,3,22859,f83a0b7c191f807566e02550ca6d8c3a530c0bf225a50fd68c0da84aaa1b86bd,False,NEU-CLS,crazing_69,0,-99
NEU,NEU::crazing_7,NEU-DET/train/images/crazing/crazing_7.jpg,crazing_7.jpg,crazing,none,200,200,3,23681,cc919de8775d5528872dc90d26ef796a64e73bfc04310d1a993455ce7a3a9f39,False,NEU-CLS,crazing_7,0,-99
NEU,NEU::crazing_70,NEU-DET/train/images/crazing/crazing_70.jpg,crazing_70.jpg,crazing,none,200,200,3,23028,2c4a6204c48c5a072726320d3cefbf94a8667580a52b88800bc72997a4b4b653,False,NEU-CLS,crazing_70,0,-99
NEU,NEU::crazing_71,NEU-DET/train/images/crazing/crazing_71.jpg,crazing_71.jpg,crazing,none,200,200,3,23533,a73890705e7a0d3e52254d0aec000ed0307968450e10f860a7b7e45fe9e085db,False,NEU-CLS,crazing_71,0,-99
NEU,NEU::crazing_72,NEU-DET/train/images/crazing/crazing_72.jpg,crazing_72.jpg,crazing,none,200,200,3,18720,8477e24640fb56d2644a2460b57c3e653e259d8eb768d87d7342983389c5d4fb,False,NEU-CLS,crazing_72,0,-99
NEU,NEU::crazing_73,NEU-DET/train/images/crazing/crazing_73.jpg,crazing_73.jpg,crazing,none,200,200,3,19807,01da434c490153c66593c10ec70ab8a776a68d6468c7a28894fe09a5a81b50e7,False,NEU-CLS,crazing_73,0,-99
NEU,NEU::crazing_74,NEU-DET/train/images/crazing/crazing_74.jpg,crazing_74.jpg,crazing,none,200,200,3,19301,93458f9a74b514a0e88a19b98cdba20ecf2a085d0847b2320133b3765501ed57,False,NEU-CLS,crazing_74,0,-99
NEU,NEU::crazing_75,NEU-DET/train/images/crazing/crazing_75.jpg,crazing_75.jpg,crazing,none,200,200,3,19645,06eb9b9386adbe1416941871e2f20ac2de1396c623e783ca78252f8549b11008,False,NEU-CLS,crazing_75,0,-99
NEU,NEU::crazing_76,NEU-DET/train/images/crazing/crazing_76.jpg,crazing_76.jpg,crazing,none,200,200,3,19518,8e670b781eb7113474cc63d5cf47b58070206ac5aeb4b82b6890097e212b4250,False,NEU-CLS,crazing_76,0,-99
NEU,NEU::crazing_77,NEU-DET/train/images/crazing/crazing_77.jpg,crazing_77.jpg,crazing,none,200,200,3,18932,055ee2a21ea7f1edb8034df061a2a9867048640c4f3993e46c28bb92dba6a9a4,False,NEU-CLS,crazing_77,0,-99
NEU,NEU::crazing_78,NEU-DET/train/images/crazing/crazing_78.jpg,crazing_78.jpg,crazing,none,200,200,3,22314,89bf4eaf2c246bbb9cd378c6231fe2b188b1ded2e6648f89b5bbe7e4d1f01342,False,NEU-CLS,crazing_78,0,-99
NEU,NEU::crazing_79,NEU-DET/train/images/crazing/crazing_79.jpg,crazing_79.jpg,crazing,none,200,200,3,22263,05ea42b4023df81cdcab5da55b25f800345152c6a55d62f0d8d413209c8cf0bd,False,NEU-CLS,crazing_79,0,-99
NEU,NEU::crazing_8,NEU-DET/train/images/crazing/crazing_8.jpg,crazing_8.jpg,crazing,none,200,200,3,20686,641e7ed94550b4f44709faa8d5ccb5b206c82abe81e298e18c4db6f0d29d6df1,False,NEU-CLS,crazing_8,0,-99
NEU,NEU::crazing_80,NEU-DET/train/images/crazing/crazing_80.jpg,crazing_80.jpg,crazing,none,200,200,3,19429,ce76e8ff95c334621fd7c603b101abdca5ac945e3766967268332831ba41417a,False,NEU-CLS,crazing_80,0,-99
NEU,NEU::crazing_81,NEU-DET/train/images/crazing/crazing_81.jpg,crazing_81.jpg,crazing,none,200,200,3,23644,79bef32f8309a3e38a5c96e56a1e54bfd5057b58d4b000e08a5815a28bcffaef,False,NEU-CLS,crazing_81,0,-99
NEU,NEU::crazing_82,NEU-DET/train/images/crazing/crazing_82.jpg,crazing_82.jpg,crazing,none,200,200,3,19787,70ba79d6bd7962c5b1130db39351a223dcd3f5bafd7820c30ab66573e3d4a159,False,NEU-CLS,crazing_82,0,-99
NEU,NEU::crazing_83,NEU-DET/train/images/crazing/crazing_83.jpg,crazing_83.jpg,crazing,none,200,200,3,23790,b44de873cabd306c7fd31edebcedde3c8b6aebd35ee4d22304324da5db5b6e01,False,NEU-CLS,crazing_83,0,-99
NEU,NEU::crazing_84,NEU-DET/train/images/crazing/crazing_84.jpg,crazing_84.jpg,crazing,none,200,200,3,23363,c5669030d7526877ac547e46b9bfe8cedcc6e6e0e4f7bb481c8c52706215ae0e,False,NEU-CLS,crazing_84,0,-99
NEU,NEU::crazing_85,NEU-DET/train/images/crazing/crazing_85.jpg,crazing_85.jpg,crazing,none,200,200,3,19709,2b8c862c81366fe5c8e7d3600216f7d5b80c1b10aa55b1540d18d5eb60461ccc,False,NEU-CLS,crazing_85,0,-99
NEU,NEU::crazing_86,NEU-DET/train/images/crazing/crazing_86.jpg,crazing_86.jpg,crazing,none,200,200,3,23272,bdfee0b1201604e89f9ed8953bea9f820375c70335c109fe7a434c326868f9b4,False,NEU-CLS,crazing_86,0,-99
NEU,NEU::crazing_87,NEU-DET/train/images/crazing/crazing_87.jpg,crazing_87.jpg,crazing,none,200,200,3,19896,b8d2d75a4a252c9b8735931f45c6dd576219ba514823cf41e40076b685023958,False,NEU-CLS,crazing_87,0,-99
NEU,NEU::crazing_88,NEU-DET/train/images/crazing/crazing_88.jpg,crazing_88.jpg,crazing,none,200,200,3,22688,9519c11fd80a47c30c9b46f2820a57a967d0cf74d9db0b2b06345c7af3194751,False,NEU-CLS,crazing_88,0,-99
NEU,NEU::crazing_89,NEU-DET/train/images/crazing/crazing_89.jpg,crazing_89.jpg,crazing,none,200,200,3,17766,b74f577a82e82a76db9450526b2fc5863ecc761cfb6d243fef8907559711afb5,False,NEU-CLS,crazing_89,0,-99
NEU,NEU::crazing_9,NEU-DET/train/images/crazing/crazing_9.jpg,crazing_9.jpg,crazing,none,200,200,3,22328,77fa42b142e72ebaadeb44516b791bddcf511db1a4448655e4c16180012a263d,False,NEU-CLS,crazing_9,0,-99
NEU,NEU::crazing_90,NEU-DET/train/images/crazing/crazing_90.jpg,crazing_90.jpg,crazing,none,200,200,3,19447,d0ffb5df9fa35be28448d4f9b9efc5fd881868fcbd989a66981adee52b061f1e,False,NEU-CLS,crazing_90,0,-99
NEU,NEU::crazing_91,NEU-DET/train/images/crazing/crazing_91.jpg,crazing_91.jpg,crazing,none,200,200,3,23222,f7b2c16c4506a6c7b3cb97f5a5c7db6ae55d3dcdcea66828866ad2aba7b029c1,False,NEU-CLS,crazing_91,0,-99
NEU,NEU::crazing_92,NEU-DET/train/images/crazing/crazing_92.jpg,crazing_92.jpg,crazing,none,200,200,3,23319,6d73bee0a96f6225aa34bef31b62743b657c1254023eeebf604d7bad83142deb,False,NEU-CLS,crazing_92,0,-99
NEU,NEU::crazing_93,NEU-DET/train/images/crazing/crazing_93.jpg,crazing_93.jpg,crazing,none,200,200,3,22602,2585ec106fb28318a0b6ddc3e5b80f3f80876bd0cd3bdd4f6a99f5d7daac44df,False,NEU-CLS,crazing_93,0,-99
NEU,NEU::crazing_94,NEU-DET/train/images/crazing/crazing_94.jpg,crazing_94.jpg,crazing,none,200,200,3,19009,d33a7c76a9097cbd713eaad36560aa59a825710de6b4e1f11ff7b3050bee602f,False,NEU-CLS,crazing_94,0,-99
NEU,NEU::crazing_95,NEU-DET/train/images/crazing/crazing_95.jpg,crazing_95.jpg,crazing,none,200,200,3,21909,b12e69d530b6835b738cd918273ba8689b4eb12b931771e3a729571a8f0eaed6,False,NEU-CLS,crazing_95,0,-99
NEU,NEU::crazing_96,NEU-DET/train/images/crazing/crazing_96.jpg,crazing_96.jpg,crazing,none,200,200,3,22778,a678a984ad795c63e8db2587831755f6d8bad4b5116361ab48a1d93a12479c9f,False,NEU-CLS,crazing_96,0,-99
NEU,NEU::crazing_97,NEU-DET/train/images/crazing/crazing_97.jpg,crazing_97.jpg,crazing,none,200,200,3,23012,a613d4150cdcc04fae34a4e95814a877e1cccc939851343b46f8e11386190b68,False,NEU-CLS,crazing_97,0,-99
NEU,NEU::crazing_98,NEU-DET/train/images/crazing/crazing_98.jpg,crazing_98.jpg,crazing,none,200,200,3,22546,8bad4ff0ef7fd0b090e649037db185543ef3db586b3f52e00fd7a1b13516092f,False,NEU-CLS,crazing_98,0,-99
NEU,NEU::crazing_99,NEU-DET/train/images/crazing/crazing_99.jpg,crazing_99.jpg,crazing,none,200,200,3,18760,2fdc9b193fd36431552fab516805c037a5f6e972ef61f6e0d95ab0892925d96d,False,NEU-CLS,crazing_99,0,-99
NEU,NEU::inclusion_1,NEU-DET/train/images/inclusion/inclusion_1.jpg,inclusion_1.jpg,inclusion,none,200,200,3,8761,2b0a6eff755d5c5867d3e3ca6b26af9548813e50c9b12b0f3381a49560a42634,False,NEU-CLS,inclusion_1,1,-99
NEU,NEU::inclusion_10,NEU-DET/train/images/inclusion/inclusion_10.jpg,inclusion_10.jpg,inclusion,none,200,200,3,8770,67a9e66628070a2508aced5103bb920ba0a48c8e1897d0ee5058647bc0f67f02,False,NEU-CLS,inclusion_10,1,-99
NEU,NEU::inclusion_100,NEU-DET/train/images/inclusion/inclusion_100.jpg,inclusion_100.jpg,inclusion,none,200,200,3,8904,4a204bd8c11a28973c0f7abd57439cc1116af08aa4e7e1e1dd36eae887c9dec7,False,NEU-CLS,inclusion_100,1,-99
NEU,NEU::inclusion_101,NEU-DET/train/images/inclusion/inclusion_101.jpg,inclusion_101.jpg,inclusion,none,200,200,3,8504,314b71b87c87fe49edd16b947d7161546fdbacc2655c7695da041a31c7026d7a,False,NEU-CLS,inclusion_101,1,-99
NEU,NEU::inclusion_102,NEU-DET/train/images/inclusion/inclusion_102.jpg,inclusion_102.jpg,inclusion,none,200,200,3,9272,0b60560ad9252b5c0f1187c7b5a6a9ec732157ac79b0bd11493cc3b6d44bd3e3,False,NEU-CLS,inclusion_102,1,-99
NEU,NEU::inclusion_103,NEU-DET/train/images/inclusion/inclusion_103.jpg,inclusion_103.jpg,inclusion,none,200,200,3,7778,2dcc3bb7d8c5ac7f3ef0821f9d4bd3a35a7964be1628a80a534ba0bf4646f3fc,False,NEU-CLS,inclusion_103,1,-99
NEU,NEU::inclusion_104,NEU-DET/train/images/inclusion/inclusion_104.jpg,inclusion_104.jpg,inclusion,none,200,200,3,9235,f6d1f086d618e7898841c26ad7f6d1016ed53d61bf472c63f6dad11bd290d5f2,False,NEU-CLS,inclusion_104,1,-99
NEU,NEU::inclusion_105,NEU-DET/train/images/inclusion/inclusion_105.jpg,inclusion_105.jpg,inclusion,none,200,200,3,8878,b017cecce1ed22826088c567cf600c2d7925e2e002b69a0b6abf7f494d8cde86,False,NEU-CLS,inclusion_105,1,-99
NEU,NEU::inclusion_106,NEU-DET/train/images/inclusion/inclusion_106.jpg,inclusion_106.jpg,inclusion,none,200,200,3,7707,daa14864329dffb7423a3bebb1d09e135caa573e059f888b0df8ed73e277b6b2,False,NEU-CLS,inclusion_106,1,-99
NEU,NEU::inclusion_107,NEU-DET/train/images/inclusion/inclusion_107.jpg,inclusion_107.jpg,inclusion,none,200,200,3,10077,e4e9f9a990f83be32b5c034ceb0c4221773b990ac3e16b1f50a4b9198928c931,False,NEU-CLS,inclusion_107,1,-99
NEU,NEU::inclusion_108,NEU-DET/train/images/inclusion/inclusion_108.jpg,inclusion_108.jpg,inclusion,none,200,200,3,6978,bfcdd7d31d4dd71195b20d5ee0ef212776706c1aade4741cb105ce9206bc23cf,False,NEU-CLS,inclusion_108,1,-99
NEU,NEU::inclusion_109,NEU-DET/train/images/inclusion/inclusion_109.jpg,inclusion_109.jpg,inclusion,none,200,200,3,6862,8056fae340d0cf22cc6abf3ab0ca43dc32e22fb75f423acb3a59fe0f6c389e15,False,NEU-CLS,inclusion_109,1,-99
NEU,NEU::inclusion_11,NEU-DET/train/images/inclusion/inclusion_11.jpg,inclusion_11.jpg,inclusion,none,200,200,3,6711,26f65a8837796443967138e5addc16cc21d481795dbdf63da8baf6579d4bbf5b,False,NEU-CLS,inclusion_11,1,-99
NEU,NEU::inclusion_110,NEU-DET/train/images/inclusion/inclusion_110.jpg,inclusion_110.jpg,inclusion,none,200,200,3,7519,ec3ab6724ba7ed34889aceee6de8c9776905df1ad2224ef6c104fa54c0fefbe5,False,NEU-CLS,inclusion_110,1,-99
NEU,NEU::inclusion_111,NEU-DET/train/images/inclusion/inclusion_111.jpg,inclusion_111.jpg,inclusion,none,200,200,3,7583,78c04620e339ecb660b05e50fb3e51dc92ac9bc0e41e4ec4c6fbef9431db04d8,False,NEU-CLS,inclusion_111,1,-99
NEU,NEU::inclusion_112,NEU-DET/train/images/inclusion/inclusion_112.jpg,inclusion_112.jpg,inclusion,none,200,200,3,6776,1d54cf98773f6ed810b6958ec7ea873e2b44311d38c40ee02feb794def78fddc,False,NEU-CLS,inclusion_112,1,-99
NEU,NEU::inclusion_113,NEU-DET/train/images/inclusion/inclusion_113.jpg,inclusion_113.jpg,inclusion,none,200,200,3,7860,a2659ec4b2525f131436db9793d8771c00580577ad002d410e106600f42fa1b4,False,NEU-CLS,inclusion_113,1,-99
NEU,NEU::inclusion_114,NEU-DET/train/images/inclusion/inclusion_114.jpg,inclusion_114.jpg,inclusion,none,200,200,3,8109,c91a9bd5ce5a0afad4c1d879dfec669d1aa5252477921d115bd16c2aff034efa,False,NEU-CLS,inclusion_114,1,-99
NEU,NEU::inclusion_115,NEU-DET/train/images/inclusion/inclusion_115.jpg,inclusion_115.jpg,inclusion,none,200,200,3,8447,e3f6a03fb6aa11cba667ab45b03671dcd4108b183bbac71ef28e620d9864cc89,False,NEU-CLS,inclusion_115,1,-99
NEU,NEU::inclusion_116,NEU-DET/train/images/inclusion/inclusion_116.jpg,inclusion_116.jpg,inclusion,none,200,200,3,8719,17297ed59542a7be793813baf3c7441e2f74e5f79636101c669171e91f0e927e,False,NEU-CLS,inclusion_116,1,-99
NEU,NEU::inclusion_117,NEU-DET/train/images/inclusion/inclusion_117.jpg,inclusion_117.jpg,inclusion,none,200,200,3,8676,84a71148648b705f3697197e5660b36a7e0319acf77300015aafe78d0d555ef6,False,NEU-CLS,inclusion_117,1,-99
NEU,NEU::inclusion_118,NEU-DET/train/images/inclusion/inclusion_118.jpg,inclusion_118.jpg,inclusion,none,200,200,3,8705,033306a176d01d3ed5f0c6ab29b5842ac44e4a52a63e28a852628056cf0cf66c,False,NEU-CLS,inclusion_118,1,-99
NEU,NEU::inclusion_119,NEU-DET/train/images/inclusion/inclusion_119.jpg,inclusion_119.jpg,inclusion,none,200,200,3,8948,f4562ead6fe00c0051cee44830c0c654dbb48b9f198e24d1baf26429aa814256,False,NEU-CLS,inclusion_119,1,-99
NEU,NEU::inclusion_12,NEU-DET/train/images/inclusion/inclusion_12.jpg,inclusion_12.jpg,inclusion,none,200,200,3,7957,399c512883d199635f6233e27e7a7a3d5bed3eb7aab15083dc5bf9f265d2baa6,False,NEU-CLS,inclusion_12,1,-99
NEU,NEU::inclusion_120,NEU-DET/train/images/inclusion/inclusion_120.jpg,inclusion_120.jpg,inclusion,none,200,200,3,9465,9deed64441fc84ee4d040cc532076cb2b68f2c227cf011c10f3ce43b9ee57ff6,False,NEU-CLS,inclusion_120,1,-99
NEU,NEU::inclusion_121,NEU-DET/train/images/inclusion/inclusion_121.jpg,inclusion_121.jpg,inclusion,none,200,200,3,9629,8a441bf016f67aaa0f21112bfbd35a032f157df1869f5b97154063f527891151,False,NEU-CLS,inclusion_121,1,-99
NEU,NEU::inclusion_122,NEU-DET/train/images/inclusion/inclusion_122.jpg,inclusion_122.jpg,inclusion,none,200,200,3,9956,be11bdbb46072c78e354a3531e4370efb39780b56bc59cbe1b776f3986832919,False,NEU-CLS,inclusion_122,1,-99
NEU,NEU::inclusion_123,NEU-DET/train/images/inclusion/inclusion_123.jpg,inclusion_123.jpg,inclusion,none,200,200,3,9584,e5aa3842ea4186e83d97099d5c413fa7ce27296b1cacc374976547412f0d8f10,False,NEU-CLS,inclusion_123,1,-99
NEU,NEU::inclusion_124,NEU-DET/train/images/inclusion/inclusion_124.jpg,inclusion_124.jpg,inclusion,none,200,200,3,9452,97fa15032df6ad2d76d39216b2ffc67f672cb9d84d1dd1d5c8375565e75f4b02,False,NEU-CLS,inclusion_124,1,-99
NEU,NEU::inclusion_125,NEU-DET/train/images/inclusion/inclusion_125.jpg,inclusion_125.jpg,inclusion,none,200,200,3,8961,155cf4ea1d3586310a12fcfe9ed6df92b7bb7f02ed9b83434b65243d6d1eb24a,False,NEU-CLS,inclusion_125,1,-99
NEU,NEU::inclusion_126,NEU-DET/train/images/inclusion/inclusion_126.jpg,inclusion_126.jpg,inclusion,none,200,200,3,8586,8d4fd5282bca4cdcf7ba5996fa44924a89742990cbdbf7dfdc5056344dbfb2c1,False,NEU-CLS,inclusion_126,1,-99
NEU,NEU::inclusion_127,NEU-DET/train/images/inclusion/inclusion_127.jpg,inclusion_127.jpg,inclusion,none,200,200,3,7332,f5491face05957d5c441d52295f15e0d9b917ac2500cd84d8baa0f2d2c39f75f,False,NEU-CLS,inclusion_127,1,-99
NEU,NEU::inclusion_128,NEU-DET/train/images/inclusion/inclusion_128.jpg,inclusion_128.jpg,inclusion,none,200,200,3,6935,679ef3b3bbd5634a8083ec6e29530980d52bf139d98e2cea973f9ebe714272d8,False,NEU-CLS,inclusion_128,1,-99
NEU,NEU::inclusion_129,NEU-DET/train/images/inclusion/inclusion_129.jpg,inclusion_129.jpg,inclusion,none,200,200,3,6428,26b493e2bc04505e128c9a3d1f1b5ab4d248ffc9b50739848fa389cf07643b0b,False,NEU-CLS,inclusion_129,1,-99
NEU,NEU::inclusion_13,NEU-DET/train/images/inclusion/inclusion_13.jpg,inclusion_13.jpg,inclusion,none,200,200,3,7964,b7a8d1df8c1325f4d62076db47c1e08e42a38a7e19e4bf79a38bc98edffb8312,False,NEU-CLS,inclusion_13,1,-99
NEU,NEU::inclusion_130,NEU-DET/train/images/inclusion/inclusion_130.jpg,inclusion_130.jpg,inclusion,none,200,200,3,9564,7d1a7e9f9c8d77814ed0e7f1c64afdeb930f4107556ec754654ab679b28995c4,False,NEU-CLS,inclusion_130,1,-99
NEU,NEU::inclusion_131,NEU-DET/train/images/inclusion/inclusion_131.jpg,inclusion_131.jpg,inclusion,none,200,200,3,6504,121102528272c406ef04d6ed35dc09445581465c39bb3280d15dc9ef837b1fa0,False,NEU-CLS,inclusion_131,1,-99
NEU,NEU::inclusion_132,NEU-DET/train/images/inclusion/inclusion_132.jpg,inclusion_132.jpg,inclusion,none,200,200,3,8696,a999cd13bff0c4a30a879391da70c8f0a39894ae18ce905e3df58a28ae99468a,False,NEU-CLS,inclusion_132,1,-99
NEU,NEU::inclusion_133,NEU-DET/train/images/inclusion/inclusion_133.jpg,inclusion_133.jpg,inclusion,none,200,200,3,7342,5304fe6f94b65fa9ee8871e9b3f6d7cc279de4c3dc4802f8e314a0df60139d86,False,NEU-CLS,inclusion_133,1,-99
NEU,NEU::inclusion_134,NEU-DET/train/images/inclusion/inclusion_134.jpg,inclusion_134.jpg,inclusion,none,200,200,3,9286,56268a1aca392a04bb1a27cd6180614baa5bbcfe2cebbdd9f8e8dce64af9643f,False,NEU-CLS,inclusion_134,1,-99
NEU,NEU::inclusion_135,NEU-DET/train/images/inclusion/inclusion_135.jpg,inclusion_135.jpg,inclusion,none,200,200,3,9392,96a0fd79d5c8d6eab03b09e2331e258b931fd1b4523668b5b49f8ab69075ce67,False,NEU-CLS,inclusion_135,1,-99
NEU,NEU::inclusion_136,NEU-DET/train/images/inclusion/inclusion_136.jpg,inclusion_136.jpg,inclusion,none,200,200,3,8856,e3f794540ebe533da72cf1066ed395705d0d46013911015619477d01a5123aa6,False,NEU-CLS,inclusion_136,1,-99
NEU,NEU::inclusion_137,NEU-DET/train/images/inclusion/inclusion_137.jpg,inclusion_137.jpg,inclusion,none,200,200,3,9777,83e36ce6a0c6c52df50800121a1f786b0b5006a0af5034bcbb64f76feb3a1a02,False,NEU-CLS,inclusion_137,1,-99
NEU,NEU::inclusion_138,NEU-DET/train/images/inclusion/inclusion_138.jpg,inclusion_138.jpg,inclusion,none,200,200,3,7790,adba4d9671f1e57d2360ac94f566fce3c56c531ea69921530d71c251a643ee6e,False,NEU-CLS,inclusion_138,1,-99
NEU,NEU::inclusion_139,NEU-DET/train/images/inclusion/inclusion_139.jpg,inclusion_139.jpg,inclusion,none,200,200,3,7536,916b7498706c9af4adfdaf71e8c10a0611699328cfa2d44003fc089c38385b5b,False,NEU-CLS,inclusion_139,1,-99
NEU,NEU::inclusion_14,NEU-DET/train/images/inclusion/inclusion_14.jpg,inclusion_14.jpg,inclusion,none,200,200,3,7059,3e5d44a4bd16a2674b3365eab98670cbce42be701f6215e13e32cc2d1dd74b66,False,NEU-CLS,inclusion_14,1,-99
NEU,NEU::inclusion_140,NEU-DET/train/images/inclusion/inclusion_140.jpg,inclusion_140.jpg,inclusion,none,200,200,3,8277,39b0022061709787cf48658c6fb8dd15731e66c4610fe9d75712366d74a2a7ae,False,NEU-CLS,inclusion_140,1,-99
NEU,NEU::inclusion_141,NEU-DET/train/images/inclusion/inclusion_141.jpg,inclusion_141.jpg,inclusion,none,200,200,3,8588,84a06d731f725be3d828a132c4a5af91d30a4c04e9ba1ab1129d44fef35066c9,False,NEU-CLS,inclusion_141,1,-99
NEU,NEU::inclusion_142,NEU-DET/train/images/inclusion/inclusion_142.jpg,inclusion_142.jpg,inclusion,none,200,200,3,7719,3ea22fcbc9559df0c49efd5c847dc1b8e2bac974845996bcfdca20013aa22572,False,NEU-CLS,inclusion_142,1,-99
NEU,NEU::inclusion_143,NEU-DET/train/images/inclusion/inclusion_143.jpg,inclusion_143.jpg,inclusion,none,200,200,3,6942,32e8bd39347f2d1d039aec781076f7a096afd5a80df15958abfbfa59e40cefaf,False,NEU-CLS,inclusion_143,1,-99
NEU,NEU::inclusion_144,NEU-DET/train/images/inclusion/inclusion_144.jpg,inclusion_144.jpg,inclusion,none,200,200,3,7326,8aa78a39a516fda6f89c9ff12162e9eac95f09f2e308436b84c561ad64579f52,False,NEU-CLS,inclusion_144,1,-99
NEU,NEU::inclusion_145,NEU-DET/train/images/inclusion/inclusion_145.jpg,inclusion_145.jpg,inclusion,none,200,200,3,7565,bd928a997d31ef67da19b3fb130b504e198e0687dd5ab5adaf5f1d888f2b9f95,False,NEU-CLS,inclusion_145,1,-99
NEU,NEU::inclusion_146,NEU-DET/train/images/inclusion/inclusion_146.jpg,inclusion_146.jpg,inclusion,none,200,200,3,8135,a6df6483c6af20b75a4833e3727863820153949d6c9a9a85903846571925ca00,False,NEU-CLS,inclusion_146,1,-99
NEU,NEU::inclusion_147,NEU-DET/train/images/inclusion/inclusion_147.jpg,inclusion_147.jpg,inclusion,none,200,200,3,8114,87066da067983f42d34b65bcf8daf90f8a88081805eb83190cefffd587e55528,False,NEU-CLS,inclusion_147,1,-99
NEU,NEU::inclusion_148,NEU-DET/train/images/inclusion/inclusion_148.jpg,inclusion_148.jpg,inclusion,none,200,200,3,8524,08fadc55bbfc38e5b1bfb98edf6647e8071a03b440d905a4b5a075ea8e20c7ec,False,NEU-CLS,inclusion_148,1,-99
NEU,NEU::inclusion_149,NEU-DET/train/images/inclusion/inclusion_149.jpg,inclusion_149.jpg,inclusion,none,200,200,3,8943,ce474a3f31f2970dbe9c0ffdca8450df075601d75043a5f3443be5b8eb35f907,False,NEU-CLS,inclusion_149,1,-99
NEU,NEU::inclusion_15,NEU-DET/train/images/inclusion/inclusion_15.jpg,inclusion_15.jpg,inclusion,none,200,200,3,8645,d97cf69a0e573de757e2eaaaa35451f9121242ce528a872b6e38927feb537fb8,False,NEU-CLS,inclusion_15,1,-99
NEU,NEU::inclusion_150,NEU-DET/train/images/inclusion/inclusion_150.jpg,inclusion_150.jpg,inclusion,none,200,200,3,9778,d1c6327a8e25505b2fc0d78a7a4acfd6a178d33bd57153c4ad19cde34151b073,False,NEU-CLS,inclusion_150,1,-99
NEU,NEU::inclusion_151,NEU-DET/train/images/inclusion/inclusion_151.jpg,inclusion_151.jpg,inclusion,none,200,200,3,9946,2f54b0fd9e6dc52ffcc99a6b21a9ea87ea2c2f87bdc1004cb65f9a6ec4fe9fe8,False,NEU-CLS,inclusion_151,1,-99
NEU,NEU::inclusion_152,NEU-DET/train/images/inclusion/inclusion_152.jpg,inclusion_152.jpg,inclusion,none,200,200,3,9310,b001742d109eaca3abdbcda69c81e660f07eb26b687e98f13cafda10656d5b49,False,NEU-CLS,inclusion_152,1,-99
NEU,NEU::inclusion_153,NEU-DET/train/images/inclusion/inclusion_153.jpg,inclusion_153.jpg,inclusion,none,200,200,3,8870,45d7514244ee1334c276973371a33bf1d5791ba3ee8548a19ed996ecc4279bf5,False,NEU-CLS,inclusion_153,1,-99
NEU,NEU::inclusion_154,NEU-DET/train/images/inclusion/inclusion_154.jpg,inclusion_154.jpg,inclusion,none,200,200,3,9211,93ced17f4532f10811fe84d12c5b7c366e778f5f1cde4da0923be991d10a2305,False,NEU-CLS,inclusion_154,1,-99
NEU,NEU::inclusion_155,NEU-DET/train/images/inclusion/inclusion_155.jpg,inclusion_155.jpg,inclusion,none,200,200,3,8379,c5858265ba4571fe22ec933cb3e43d91742f98e57d39a2a7c36734b1a140ff5e,False,NEU-CLS,inclusion_155,1,-99
NEU,NEU::inclusion_156,NEU-DET/train/images/inclusion/inclusion_156.jpg,inclusion_156.jpg,inclusion,none,200,200,3,7054,ff382e577013e3c6ed9c2edb09ca4a2fa01c9dc7b2c6926577136b72bd0f8f31,False,NEU-CLS,inclusion_156,1,-99
NEU,NEU::inclusion_157,NEU-DET/train/images/inclusion/inclusion_157.jpg,inclusion_157.jpg,inclusion,none,200,200,3,8849,43a920eaf92b342c118b81d1cb5d9996dc73bb2ecbcad3ad2ea69c7f61c8d271,False,NEU-CLS,inclusion_157,1,-99
NEU,NEU::inclusion_158,NEU-DET/train/images/inclusion/inclusion_158.jpg,inclusion_158.jpg,inclusion,none,200,200,3,9183,1708c782c65037a4e1002c179ec593782fcd4f0b086a5cac0ffd573ef58dc7a4,False,NEU-CLS,inclusion_158,1,-99
NEU,NEU::inclusion_159,NEU-DET/train/images/inclusion/inclusion_159.jpg,inclusion_159.jpg,inclusion,none,200,200,3,6772,334f175f1c20608fe83aca78b84d5e5e174f0faf0e2f0d573a94a58b7978734f,False,NEU-CLS,inclusion_159,1,-99
NEU,NEU::inclusion_16,NEU-DET/train/images/inclusion/inclusion_16.jpg,inclusion_16.jpg,inclusion,none,200,200,3,10134,1ff85f67c5d902bf00a37895e4ea86ca2a49bb1c452fa9fc44d0431f154a3940,False,NEU-CLS,inclusion_16,1,-99
NEU,NEU::inclusion_160,NEU-DET/train/images/inclusion/inclusion_160.jpg,inclusion_160.jpg,inclusion,none,200,200,3,8115,1d313b57bc9d79f93550317dbd2a783a94c718c5a59e60953430655b8a2804f7,False,NEU-CLS,inclusion_160,1,-99
NEU,NEU::inclusion_161,NEU-DET/train/images/inclusion/inclusion_161.jpg,inclusion_161.jpg,inclusion,none,200,200,3,8903,a4cd53d1d2e625c7af5487dfe0710b0b731e5fa84a4f32e2942b2db49286c02a,False,NEU-CLS,inclusion_161,1,-99
NEU,NEU::inclusion_162,NEU-DET/train/images/inclusion/inclusion_162.jpg,inclusion_162.jpg,inclusion,none,200,200,3,9945,f759a7280dbeb3ac000845c90d2f5d9d0324330c543dcfe23771fa3ff550fe69,False,NEU-CLS,inclusion_162,1,-99
NEU,NEU::inclusion_163,NEU-DET/train/images/inclusion/inclusion_163.jpg,inclusion_163.jpg,inclusion,none,200,200,3,9794,0c18abd9ca29890c846e8f8515ea5b676f927333169180b02c83cfe0fd258d00,False,NEU-CLS,inclusion_163,1,-99
NEU,NEU::inclusion_164,NEU-DET/train/images/inclusion/inclusion_164.jpg,inclusion_164.jpg,inclusion,none,200,200,3,9599,99bca7b247dbf186658ebcf83f5746b579a48b6c80ac6dcc2e9abdb38cc6ae7c,False,NEU-CLS,inclusion_164,1,-99
NEU,NEU::inclusion_165,NEU-DET/train/images/inclusion/inclusion_165.jpg,inclusion_165.jpg,inclusion,none,200,200,3,8467,c58092575544dd1697cbe20f5b87b7e45bb1234a5cceb7d0b3399aa786272d72,False,NEU-CLS,inclusion_165,1,-99
NEU,NEU::inclusion_166,NEU-DET/train/images/inclusion/inclusion_166.jpg,inclusion_166.jpg,inclusion,none,200,200,3,8635,6ab19736190e97e57643404649b0ed3d2cb75ab6bc66f1c2bece67d888458573,False,NEU-CLS,inclusion_166,1,-99
NEU,NEU::inclusion_167,NEU-DET/train/images/inclusion/inclusion_167.jpg,inclusion_167.jpg,inclusion,none,200,200,3,7229,5010d4ddf544bbf92f607d8d52659978e1d4c9aab299a222304ce8a5807c3fa1,False,NEU-CLS,inclusion_167,1,-99
NEU,NEU::inclusion_168,NEU-DET/train/images/inclusion/inclusion_168.jpg,inclusion_168.jpg,inclusion,none,200,200,3,8554,993844e1b0fc263877c6b0be51967d55e3f58dfab3774cdc4fa4576e811e0001,False,NEU-CLS,inclusion_168,1,-99
NEU,NEU::inclusion_169,NEU-DET/train/images/inclusion/inclusion_169.jpg,inclusion_169.jpg,inclusion,none,200,200,3,6279,e4936ff375f3bc21a1b7e43c9a0ecce642b1e603ee33d53231b065b458c77d0b,False,NEU-CLS,inclusion_169,1,-99
NEU,NEU::inclusion_17,NEU-DET/train/images/inclusion/inclusion_17.jpg,inclusion_17.jpg,inclusion,none,200,200,3,8991,87581da8b895c19669fe724b00b2180dd183fec337a3af9e0b88d574dba7e66f,False,NEU-CLS,inclusion_17,1,-99
NEU,NEU::inclusion_170,NEU-DET/train/images/inclusion/inclusion_170.jpg,inclusion_170.jpg,inclusion,none,200,200,3,7389,257c47ee8cb4152c4541ba6bad002a52f9de6cd65f20de0d6067fe55ff18b853,False,NEU-CLS,inclusion_170,1,-99
NEU,NEU::inclusion_171,NEU-DET/train/images/inclusion/inclusion_171.jpg,inclusion_171.jpg,inclusion,none,200,200,3,7979,abdc50d7591e7dcdb26660803594aa3dcf81c48fbf52b5b8f46a3c2250e2f276,False,NEU-CLS,inclusion_171,1,-99
NEU,NEU::inclusion_172,NEU-DET/train/images/inclusion/inclusion_172.jpg,inclusion_172.jpg,inclusion,none,200,200,3,8576,aa18ffe8e33f56dddfd1b88fd54e89aeeff1983c71b9f325c6baa021320c185c,False,NEU-CLS,inclusion_172,1,-99
NEU,NEU::inclusion_173,NEU-DET/train/images/inclusion/inclusion_173.jpg,inclusion_173.jpg,inclusion,none,200,200,3,8906,709e3ad3e08c8b75d794df22678327ed67c1683eb2d66d88342621cb6df3a871,False,NEU-CLS,inclusion_173,1,-99
NEU,NEU::inclusion_174,NEU-DET/train/images/inclusion/inclusion_174.jpg,inclusion_174.jpg,inclusion,none,200,200,3,8985,e7904a51bc0734dfb82dbe02ad4deb759942fe04dc918de1d1decde464a7e367,False,NEU-CLS,inclusion_174,1,-99
NEU,NEU::inclusion_175,NEU-DET/train/images/inclusion/inclusion_175.jpg,inclusion_175.jpg,inclusion,none,200,200,3,8977,f57dca12b473803c71d29d3450367083fa6b7da91370a3bea73b951d6914a3c8,False,NEU-CLS,inclusion_175,1,-99
NEU,NEU::inclusion_176,NEU-DET/train/images/inclusion/inclusion_176.jpg,inclusion_176.jpg,inclusion,none,200,200,3,8732,27dbfca58b88c6317b60ffac4c27d61c14e8a3d6b78aca99ed4045009ba4ef9b,False,NEU-CLS,inclusion_176,1,-99
NEU,NEU::inclusion_177,NEU-DET/train/images/inclusion/inclusion_177.jpg,inclusion_177.jpg,inclusion,none,200,200,3,9623,bfe34c1cf0883fb91bbb6c8f91c39f0fa174e3f3f566b6ddee04786764f546d2,False,NEU-CLS,inclusion_177,1,-99
NEU,NEU::inclusion_178,NEU-DET/train/images/inclusion/inclusion_178.jpg,inclusion_178.jpg,inclusion,none,200,200,3,8642,bf168cf60edf6b98da2946fea9f2eae33c8a3d8f7c1127bd0b83fe01b1e703e2,False,NEU-CLS,inclusion_178,1,-99
NEU,NEU::inclusion_179,NEU-DET/train/images/inclusion/inclusion_179.jpg,inclusion_179.jpg,inclusion,none,200,200,3,6742,d2332e2fe067d2143cd44ea60dd023bf5311a74617b761eaa197096cbe0479b3,False,NEU-CLS,inclusion_179,1,-99
NEU,NEU::inclusion_18,NEU-DET/train/images/inclusion/inclusion_18.jpg,inclusion_18.jpg,inclusion,none,200,200,3,9588,c1c54814ecaf2bf4f6d84aaf5c744fb648dc3c8323c3b0cfe1bd9f55df20788b,False,NEU-CLS,inclusion_18,1,-99
NEU,NEU::inclusion_180,NEU-DET/train/images/inclusion/inclusion_180.jpg,inclusion_180.jpg,inclusion,none,200,200,3,9886,d3c5b0f3abcf8c4b8ac9e2ebb5b32dfa2fe9e1f588ffb71562a73492901902b8,False,NEU-CLS,inclusion_180,1,-99
NEU,NEU::inclusion_181,NEU-DET/train/images/inclusion/inclusion_181.jpg,inclusion_181.jpg,inclusion,none,200,200,3,8062,0aaf882e14c80680751a9dee49bc7120a1e78bd270b797535275dd4f40d0e075,False,NEU-CLS,inclusion_181,1,-99
NEU,NEU::inclusion_182,NEU-DET/train/images/inclusion/inclusion_182.jpg,inclusion_182.jpg,inclusion,none,200,200,3,7795,63a2bac652e184372820aa13360ec1595ac8e4ea3ae9242f75ddac79f395c582,False,NEU-CLS,inclusion_182,1,-99
NEU,NEU::inclusion_183,NEU-DET/train/images/inclusion/inclusion_183.jpg,inclusion_183.jpg,inclusion,none,200,200,3,8176,a757f09c4119e5429c9b17381e528a6c52a094856387ea26a7249b0dac43eef6,False,NEU-CLS,inclusion_183,1,-99
NEU,NEU::inclusion_184,NEU-DET/train/images/inclusion/inclusion_184.jpg,inclusion_184.jpg,inclusion,none,200,200,3,7016,bd12f5787eea047e32b3873e3b0dda4cc12bdfef9a9fee6c4086cde1acfabbb7,False,NEU-CLS,inclusion_184,1,-99
NEU,NEU::inclusion_185,NEU-DET/train/images/inclusion/inclusion_185.jpg,inclusion_185.jpg,inclusion,none,200,200,3,7102,044e6041678c98a6ea41fdb7da1eadd75fd29ced0c8f538b43a663d42910f10b,False,NEU-CLS,inclusion_185,1,-99
NEU,NEU::inclusion_186,NEU-DET/train/images/inclusion/inclusion_186.jpg,inclusion_186.jpg,inclusion,none,200,200,3,7907,01d2800e361e3ac79a3a8b07647fe17813559b47f40235c6d12ab29596e6d35d,False,NEU-CLS,inclusion_186,1,-99
NEU,NEU::inclusion_187,NEU-DET/train/images/inclusion/inclusion_187.jpg,inclusion_187.jpg,inclusion,none,200,200,3,8141,b50fde7cffeeb0d207aa54bbab64f3a22c387042392c25a4c3a24b5d47c6b6a2,False,NEU-CLS,inclusion_187,1,-99
NEU,NEU::inclusion_188,NEU-DET/train/images/inclusion/inclusion_188.jpg,inclusion_188.jpg,inclusion,none,200,200,3,8640,15bf876da4e1fab29aef9ec5509c8a35a2d6db00f025a061fc33d1baaa460721,False,NEU-CLS,inclusion_188,1,-99
NEU,NEU::inclusion_189,NEU-DET/train/images/inclusion/inclusion_189.jpg,inclusion_189.jpg,inclusion,none,200,200,3,8857,be2f6c38b05bcb93ada47d50aa0abe2ff4d0cf9ddb7b9a0eb60310ee2cae51d6,False,NEU-CLS,inclusion_189,1,-99
NEU,NEU::inclusion_19,NEU-DET/train/images/inclusion/inclusion_19.jpg,inclusion_19.jpg,inclusion,none,200,200,3,10467,616a573f0334ba53b23e18b7861df0e7017c2a28492b368f46ad1ffa39f1fd57,False,NEU-CLS,inclusion_19,1,-99
NEU,NEU::inclusion_190,NEU-DET/train/images/inclusion/inclusion_190.jpg,inclusion_190.jpg,inclusion,none,200,200,3,8833,9b6a8769184e5b4fee387653ec7c2843b3fba233059c1914a0746fbcc1d9e5bb,False,NEU-CLS,inclusion_190,1,-99
NEU,NEU::inclusion_191,NEU-DET/train/images/inclusion/inclusion_191.jpg,inclusion_191.jpg,inclusion,none,200,200,3,8923,e9ecee694c4e4f78c234679f04f199bf2711599a59a22efc4b87af4ce7962e7c,False,NEU-CLS,inclusion_191,1,-99
NEU,NEU::inclusion_192,NEU-DET/train/images/inclusion/inclusion_192.jpg,inclusion_192.jpg,inclusion,none,200,200,3,7424,150a6917674ff35cc2bae745a3275a26839178074323a08d0ef0bc7360688463,False,NEU-CLS,inclusion_192,1,-99
NEU,NEU::inclusion_193,NEU-DET/train/images/inclusion/inclusion_193.jpg,inclusion_193.jpg,inclusion,none,200,200,3,7652,12f915d6f44c1366132a023c00ed8d932320f8777301705087f784ed2b5c8fa7,False,NEU-CLS,inclusion_193,1,-99
NEU,NEU::inclusion_194,NEU-DET/train/images/inclusion/inclusion_194.jpg,inclusion_194.jpg,inclusion,none,200,200,3,5920,55073f4ed8e7f803cb1412ad27e998fc4c59ccc5476597114703ee9210cc994f,False,NEU-CLS,inclusion_194,1,-99
NEU,NEU::inclusion_195,NEU-DET/train/images/inclusion/inclusion_195.jpg,inclusion_195.jpg,inclusion,none,200,200,3,6531,788bea257894ff1be02820f29d5b4d71b8618189615a989db9122c64cf14fb07,False,NEU-CLS,inclusion_195,1,-99
NEU,NEU::inclusion_196,NEU-DET/train/images/inclusion/inclusion_196.jpg,inclusion_196.jpg,inclusion,none,200,200,3,9293,3065bc0d2a74672b529bd3862b08d598bbc2e40c08842db33df83d6c5f72d215,False,NEU-CLS,inclusion_196,1,-99
NEU,NEU::inclusion_197,NEU-DET/train/images/inclusion/inclusion_197.jpg,inclusion_197.jpg,inclusion,none,200,200,3,7568,38d33f3610b6897a49b7f2277689fc1a92619f25d621c31808decb08848ff2f1,False,NEU-CLS,inclusion_197,1,-99
NEU,NEU::inclusion_198,NEU-DET/train/images/inclusion/inclusion_198.jpg,inclusion_198.jpg,inclusion,none,200,200,3,8554,6da68748488c972257aed5deffb37c06845808490dee0c92d0c3b680a7d0e850,False,NEU-CLS,inclusion_198,1,-99
NEU,NEU::inclusion_199,NEU-DET/train/images/inclusion/inclusion_199.jpg,inclusion_199.jpg,inclusion,none,200,200,3,9523,1a94db598829589f75908a2dffd07030d76f3304606dfe7794e7204926384949,False,NEU-CLS,inclusion_199,1,-99
NEU,NEU::inclusion_2,NEU-DET/train/images/inclusion/inclusion_2.jpg,inclusion_2.jpg,inclusion,none,200,200,3,8645,92befa6113c232f8fa98365a9e491fea7ce06e64bca4ba70ba78655dd1a2a864,False,NEU-CLS,inclusion_2,1,-99
NEU,NEU::inclusion_20,NEU-DET/train/images/inclusion/inclusion_20.jpg,inclusion_20.jpg,inclusion,none,200,200,3,6125,ded73e4967cc83fb26ceb01b84eeb6cd27157029a82cec6ac96014ed802167d8,False,NEU-CLS,inclusion_20,1,-99
NEU,NEU::inclusion_200,NEU-DET/train/images/inclusion/inclusion_200.jpg,inclusion_200.jpg,inclusion,none,200,200,3,7765,25ff4fddec2e56e41ec1589fee3739f0b9166c858a1eb33ac51090d75b352bce,False,NEU-CLS,inclusion_200,1,-99
NEU,NEU::inclusion_201,NEU-DET/train/images/inclusion/inclusion_201.jpg,inclusion_201.jpg,inclusion,none,200,200,3,7881,1d7ffba898128163002177abf22766d368700f6504f4273db2481835d247bd14,False,NEU-CLS,inclusion_201,1,-99
NEU,NEU::inclusion_202,NEU-DET/train/images/inclusion/inclusion_202.jpg,inclusion_202.jpg,inclusion,none,200,200,3,8098,c9ae789533f168d6d93ff866072d605e6612915396ef56aa6e9c77876a3a102e,False,NEU-CLS,inclusion_202,1,-99
NEU,NEU::inclusion_203,NEU-DET/train/images/inclusion/inclusion_203.jpg,inclusion_203.jpg,inclusion,none,200,200,3,6814,b840d901af6bf20738486500037931a6c0e8b331f0a8022bf3fa846570aa116c,False,NEU-CLS,inclusion_203,1,-99
NEU,NEU::inclusion_204,NEU-DET/train/images/inclusion/inclusion_204.jpg,inclusion_204.jpg,inclusion,none,200,200,3,7193,16effdf1bcb08b21d5bea1d9d5a659d905951fb721b16e65261ca7d64a2d40b9,False,NEU-CLS,inclusion_204,1,-99
NEU,NEU::inclusion_205,NEU-DET/train/images/inclusion/inclusion_205.jpg,inclusion_205.jpg,inclusion,none,200,200,3,6945,e5b195d4dae57206a538f2213c1cb94a6bcb5ddd66790b39ae03391eaf8f8fbc,False,NEU-CLS,inclusion_205,1,-99
NEU,NEU::inclusion_206,NEU-DET/train/images/inclusion/inclusion_206.jpg,inclusion_206.jpg,inclusion,none,200,200,3,7976,e925ccd5afe370eae3a6513a3e6e3f8c6ee11c43d8e5c8c4a00c8fda09e1d512,False,NEU-CLS,inclusion_206,1,-99
NEU,NEU::inclusion_207,NEU-DET/train/images/inclusion/inclusion_207.jpg,inclusion_207.jpg,inclusion,none,200,200,3,9195,7512debcf6fc4857fcb2d42326c6787e227e59f819425dfd50dcb2fba37d37cc,False,NEU-CLS,inclusion_207,1,-99
NEU,NEU::inclusion_208,NEU-DET/train/images/inclusion/inclusion_208.jpg,inclusion_208.jpg,inclusion,none,200,200,3,9281,8dac05de84c8383bbf18eccd6e4434d12d0a924e58eb74cb8650141fde74d599,False,NEU-CLS,inclusion_208,1,-99
NEU,NEU::inclusion_209,NEU-DET/train/images/inclusion/inclusion_209.jpg,inclusion_209.jpg,inclusion,none,200,200,3,9141,208c94c15ca21363b31067979f1a7e215262ffa61bf45374aa1683c8dd939083,False,NEU-CLS,inclusion_209,1,-99
NEU,NEU::inclusion_21,NEU-DET/train/images/inclusion/inclusion_21.jpg,inclusion_21.jpg,inclusion,none,200,200,3,6456,fc3d9a98b5a93305aa7ffb438c6de65e66e4f34e81020944cd90328a4d712090,False,NEU-CLS,inclusion_21,1,-99
NEU,NEU::inclusion_210,NEU-DET/train/images/inclusion/inclusion_210.jpg,inclusion_210.jpg,inclusion,none,200,200,3,7910,722df1d6a537db019f7bc0cbf839edda12fa08f9debec9e81e37df0b4496ce65,False,NEU-CLS,inclusion_210,1,-99
NEU,NEU::inclusion_211,NEU-DET/train/images/inclusion/inclusion_211.jpg,inclusion_211.jpg,inclusion,none,200,200,3,8523,1500a2dd882ede87ee5c3e0b48ec03f247d6072d51ead9924d63a10ad25cf03f,False,NEU-CLS,inclusion_211,1,-99
NEU,NEU::inclusion_212,NEU-DET/train/images/inclusion/inclusion_212.jpg,inclusion_212.jpg,inclusion,none,200,200,3,10065,3b7e5c4031b950e6f198321c3746895dc30ba0442c0bcea34a7e257ae56b2987,False,NEU-CLS,inclusion_212,1,-99
NEU,NEU::inclusion_213,NEU-DET/train/images/inclusion/inclusion_213.jpg,inclusion_213.jpg,inclusion,none,200,200,3,8088,4a3e4b850316da72a5aed186b33c93305740253df78f830c16aebe44e0e16e9b,False,NEU-CLS,inclusion_213,1,-99
NEU,NEU::inclusion_214,NEU-DET/train/images/inclusion/inclusion_214.jpg,inclusion_214.jpg,inclusion,none,200,200,3,8962,900b3af488116eb8dc24da60180598a497c4338fd72d1b0065b8ce8194ef5988,False,NEU-CLS,inclusion_214,1,-99
NEU,NEU::inclusion_215,NEU-DET/train/images/inclusion/inclusion_215.jpg,inclusion_215.jpg,inclusion,none,200,200,3,8565,a5fe8af5a90c4ed816914375bf77ee49b4a2840022523cbe59f15e045f3acdf3,False,NEU-CLS,inclusion_215,1,-99
NEU,NEU::inclusion_216,NEU-DET/train/images/inclusion/inclusion_216.jpg,inclusion_216.jpg,inclusion,none,200,200,3,7771,8e5dd324e45046e19a7db5111b54ff15510161f288f6b996d15bf2eb28b00e73,False,NEU-CLS,inclusion_216,1,-99
NEU,NEU::inclusion_217,NEU-DET/train/images/inclusion/inclusion_217.jpg,inclusion_217.jpg,inclusion,none,200,200,3,6611,e40821c51a341286572663cbba1159e7efe8a7cd729c763a5c439d851e6a9c77,False,NEU-CLS,inclusion_217,1,-99
NEU,NEU::inclusion_218,NEU-DET/train/images/inclusion/inclusion_218.jpg,inclusion_218.jpg,inclusion,none,200,200,3,7359,26a96e68851c910ba49738157d5e5ac8b5ab6c1fe776de2647f443e8e36f88d7,False,NEU-CLS,inclusion_218,1,-99
NEU,NEU::inclusion_219,NEU-DET/train/images/inclusion/inclusion_219.jpg,inclusion_219.jpg,inclusion,none,200,200,3,8719,50cf3517b529e47d4c1dd74921d6ec9bd7c6530e0afdaf70ccd05c29b90a5f49,False,NEU-CLS,inclusion_219,1,-99
NEU,NEU::inclusion_22,NEU-DET/train/images/inclusion/inclusion_22.jpg,inclusion_22.jpg,inclusion,none,200,200,3,7265,9879e0ccbe89389e88f8b8ed320f5f7b20ad0eeaa817a55431dd4e55db1902d7,False,NEU-CLS,inclusion_22,1,-99
NEU,NEU::inclusion_220,NEU-DET/train/images/inclusion/inclusion_220.jpg,inclusion_220.jpg,inclusion,none,200,200,3,9089,d84460af1a06a7ecf8761192044de1ec0723dee2143bc5dd9a1e64171b2d14f8,False,NEU-CLS,inclusion_220,1,-99
NEU,NEU::inclusion_221,NEU-DET/train/images/inclusion/inclusion_221.jpg,inclusion_221.jpg,inclusion,none,200,200,3,9459,20f3b47345589e838fa0c942b95fd8f75ece7b1be6909acb3c4cd58edfbc368e,False,NEU-CLS,inclusion_221,1,-99
NEU,NEU::inclusion_222,NEU-DET/train/images/inclusion/inclusion_222.jpg,inclusion_222.jpg,inclusion,none,200,200,3,9423,d589f433204f5f9bc298a210a9473a5c87eee136d15b493dfb61e185f389fd7d,False,NEU-CLS,inclusion_222,1,-99
NEU,NEU::inclusion_223,NEU-DET/train/images/inclusion/inclusion_223.jpg,inclusion_223.jpg,inclusion,none,200,200,3,8323,a3491c40b1182bfa8e0584efefc0a4513814dd8169f79fb054ca3e77818c8f25,False,NEU-CLS,inclusion_223,1,-99
NEU,NEU::inclusion_224,NEU-DET/train/images/inclusion/inclusion_224.jpg,inclusion_224.jpg,inclusion,none,200,200,3,6173,6058d7ef1984735335046fa8c73fd9c4d9bef0b680e5c66b6ff0419ec0c7ccd1,False,NEU-CLS,inclusion_224,1,-99
NEU,NEU::inclusion_225,NEU-DET/train/images/inclusion/inclusion_225.jpg,inclusion_225.jpg,inclusion,none,200,200,3,9052,0b3e713521a07d8074214175c96692a61e5f29e10c8d150e6095a48b2da271f9,False,NEU-CLS,inclusion_225,1,-99
NEU,NEU::inclusion_226,NEU-DET/train/images/inclusion/inclusion_226.jpg,inclusion_226.jpg,inclusion,none,200,200,3,7801,c638b74f0dbc79994f93a558c9fa716dc8d6c5e05881553060f6b7efaf39eed2,False,NEU-CLS,inclusion_226,1,-99
NEU,NEU::inclusion_227,NEU-DET/train/images/inclusion/inclusion_227.jpg,inclusion_227.jpg,inclusion,none,200,200,3,8367,0eb6e04979f48f5e325633dee54162a4a724f5fe6d4ffca9edff000917b615ca,False,NEU-CLS,inclusion_227,1,-99
NEU,NEU::inclusion_228,NEU-DET/train/images/inclusion/inclusion_228.jpg,inclusion_228.jpg,inclusion,none,200,200,3,7950,b4113a4f6c021f81f12f160a617273c98ab3a5d45046f2185de11632d7dd9c83,False,NEU-CLS,inclusion_228,1,-99
NEU,NEU::inclusion_229,NEU-DET/train/images/inclusion/inclusion_229.jpg,inclusion_229.jpg,inclusion,none,200,200,3,10271,ca68d1569d0181418d9abd00a3568db2a8cbf7af1813b5beccc99f432f8db560,False,NEU-CLS,inclusion_229,1,-99
NEU,NEU::inclusion_23,NEU-DET/train/images/inclusion/inclusion_23.jpg,inclusion_23.jpg,inclusion,none,200,200,3,7766,0488dd21d5ea64366bf55529ed2cf05ede3b19821d82c6903f3a1bfc863792df,False,NEU-CLS,inclusion_23,1,-99
NEU,NEU::inclusion_230,NEU-DET/train/images/inclusion/inclusion_230.jpg,inclusion_230.jpg,inclusion,none,200,200,3,10268,6e55505a3c2d7e044fcd9c1592fdcc1260ad213f916afa551a8625c99d886b58,False,NEU-CLS,inclusion_230,1,-99
NEU,NEU::inclusion_231,NEU-DET/train/images/inclusion/inclusion_231.jpg,inclusion_231.jpg,inclusion,none,200,200,3,9704,c0be442399f4699c3923f943958dbbdddd43f5c2a667f83da79c0b0652bd79e4,False,NEU-CLS,inclusion_231,1,-99
NEU,NEU::inclusion_232,NEU-DET/train/images/inclusion/inclusion_232.jpg,inclusion_232.jpg,inclusion,none,200,200,3,9748,53eec1389bb21d3630924236f200c8a3a0600763a34ef69bd4f92bd0c4e45b51,False,NEU-CLS,inclusion_232,1,-99
NEU,NEU::inclusion_233,NEU-DET/train/images/inclusion/inclusion_233.jpg,inclusion_233.jpg,inclusion,none,200,200,3,10320,b623a1f88d2a7437eee86af7bd73b27456056775b4394694d6ebc331fe5f02bf,False,NEU-CLS,inclusion_233,1,-99
NEU,NEU::inclusion_234,NEU-DET/train/images/inclusion/inclusion_234.jpg,inclusion_234.jpg,inclusion,none,200,200,3,10784,c1ece08822cb134c2bdc981d2ab3b79ebc4fc06108877fdbc0bb9e6ef4bcaa2b,False,NEU-CLS,inclusion_234,1,-99
NEU,NEU::inclusion_235,NEU-DET/train/images/inclusion/inclusion_235.jpg,inclusion_235.jpg,inclusion,none,200,200,3,11036,25a0ae931457ddc495dacbc038fee25b864c3edd07cce19f13674f2bbe14623b,False,NEU-CLS,inclusion_235,1,-99
NEU,NEU::inclusion_236,NEU-DET/train/images/inclusion/inclusion_236.jpg,inclusion_236.jpg,inclusion,none,200,200,3,10651,fbfbacb788ef4f9f954bdc1da938c3fae6ecf9ab973f9bbb7f2eb20b0b282a0b,False,NEU-CLS,inclusion_236,1,-99
NEU,NEU::inclusion_237,NEU-DET/train/images/inclusion/inclusion_237.jpg,inclusion_237.jpg,inclusion,none,200,200,3,11258,301e2a0bc4c7b465bbd4dcc282c4053f5433bd56e1f63166fc752a217978ba26,False,NEU-CLS,inclusion_237,1,-99
NEU,NEU::inclusion_238,NEU-DET/train/images/inclusion/inclusion_238.jpg,inclusion_238.jpg,inclusion,none,200,200,3,10778,8a04962fa7fa2fab2ee030691eabe58abfd1a949a62cb94d1668027eebabfbb5,False,NEU-CLS,inclusion_238,1,-99
NEU,NEU::inclusion_239,NEU-DET/train/images/inclusion/inclusion_239.jpg,inclusion_239.jpg,inclusion,none,200,200,3,9249,321b16bf72aa45ae7ff393757ed1b4b608e1a71be81ad34bbd92af46bc8e059a,False,NEU-CLS,inclusion_239,1,-99
NEU,NEU::inclusion_24,NEU-DET/train/images/inclusion/inclusion_24.jpg,inclusion_24.jpg,inclusion,none,200,200,3,6080,bee1ef7420c6f45fdc2a6e20d96a6ab30a8c22e158c7113d251c31cab436d336,False,NEU-CLS,inclusion_24,1,-99
NEU,NEU::inclusion_240,NEU-DET/train/images/inclusion/inclusion_240.jpg,inclusion_240.jpg,inclusion,none,200,200,3,11429,f9f4b2365d0af5b80cc7e4ff3db9209e599884c89aa70d789618578a90244ff3,False,NEU-CLS,inclusion_240,1,-99
NEU,NEU::inclusion_241,NEU-DET/validation/images/inclusion/inclusion_241.jpg,inclusion_241.jpg,inclusion,none,200,200,3,10368,5af978330766fcf9acd3823e99bcac51352dcb5315f0e2d9d39109120c60ddc8,False,NEU-CLS,inclusion_241,1,-99
NEU,NEU::inclusion_242,NEU-DET/validation/images/inclusion/inclusion_242.jpg,inclusion_242.jpg,inclusion,none,200,200,3,10846,2e604be637f1bebbbb211ebf72e04feb17c14fda5e5135fb7e2e6fc5cf96d1d0,False,NEU-CLS,inclusion_242,1,-99
NEU,NEU::inclusion_243,NEU-DET/validation/images/inclusion/inclusion_243.jpg,inclusion_243.jpg,inclusion,none,200,200,3,10173,bc912fa169b782795d9cca21f50b8e9c991147d964fed06a146cf6a07e056a4b,False,NEU-CLS,inclusion_243,1,-99
NEU,NEU::inclusion_244,NEU-DET/validation/images/inclusion/inclusion_244.jpg,inclusion_244.jpg,inclusion,none,200,200,3,9732,5e648e4d5c5c8f4bd19bfb7b0304addcf2ac408c9478601509fee08eb4561972,False,NEU-CLS,inclusion_244,1,-99
NEU,NEU::inclusion_245,NEU-DET/validation/images/inclusion/inclusion_245.jpg,inclusion_245.jpg,inclusion,none,200,200,3,9105,5b0acd8274705c0c8a79c57d3465b7c97e263f4e0f5715d92a001c6ce7092900,False,NEU-CLS,inclusion_245,1,-99
NEU,NEU::inclusion_246,NEU-DET/validation/images/inclusion/inclusion_246.jpg,inclusion_246.jpg,inclusion,none,200,200,3,8794,5da6a636813c7b68b0d740874ca6bc7ea03124b6e69c7a4f4b09df51361c16cb,False,NEU-CLS,inclusion_246,1,-99
NEU,NEU::inclusion_247,NEU-DET/validation/images/inclusion/inclusion_247.jpg,inclusion_247.jpg,inclusion,none,200,200,3,9449,5cc7d9256d647c16830ee1ddc4fc57c2fc0b90ed259961da7ebe2ba219252e84,False,NEU-CLS,inclusion_247,1,-99
NEU,NEU::inclusion_248,NEU-DET/validation/images/inclusion/inclusion_248.jpg,inclusion_248.jpg,inclusion,none,200,200,3,10232,bdc1619098be2940f365b1ebd7da6a1ce81983c5840be386ae15d00fc77ee89a,False,NEU-CLS,inclusion_248,1,-99
NEU,NEU::inclusion_249,NEU-DET/validation/images/inclusion/inclusion_249.jpg,inclusion_249.jpg,inclusion,none,200,200,3,9282,9dc3e60e59bf1db44db73f55031bc44c97dc663241b343dfb4109d15f40247a2,False,NEU-CLS,inclusion_249,1,-99
NEU,NEU::inclusion_25,NEU-DET/train/images/inclusion/inclusion_25.jpg,inclusion_25.jpg,inclusion,none,200,200,3,6896,12364ff0521a417eb27bb5504a6698849a5e45810d5a60055368d69034c6122c,False,NEU-CLS,inclusion_25,1,-99
NEU,NEU::inclusion_250,NEU-DET/validation/images/inclusion/inclusion_250.jpg,inclusion_250.jpg,inclusion,none,200,200,3,9787,5ef5d6fccd6032f3ca4d2026eb0b98199436f7e280b58e95b5b1a5fff4f2288a,False,NEU-CLS,inclusion_250,1,-99
NEU,NEU::inclusion_251,NEU-DET/validation/images/inclusion/inclusion_251.jpg,inclusion_251.jpg,inclusion,none,200,200,3,10642,34ff2376988c4f420ecf434de2b2c3d98f2c23ebbda0ba87c87797f64bfa3a66,False,NEU-CLS,inclusion_251,1,-99
NEU,NEU::inclusion_252,NEU-DET/validation/images/inclusion/inclusion_252.jpg,inclusion_252.jpg,inclusion,none,200,200,3,8034,bf6d4b109becbcdb13b22dbde18ebceba0082e58227bb671c65e40e71c087a65,False,NEU-CLS,inclusion_252,1,-99
NEU,NEU::inclusion_253,NEU-DET/validation/images/inclusion/inclusion_253.jpg,inclusion_253.jpg,inclusion,none,200,200,3,9287,78720df6afaf5d771b71cabdb7009856de535560351867d55380e69ab8cf5749,False,NEU-CLS,inclusion_253,1,-99
NEU,NEU::inclusion_254,NEU-DET/validation/images/inclusion/inclusion_254.jpg,inclusion_254.jpg,inclusion,none,200,200,3,9430,236100869b6ec735343d8044489064f9f30e82bc0d07408c3923fbcc7de6c254,False,NEU-CLS,inclusion_254,1,-99
NEU,NEU::inclusion_255,NEU-DET/validation/images/inclusion/inclusion_255.jpg,inclusion_255.jpg,inclusion,none,200,200,3,9680,aa1149e239a31e679e30cc8b54cb5e7891f110ad1befdf8530cef58a206d4188,False,NEU-CLS,inclusion_255,1,-99
NEU,NEU::inclusion_256,NEU-DET/validation/images/inclusion/inclusion_256.jpg,inclusion_256.jpg,inclusion,none,200,200,3,10055,f6a08b773749caf1435416d99fe25457a4cb1fb2a1baf6cd2ba63fe05c616b3c,False,NEU-CLS,inclusion_256,1,-99
NEU,NEU::inclusion_257,NEU-DET/validation/images/inclusion/inclusion_257.jpg,inclusion_257.jpg,inclusion,none,200,200,3,8905,e276da9fa99083be544b0ac21a958e1754e3ef80598c0f5756dcd7d3786c4745,False,NEU-CLS,inclusion_257,1,-99
NEU,NEU::inclusion_258,NEU-DET/validation/images/inclusion/inclusion_258.jpg,inclusion_258.jpg,inclusion,none,200,200,3,7675,207faafef30696c821b5e605cf299f4a75d8d9f0adc8d03c3de9140c04a6da08,False,NEU-CLS,inclusion_258,1,-99
NEU,NEU::inclusion_259,NEU-DET/validation/images/inclusion/inclusion_259.jpg,inclusion_259.jpg,inclusion,none,200,200,3,8898,fa31cbdd9952ac4f904db477f5ee7e173c3238b2bd064cfe15c9eb003f69fb43,False,NEU-CLS,inclusion_259,1,-99
NEU,NEU::inclusion_26,NEU-DET/train/images/inclusion/inclusion_26.jpg,inclusion_26.jpg,inclusion,none,200,200,3,9320,ed21ac756ad80d8649b7c1ffe8be98c9a9a309d6d21bd036e87e7e7c34c93443,False,NEU-CLS,inclusion_26,1,-99
NEU,NEU::inclusion_260,NEU-DET/validation/images/inclusion/inclusion_260.jpg,inclusion_260.jpg,inclusion,none,200,200,3,9979,f78638a524ae537623c5ebfb32f8499c55088720bf0054cf7de495441f40d423,False,NEU-CLS,inclusion_260,1,-99
NEU,NEU::inclusion_261,NEU-DET/validation/images/inclusion/inclusion_261.jpg,inclusion_261.jpg,inclusion,none,200,200,3,10084,efe10fb4f77ce8af5093e941097b9473201b7b797bbdd40a96ee8fba4f715724,False,NEU-CLS,inclusion_261,1,-99
NEU,NEU::inclusion_262,NEU-DET/validation/images/inclusion/inclusion_262.jpg,inclusion_262.jpg,inclusion,none,200,200,3,7899,a7ce7f9929c6a524442a6e6373580912b8d0193b0609c965553898606052fdff,False,NEU-CLS,inclusion_262,1,-99
NEU,NEU::inclusion_263,NEU-DET/validation/images/inclusion/inclusion_263.jpg,inclusion_263.jpg,inclusion,none,200,200,3,8096,f3c2363177cccfc7bce51d78484f54ae42db54a2ad878b1479c5d0d0e2960872,False,NEU-CLS,inclusion_263,1,-99
NEU,NEU::inclusion_264,NEU-DET/validation/images/inclusion/inclusion_264.jpg,inclusion_264.jpg,inclusion,none,200,200,3,7902,73e0e76bef45d9cacef8485f13c73dd2aecaaf04685bbac11646583ee769825d,False,NEU-CLS,inclusion_264,1,-99
NEU,NEU::inclusion_265,NEU-DET/validation/images/inclusion/inclusion_265.jpg,inclusion_265.jpg,inclusion,none,200,200,3,6824,d1b022534e4ec2c3c12fc86ed3120a39510845ebd12212d8a31abfc56ede086c,False,NEU-CLS,inclusion_265,1,-99
NEU,NEU::inclusion_266,NEU-DET/validation/images/inclusion/inclusion_266.jpg,inclusion_266.jpg,inclusion,none,200,200,3,7855,cbecbb02e9949bb63a03e790317c872f30ec5f8e37db6ab8ca96c9d23faabd47,False,NEU-CLS,inclusion_266,1,-99
NEU,NEU::inclusion_267,NEU-DET/validation/images/inclusion/inclusion_267.jpg,inclusion_267.jpg,inclusion,none,200,200,3,8339,6cfdc2541251da0ce97c64abdfba7fa7934d4f6b572bb4d98782abb5765864c4,False,NEU-CLS,inclusion_267,1,-99
NEU,NEU::inclusion_268,NEU-DET/validation/images/inclusion/inclusion_268.jpg,inclusion_268.jpg,inclusion,none,200,200,3,7522,a84b3716b2f7effc2243206de8dafa6874fd19f56b451773aef371c76e6f3a28,False,NEU-CLS,inclusion_268,1,-99
NEU,NEU::inclusion_269,NEU-DET/validation/images/inclusion/inclusion_269.jpg,inclusion_269.jpg,inclusion,none,200,200,3,6039,4b1084c0834d5b10be64fedf6e6b61cbc8673b8a8f8d420eadd6c116fcdf463a,False,NEU-CLS,inclusion_269,1,-99
NEU,NEU::inclusion_27,NEU-DET/train/images/inclusion/inclusion_27.jpg,inclusion_27.jpg,inclusion,none,200,200,3,9696,15baf7fe4860f24a2dab40d16fec6d9ad7ab44b17d87859726323969dd631dd9,False,NEU-CLS,inclusion_27,1,-99
NEU,NEU::inclusion_270,NEU-DET/validation/images/inclusion/inclusion_270.jpg,inclusion_270.jpg,inclusion,none,200,200,3,7343,3c3e1d109a401b6cb4abeaa4da07bf3d621794041c8b02e80768282614f5073a,False,NEU-CLS,inclusion_270,1,-99
NEU,NEU::inclusion_271,NEU-DET/validation/images/inclusion/inclusion_271.jpg,inclusion_271.jpg,inclusion,none,200,200,3,6398,48487d8742cb496db2f311a7e71f64c295977a62f329faa9720e7a73d5585375,False,NEU-CLS,inclusion_271,1,-99
NEU,NEU::inclusion_272,NEU-DET/validation/images/inclusion/inclusion_272.jpg,inclusion_272.jpg,inclusion,none,200,200,3,8133,c15071996140e92cf42aedc58a27e178a20c3f592dbbf62f9bcc18a9ebdfdbdc,False,NEU-CLS,inclusion_272,1,-99
NEU,NEU::inclusion_273,NEU-DET/validation/images/inclusion/inclusion_273.jpg,inclusion_273.jpg,inclusion,none,200,200,3,7168,e913ec752513deb8cbe6d87432e9314b2a5d41aef881c909180a8f6fc353d1ce,False,NEU-CLS,inclusion_273,1,-99
NEU,NEU::inclusion_274,NEU-DET/validation/images/inclusion/inclusion_274.jpg,inclusion_274.jpg,inclusion,none,200,200,3,6378,b5b5718577b5522fedde36f8e22811226cb305fab86541b391b551068998608c,False,NEU-CLS,inclusion_274,1,-99
NEU,NEU::inclusion_275,NEU-DET/validation/images/inclusion/inclusion_275.jpg,inclusion_275.jpg,inclusion,none,200,200,3,7190,6c466e7953b1c97b20163b6d69b1e895b92f050219e7d1653ac30b86230f1d1f,False,NEU-CLS,inclusion_275,1,-99
NEU,NEU::inclusion_276,NEU-DET/validation/images/inclusion/inclusion_276.jpg,inclusion_276.jpg,inclusion,none,200,200,3,7300,45ed75a4a0b57ccc34b0e27282153a856920353ae075168aea91ff2c5103c26d,False,NEU-CLS,inclusion_276,1,-99
NEU,NEU::inclusion_277,NEU-DET/validation/images/inclusion/inclusion_277.jpg,inclusion_277.jpg,inclusion,none,200,200,3,9429,ccb16c05fb1c4e6bacd347363e37a7abdbde9d19542f3f25366631ec0380ee36,False,NEU-CLS,inclusion_277,1,-99
NEU,NEU::inclusion_278,NEU-DET/validation/images/inclusion/inclusion_278.jpg,inclusion_278.jpg,inclusion,none,200,200,3,6896,c8e8a4a7e4f73be0dc85a31a112b09e953f98a2760f0fa60ccabeffb1b5006d8,False,NEU-CLS,inclusion_278,1,-99
NEU,NEU::inclusion_279,NEU-DET/validation/images/inclusion/inclusion_279.jpg,inclusion_279.jpg,inclusion,none,200,200,3,8301,94a38ea1934412a178570519e0d1c42f7bd5e848c46be510c52e4accaad9c2dd,False,NEU-CLS,inclusion_279,1,-99
NEU,NEU::inclusion_28,NEU-DET/train/images/inclusion/inclusion_28.jpg,inclusion_28.jpg,inclusion,none,200,200,3,10561,38bc145c261f094ce9af5c51a8126645b75584f768fc1d6ecfce63f4bf6aad04,False,NEU-CLS,inclusion_28,1,-99
NEU,NEU::inclusion_280,NEU-DET/validation/images/inclusion/inclusion_280.jpg,inclusion_280.jpg,inclusion,none,200,200,3,8908,d12b66004f348638474b6cf7b299494e263963d9639cf250ac0f3fce96c6d437,False,NEU-CLS,inclusion_280,1,-99
NEU,NEU::inclusion_281,NEU-DET/validation/images/inclusion/inclusion_281.jpg,inclusion_281.jpg,inclusion,none,200,200,3,6973,8ea45458a7691285a0c197399d2f2b19f1111cb7a3a7336c5dfc02c222fc5825,False,NEU-CLS,inclusion_281,1,-99
NEU,NEU::inclusion_282,NEU-DET/validation/images/inclusion/inclusion_282.jpg,inclusion_282.jpg,inclusion,none,200,200,3,9010,7baa41a3a61051f22e5e99400ae072f8a9a359d41bc47dc6172ec3b76e9f7ca6,False,NEU-CLS,inclusion_282,1,-99
NEU,NEU::inclusion_283,NEU-DET/validation/images/inclusion/inclusion_283.jpg,inclusion_283.jpg,inclusion,none,200,200,3,10165,20ab6fc6330d683b417404eb49dbc8b6932dcd159a9037c69cd130c12d75ee04,False,NEU-CLS,inclusion_283,1,-99
NEU,NEU::inclusion_284,NEU-DET/validation/images/inclusion/inclusion_284.jpg,inclusion_284.jpg,inclusion,none,200,200,3,7927,4bd59750b701df9dcf8b7380309ef5fcb94d896aae4891b53abfcc1942df8ca2,False,NEU-CLS,inclusion_284,1,-99
NEU,NEU::inclusion_285,NEU-DET/validation/images/inclusion/inclusion_285.jpg,inclusion_285.jpg,inclusion,none,200,200,3,7510,7e4866042e496e3e7af263172c498ff5a3d75584797ce827e4ad3dd869de43ea,False,NEU-CLS,inclusion_285,1,-99
NEU,NEU::inclusion_286,NEU-DET/validation/images/inclusion/inclusion_286.jpg,inclusion_286.jpg,inclusion,none,200,200,3,8428,62525a1b2cae83b20f3a4b8c05ed577086492454adf18609e7fae5668551b87a,False,NEU-CLS,inclusion_286,1,-99
NEU,NEU::inclusion_287,NEU-DET/validation/images/inclusion/inclusion_287.jpg,inclusion_287.jpg,inclusion,none,200,200,3,7468,aa4a04bfc65ad081a4165644e442ef1ce050501215dd1b83219ff2481b1a23e9,False,NEU-CLS,inclusion_287,1,-99
NEU,NEU::inclusion_288,NEU-DET/validation/images/inclusion/inclusion_288.jpg,inclusion_288.jpg,inclusion,none,200,200,3,6467,6d738aa8d938af3847e17d260b5626e85152a55572dd2d2bfa3774e7e8a1a5a9,False,NEU-CLS,inclusion_288,1,-99
NEU,NEU::inclusion_289,NEU-DET/validation/images/inclusion/inclusion_289.jpg,inclusion_289.jpg,inclusion,none,200,200,3,7341,ab9e9667fd3cd58c3b532936c69b4dbb117d5671334e5bcbaacb3722a22162ea,False,NEU-CLS,inclusion_289,1,-99
NEU,NEU::inclusion_29,NEU-DET/train/images/inclusion/inclusion_29.jpg,inclusion_29.jpg,inclusion,none,200,200,3,10877,818b2deae9ccf07d41c876d0b7372ca892a9813d331aedfa3e6e34ef693d6ba8,False,NEU-CLS,inclusion_29,1,-99
NEU,NEU::inclusion_290,NEU-DET/validation/images/inclusion/inclusion_290.jpg,inclusion_290.jpg,inclusion,none,200,200,3,8653,f965707a2b7f4645df819d433fa24ed2e5affcb4e492b6b7154505fbb5136c8c,False,NEU-CLS,inclusion_290,1,-99
NEU,NEU::inclusion_291,NEU-DET/validation/images/inclusion/inclusion_291.jpg,inclusion_291.jpg,inclusion,none,200,200,3,9721,ba590ecd26f874380ca45fd7e6f5bb9d5e9f135acec0745d69111b382d887f88,False,NEU-CLS,inclusion_291,1,-99
NEU,NEU::inclusion_292,NEU-DET/validation/images/inclusion/inclusion_292.jpg,inclusion_292.jpg,inclusion,none,200,200,3,9771,7a688ec367df776ee3b1142d281f6abed8c81ea49bea2bd3d01f9c9ebc1ab993,False,NEU-CLS,inclusion_292,1,-99
NEU,NEU::inclusion_293,NEU-DET/validation/images/inclusion/inclusion_293.jpg,inclusion_293.jpg,inclusion,none,200,200,3,7739,5cfae097f87a05dc4b1a6de558aa305f1820f75143e20bf286efb7128ae6342d,False,NEU-CLS,inclusion_293,1,-99
NEU,NEU::inclusion_294,NEU-DET/validation/images/inclusion/inclusion_294.jpg,inclusion_294.jpg,inclusion,none,200,200,3,7070,cdf27f9337292c89f59b2e48c79ff16c1767df3864490a42b41d6f6aa32efe26,False,NEU-CLS,inclusion_294,1,-99
NEU,NEU::inclusion_295,NEU-DET/validation/images/inclusion/inclusion_295.jpg,inclusion_295.jpg,inclusion,none,200,200,3,7589,c1233156b17a5bbaefc9700881b44fb512cc4ba12bf00b8718af00addb34f6b2,False,NEU-CLS,inclusion_295,1,-99
NEU,NEU::inclusion_296,NEU-DET/validation/images/inclusion/inclusion_296.jpg,inclusion_296.jpg,inclusion,none,200,200,3,6179,b47270b2b088b4934f9e6b4a5f26de8805860d695deab4fdf5d437ee8c1a0b28,False,NEU-CLS,inclusion_296,1,-99
NEU,NEU::inclusion_297,NEU-DET/validation/images/inclusion/inclusion_297.jpg,inclusion_297.jpg,inclusion,none,200,200,3,10955,cb9c3d5c69cb4c566781d0263b40e1290c44ddfb951a02b58a7945f956166390,False,NEU-CLS,inclusion_297,1,-99
NEU,NEU::inclusion_298,NEU-DET/validation/images/inclusion/inclusion_298.jpg,inclusion_298.jpg,inclusion,none,200,200,3,9978,8b05aaa4648d3760f79e9d6805e2070c332f9648a9df7415533adcc17d9ecf3e,False,NEU-CLS,inclusion_298,1,-99
NEU,NEU::inclusion_299,NEU-DET/validation/images/inclusion/inclusion_299.jpg,inclusion_299.jpg,inclusion,none,200,200,3,9972,c7e999cc03a2e6dcd3ba42fc9a21e3592bfa9f21f4cec7c4f602dd1d417f6a5c,False,NEU-CLS,inclusion_299,1,-99
NEU,NEU::inclusion_3,NEU-DET/train/images/inclusion/inclusion_3.jpg,inclusion_3.jpg,inclusion,none,200,200,3,7759,35177212789df9229865a2c8a025e2e68a41f248bfe9ee979360f8fe8dc856c2,False,NEU-CLS,inclusion_3,1,-99
NEU,NEU::inclusion_30,NEU-DET/train/images/inclusion/inclusion_30.jpg,inclusion_30.jpg,inclusion,none,200,200,3,8822,6472211d35f109b7697637359174f97800ecbaa0990a77f674bcd78a662b212f,False,NEU-CLS,inclusion_30,1,-99
NEU,NEU::inclusion_300,NEU-DET/validation/images/inclusion/inclusion_300.jpg,inclusion_300.jpg,inclusion,none,200,200,3,8723,0aa52d34c0e0baf7e5288f54cb48307c5c76492081ba736cbbdea1edfb94c47b,False,NEU-CLS,inclusion_300,1,-99
NEU,NEU::inclusion_31,NEU-DET/train/images/inclusion/inclusion_31.jpg,inclusion_31.jpg,inclusion,none,200,200,3,9641,139571bd8aa1d6ccde3e7435a23440cf4641a68684a354b1fc7afbe540bcac24,False,NEU-CLS,inclusion_31,1,-99
NEU,NEU::inclusion_32,NEU-DET/train/images/inclusion/inclusion_32.jpg,inclusion_32.jpg,inclusion,none,200,200,3,7952,0dc574a58f0e017fdb612bfad855a50cea451a50b5ca15960f8b5e37fa40abb7,False,NEU-CLS,inclusion_32,1,-99
NEU,NEU::inclusion_33,NEU-DET/train/images/inclusion/inclusion_33.jpg,inclusion_33.jpg,inclusion,none,200,200,3,7537,38e21661768ed76f443f3ecfcfc009dfa3297870e30731bb1c3a16ee6babfabe,False,NEU-CLS,inclusion_33,1,-99
NEU,NEU::inclusion_34,NEU-DET/train/images/inclusion/inclusion_34.jpg,inclusion_34.jpg,inclusion,none,200,200,3,6736,82b8711bbdbd0339337db43a5964b53a522ba31c8b766941dca9299755c8f190,False,NEU-CLS,inclusion_34,1,-99
NEU,NEU::inclusion_35,NEU-DET/train/images/inclusion/inclusion_35.jpg,inclusion_35.jpg,inclusion,none,200,200,3,6832,10eac5c3d002ca0b4ae0955d6003da0226e73b0b9cf12b3d54a8153b8732d284,False,NEU-CLS,inclusion_35,1,-99
NEU,NEU::inclusion_36,NEU-DET/train/images/inclusion/inclusion_36.jpg,inclusion_36.jpg,inclusion,none,200,200,3,6988,03d0c7947ba20593012275692691070501daf9609168f2eaec15dae935dd5adf,False,NEU-CLS,inclusion_36,1,-99
NEU,NEU::inclusion_37,NEU-DET/train/images/inclusion/inclusion_37.jpg,inclusion_37.jpg,inclusion,none,200,200,3,6274,3af4243d7ebdcd2c2f7ab6c11abc1529395bbd9a1878a13f545c83df276f90a4,False,NEU-CLS,inclusion_37,1,-99
NEU,NEU::inclusion_38,NEU-DET/train/images/inclusion/inclusion_38.jpg,inclusion_38.jpg,inclusion,none,200,200,3,7252,6ed3dd061cc183e90d3fe15fa0045855f24e0027a028a1b25750fb530cea0cb1,False,NEU-CLS,inclusion_38,1,-99
NEU,NEU::inclusion_39,NEU-DET/train/images/inclusion/inclusion_39.jpg,inclusion_39.jpg,inclusion,none,200,200,3,5875,4ee5e42f34d3976b193484ec7a8b16a0b16f7303bcc774b795cd6fa31b95abbf,False,NEU-CLS,inclusion_39,1,-99
NEU,NEU::inclusion_4,NEU-DET/train/images/inclusion/inclusion_4.jpg,inclusion_4.jpg,inclusion,none,200,200,3,8354,abbc7412b645883c3266b64f5cf04870aa6969031641f02788122aa7539f65d6,False,NEU-CLS,inclusion_4,1,-99
NEU,NEU::inclusion_40,NEU-DET/train/images/inclusion/inclusion_40.jpg,inclusion_40.jpg,inclusion,none,200,200,3,9500,7d184ad36e7785f3af0eeef6749f8bb23418fd1132b8c14090e351dbde9e9798,False,NEU-CLS,inclusion_40,1,-99
NEU,NEU::inclusion_41,NEU-DET/train/images/inclusion/inclusion_41.jpg,inclusion_41.jpg,inclusion,none,200,200,3,7505,28612ab5241da32535d450c8f68a632551f8c26e391e8766e592a288ebd3507e,False,NEU-CLS,inclusion_41,1,-99
NEU,NEU::inclusion_42,NEU-DET/train/images/inclusion/inclusion_42.jpg,inclusion_42.jpg,inclusion,none,200,200,3,8118,af1f43f4066ce205fc2551daecd5fbc5113222bc11886c69272ee0a2754d9c76,False,NEU-CLS,inclusion_42,1,-99
NEU,NEU::inclusion_43,NEU-DET/train/images/inclusion/inclusion_43.jpg,inclusion_43.jpg,inclusion,none,200,200,3,10283,a8d41006cce96894094a5fa1a294fefa063840dbbfe2e7b0d9734aaff22184c2,False,NEU-CLS,inclusion_43,1,-99
NEU,NEU::inclusion_44,NEU-DET/train/images/inclusion/inclusion_44.jpg,inclusion_44.jpg,inclusion,none,200,200,3,9718,b9fed34b03b2f459b7f11b7957585fa6624326bfb7284d5ab284a0234cc33172,False,NEU-CLS,inclusion_44,1,-99
NEU,NEU::inclusion_45,NEU-DET/train/images/inclusion/inclusion_45.jpg,inclusion_45.jpg,inclusion,none,200,200,3,7975,162307be7f8060a0f4b83762ebd23cb7e73e2b80659226f598b0ce899568723e,False,NEU-CLS,inclusion_45,1,-99
NEU,NEU::inclusion_46,NEU-DET/train/images/inclusion/inclusion_46.jpg,inclusion_46.jpg,inclusion,none,200,200,3,6259,d23590d9155e0f3fd1460c8b5b89f1d41bdd74bbe8b2ebddf91fa94df122369a,False,NEU-CLS,inclusion_46,1,-99
NEU,NEU::inclusion_47,NEU-DET/train/images/inclusion/inclusion_47.jpg,inclusion_47.jpg,inclusion,none,200,200,3,6813,30e0f1e631a3e102c3470971257e2713cfcb7ab8eb202c2c3ae5e13670e79334,False,NEU-CLS,inclusion_47,1,-99
NEU,NEU::inclusion_48,NEU-DET/train/images/inclusion/inclusion_48.jpg,inclusion_48.jpg,inclusion,none,200,200,3,7339,2dc77674ad9a14b32fcad2c9405d8d2d92fdd8b3ff7b98ada46a6f1558cd80db,False,NEU-CLS,inclusion_48,1,-99
NEU,NEU::inclusion_49,NEU-DET/train/images/inclusion/inclusion_49.jpg,inclusion_49.jpg,inclusion,none,200,200,3,6878,2f73b68667c43d84a593cab12432b333c62d4d67236d6d578071f8141fd78ae0,False,NEU-CLS,inclusion_49,1,-99
NEU,NEU::inclusion_5,NEU-DET/train/images/inclusion/inclusion_5.jpg,inclusion_5.jpg,inclusion,none,200,200,3,8869,d01acc37fb22a3ab0d4f6ab6632f7666a4df27f1f75653ce2cb7c6f5c58ce0cb,False,NEU-CLS,inclusion_5,1,-99
NEU,NEU::inclusion_50,NEU-DET/train/images/inclusion/inclusion_50.jpg,inclusion_50.jpg,inclusion,none,200,200,3,7793,ad278704f51eb28d6c62da130d27563dd5ec248aec8df771545e4cf11652dfb2,False,NEU-CLS,inclusion_50,1,-99
NEU,NEU::inclusion_51,NEU-DET/train/images/inclusion/inclusion_51.jpg,inclusion_51.jpg,inclusion,none,200,200,3,9206,6b3c673e82e489f1e49482bb5173a76dfb477ad006c39c773de5719e8ab6ff60,False,NEU-CLS,inclusion_51,1,-99
NEU,NEU::inclusion_52,NEU-DET/train/images/inclusion/inclusion_52.jpg,inclusion_52.jpg,inclusion,none,200,200,3,8672,25be1de5f930c94e4b146bfe20b87a9bc2fa6c8fd4b456f1f7d764fb4c1bfcd0,False,NEU-CLS,inclusion_52,1,-99
NEU,NEU::inclusion_53,NEU-DET/train/images/inclusion/inclusion_53.jpg,inclusion_53.jpg,inclusion,none,200,200,3,9518,cfcbeda713cbbdebc17a0a9847bbd0a9e9e7171500dea6d7e763b8b8a03e4398,False,NEU-CLS,inclusion_53,1,-99
NEU,NEU::inclusion_54,NEU-DET/train/images/inclusion/inclusion_54.jpg,inclusion_54.jpg,inclusion,none,200,200,3,9031,10b35f5da4a3ff79ed9af7cf75abb84f2535d809023c51b7b1e3badaa38a7390,False,NEU-CLS,inclusion_54,1,-99
NEU,NEU::inclusion_55,NEU-DET/train/images/inclusion/inclusion_55.jpg,inclusion_55.jpg,inclusion,none,200,200,3,7642,4c209b20eb9a0cf81dd831e226daa7521b348412956749b0859267b021b46508,False,NEU-CLS,inclusion_55,1,-99
NEU,NEU::inclusion_56,NEU-DET/train/images/inclusion/inclusion_56.jpg,inclusion_56.jpg,inclusion,none,200,200,3,9345,d31ace34a9b85472eea0169cc2243653756cc3fc71c512dd794927274a7a6f16,False,NEU-CLS,inclusion_56,1,-99
NEU,NEU::inclusion_57,NEU-DET/train/images/inclusion/inclusion_57.jpg,inclusion_57.jpg,inclusion,none,200,200,3,6995,f51b7b9c213b8584377c251fd29b0d49087ac1bd2433bdfc69195e8cde481b00,False,NEU-CLS,inclusion_57,1,-99
NEU,NEU::inclusion_58,NEU-DET/train/images/inclusion/inclusion_58.jpg,inclusion_58.jpg,inclusion,none,200,200,3,7158,aa7779ddbe6690026ad73c6d12f24f573e5b3be527edc064c10344d5837a8d22,False,NEU-CLS,inclusion_58,1,-99
NEU,NEU::inclusion_59,NEU-DET/train/images/inclusion/inclusion_59.jpg,inclusion_59.jpg,inclusion,none,200,200,3,7013,8852c6966fd374fe4072b1c9b7ac1e36e3b922b57409e37e8f914d9b4803aaec,False,NEU-CLS,inclusion_59,1,-99
NEU,NEU::inclusion_6,NEU-DET/train/images/inclusion/inclusion_6.jpg,inclusion_6.jpg,inclusion,none,200,200,3,9090,c3e8d16676654a022b58559e9879e882476a25c57be200044140b0e08ce73a11,False,NEU-CLS,inclusion_6,1,-99
NEU,NEU::inclusion_60,NEU-DET/train/images/inclusion/inclusion_60.jpg,inclusion_60.jpg,inclusion,none,200,200,3,8190,36abe20b2d92bf520ef3a2929ac42f12d220317b05d7ec43b6cb43dae5ec5370,False,NEU-CLS,inclusion_60,1,-99
NEU,NEU::inclusion_61,NEU-DET/train/images/inclusion/inclusion_61.jpg,inclusion_61.jpg,inclusion,none,200,200,3,6828,064eb68a6d22169cc6816daaab8b4cafdecd9c2cb82b5b4fb6318fad99e5c3a4,False,NEU-CLS,inclusion_61,1,-99
NEU,NEU::inclusion_62,NEU-DET/train/images/inclusion/inclusion_62.jpg,inclusion_62.jpg,inclusion,none,200,200,3,8060,8e0054f0340926877170c7b74183e76334ac73b213e45f8c19cb49f1fa1c0d08,False,NEU-CLS,inclusion_62,1,-99
NEU,NEU::inclusion_63,NEU-DET/train/images/inclusion/inclusion_63.jpg,inclusion_63.jpg,inclusion,none,200,200,3,8697,549aa383a27d057e88120683adf0ebdf912a22ec26ed52a383fdda64f8685764,False,NEU-CLS,inclusion_63,1,-99
NEU,NEU::inclusion_64,NEU-DET/train/images/inclusion/inclusion_64.jpg,inclusion_64.jpg,inclusion,none,200,200,3,9306,08a995fddf11e95c56b6db06ccb6c36dd2f2340dc0edac8544d6c5354efae52d,False,NEU-CLS,inclusion_64,1,-99
NEU,NEU::inclusion_65,NEU-DET/train/images/inclusion/inclusion_65.jpg,inclusion_65.jpg,inclusion,none,200,200,3,10121,e59317cb276342730a6b07328219fc8b8461fa62d53afca6f921d0c5787651d4,False,NEU-CLS,inclusion_65,1,-99
NEU,NEU::inclusion_66,NEU-DET/train/images/inclusion/inclusion_66.jpg,inclusion_66.jpg,inclusion,none,200,200,3,9929,30f324e65df6f93a5b9b59cb5df7af34cc4c05412c685c58d888077606863acf,False,NEU-CLS,inclusion_66,1,-99
NEU,NEU::inclusion_67,NEU-DET/train/images/inclusion/inclusion_67.jpg,inclusion_67.jpg,inclusion,none,200,200,3,10745,2847607777c2a4e5f9f406cfccfbdd97f4f7c9cbedae33b6c6cb4ec819de9481,False,NEU-CLS,inclusion_67,1,-99
NEU,NEU::inclusion_68,NEU-DET/train/images/inclusion/inclusion_68.jpg,inclusion_68.jpg,inclusion,none,200,200,3,10361,9e237565781dcb4535fd8213a959ff2a5a57b9303bc3edf504c7651e9a46517f,False,NEU-CLS,inclusion_68,1,-99
NEU,NEU::inclusion_69,NEU-DET/train/images/inclusion/inclusion_69.jpg,inclusion_69.jpg,inclusion,none,200,200,3,10589,8ec63b200162284c686649b438a7db5b47b89b092ea52e5bf7e65c733ebe961b,False,NEU-CLS,inclusion_69,1,-99
NEU,NEU::inclusion_7,NEU-DET/train/images/inclusion/inclusion_7.jpg,inclusion_7.jpg,inclusion,none,200,200,3,8081,267f327e8898fc186132dd385ffdc8a75c954e09c9046c9456629e24c4e7f032,False,NEU-CLS,inclusion_7,1,-99
NEU,NEU::inclusion_70,NEU-DET/train/images/inclusion/inclusion_70.jpg,inclusion_70.jpg,inclusion,none,200,200,3,8357,a4501360a85494ce2d302663c0baed512eb1778dbefaa937e0b7aff440641814,False,NEU-CLS,inclusion_70,1,-99
NEU,NEU::inclusion_71,NEU-DET/train/images/inclusion/inclusion_71.jpg,inclusion_71.jpg,inclusion,none,200,200,3,7933,7a244787ebbf3a69dd5fc5cff3eb5e176fda798149284e8e58ec4bd00d3cc64c,False,NEU-CLS,inclusion_71,1,-99
NEU,NEU::inclusion_72,NEU-DET/train/images/inclusion/inclusion_72.jpg,inclusion_72.jpg,inclusion,none,200,200,3,10375,39da29b48daf4aa2dd6a38bcbf744bf6981004eba96c2494f2e91f73d331807b,False,NEU-CLS,inclusion_72,1,-99
NEU,NEU::inclusion_73,NEU-DET/train/images/inclusion/inclusion_73.jpg,inclusion_73.jpg,inclusion,none,200,200,3,7200,3d0b1faa0d49f2eca6d707d0ded89df614aef91c15a8bf301ec0ee6824a312b2,False,NEU-CLS,inclusion_73,1,-99
NEU,NEU::inclusion_74,NEU-DET/train/images/inclusion/inclusion_74.jpg,inclusion_74.jpg,inclusion,none,200,200,3,7853,cb58115fe0d97b8a6fdaf3b800a1b8a98f1eaa9b1771f85b2f50454ef828310d,False,NEU-CLS,inclusion_74,1,-99
NEU,NEU::inclusion_75,NEU-DET/train/images/inclusion/inclusion_75.jpg,inclusion_75.jpg,inclusion,none,200,200,3,6865,a98b7c77c5cb906f24bc2e49e485895dde8d93b8424b0ba9a2934f0f44491f8f,False,NEU-CLS,inclusion_75,1,-99
NEU,NEU::inclusion_76,NEU-DET/train/images/inclusion/inclusion_76.jpg,inclusion_76.jpg,inclusion,none,200,200,3,8319,e17afff1b887a22390e1f348be5bec04655313549a76cbbae5bebb06a8d79fba,False,NEU-CLS,inclusion_76,1,-99
NEU,NEU::inclusion_77,NEU-DET/train/images/inclusion/inclusion_77.jpg,inclusion_77.jpg,inclusion,none,200,200,3,7990,1a7653ee84dd218bdced6d380aef4d394af046e49a5283e7d82d8fb1d73a973b,False,NEU-CLS,inclusion_77,1,-99
NEU,NEU::inclusion_78,NEU-DET/train/images/inclusion/inclusion_78.jpg,inclusion_78.jpg,inclusion,none,200,200,3,8070,4b5f5b95bc5c489e8bb75338e700a31d2f9a540638d803878940a2a5effada48,False,NEU-CLS,inclusion_78,1,-99
NEU,NEU::inclusion_79,NEU-DET/train/images/inclusion/inclusion_79.jpg,inclusion_79.jpg,inclusion,none,200,200,3,6641,215300cb10dfde212df06fe9d7588842b2f13d8e9cf1a1857ac4bc46a6480fde,False,NEU-CLS,inclusion_79,1,-99
NEU,NEU::inclusion_8,NEU-DET/train/images/inclusion/inclusion_8.jpg,inclusion_8.jpg,inclusion,none,200,200,3,7865,f31ffb71c6f63d083e12971694a3fad2ca07a457cece221b681c665a0f4ce44c,False,NEU-CLS,inclusion_8,1,-99
NEU,NEU::inclusion_80,NEU-DET/train/images/inclusion/inclusion_80.jpg,inclusion_80.jpg,inclusion,none,200,200,3,7820,064fecb66f3a7262a587a42d57b7d10cfd4ae48efd738cae62766b7225f9effa,False,NEU-CLS,inclusion_80,1,-99
NEU,NEU::inclusion_81,NEU-DET/train/images/inclusion/inclusion_81.jpg,inclusion_81.jpg,inclusion,none,200,200,3,6815,72c30eecc2beb38a31b41b25ca26c8e380924d2036bda0bf5b6d5f99f5cbb967,False,NEU-CLS,inclusion_81,1,-99
NEU,NEU::inclusion_82,NEU-DET/train/images/inclusion/inclusion_82.jpg,inclusion_82.jpg,inclusion,none,200,200,3,6397,c392db16cf6ba4967cde4e61b1f02d64d396b09c4d4a11784fddf940c0a41743,False,NEU-CLS,inclusion_82,1,-99
NEU,NEU::inclusion_83,NEU-DET/train/images/inclusion/inclusion_83.jpg,inclusion_83.jpg,inclusion,none,200,200,3,7053,39ec6bf215bf2a37f3b91bb2316bdfe85ac3728d507056f81fdbf943dc91fb7e,False,NEU-CLS,inclusion_83,1,-99
NEU,NEU::inclusion_84,NEU-DET/train/images/inclusion/inclusion_84.jpg,inclusion_84.jpg,inclusion,none,200,200,3,7430,99d400c5192164cf65246de5d2c91e54e6a5312655288503487946d573efa0a0,False,NEU-CLS,inclusion_84,1,-99
NEU,NEU::inclusion_85,NEU-DET/train/images/inclusion/inclusion_85.jpg,inclusion_85.jpg,inclusion,none,200,200,3,7785,c4fae55bfccaab43a3abf47d43f6fbc70c564c90430ec5e9754621082b43429a,False,NEU-CLS,inclusion_85,1,-99
NEU,NEU::inclusion_86,NEU-DET/train/images/inclusion/inclusion_86.jpg,inclusion_86.jpg,inclusion,none,200,200,3,7751,f85cf375f7bdb7c8e448f8ee1515507a4b13336f1a5cdf455b9a3d769c6c4d04,False,NEU-CLS,inclusion_86,1,-99
NEU,NEU::inclusion_87,NEU-DET/train/images/inclusion/inclusion_87.jpg,inclusion_87.jpg,inclusion,none,200,200,3,7879,5a168b205040383a97855ecd837708b184ebd83dddf1dff0ef30c4c39c96e55a,False,NEU-CLS,inclusion_87,1,-99
NEU,NEU::inclusion_88,NEU-DET/train/images/inclusion/inclusion_88.jpg,inclusion_88.jpg,inclusion,none,200,200,3,8367,6c88492f949b2bcc2dc1ebc282bcafb272b5fa892c236e606ba9bcd6b95319ad,False,NEU-CLS,inclusion_88,1,-99
NEU,NEU::inclusion_89,NEU-DET/train/images/inclusion/inclusion_89.jpg,inclusion_89.jpg,inclusion,none,200,200,3,8761,832126474eb86a0afb051ed85288fd51e00dcc7c094498787d2736519150c334,False,NEU-CLS,inclusion_89,1,-99
NEU,NEU::inclusion_9,NEU-DET/train/images/inclusion/inclusion_9.jpg,inclusion_9.jpg,inclusion,none,200,200,3,8335,20c34b61ab678832629c6ee8bce155710e520bbbe1435aeb138ea91c9ab6ab22,False,NEU-CLS,inclusion_9,1,-99
NEU,NEU::inclusion_90,NEU-DET/train/images/inclusion/inclusion_90.jpg,inclusion_90.jpg,inclusion,none,200,200,3,7644,421ac2ff62979abd1611571dabdbf69ca673add5f2802c550ef5da347ef4a012,False,NEU-CLS,inclusion_90,1,-99
NEU,NEU::inclusion_91,NEU-DET/train/images/inclusion/inclusion_91.jpg,inclusion_91.jpg,inclusion,none,200,200,3,8446,1610fec2851ec5993a9f543d61afd553e94cdd3a98ef851790984a6e5aaf799c,False,NEU-CLS,inclusion_91,1,-99
NEU,NEU::inclusion_92,NEU-DET/train/images/inclusion/inclusion_92.jpg,inclusion_92.jpg,inclusion,none,200,200,3,9849,1d15666484061bd44fbec995ac395b12dcfd345f977dc066bf9f4cf3ef4db3c1,False,NEU-CLS,inclusion_92,1,-99
NEU,NEU::inclusion_93,NEU-DET/train/images/inclusion/inclusion_93.jpg,inclusion_93.jpg,inclusion,none,200,200,3,10168,448b313e89c52ae512117e2b3d522264d51b6f5d487e5b0d1f60bd8fd0fe2ea8,False,NEU-CLS,inclusion_93,1,-99
NEU,NEU::inclusion_94,NEU-DET/train/images/inclusion/inclusion_94.jpg,inclusion_94.jpg,inclusion,none,200,200,3,9912,0e10df466f922c4d03d7aac46b83afcb99f1198f6775be9eda4223e65a142c9e,False,NEU-CLS,inclusion_94,1,-99
NEU,NEU::inclusion_95,NEU-DET/train/images/inclusion/inclusion_95.jpg,inclusion_95.jpg,inclusion,none,200,200,3,8681,17cda79fc127b80d5d4649103b8debeac0a0b6603fa61da5bcb6ea1a4b696415,False,NEU-CLS,inclusion_95,1,-99
NEU,NEU::inclusion_96,NEU-DET/train/images/inclusion/inclusion_96.jpg,inclusion_96.jpg,inclusion,none,200,200,3,6816,c084ace8c2a494cd70ee68a90facb0676d4cf340584204f9d9867380c5e1fd37,False,NEU-CLS,inclusion_96,1,-99
NEU,NEU::inclusion_97,NEU-DET/train/images/inclusion/inclusion_97.jpg,inclusion_97.jpg,inclusion,none,200,200,3,8375,6d4ac443d14c9f7481edc7da94be06b9dda1b43c05dfe036d218d920f3debc41,False,NEU-CLS,inclusion_97,1,-99
NEU,NEU::inclusion_98,NEU-DET/train/images/inclusion/inclusion_98.jpg,inclusion_98.jpg,inclusion,none,200,200,3,8055,4b5f7c03e5a26c7390067318e8ab9131d0171048190ae7913b1af3d81d58d3d1,False,NEU-CLS,inclusion_98,1,-99
NEU,NEU::inclusion_99,NEU-DET/train/images/inclusion/inclusion_99.jpg,inclusion_99.jpg,inclusion,none,200,200,3,7830,671e5f187e7db6b692b2b812ffad0cda7b22d61e008f12cdaf2ca45a099c77ff,False,NEU-CLS,inclusion_99,1,-99
NEU,NEU::patches_1,NEU-DET/train/images/patches/patches_1.jpg,patches_1.jpg,patches,none,200,200,3,22760,0ea4843aa7801ce5a5e672ec8c0266d4910aa7d740955f38d087b38154d0fe67,False,NEU-CLS,patches_1,2,-99
NEU,NEU::patches_10,NEU-DET/train/images/patches/patches_10.jpg,patches_10.jpg,patches,none,200,200,3,21894,0bce06415796cabe1187dd00329893d46ea1f71f07f5c795b16a4629ce71249c,False,NEU-CLS,patches_10,2,-99
NEU,NEU::patches_100,NEU-DET/train/images/patches/patches_100.jpg,patches_100.jpg,patches,none,200,200,3,19633,71b3e853711967d5e74010510cfebe9d2793022986a08d4e6f6b456a3a7d1fcc,False,NEU-CLS,patches_100,2,-99
NEU,NEU::patches_101,NEU-DET/train/images/patches/patches_101.jpg,patches_101.jpg,patches,none,200,200,3,19829,4d2de82731b86cdbc7a66f2a9bfb01074bb4cb65e47bccf06b66470d53857071,False,NEU-CLS,patches_101,2,-99
NEU,NEU::patches_102,NEU-DET/train/images/patches/patches_102.jpg,patches_102.jpg,patches,none,200,200,3,22653,5705722086f38f4ead84fd0d1e8a7aa3df1bf2590bbaed73d4b656d4c6d8e07d,False,NEU-CLS,patches_102,2,-99
NEU,NEU::patches_103,NEU-DET/train/images/patches/patches_103.jpg,patches_103.jpg,patches,none,200,200,3,21701,17467d85b47cc880050c304ec54f014801980084b7db8cce7303e2a125368f81,False,NEU-CLS,patches_103,2,-99
NEU,NEU::patches_104,NEU-DET/train/images/patches/patches_104.jpg,patches_104.jpg,patches,none,200,200,3,22377,6e501cb64c6075180ec65230eb5d60b98a565532a3c6367efd2bded8f30e8eb3,False,NEU-CLS,patches_104,2,-99
NEU,NEU::patches_105,NEU-DET/train/images/patches/patches_105.jpg,patches_105.jpg,patches,none,200,200,3,19829,4d2de82731b86cdbc7a66f2a9bfb01074bb4cb65e47bccf06b66470d53857071,False,NEU-CLS,patches_105,2,-99
NEU,NEU::patches_106,NEU-DET/train/images/patches/patches_106.jpg,patches_106.jpg,patches,none,200,200,3,15695,ba7f35d15202c401a79ac9e675b178716c86f55b1ae1d945c9ba1ea7162d4e3a,False,NEU-CLS,patches_106,2,-99
NEU,NEU::patches_107,NEU-DET/train/images/patches/patches_107.jpg,patches_107.jpg,patches,none,200,200,3,21339,a15c056f9104659fd5cbfd086cf0b82318eb4fd1391938bc28c69600b396a6fd,False,NEU-CLS,patches_107,2,-99
NEU,NEU::patches_108,NEU-DET/train/images/patches/patches_108.jpg,patches_108.jpg,patches,none,200,200,3,21491,c3ae0b7be45e7ba18a9f8de098a03076f9e7aedabf9be697bcac139b5013a9cc,False,NEU-CLS,patches_108,2,-99
NEU,NEU::patches_109,NEU-DET/train/images/patches/patches_109.jpg,patches_109.jpg,patches,none,200,200,3,20730,425fde38df51d513d0aa0b4c5a1587fefb270a876aee1e8d8d3da37b3ad71a70,False,NEU-CLS,patches_109,2,-99
NEU,NEU::patches_11,NEU-DET/train/images/patches/patches_11.jpg,patches_11.jpg,patches,none,200,200,3,21856,1cb3c476f073744d7c44ef552384d57344dfddb5fd41ed4609df09b5ae8c3a6e,False,NEU-CLS,patches_11,2,-99
NEU,NEU::patches_110,NEU-DET/train/images/patches/patches_110.jpg,patches_110.jpg,patches,none,200,200,3,21990,030250f554661a749b7e832fc5b6a3fc336e94b7e25d5da9ce87ecd50c3b106f,False,NEU-CLS,patches_110,2,-99
NEU,NEU::patches_111,NEU-DET/train/images/patches/patches_111.jpg,patches_111.jpg,patches,none,200,200,3,21100,e928a260968ef82b0767cbb1d3e3115ace8935854db15d712e4b3c49c0c48aec,False,NEU-CLS,patches_111,2,-99
NEU,NEU::patches_112,NEU-DET/train/images/patches/patches_112.jpg,patches_112.jpg,patches,none,200,200,3,21199,2e51c9ed34997d6c6d1992a7ee15988a45cf36a0013a67f222f1a9633f2c7219,False,NEU-CLS,patches_112,2,-99
NEU,NEU::patches_113,NEU-DET/train/images/patches/patches_113.jpg,patches_113.jpg,patches,none,200,200,3,22452,96512debedaa44f6fc462336bc99c9eb082da86cdb149331a8880beff8aa60b1,False,NEU-CLS,patches_113,2,-99
NEU,NEU::patches_114,NEU-DET/train/images/patches/patches_114.jpg,patches_114.jpg,patches,none,200,200,3,20887,69799974db41d6809f6d1cdb01417cc6409ed6dd0b7723ace455ee548df43d05,False,NEU-CLS,patches_114,2,-99
NEU,NEU::patches_115,NEU-DET/train/images/patches/patches_115.jpg,patches_115.jpg,patches,none,200,200,3,20369,d717a70aeca510536d423aab3e1880179593f24ff9fb1874af4ac4b1e33504eb,False,NEU-CLS,patches_115,2,-99
NEU,NEU::patches_116,NEU-DET/train/images/patches/patches_116.jpg,patches_116.jpg,patches,none,200,200,3,20894,14e65853add379636cb1daceda84748089b203bbc6b9af4bca8ec5e6860a5853,False,NEU-CLS,patches_116,2,-99
NEU,NEU::patches_117,NEU-DET/train/images/patches/patches_117.jpg,patches_117.jpg,patches,none,200,200,3,14804,3ee20e280ec039613a1ce9190d80f6366cef69cc045e53c47dcb788dfab13210,False,NEU-CLS,patches_117,2,-99
NEU,NEU::patches_118,NEU-DET/train/images/patches/patches_118.jpg,patches_118.jpg,patches,none,200,200,3,19820,c138ff00ac535bc21ff492590b04a5c9df13bba39bda6f47dd91cb88d980186e,False,NEU-CLS,patches_118,2,-99
NEU,NEU::patches_119,NEU-DET/train/images/patches/patches_119.jpg,patches_119.jpg,patches,none,200,200,3,19182,b996e8bb0019ebd447a9eeb03a7c0af31d36dd38081f02f35172778cdb7134fd,False,NEU-CLS,patches_119,2,-99
NEU,NEU::patches_12,NEU-DET/train/images/patches/patches_12.jpg,patches_12.jpg,patches,none,200,200,3,20350,261a55f5fe66d2b3dbb601907e1c455b9c3eac1f271bf5abde92e8891928bfab,False,NEU-CLS,patches_12,2,-99
NEU,NEU::patches_120,NEU-DET/train/images/patches/patches_120.jpg,patches_120.jpg,patches,none,200,200,3,20516,ff83258b9529bc80bb6c6114e052611fa238ff45bdc6715087441529c7ebc2ba,False,NEU-CLS,patches_120,2,-99
NEU,NEU::patches_121,NEU-DET/train/images/patches/patches_121.jpg,patches_121.jpg,patches,none,200,200,3,22077,efbaee1c2678ff433374df25f385927a5b106c8ba3ad9e675e3ca7948e9eafab,False,NEU-CLS,patches_121,2,-99
NEU,NEU::patches_122,NEU-DET/train/images/patches/patches_122.jpg,patches_122.jpg,patches,none,200,200,3,15235,d2297aedb4dadf11a6d5963cb4b70d26e68a141252a5044eace2aa9bc6d6725a,False,NEU-CLS,patches_122,2,-99
NEU,NEU::patches_123,NEU-DET/train/images/patches/patches_123.jpg,patches_123.jpg,patches,none,200,200,3,18159,f1238c00892079e77ef914d636ab8e9116bfcc92ac12b63783fc0163e72037ec,False,NEU-CLS,patches_123,2,-99
NEU,NEU::patches_124,NEU-DET/train/images/patches/patches_124.jpg,patches_124.jpg,patches,none,200,200,3,19907,8e75daa3148fa90158d2a4edfaa9e96b521ba9d07021316a14fce3c112beb91d,False,NEU-CLS,patches_124,2,-99
NEU,NEU::patches_125,NEU-DET/train/images/patches/patches_125.jpg,patches_125.jpg,patches,none,200,200,3,22541,9701bd8d49cae20363e0c31f68985ea237b9eb02cdad5e1c5d599802e7d102e3,False,NEU-CLS,patches_125,2,-99
NEU,NEU::patches_126,NEU-DET/train/images/patches/patches_126.jpg,patches_126.jpg,patches,none,200,200,3,21696,03b7774e99ebcf4349bd01a904bbb61d9c89427972bb8a70acc910c6942a41bf,False,NEU-CLS,patches_126,2,-99
NEU,NEU::patches_127,NEU-DET/train/images/patches/patches_127.jpg,patches_127.jpg,patches,none,200,200,3,18641,e9adce592ef3d885eb5eec4da6264b5008f12540aa5268d407100104c6a6d695,False,NEU-CLS,patches_127,2,-99
NEU,NEU::patches_128,NEU-DET/train/images/patches/patches_128.jpg,patches_128.jpg,patches,none,200,200,3,20857,97ce3a3141e7e881568430940663b53b5fc4829a717ede85aa22034fc9db68b4,False,NEU-CLS,patches_128,2,-99
NEU,NEU::patches_129,NEU-DET/train/images/patches/patches_129.jpg,patches_129.jpg,patches,none,200,200,3,22119,3fa248c8bf726361accefdae301ee11602d1ef0489e414cde5b711a991927bcd,False,NEU-CLS,patches_129,2,-99
NEU,NEU::patches_13,NEU-DET/train/images/patches/patches_13.jpg,patches_13.jpg,patches,none,200,200,3,22098,58cdb77cc09feab192ebdefd3b3ba6dca322cf73e907f02ab301306a3f671e44,False,NEU-CLS,patches_13,2,-99
NEU,NEU::patches_130,NEU-DET/train/images/patches/patches_130.jpg,patches_130.jpg,patches,none,200,200,3,19913,8253ad2fc03f6a9eb468759ad0aef69cb9a7925be41c160fd65b9355c3b69adf,False,NEU-CLS,patches_130,2,-99
NEU,NEU::patches_131,NEU-DET/train/images/patches/patches_131.jpg,patches_131.jpg,patches,none,200,200,3,17900,6c4bb69ad9a47caef8712455c5b63b6a4096b1134e5d5898f09cf1a482d14dc6,False,NEU-CLS,patches_131,2,-99
NEU,NEU::patches_132,NEU-DET/train/images/patches/patches_132.jpg,patches_132.jpg,patches,none,200,200,3,19363,f9e12ac424ba0e9d72834084fbfaa1a746b0ce109ac3fe28fde658008aa33b78,False,NEU-CLS,patches_132,2,-99
NEU,NEU::patches_133,NEU-DET/train/images/patches/patches_133.jpg,patches_133.jpg,patches,none,200,200,3,16673,b2da2199a39655b0a56bbb4aef03f0b1e26ae8a6fd699399c3017899e546f68f,False,NEU-CLS,patches_133,2,-99
NEU,NEU::patches_134,NEU-DET/train/images/patches/patches_134.jpg,patches_134.jpg,patches,none,200,200,3,15431,608d8747650080d180c34c1f5ec90b4c593d9c22c46796c90df03b504d3dc485,False,NEU-CLS,patches_134,2,-99
NEU,NEU::patches_135,NEU-DET/train/images/patches/patches_135.jpg,patches_135.jpg,patches,none,200,200,3,22958,0d29b05f6ed3fff32332f948e29f439851afd6d27dc713b2785538cd12f69b8a,False,NEU-CLS,patches_135,2,-99
NEU,NEU::patches_136,NEU-DET/train/images/patches/patches_136.jpg,patches_136.jpg,patches,none,200,200,3,19428,6f92bad92f5ed2e838d27f3ee181301b0125f215eb9bcc856abec4e79973cd44,False,NEU-CLS,patches_136,2,-99
NEU,NEU::patches_137,NEU-DET/train/images/patches/patches_137.jpg,patches_137.jpg,patches,none,200,200,3,18035,82fb6d832a93ab370a235ad1da788e4c00e869995829f368f4d58225d416b365,False,NEU-CLS,patches_137,2,-99
NEU,NEU::patches_138,NEU-DET/train/images/patches/patches_138.jpg,patches_138.jpg,patches,none,200,200,3,19097,74330d6f6ea62facd45209ab8ae61bc1d41b87dd69a03e810ff7991757048231,False,NEU-CLS,patches_138,2,-99
NEU,NEU::patches_139,NEU-DET/train/images/patches/patches_139.jpg,patches_139.jpg,patches,none,200,200,3,19755,91906ca766ab2d87b9d96983d688d067d627d70cb0feb0a951833df4f7c2a61f,False,NEU-CLS,patches_139,2,-99
NEU,NEU::patches_14,NEU-DET/train/images/patches/patches_14.jpg,patches_14.jpg,patches,none,200,200,3,21875,1417658bcd2219ee87f67881268f12d96951db240e26b357a7c0a1905b969d45,False,NEU-CLS,patches_14,2,-99
NEU,NEU::patches_140,NEU-DET/train/images/patches/patches_140.jpg,patches_140.jpg,patches,none,200,200,3,17954,9232201956ead5b82110289d25fe4d0964b9d9cc0d62b1c75fa72da1d5755730,False,NEU-CLS,patches_140,2,-99
NEU,NEU::patches_141,NEU-DET/train/images/patches/patches_141.jpg,patches_141.jpg,patches,none,200,200,3,21712,9c6d455aee8bb4dd474750ba5e8b862e978e82bad024de6b2b5849cd3b4883b1,False,NEU-CLS,patches_141,2,-99
NEU,NEU::patches_142,NEU-DET/train/images/patches/patches_142.jpg,patches_142.jpg,patches,none,200,200,3,17358,07108895b311000a2e6f221bb5fadcde41d8908f9442a557372a7a6e147e78ec,False,NEU-CLS,patches_142,2,-99
NEU,NEU::patches_143,NEU-DET/train/images/patches/patches_143.jpg,patches_143.jpg,patches,none,200,200,3,15923,214303d47c642dfa9f4f85cd3e166709381120ae46e7ef47c5a7b0571daa713a,False,NEU-CLS,patches_143,2,-99
NEU,NEU::patches_144,NEU-DET/train/images/patches/patches_144.jpg,patches_144.jpg,patches,none,200,200,3,14456,a9d39b0ac5c7dea33ab007660ee75de56cd14e26f7eac49690fd72dc6419b02d,False,NEU-CLS,patches_144,2,-99
NEU,NEU::patches_145,NEU-DET/train/images/patches/patches_145.jpg,patches_145.jpg,patches,none,200,200,3,20201,6fb38c29252478274769ad1377696796b812be1ea4e32b5335f9680ce823feb7,False,NEU-CLS,patches_145,2,-99
NEU,NEU::patches_146,NEU-DET/train/images/patches/patches_146.jpg,patches_146.jpg,patches,none,200,200,3,22285,68a75502eb09f2fce11bafa903976e6ebd301cf882c9fec5d17b14f8a2f99778,False,NEU-CLS,patches_146,2,-99
NEU,NEU::patches_147,NEU-DET/train/images/patches/patches_147.jpg,patches_147.jpg,patches,none,200,200,3,19915,3e8572520292a452158735853befe42a089db883b04a173ae5434adffca05bfb,False,NEU-CLS,patches_147,2,-99
NEU,NEU::patches_148,NEU-DET/train/images/patches/patches_148.jpg,patches_148.jpg,patches,none,200,200,3,21674,636b01e783962322125e76a6dba37f396899268e68109a1f667443058da6d3b7,False,NEU-CLS,patches_148,2,-99
NEU,NEU::patches_149,NEU-DET/train/images/patches/patches_149.jpg,patches_149.jpg,patches,none,200,200,3,20878,1cea8bc35e67216b1c1343e3231418c52c05dd7b370bdab3e79d3e67d0135090,False,NEU-CLS,patches_149,2,-99
NEU,NEU::patches_15,NEU-DET/train/images/patches/patches_15.jpg,patches_15.jpg,patches,none,200,200,3,21677,3757b1e2dcdf1b980cadc5732dda2265a2ef7605321a1da6cdcd7b702e57450e,False,NEU-CLS,patches_15,2,-99
NEU,NEU::patches_150,NEU-DET/train/images/patches/patches_150.jpg,patches_150.jpg,patches,none,200,200,3,18584,4056930ab385cf2283b3434af3b07bceb143d0b8915c0e2a7b6d0d2013ccb35a,False,NEU-CLS,patches_150,2,-99
NEU,NEU::patches_151,NEU-DET/train/images/patches/patches_151.jpg,patches_151.jpg,patches,none,200,200,3,20284,d97b9899a36deefd9754c2874b026b3f30233cf3a69ca94f021622527585107e,False,NEU-CLS,patches_151,2,-99
NEU,NEU::patches_152,NEU-DET/train/images/patches/patches_152.jpg,patches_152.jpg,patches,none,200,200,3,19000,d2f30341e0189fdd3c47b4ef3b94b381fcc9d43f4b3b4efb3df1722a203db58e,False,NEU-CLS,patches_152,2,-99
NEU,NEU::patches_153,NEU-DET/train/images/patches/patches_153.jpg,patches_153.jpg,patches,none,200,200,3,16287,0d25cee992679e08246be6763ef5cc97be495c201c3a16013f077484d3e2b836,False,NEU-CLS,patches_153,2,-99
NEU,NEU::patches_154,NEU-DET/train/images/patches/patches_154.jpg,patches_154.jpg,patches,none,200,200,3,20600,6d1d6467b07e33d7d826dadbf27bcc6a428f65a9f116ad9b8f5464cf517d4331,False,NEU-CLS,patches_154,2,-99
NEU,NEU::patches_155,NEU-DET/train/images/patches/patches_155.jpg,patches_155.jpg,patches,none,200,200,3,20627,b87f28bf0895ebcb1273e5d707c40243f1fcdb132ed63eabca253e1c67ae34d7,False,NEU-CLS,patches_155,2,-99
NEU,NEU::patches_156,NEU-DET/train/images/patches/patches_156.jpg,patches_156.jpg,patches,none,200,200,3,21250,9961f0ffde85a40516f54262b3fa74eb35cee24fc87a54d4fe8f07b7e7fb2ec2,False,NEU-CLS,patches_156,2,-99
NEU,NEU::patches_157,NEU-DET/train/images/patches/patches_157.jpg,patches_157.jpg,patches,none,200,200,3,19610,302db455ade32145d76a587ba113c0a82e56311226f313c4b451410b5402c67d,False,NEU-CLS,patches_157,2,-99
NEU,NEU::patches_158,NEU-DET/train/images/patches/patches_158.jpg,patches_158.jpg,patches,none,200,200,3,20125,e0c59d0cf887cbed94ec56da824eee7e347ae2a7b10ea3488d833a3058a8a62f,False,NEU-CLS,patches_158,2,-99
NEU,NEU::patches_159,NEU-DET/train/images/patches/patches_159.jpg,patches_159.jpg,patches,none,200,200,3,21522,caa276f56de3cb2c828f36062786f7f3826fcc14b7d6be57bb1fd43929633415,False,NEU-CLS,patches_159,2,-99
NEU,NEU::patches_16,NEU-DET/train/images/patches/patches_16.jpg,patches_16.jpg,patches,none,200,200,3,21376,745dccd9dde8538337e406c42870463fd31123cc5925d0c13791b48fa22ad8cf,False,NEU-CLS,patches_16,2,-99
NEU,NEU::patches_160,NEU-DET/train/images/patches/patches_160.jpg,patches_160.jpg,patches,none,200,200,3,20790,7163a072ecd14c36764803d154fb8b98684fb56f3bfcbf6fd1d4417aee2ab6e5,False,NEU-CLS,patches_160,2,-99
NEU,NEU::patches_161,NEU-DET/train/images/patches/patches_161.jpg,patches_161.jpg,patches,none,200,200,3,15087,bd202f91ddd89c3727996d411e6330301df47bfbce8627e909dcf5cd3ab12636,False,NEU-CLS,patches_161,2,-99
NEU,NEU::patches_162,NEU-DET/train/images/patches/patches_162.jpg,patches_162.jpg,patches,none,200,200,3,15217,3239ed10b8c553328b57ed770aeb95e389b78e6c4c0ee3154002ba3754115e75,False,NEU-CLS,patches_162,2,-99
NEU,NEU::patches_163,NEU-DET/train/images/patches/patches_163.jpg,patches_163.jpg,patches,none,200,200,3,20907,58a58110791d4f674b52db9086fc1f0c49ccb0eb6283a90a94a6a32f5ac87b1b,False,NEU-CLS,patches_163,2,-99
NEU,NEU::patches_164,NEU-DET/train/images/patches/patches_164.jpg,patches_164.jpg,patches,none,200,200,3,14990,87c1b46a01c796c71030ee72ca51ae732fb2e4e8a39117e483e5b42fa55a9b8e,False,NEU-CLS,patches_164,2,-99
NEU,NEU::patches_165,NEU-DET/train/images/patches/patches_165.jpg,patches_165.jpg,patches,none,200,200,3,20075,320921e15b7b47236fb08cb0244b81b326a66cd3e79d0fc4459b98a30f38f3cc,False,NEU-CLS,patches_165,2,-99
NEU,NEU::patches_166,NEU-DET/train/images/patches/patches_166.jpg,patches_166.jpg,patches,none,200,200,3,20784,49869b28925cfe2db006ab2784edeb1a817ed11bc7f11763b8c3d5227d059b30,False,NEU-CLS,patches_166,2,-99
NEU,NEU::patches_167,NEU-DET/train/images/patches/patches_167.jpg,patches_167.jpg,patches,none,200,200,3,19695,631d3384882fbb9935daa7032092688d3bc9d716c12175bc59e2c5767289a205,False,NEU-CLS,patches_167,2,-99
NEU,NEU::patches_168,NEU-DET/train/images/patches/patches_168.jpg,patches_168.jpg,patches,none,200,200,3,21162,11551ae1e03110fd3c21ff836b7da31727ac9c53d146735e61854d12850484ba,False,NEU-CLS,patches_168,2,-99
NEU,NEU::patches_169,NEU-DET/train/images/patches/patches_169.jpg,patches_169.jpg,patches,none,200,200,3,16429,6f4636871b1447810cccee23d7c432d19595069555d9c5af2940a987e6223d78,False,NEU-CLS,patches_169,2,-99
NEU,NEU::patches_17,NEU-DET/train/images/patches/patches_17.jpg,patches_17.jpg,patches,none,200,200,3,19934,5321e25088da9adf11b3455da3a3435ab7a81a5302c46fdb987f6521e65f4f07,False,NEU-CLS,patches_17,2,-99
NEU,NEU::patches_170,NEU-DET/train/images/patches/patches_170.jpg,patches_170.jpg,patches,none,200,200,3,17895,15a49a3f74f4cb2dfdd291069afff4a4ce5fef99ee2f83f4bdfa5ec828d6d8e7,False,NEU-CLS,patches_170,2,-99
NEU,NEU::patches_171,NEU-DET/train/images/patches/patches_171.jpg,patches_171.jpg,patches,none,200,200,3,22145,e741626eb4750d162a040183755e1403e1ba9af7bc1e93a3f528ba4be929cd11,False,NEU-CLS,patches_171,2,-99
NEU,NEU::patches_172,NEU-DET/train/images/patches/patches_172.jpg,patches_172.jpg,patches,none,200,200,3,21023,1cb7032729d52c8d051f73c6be8ad61c3e8a4599f37b554fd43d7652cdb94d4d,False,NEU-CLS,patches_172,2,-99
NEU,NEU::patches_173,NEU-DET/train/images/patches/patches_173.jpg,patches_173.jpg,patches,none,200,200,3,20235,5cfabcb4e299b09666c2ddd5e586c9f5705fb8c1fb9b628473465722d42cfd43,False,NEU-CLS,patches_173,2,-99
NEU,NEU::patches_174,NEU-DET/train/images/patches/patches_174.jpg,patches_174.jpg,patches,none,200,200,3,19939,58a7540a7be07aebcd8a5a96f9f58bc4322141ab414487160c8b78127093fecf,False,NEU-CLS,patches_174,2,-99
NEU,NEU::patches_175,NEU-DET/train/images/patches/patches_175.jpg,patches_175.jpg,patches,none,200,200,3,20559,a531077af118c640daf5c1897d90d194ca9e594de8e21ba19d45254f2ea3e37c,False,NEU-CLS,patches_175,2,-99
NEU,NEU::patches_176,NEU-DET/train/images/patches/patches_176.jpg,patches_176.jpg,patches,none,200,200,3,21656,6e86fd9aa036ece2f4827477eb4f06973189e59aa1bbd67644dde85ae51cf17f,False,NEU-CLS,patches_176,2,-99
NEU,NEU::patches_177,NEU-DET/train/images/patches/patches_177.jpg,patches_177.jpg,patches,none,200,200,3,21289,8296704a80a15a59e806394db76485fbaf9160ac55f745dcda03da054edb1bb7,False,NEU-CLS,patches_177,2,-99
NEU,NEU::patches_178,NEU-DET/train/images/patches/patches_178.jpg,patches_178.jpg,patches,none,200,200,3,17592,81c0eddd3ff44319baf7b1747aa0f4a6761763810fd8b6059137bd3eabfb0f08,False,NEU-CLS,patches_178,2,-99
NEU,NEU::patches_179,NEU-DET/train/images/patches/patches_179.jpg,patches_179.jpg,patches,none,200,200,3,21340,c960357bb6f0c3f85b124fbf91f5a53acc730cad0a86b39bc531024bf51fb8ce,False,NEU-CLS,patches_179,2,-99
NEU,NEU::patches_18,NEU-DET/train/images/patches/patches_18.jpg,patches_18.jpg,patches,none,200,200,3,21552,58b730ff89fd4558ab7dcfa5686d3c9f6da0bb6428dde3c6e941c826211ca711,False,NEU-CLS,patches_18,2,-99
NEU,NEU::patches_180,NEU-DET/train/images/patches/patches_180.jpg,patches_180.jpg,patches,none,200,200,3,16414,11ee2ca3f59b50c11feee7fa223814abe34e7977c6a1183fd42062e95af522e1,False,NEU-CLS,patches_180,2,-99
NEU,NEU::patches_181,NEU-DET/train/images/patches/patches_181.jpg,patches_181.jpg,patches,none,200,200,3,21272,fcebed354c17ff4339ab57196c75f7e7d12c77f03a38f0819e22aa2656083634,False,NEU-CLS,patches_181,2,-99
NEU,NEU::patches_182,NEU-DET/train/images/patches/patches_182.jpg,patches_182.jpg,patches,none,200,200,3,18599,4495fb8e282aa3a7dd211f72aaadf61b96e79ee9190d2d951630410decccc39f,False,NEU-CLS,patches_182,2,-99
NEU,NEU::patches_183,NEU-DET/train/images/patches/patches_183.jpg,patches_183.jpg,patches,none,200,200,3,21399,334b6e74e2b54a6fec042f33d78615e89ab4212d5c6cd83ba808529eb85a5cda,False,NEU-CLS,patches_183,2,-99
NEU,NEU::patches_184,NEU-DET/train/images/patches/patches_184.jpg,patches_184.jpg,patches,none,200,200,3,22295,b08da27dbdb393b157c42e014b712358edfcc210a17b78e8b993ed0e6186f1fd,False,NEU-CLS,patches_184,2,-99
NEU,NEU::patches_185,NEU-DET/train/images/patches/patches_185.jpg,patches_185.jpg,patches,none,200,200,3,21001,fa83293ba81f4aae52ff4e395c98d6aa81596624f19c2f4539d9d8e3493bae1b,False,NEU-CLS,patches_185,2,-99
NEU,NEU::patches_186,NEU-DET/train/images/patches/patches_186.jpg,patches_186.jpg,patches,none,200,200,3,20661,e4be79405f21c621732e4317499f0efa703e78c84f2ff3b597031181e8c72216,False,NEU-CLS,patches_186,2,-99
NEU,NEU::patches_187,NEU-DET/train/images/patches/patches_187.jpg,patches_187.jpg,patches,none,200,200,3,21429,da4406453e637084645096a60120392739e6b2057d6db8b5820cdaf301b19d0a,False,NEU-CLS,patches_187,2,-99
NEU,NEU::patches_188,NEU-DET/train/images/patches/patches_188.jpg,patches_188.jpg,patches,none,200,200,3,20029,8909063db7f0d72cf2c014a73e164b97eeca2b42c6276867b853cf5a51dba8fb,False,NEU-CLS,patches_188,2,-99
NEU,NEU::patches_189,NEU-DET/train/images/patches/patches_189.jpg,patches_189.jpg,patches,none,200,200,3,21807,12d65f261844bc8d215a9091d6452c88654faf6d36e9e8203a5c07a0c0b24296,False,NEU-CLS,patches_189,2,-99
NEU,NEU::patches_19,NEU-DET/train/images/patches/patches_19.jpg,patches_19.jpg,patches,none,200,200,3,19995,9fddc984d5c02565fd12b248572bed264d11f810f51c15cc071272837db29ed4,False,NEU-CLS,patches_19,2,-99
NEU,NEU::patches_190,NEU-DET/train/images/patches/patches_190.jpg,patches_190.jpg,patches,none,200,200,3,21941,8c96de37135dee7e58a35bd60a623262817fc4e0e9c00d80846546a751f77dcb,False,NEU-CLS,patches_190,2,-99
NEU,NEU::patches_191,NEU-DET/train/images/patches/patches_191.jpg,patches_191.jpg,patches,none,200,200,3,20775,389fa2692a890ace1610695cf8046dd9886bdcac29fa485c072e26fecf58599f,False,NEU-CLS,patches_191,2,-99
NEU,NEU::patches_192,NEU-DET/train/images/patches/patches_192.jpg,patches_192.jpg,patches,none,200,200,3,15164,7140772ba97405dbf146e15a3edd9a0068f2200a76cfffbd22a023462f18e149,False,NEU-CLS,patches_192,2,-99
NEU,NEU::patches_193,NEU-DET/train/images/patches/patches_193.jpg,patches_193.jpg,patches,none,200,200,3,21756,9fcc65087f61af456d62d8fabea419e6eb99faf1b66f92f532a54dbd5ccc63dc,False,NEU-CLS,patches_193,2,-99
NEU,NEU::patches_194,NEU-DET/train/images/patches/patches_194.jpg,patches_194.jpg,patches,none,200,200,3,20585,bdbb493f9ce0d7776902e07437977a0abdfe0481abcee3358c989d744be198be,False,NEU-CLS,patches_194,2,-99
NEU,NEU::patches_195,NEU-DET/train/images/patches/patches_195.jpg,patches_195.jpg,patches,none,200,200,3,21961,016b5b6f235e54cdd6dca76d0d03087e5d25da7e36c018ff1dfa240c4b8fabc2,False,NEU-CLS,patches_195,2,-99
NEU,NEU::patches_196,NEU-DET/train/images/patches/patches_196.jpg,patches_196.jpg,patches,none,200,200,3,18269,6c8ff326e64496001a154cb0f4ffdaae45d077fc86624ded60ace3b00a943ceb,False,NEU-CLS,patches_196,2,-99
NEU,NEU::patches_197,NEU-DET/train/images/patches/patches_197.jpg,patches_197.jpg,patches,none,200,200,3,18936,7248fa223902c1398f6d82f8de387d8a795be6ca9f1dc2a33fc0f379b61f6dc6,False,NEU-CLS,patches_197,2,-99
NEU,NEU::patches_198,NEU-DET/train/images/patches/patches_198.jpg,patches_198.jpg,patches,none,200,200,3,21648,92ef61aa98bdcda4173603a3dbcec573ff0fd754915f7463103464e105c58c16,False,NEU-CLS,patches_198,2,-99
NEU,NEU::patches_199,NEU-DET/train/images/patches/patches_199.jpg,patches_199.jpg,patches,none,200,200,3,21867,06071e67ada2d39202ab845f44317165233135a24aa83ac519b998c25e488adb,False,NEU-CLS,patches_199,2,-99
NEU,NEU::patches_2,NEU-DET/train/images/patches/patches_2.jpg,patches_2.jpg,patches,none,200,200,3,21807,2fdb317049ad4e9e14742cd8e134d9c0037d7569c316ac992a449ecbf58101d0,False,NEU-CLS,patches_2,2,-99
NEU,NEU::patches_20,NEU-DET/train/images/patches/patches_20.jpg,patches_20.jpg,patches,none,200,200,3,20867,0f894cdac195e33088bf23e665ee018ec79b9904a9d1e55c5d66de95928f952b,False,NEU-CLS,patches_20,2,-99
NEU,NEU::patches_200,NEU-DET/train/images/patches/patches_200.jpg,patches_200.jpg,patches,none,200,200,3,20469,f4fea54ba383909b5e71c25f1d327425d5e102fb4619e590aa94933044d828a1,False,NEU-CLS,patches_200,2,-99
NEU,NEU::patches_201,NEU-DET/train/images/patches/patches_201.jpg,patches_201.jpg,patches,none,200,200,3,21837,3096d28045ca41280028e716d6c64c9d65a70f3c171a98686f4772c99c7620a6,False,NEU-CLS,patches_201,2,-99
NEU,NEU::patches_202,NEU-DET/train/images/patches/patches_202.jpg,patches_202.jpg,patches,none,200,200,3,21623,53117ada4199b82ff4b331c1b8373d67fc5c8868b7923996ac44ee4fe465734e,False,NEU-CLS,patches_202,2,-99
NEU,NEU::patches_203,NEU-DET/train/images/patches/patches_203.jpg,patches_203.jpg,patches,none,200,200,3,17121,0d40be789f7cffcdf9914b712b1b4c157f80d2c44a58679dcba1cfb09ba0fc3e,False,NEU-CLS,patches_203,2,-99
NEU,NEU::patches_204,NEU-DET/train/images/patches/patches_204.jpg,patches_204.jpg,patches,none,200,200,3,21415,3b78a9f47fd2d1881216ba5c9764e38f1948518a2f73f76e15feabb430c8fbd9,False,NEU-CLS,patches_204,2,-99
NEU,NEU::patches_205,NEU-DET/train/images/patches/patches_205.jpg,patches_205.jpg,patches,none,200,200,3,16894,391a1343e891e8b84111d341ad039a8a43375ad6910e16d2692d5dd93662624e,False,NEU-CLS,patches_205,2,-99
NEU,NEU::patches_206,NEU-DET/train/images/patches/patches_206.jpg,patches_206.jpg,patches,none,200,200,3,21007,8a610809a1ab93c4ccf80fad3c868d5edafa6fb7ff01d97b1026c3b969401614,False,NEU-CLS,patches_206,2,-99
NEU,NEU::patches_207,NEU-DET/train/images/patches/patches_207.jpg,patches_207.jpg,patches,none,200,200,3,16753,82caa9f13416c4039b5e928be14cc48e0709506d895d8d1642f0718043ef5bef,False,NEU-CLS,patches_207,2,-99
NEU,NEU::patches_208,NEU-DET/train/images/patches/patches_208.jpg,patches_208.jpg,patches,none,200,200,3,17188,8ba753aca9c53c268cd20bec32d93046316436aae748756b11f5dda4074379e3,False,NEU-CLS,patches_208,2,-99
NEU,NEU::patches_209,NEU-DET/train/images/patches/patches_209.jpg,patches_209.jpg,patches,none,200,200,3,19268,4f98a185024e14cb67f9eca63ee70982a240328c139c80ae670f550754398c7d,False,NEU-CLS,patches_209,2,-99
NEU,NEU::patches_21,NEU-DET/train/images/patches/patches_21.jpg,patches_21.jpg,patches,none,200,200,3,20168,e9766ef04b4726ab89fa3872716a99f3fc761f080f1b00095b7b8e2245ad3950,False,NEU-CLS,patches_21,2,-99
NEU,NEU::patches_210,NEU-DET/train/images/patches/patches_210.jpg,patches_210.jpg,patches,none,200,200,3,20673,8e0b0c93ba4d6f0e07b76908399ffc17791bad48b0cbb01721fc3f7e6df311c0,False,NEU-CLS,patches_210,2,-99
NEU,NEU::patches_211,NEU-DET/train/images/patches/patches_211.jpg,patches_211.jpg,patches,none,200,200,3,21899,f988631bac3b31eac7be7a1f56e118d14d3327989ce4b454370761c5c8700305,False,NEU-CLS,patches_211,2,-99
NEU,NEU::patches_212,NEU-DET/train/images/patches/patches_212.jpg,patches_212.jpg,patches,none,200,200,3,22335,856463e6892bdd866ea1d73e5a95d2a0423df43e16fb57f40d078f59d824794c,False,NEU-CLS,patches_212,2,-99
NEU,NEU::patches_213,NEU-DET/train/images/patches/patches_213.jpg,patches_213.jpg,patches,none,200,200,3,16785,6a4b08214c314135518585256f952cef50c514d5137ab1244e7842cee7167c6d,False,NEU-CLS,patches_213,2,-99
NEU,NEU::patches_214,NEU-DET/train/images/patches/patches_214.jpg,patches_214.jpg,patches,none,200,200,3,14587,7a72f8abc4e0b3def00afe8bac2df18c494da501b3de3566fd8542d65853b62d,False,NEU-CLS,patches_214,2,-99
NEU,NEU::patches_215,NEU-DET/train/images/patches/patches_215.jpg,patches_215.jpg,patches,none,200,200,3,20627,5a901625c47393f44918ccc9dbafa5bcf716d9edf6138d9eec5d5f1a04180583,False,NEU-CLS,patches_215,2,-99
NEU,NEU::patches_216,NEU-DET/train/images/patches/patches_216.jpg,patches_216.jpg,patches,none,200,200,3,21298,b23b9b600ab5718db7201a36cbca183b053060b47ef3052a3749f33cbfc609ac,False,NEU-CLS,patches_216,2,-99
NEU,NEU::patches_217,NEU-DET/train/images/patches/patches_217.jpg,patches_217.jpg,patches,none,200,200,3,21877,71285ecc73ee77e281e1edd71a31fba5fbfc123dc4e120910ac9a0696568db47,False,NEU-CLS,patches_217,2,-99
NEU,NEU::patches_218,NEU-DET/train/images/patches/patches_218.jpg,patches_218.jpg,patches,none,200,200,3,14375,bdc8d32308a3eaaa7153b16c4ebd6e56ad346377708fedd172da28de464dbee8,False,NEU-CLS,patches_218,2,-99
NEU,NEU::patches_219,NEU-DET/train/images/patches/patches_219.jpg,patches_219.jpg,patches,none,200,200,3,14850,8fa718c52b5d4b920510fb65720cfcf0ee9e6ff736229849c59b6154b9af24a7,False,NEU-CLS,patches_219,2,-99
NEU,NEU::patches_22,NEU-DET/train/images/patches/patches_22.jpg,patches_22.jpg,patches,none,200,200,3,21683,7c0f0b709bea9e06f13e75228b06366187e92d119650bf2f017fa34acc126223,False,NEU-CLS,patches_22,2,-99
NEU,NEU::patches_220,NEU-DET/train/images/patches/patches_220.jpg,patches_220.jpg,patches,none,200,200,3,20792,40ae61cd45e6826404c5ae044df70997a18e14248d051c1e75c6c3397b6c79cc,False,NEU-CLS,patches_220,2,-99
NEU,NEU::patches_221,NEU-DET/train/images/patches/patches_221.jpg,patches_221.jpg,patches,none,200,200,3,21484,4dc6536f2e2175fdcc8346933636a0c2fe22535431a4d41de41d03ad0b4e53fd,False,NEU-CLS,patches_221,2,-99
NEU,NEU::patches_222,NEU-DET/train/images/patches/patches_222.jpg,patches_222.jpg,patches,none,200,200,3,21628,a284f947f7707d7c2a31e6a816e22c1b2e18934253a0b70df7b126b4e311f577,False,NEU-CLS,patches_222,2,-99
NEU,NEU::patches_223,NEU-DET/train/images/patches/patches_223.jpg,patches_223.jpg,patches,none,200,200,3,21251,dc6d186a0f02199210d97007ee503cd663fd82d6aea1499d9af4fa8e4da82b63,False,NEU-CLS,patches_223,2,-99
NEU,NEU::patches_224,NEU-DET/train/images/patches/patches_224.jpg,patches_224.jpg,patches,none,200,200,3,21247,af9fac336367e2b8b4e7314d428fc1fb3390401a1670787a3419940157727388,False,NEU-CLS,patches_224,2,-99
NEU,NEU::patches_225,NEU-DET/train/images/patches/patches_225.jpg,patches_225.jpg,patches,none,200,200,3,18664,3554340b5a48b23c97a194f7b7bf1776a625cc789d77a0b835ad07052b679eda,False,NEU-CLS,patches_225,2,-99
NEU,NEU::patches_226,NEU-DET/train/images/patches/patches_226.jpg,patches_226.jpg,patches,none,200,200,3,17714,7a187942009565b63b6cc73c5bdd7481261e565e1d9981f7ddc7b436077da17c,False,NEU-CLS,patches_226,2,-99
NEU,NEU::patches_227,NEU-DET/train/images/patches/patches_227.jpg,patches_227.jpg,patches,none,200,200,3,22192,6e4c68ebe62d2fd805a614a0394a7700a792d5e6d09379122a1b945f75d665c0,False,NEU-CLS,patches_227,2,-99
NEU,NEU::patches_228,NEU-DET/train/images/patches/patches_228.jpg,patches_228.jpg,patches,none,200,200,3,22720,a9d5c1daaaeb00a1819b3b9ef87bc8f5fbaabb37e3e2e1320ac344ba61b606ca,False,NEU-CLS,patches_228,2,-99
NEU,NEU::patches_229,NEU-DET/train/images/patches/patches_229.jpg,patches_229.jpg,patches,none,200,200,3,22077,e78a97001d6da623401ef5aaa794e710fb2884ae3e9ee20e023a6307a48c80f4,False,NEU-CLS,patches_229,2,-99
NEU,NEU::patches_23,NEU-DET/train/images/patches/patches_23.jpg,patches_23.jpg,patches,none,200,200,3,16650,dd1db0ac511a64489da2ef322ada61ea20fe7798488cacd8342cff5462951cfa,False,NEU-CLS,patches_23,2,-99
NEU,NEU::patches_230,NEU-DET/train/images/patches/patches_230.jpg,patches_230.jpg,patches,none,200,200,3,22578,f9875ed804f7a3595505650f60bd511262c904e4ddbdbd9aa4a27450c9237e39,False,NEU-CLS,patches_230,2,-99
NEU,NEU::patches_231,NEU-DET/train/images/patches/patches_231.jpg,patches_231.jpg,patches,none,200,200,3,22305,6d24d04a14ecb962be8849befa4bc9eb527ac27f711866ca297a4328c5477c93,False,NEU-CLS,patches_231,2,-99
NEU,NEU::patches_232,NEU-DET/train/images/patches/patches_232.jpg,patches_232.jpg,patches,none,200,200,3,18402,0b5208b4c5d357165541c510e2b6dc7f35f3601a25db6550854727991fe92cd5,False,NEU-CLS,patches_232,2,-99
NEU,NEU::patches_233,NEU-DET/train/images/patches/patches_233.jpg,patches_233.jpg,patches,none,200,200,3,17152,d8d82af5475004befe8aad2d33fa125d4f25a9d133a25f689bd6e434f1dcf1b5,False,NEU-CLS,patches_233,2,-99
NEU,NEU::patches_234,NEU-DET/train/images/patches/patches_234.jpg,patches_234.jpg,patches,none,200,200,3,22179,d9094210db614a288863a4d96cc69430ec80189b77ba5a489eb89010d27ff11e,False,NEU-CLS,patches_234,2,-99
NEU,NEU::patches_235,NEU-DET/train/images/patches/patches_235.jpg,patches_235.jpg,patches,none,200,200,3,21977,920d6955b3eec2d8777af6b97c21782822c2596c278d57d84a213db9d45ca58b,False,NEU-CLS,patches_235,2,-99
NEU,NEU::patches_236,NEU-DET/train/images/patches/patches_236.jpg,patches_236.jpg,patches,none,200,200,3,20913,414ea0d44b8a8694ec810f8773c5318a863ccc30cbbbd0fa98c8c67687d189d6,False,NEU-CLS,patches_236,2,-99
NEU,NEU::patches_237,NEU-DET/train/images/patches/patches_237.jpg,patches_237.jpg,patches,none,200,200,3,21051,a4c20056a61539628ff0da81d83a2cdc799136fba97ac8d641525abad293198b,False,NEU-CLS,patches_237,2,-99
NEU,NEU::patches_238,NEU-DET/train/images/patches/patches_238.jpg,patches_238.jpg,patches,none,200,200,3,21004,3280a9e88f44688005a0c7b4f3ae7b8593e2791f8168568dd63a229de7598dcf,False,NEU-CLS,patches_238,2,-99
NEU,NEU::patches_239,NEU-DET/train/images/patches/patches_239.jpg,patches_239.jpg,patches,none,200,200,3,20680,3231f7b287e4856079b3825f0c8da1c7f73715325bb411f792d40465274350cb,False,NEU-CLS,patches_239,2,-99
NEU,NEU::patches_24,NEU-DET/train/images/patches/patches_24.jpg,patches_24.jpg,patches,none,200,200,3,20534,896839c104be92dd6dcd7d1ba13dabca2e2592f3d486e67398e6a536bbaab2a0,False,NEU-CLS,patches_24,2,-99
NEU,NEU::patches_240,NEU-DET/train/images/patches/patches_240.jpg,patches_240.jpg,patches,none,200,200,3,19797,98ed6658cdb71e6b6fee8de73e6c203633be44162a80bad806c0092f3f029ef5,False,NEU-CLS,patches_240,2,-99
NEU,NEU::patches_241,NEU-DET/validation/images/patches/patches_241.jpg,patches_241.jpg,patches,none,200,200,3,21100,d8ee841afe3d24b39a3f1f5656780b75ce9b1e1b6bb11cb6953a99d0cbaaffde,False,NEU-CLS,patches_241,2,-99
NEU,NEU::patches_242,NEU-DET/validation/images/patches/patches_242.jpg,patches_242.jpg,patches,none,200,200,3,22221,2df3804d5f3d14eff1a21de3e6a348b09739d358ea31bf658a8cb3481d41ba3c,False,NEU-CLS,patches_242,2,-99
NEU,NEU::patches_243,NEU-DET/validation/images/patches/patches_243.jpg,patches_243.jpg,patches,none,200,200,3,21844,8e8fcd54563e51cb9d72bf739bf1ead8bfee6ec5c39fd6c9134ce0dd5ed714c0,False,NEU-CLS,patches_243,2,-99
NEU,NEU::patches_244,NEU-DET/validation/images/patches/patches_244.jpg,patches_244.jpg,patches,none,200,200,3,19030,315c904e5d70da210481d8a3d0353a46f3f7b7f10791140e74c0d5b5f32d0c10,False,NEU-CLS,patches_244,2,-99
NEU,NEU::patches_245,NEU-DET/validation/images/patches/patches_245.jpg,patches_245.jpg,patches,none,200,200,3,22874,aafd4d10099294256277db55a2e7931b10f04c5e55040e2f1a448cb3dbea9dfb,False,NEU-CLS,patches_245,2,-99
NEU,NEU::patches_246,NEU-DET/validation/images/patches/patches_246.jpg,patches_246.jpg,patches,none,200,200,3,22404,7f45995002795476b698d414a272a5e742e89098d6d15fe633cc6fa36d87f6a7,False,NEU-CLS,patches_246,2,-99
NEU,NEU::patches_247,NEU-DET/validation/images/patches/patches_247.jpg,patches_247.jpg,patches,none,200,200,3,21751,855c94193ef337063103964b1a6be05681eb08db3892b778fd43e1da58c1da0e,False,NEU-CLS,patches_247,2,-99
NEU,NEU::patches_248,NEU-DET/validation/images/patches/patches_248.jpg,patches_248.jpg,patches,none,200,200,3,21933,3d2c26ea976d8fffbf4c12713fa5ae9739cdb86702ec99a293fa22e932a32abe,False,NEU-CLS,patches_248,2,-99
NEU,NEU::patches_249,NEU-DET/validation/images/patches/patches_249.jpg,patches_249.jpg,patches,none,200,200,3,20405,2dc3453e4d6fbfa651d2625258f5b6bfbf234b13c294f82bc66b39b75c0318e4,False,NEU-CLS,patches_249,2,-99
NEU,NEU::patches_25,NEU-DET/train/images/patches/patches_25.jpg,patches_25.jpg,patches,none,200,200,3,21634,3c2cc3eff5489f7b63d2dff96f4def2fd2f3a645e30a6f3446e3e0b51c61f67f,False,NEU-CLS,patches_25,2,-99
NEU,NEU::patches_250,NEU-DET/validation/images/patches/patches_250.jpg,patches_250.jpg,patches,none,200,200,3,21053,fcac664c792126f8bbe6f91e68c0a0dcb0d54cd224def3be7bf49936d7359c04,False,NEU-CLS,patches_250,2,-99
NEU,NEU::patches_251,NEU-DET/validation/images/patches/patches_251.jpg,patches_251.jpg,patches,none,200,200,3,21690,6efbb6c7d45b29f759993305699138358ed942ea479e3b11b397a8b08a5452ae,False,NEU-CLS,patches_251,2,-99
NEU,NEU::patches_252,NEU-DET/validation/images/patches/patches_252.jpg,patches_252.jpg,patches,none,200,200,3,20565,9e58a22421d0be152d754b40c490a34a3bc28a997f78dc7a51854c2409364513,False,NEU-CLS,patches_252,2,-99
NEU,NEU::patches_253,NEU-DET/validation/images/patches/patches_253.jpg,patches_253.jpg,patches,none,200,200,3,17398,b89d0a8707dc655037dccecb89adc179432b22a72f14c962241f30fc1d6eb6dd,False,NEU-CLS,patches_253,2,-99
NEU,NEU::patches_254,NEU-DET/validation/images/patches/patches_254.jpg,patches_254.jpg,patches,none,200,200,3,20727,59a375029c861f4a9ce59ca6df2ee257c0020aa4c1f2463f12bdb433c1fc4d9d,False,NEU-CLS,patches_254,2,-99
NEU,NEU::patches_255,NEU-DET/validation/images/patches/patches_255.jpg,patches_255.jpg,patches,none,200,200,3,19787,877905b79e570196b42d6e2befd56a28578a93caaa1ad87adcc64c6e7e2d887a,False,NEU-CLS,patches_255,2,-99
NEU,NEU::patches_256,NEU-DET/validation/images/patches/patches_256.jpg,patches_256.jpg,patches,none,200,200,3,19773,9b269fb885009d472b311b800460b1dcd0b7b6fdefc07b2588b4dc4bec23a12b,False,NEU-CLS,patches_256,2,-99
NEU,NEU::patches_257,NEU-DET/validation/images/patches/patches_257.jpg,patches_257.jpg,patches,none,200,200,3,21420,0a3c01f45ef41e5d16a39722fa4f1211cfd2d2e8d9ad17ff1170e491cbc973a7,False,NEU-CLS,patches_257,2,-99
NEU,NEU::patches_258,NEU-DET/validation/images/patches/patches_258.jpg,patches_258.jpg,patches,none,200,200,3,20024,c84926f3e184c145c36499809377afbfed5f87bebd5ff9d22dbba28291690ffe,False,NEU-CLS,patches_258,2,-99
NEU,NEU::patches_259,NEU-DET/validation/images/patches/patches_259.jpg,patches_259.jpg,patches,none,200,200,3,22269,19c9a24f2b5aa8b4a8e5b703aa7fb58af80c6b2f9d7d6342add68fe34c1ef3d1,False,NEU-CLS,patches_259,2,-99
NEU,NEU::patches_26,NEU-DET/train/images/patches/patches_26.jpg,patches_26.jpg,patches,none,200,200,3,20016,662afb41b7d1c5bde0b9349ce2f5d76fb5d3aee3068b84b6ee03bad8811e69d9,False,NEU-CLS,patches_26,2,-99
NEU,NEU::patches_260,NEU-DET/validation/images/patches/patches_260.jpg,patches_260.jpg,patches,none,200,200,3,21720,66abc4550e371062fe3fe5eeb1ad4362dfd3a8cf3e53d568ec8bfd5e772f900e,False,NEU-CLS,patches_260,2,-99
NEU,NEU::patches_261,NEU-DET/validation/images/patches/patches_261.jpg,patches_261.jpg,patches,none,200,200,3,15786,e8a474c5aa2c24719e4409edde2f0b3b78c26f4da3e38cac5b1e1e39ea3c3f03,False,NEU-CLS,patches_261,2,-99
NEU,NEU::patches_262,NEU-DET/validation/images/patches/patches_262.jpg,patches_262.jpg,patches,none,200,200,3,20277,c89368f86ab398317eb89d1b0f0619206b5d9e5ad94e172b1b7c4fe39c66b23d,False,NEU-CLS,patches_262,2,-99
NEU,NEU::patches_263,NEU-DET/validation/images/patches/patches_263.jpg,patches_263.jpg,patches,none,200,200,3,20310,6b17042244a90f5fb4c1c95875e3153e136a8def40b32aeeace7b5a50a7c01a6,False,NEU-CLS,patches_263,2,-99
NEU,NEU::patches_264,NEU-DET/validation/images/patches/patches_264.jpg,patches_264.jpg,patches,none,200,200,3,14708,87bd41d2156623b33e07da6540a4b26df2f36d2469b3d935d33489f2198edd61,False,NEU-CLS,patches_264,2,-99
NEU,NEU::patches_265,NEU-DET/validation/images/patches/patches_265.jpg,patches_265.jpg,patches,none,200,200,3,22139,41100b9bd8340832ffd683c0d3a8d7f4885af68c3615d7851776430c75a17fb5,False,NEU-CLS,patches_265,2,-99
NEU,NEU::patches_266,NEU-DET/validation/images/patches/patches_266.jpg,patches_266.jpg,patches,none,200,200,3,19502,8b1bb04fc57972f8392a18c373d260441c819a650c2c0319f1304078c3146019,False,NEU-CLS,patches_266,2,-99
NEU,NEU::patches_267,NEU-DET/validation/images/patches/patches_267.jpg,patches_267.jpg,patches,none,200,200,3,20534,4c42e1f62c262d8f6019cb78f446b6e353fbb213dba084c4e9f58eb97af38dfc,False,NEU-CLS,patches_267,2,-99
NEU,NEU::patches_268,NEU-DET/validation/images/patches/patches_268.jpg,patches_268.jpg,patches,none,200,200,3,21404,79c04ddd57264674600662ec8941aaed6ca0d6f82aa4c595b1ae2b8af1eaf2dd,False,NEU-CLS,patches_268,2,-99
NEU,NEU::patches_269,NEU-DET/validation/images/patches/patches_269.jpg,patches_269.jpg,patches,none,200,200,3,21182,a92362a8674b188bbe4340c7fc47d839110a479cfd52479ce2c3e1db4556edcf,False,NEU-CLS,patches_269,2,-99
NEU,NEU::patches_27,NEU-DET/train/images/patches/patches_27.jpg,patches_27.jpg,patches,none,200,200,3,20563,363f4cb0b22d52149a43b469283da65a8ec36bbae23def2ee677db23f9aa0f89,False,NEU-CLS,patches_27,2,-99
NEU,NEU::patches_270,NEU-DET/validation/images/patches/patches_270.jpg,patches_270.jpg,patches,none,200,200,3,19763,839e441d971b5032b74387b4c6ad73e4a763066ae091e72d34ff2d8f33b5ccda,False,NEU-CLS,patches_270,2,-99
NEU,NEU::patches_271,NEU-DET/validation/images/patches/patches_271.jpg,patches_271.jpg,patches,none,200,200,3,20568,c156a7fb1638744378b3a1d6cb8bdeefabb794c1b5a8cc7631b8fd71a54d3d8e,False,NEU-CLS,patches_271,2,-99
NEU,NEU::patches_272,NEU-DET/validation/images/patches/patches_272.jpg,patches_272.jpg,patches,none,200,200,3,21955,fab6bccd498ba53f8a27bede2ec0effa53d3b30c05f2a1df1923ab9dd6417db9,False,NEU-CLS,patches_272,2,-99
NEU,NEU::patches_273,NEU-DET/validation/images/patches/patches_273.jpg,patches_273.jpg,patches,none,200,200,3,21349,5d0b9c47b6f64c3bf47a139fd53ac2c23111f036d4a61312c57897434ec766f3,False,NEU-CLS,patches_273,2,-99
NEU,NEU::patches_274,NEU-DET/validation/images/patches/patches_274.jpg,patches_274.jpg,patches,none,200,200,3,23013,5dc9bf890f7261dc1c9a66d6eab3c7de7914d1b8778c67e98a6609fc2febf151,False,NEU-CLS,patches_274,2,-99
NEU,NEU::patches_275,NEU-DET/validation/images/patches/patches_275.jpg,patches_275.jpg,patches,none,200,200,3,16135,4e9f0be2c1b30d73fcc31215266a98e2fd3977c32d55757da1923170467c5fd4,False,NEU-CLS,patches_275,2,-99
NEU,NEU::patches_276,NEU-DET/validation/images/patches/patches_276.jpg,patches_276.jpg,patches,none,200,200,3,22698,dd3ed2d74c829c9318b0cef6166dfd146dc8d0853a6d8fe7bd60a0dc69a4969c,False,NEU-CLS,patches_276,2,-99
NEU,NEU::patches_277,NEU-DET/validation/images/patches/patches_277.jpg,patches_277.jpg,patches,none,200,200,3,22059,dc994b40ea8acfc0083506ff7b2e5b4d8be5691a3cd655e73180349dd0d2a7e7,False,NEU-CLS,patches_277,2,-99
NEU,NEU::patches_278,NEU-DET/validation/images/patches/patches_278.jpg,patches_278.jpg,patches,none,200,200,3,14987,b7cb46c7b9496613084079842e4b895ec1f69769d6d0d60ec3e051572e85d52d,False,NEU-CLS,patches_278,2,-99
NEU,NEU::patches_279,NEU-DET/validation/images/patches/patches_279.jpg,patches_279.jpg,patches,none,200,200,3,20438,d2bf11e2a6293675454996b47c2247a4a6dfe992fa9e6890900f47ebbbadbfaa,False,NEU-CLS,patches_279,2,-99
NEU,NEU::patches_28,NEU-DET/train/images/patches/patches_28.jpg,patches_28.jpg,patches,none,200,200,3,20312,16e62ede3ef06e13473d5833fe4c43702325e86f6d34855465a35c43fcaf78f8,False,NEU-CLS,patches_28,2,-99
NEU,NEU::patches_280,NEU-DET/validation/images/patches/patches_280.jpg,patches_280.jpg,patches,none,200,200,3,21504,0c2f7d48bd413351cc0c50b71e806f82d1c54fcee9db74dc99aac2fb927941bc,False,NEU-CLS,patches_280,2,-99
NEU,NEU::patches_281,NEU-DET/validation/images/patches/patches_281.jpg,patches_281.jpg,patches,none,200,200,3,21417,7a9cee7c60897f04d1e777e760ede9846be68aaa74bc2e870929f46d035eb9bd,False,NEU-CLS,patches_281,2,-99
NEU,NEU::patches_282,NEU-DET/validation/images/patches/patches_282.jpg,patches_282.jpg,patches,none,200,200,3,21783,d31139e157f9d1b8f7021dac0124019d63847626960bcdc49d98caccd9233e74,False,NEU-CLS,patches_282,2,-99
NEU,NEU::patches_283,NEU-DET/validation/images/patches/patches_283.jpg,patches_283.jpg,patches,none,200,200,3,14980,65c3ac9d8c00ed212ce359f057e9978a4824d32bd4c06021e6afcca1d8ba231d,False,NEU-CLS,patches_283,2,-99
NEU,NEU::patches_284,NEU-DET/validation/images/patches/patches_284.jpg,patches_284.jpg,patches,none,200,200,3,19970,bdb2d8ecf644a70e53933064656ee0a272d4b72783c190925b52d2154f26bd20,False,NEU-CLS,patches_284,2,-99
NEU,NEU::patches_285,NEU-DET/validation/images/patches/patches_285.jpg,patches_285.jpg,patches,none,200,200,3,21065,7def0954602b375c6d4a4c57ddf5a78851549f58f91f4b5e6370343815b029ba,False,NEU-CLS,patches_285,2,-99
NEU,NEU::patches_286,NEU-DET/validation/images/patches/patches_286.jpg,patches_286.jpg,patches,none,200,200,3,20066,a7076ebb0a338b718a02a4428f4e04d614832513d838e23e01449f6377fc0d01,False,NEU-CLS,patches_286,2,-99
NEU,NEU::patches_287,NEU-DET/validation/images/patches/patches_287.jpg,patches_287.jpg,patches,none,200,200,3,20930,5261d0b7ee9c4ca06e32cb1b4888d139beb9acbd009ac4eadcb859dda106b5ac,False,NEU-CLS,patches_287,2,-99
NEU,NEU::patches_288,NEU-DET/validation/images/patches/patches_288.jpg,patches_288.jpg,patches,none,200,200,3,20112,6da34fabd707f6b8fc2bcc8ee164fd53fa881a8276089179e8abecbf95490856,False,NEU-CLS,patches_288,2,-99
NEU,NEU::patches_289,NEU-DET/validation/images/patches/patches_289.jpg,patches_289.jpg,patches,none,200,200,3,16695,d9a2f0f14640326213f17616892c3e94d22d32ee6d4673f440cf43ab2d5fae89,False,NEU-CLS,patches_289,2,-99
NEU,NEU::patches_29,NEU-DET/train/images/patches/patches_29.jpg,patches_29.jpg,patches,none,200,200,3,17647,9751d8cee90dba22e1218cfb50df1942184096520fe2a15f372eec27f8e44b0a,False,NEU-CLS,patches_29,2,-99
NEU,NEU::patches_290,NEU-DET/validation/images/patches/patches_290.jpg,patches_290.jpg,patches,none,200,200,3,21714,3a3ef9ad75e44d1feafeb60e4e8054e04f226db4f45c8598d5ed75216878e14d,False,NEU-CLS,patches_290,2,-99
NEU,NEU::patches_291,NEU-DET/validation/images/patches/patches_291.jpg,patches_291.jpg,patches,none,200,200,3,21121,9afa3a077dcf17d80cb2aa4d82dd8ef9d04a9993fa28678214ac4b52aa1266fb,False,NEU-CLS,patches_291,2,-99
NEU,NEU::patches_292,NEU-DET/validation/images/patches/patches_292.jpg,patches_292.jpg,patches,none,200,200,3,20581,7aa94f790e2e69fcb4acf2e7a7ddc81ac63cb7f8ef9105ab87c9c20e605fb8ed,False,NEU-CLS,patches_292,2,-99
NEU,NEU::patches_293,NEU-DET/validation/images/patches/patches_293.jpg,patches_293.jpg,patches,none,200,200,3,20708,79c65389caf2906135bc9968e7dfaeeda1067adb821e70765a7e2ad8454b3974,False,NEU-CLS,patches_293,2,-99
NEU,NEU::patches_294,NEU-DET/validation/images/patches/patches_294.jpg,patches_294.jpg,patches,none,200,200,3,20584,28260a8973c0988bbb15e731191937f8aa06ff8f76b9f637cdd87a3573bae8bb,False,NEU-CLS,patches_294,2,-99
NEU,NEU::patches_295,NEU-DET/validation/images/patches/patches_295.jpg,patches_295.jpg,patches,none,200,200,3,21338,f3daada7e1852c8bf08f769c940a832e1c0ec514bc5b08a059814b47e87c011c,False,NEU-CLS,patches_295,2,-99
NEU,NEU::patches_296,NEU-DET/validation/images/patches/patches_296.jpg,patches_296.jpg,patches,none,200,200,3,21446,b80f700f2871cde38bff5a8f0c5adee3731e86116b3e4b1e2eadcfaa1966dd3f,False,NEU-CLS,patches_296,2,-99
NEU,NEU::patches_297,NEU-DET/validation/images/patches/patches_297.jpg,patches_297.jpg,patches,none,200,200,3,20416,0cec0be4c4130819995d9d766998f08826e433d561619c8f0f635a933c75cf01,False,NEU-CLS,patches_297,2,-99
NEU,NEU::patches_298,NEU-DET/validation/images/patches/patches_298.jpg,patches_298.jpg,patches,none,200,200,3,19224,7f1193eb62c98ca54123cc9b92cecc4486a79cdb3f489f7f863836ef09ea4a38,False,NEU-CLS,patches_298,2,-99
NEU,NEU::patches_299,NEU-DET/validation/images/patches/patches_299.jpg,patches_299.jpg,patches,none,200,200,3,15939,249e1897dcc805e311d4ba9ef5b4d57429f0dfc2d9dbcb52fc19928813676adb,False,NEU-CLS,patches_299,2,-99
NEU,NEU::patches_3,NEU-DET/train/images/patches/patches_3.jpg,patches_3.jpg,patches,none,200,200,3,22111,2d6e349a35ac2ed4949e6a4b5f50ffef1e0b26172cef027405eea6c188dff699,False,NEU-CLS,patches_3,2,-99
NEU,NEU::patches_30,NEU-DET/train/images/patches/patches_30.jpg,patches_30.jpg,patches,none,200,200,3,14035,7592e6e7afadf98080f4dbe6eccf15f9b1cb1e39afbd4e0c1fdc355c9bc721a3,False,NEU-CLS,patches_30,2,-99
NEU,NEU::patches_300,NEU-DET/validation/images/patches/patches_300.jpg,patches_300.jpg,patches,none,200,200,3,19086,c97e4426198ad6989ddf6c2cf1449e6231b1a6d05cc75443398c4ccc77c51d08,False,NEU-CLS,patches_300,2,-99
NEU,NEU::patches_31,NEU-DET/train/images/patches/patches_31.jpg,patches_31.jpg,patches,none,200,200,3,18938,76f02e8cb7ba6f0981006abc3f964838a998cf94470918cce1a525be5c9e85cb,False,NEU-CLS,patches_31,2,-99
NEU,NEU::patches_32,NEU-DET/train/images/patches/patches_32.jpg,patches_32.jpg,patches,none,200,200,3,15726,f1cc2da29bceb16f3845896cbfb025a48bbf86e14b38773042a8f3355cbf9ee0,False,NEU-CLS,patches_32,2,-99
NEU,NEU::patches_33,NEU-DET/train/images/patches/patches_33.jpg,patches_33.jpg,patches,none,200,200,3,21391,48f16d365f49ec5ae025add65e89951206ac60a74583332fd45cfb541e0c35c4,False,NEU-CLS,patches_33,2,-99
NEU,NEU::patches_34,NEU-DET/train/images/patches/patches_34.jpg,patches_34.jpg,patches,none,200,200,3,21796,dbe4aca05a9d06d4a3bd854f5e957943f09d6fc1995c92b4f1022f046dbfe742,False,NEU-CLS,patches_34,2,-99
NEU,NEU::patches_35,NEU-DET/train/images/patches/patches_35.jpg,patches_35.jpg,patches,none,200,200,3,20653,82432820198842702516c67da59c853b45a0fcdcc99b7bd4d4067305e563f5be,False,NEU-CLS,patches_35,2,-99
NEU,NEU::patches_36,NEU-DET/train/images/patches/patches_36.jpg,patches_36.jpg,patches,none,200,200,3,21057,16d9d374ef799b83365d544152aa4612e6d8aaa2584c2c9ccdbc5ecddca00752,False,NEU-CLS,patches_36,2,-99
NEU,NEU::patches_37,NEU-DET/train/images/patches/patches_37.jpg,patches_37.jpg,patches,none,200,200,3,21324,652274f82d438b3e630a15f574eef99e8699daffbf36b0c295269658981777a2,False,NEU-CLS,patches_37,2,-99
NEU,NEU::patches_38,NEU-DET/train/images/patches/patches_38.jpg,patches_38.jpg,patches,none,200,200,3,20374,850630a905233629d96e499f95cc288025add64fa216273b81fa0894ca4f4997,False,NEU-CLS,patches_38,2,-99
NEU,NEU::patches_39,NEU-DET/train/images/patches/patches_39.jpg,patches_39.jpg,patches,none,200,200,3,22424,7147f20f064932b1608dc0e061836d9432882204b4b8ec8a122932dd30175800,False,NEU-CLS,patches_39,2,-99
NEU,NEU::patches_4,NEU-DET/train/images/patches/patches_4.jpg,patches_4.jpg,patches,none,200,200,3,18903,3fa9c68092dd6daf47855bd70c9120cd3066cd9aed6d5b34e542a670aba124cc,False,NEU-CLS,patches_4,2,-99
NEU,NEU::patches_40,NEU-DET/train/images/patches/patches_40.jpg,patches_40.jpg,patches,none,200,200,3,19656,f53035ba73bae155171b5f00e97bc030b5c0588a3a29f5ff86129f485908fa37,False,NEU-CLS,patches_40,2,-99
NEU,NEU::patches_41,NEU-DET/train/images/patches/patches_41.jpg,patches_41.jpg,patches,none,200,200,3,20252,47fa240620b53d3e904860c9233616ffa07714e76b2bb0570973d42a356acae5,False,NEU-CLS,patches_41,2,-99
NEU,NEU::patches_42,NEU-DET/train/images/patches/patches_42.jpg,patches_42.jpg,patches,none,200,200,3,15983,0dfc1c73fd895bfffe2a6d86840b8c44ff8ef4cb5d13e18a0f4cb01664b6e3a8,False,NEU-CLS,patches_42,2,-99
NEU,NEU::patches_43,NEU-DET/train/images/patches/patches_43.jpg,patches_43.jpg,patches,none,200,200,3,17590,f39a7c42ad27fbeb5d7b5bc1bcf9db36b63eabdbeecae52aa5e30b8e17d43558,False,NEU-CLS,patches_43,2,-99
NEU,NEU::patches_44,NEU-DET/train/images/patches/patches_44.jpg,patches_44.jpg,patches,none,200,200,3,19439,2b73682bf43d2fae72f41b3d0303b83f44dfadcc43d57d9c93dcf66ad316cdc7,False,NEU-CLS,patches_44,2,-99
NEU,NEU::patches_45,NEU-DET/train/images/patches/patches_45.jpg,patches_45.jpg,patches,none,200,200,3,22062,1ecc9523532c76a310d26978323a052d086d6b7382673a6544b5bba6589e9516,False,NEU-CLS,patches_45,2,-99
NEU,NEU::patches_46,NEU-DET/train/images/patches/patches_46.jpg,patches_46.jpg,patches,none,200,200,3,19768,2bc773158b38f9b4dea792a10311f8ba9eb81222454f6a347e500c8d7b3ebb9d,False,NEU-CLS,patches_46,2,-99
NEU,NEU::patches_47,NEU-DET/train/images/patches/patches_47.jpg,patches_47.jpg,patches,none,200,200,3,19296,9480bc5ebd5e144c249be8f41e9cc08f11ceeb38b00f21c535e7f7d249ebfe6b,False,NEU-CLS,patches_47,2,-99
NEU,NEU::patches_48,NEU-DET/train/images/patches/patches_48.jpg,patches_48.jpg,patches,none,200,200,3,18703,0d04cbafb4f85f684c20c7c2121d29b89f259d1e90c7c35acc6178e86dc41833,False,NEU-CLS,patches_48,2,-99
NEU,NEU::patches_49,NEU-DET/train/images/patches/patches_49.jpg,patches_49.jpg,patches,none,200,200,3,21239,813fd3fe142c2c6a82a3c4d9f0752f7ea0a12e3c051fbc5c6e47417d3d097a1f,False,NEU-CLS,patches_49,2,-99
NEU,NEU::patches_5,NEU-DET/train/images/patches/patches_5.jpg,patches_5.jpg,patches,none,200,200,3,21654,9f9d4356fbfc6f750225be8706c3c87c80749db66d5c68edaf43612c936909f2,False,NEU-CLS,patches_5,2,-99
NEU,NEU::patches_50,NEU-DET/train/images/patches/patches_50.jpg,patches_50.jpg,patches,none,200,200,3,17221,bd1d51aab6e085e53bbd0511cccbeeebe4a410bbbf6fc2d06c87be776e8e2490,False,NEU-CLS,patches_50,2,-99
NEU,NEU::patches_51,NEU-DET/train/images/patches/patches_51.jpg,patches_51.jpg,patches,none,200,200,3,20373,18d85c3b688f740fd42f09990f12327ad9d97238da066489ed8eb8ace4bad2b4,False,NEU-CLS,patches_51,2,-99
NEU,NEU::patches_52,NEU-DET/train/images/patches/patches_52.jpg,patches_52.jpg,patches,none,200,200,3,20392,6c63d879043e0bf5a0e514c6205e15bb05cfe5932fb6e6e4e0cf35e899bf410d,False,NEU-CLS,patches_52,2,-99
NEU,NEU::patches_53,NEU-DET/train/images/patches/patches_53.jpg,patches_53.jpg,patches,none,200,200,3,19334,e6ae7b224dda86e2217a8ad3695a46a68ba5e0588ad3e535632fa8fab51b9482,False,NEU-CLS,patches_53,2,-99
NEU,NEU::patches_54,NEU-DET/train/images/patches/patches_54.jpg,patches_54.jpg,patches,none,200,200,3,21540,3917f309e0b449e00fb619f7f8e4cfa216181ff0a5fcd774b78b874847884760,False,NEU-CLS,patches_54,2,-99
NEU,NEU::patches_55,NEU-DET/train/images/patches/patches_55.jpg,patches_55.jpg,patches,none,200,200,3,19921,09e0a0eb4007c107add4c1826438419a80ee03a859cd9878964f6a1e2138d3b9,False,NEU-CLS,patches_55,2,-99
NEU,NEU::patches_56,NEU-DET/train/images/patches/patches_56.jpg,patches_56.jpg,patches,none,200,200,3,21390,2eb8a2241f30fe57dba0d3a3e399acdf081a7dc94722e6326defe7de8c28f384,False,NEU-CLS,patches_56,2,-99
NEU,NEU::patches_57,NEU-DET/train/images/patches/patches_57.jpg,patches_57.jpg,patches,none,200,200,3,20430,ad85bc58b5b85587725a3d43f80689aed3a6559750a9177ff7cae7424a5831e2,False,NEU-CLS,patches_57,2,-99
NEU,NEU::patches_58,NEU-DET/train/images/patches/patches_58.jpg,patches_58.jpg,patches,none,200,200,3,21208,00b535f833b0da0a11d89737458d619d9cb2adcc6f0d0991d17194b3145ecbd0,False,NEU-CLS,patches_58,2,-99
NEU,NEU::patches_59,NEU-DET/train/images/patches/patches_59.jpg,patches_59.jpg,patches,none,200,200,3,20844,971381029c915999dd1f6c4773980467ec5188a0c662d438fcb98b8fd25fbff8,False,NEU-CLS,patches_59,2,-99
NEU,NEU::patches_6,NEU-DET/train/images/patches/patches_6.jpg,patches_6.jpg,patches,none,200,200,3,19092,3292e041757d375f967dd817e9927477220057e29b61f514d3fba6e6bb867432,False,NEU-CLS,patches_6,2,-99
NEU,NEU::patches_60,NEU-DET/train/images/patches/patches_60.jpg,patches_60.jpg,patches,none,200,200,3,22942,1fc9b5946cfd859f68e4c41b2b75171e36db8f6a3ead99d45ac4db7f4548170a,False,NEU-CLS,patches_60,2,-99
NEU,NEU::patches_61,NEU-DET/train/images/patches/patches_61.jpg,patches_61.jpg,patches,none,200,200,3,23385,04fbf0f1dc088c1187e0c79ebec84cc1722cf47b27f2f1f6ae072e81c106e6b2,False,NEU-CLS,patches_61,2,-99
NEU,NEU::patches_62,NEU-DET/train/images/patches/patches_62.jpg,patches_62.jpg,patches,none,200,200,3,23107,32817a5ff56d28a9ae23dfb54c66af057532e185301f6a9d220f26b39b69a436,False,NEU-CLS,patches_62,2,-99
NEU,NEU::patches_63,NEU-DET/train/images/patches/patches_63.jpg,patches_63.jpg,patches,none,200,200,3,23459,f0f766eddccb3418241198b22811f720ac110e3dcc84802afa9ade0c7bd49ece,False,NEU-CLS,patches_63,2,-99
NEU,NEU::patches_64,NEU-DET/train/images/patches/patches_64.jpg,patches_64.jpg,patches,none,200,200,3,21420,75ac452389f59bd725c6bf68f4521ba1471a556d30adbcfb5b29d1fa64fe023e,False,NEU-CLS,patches_64,2,-99
NEU,NEU::patches_65,NEU-DET/train/images/patches/patches_65.jpg,patches_65.jpg,patches,none,200,200,3,16794,9bc86e5dba604d4f670bd6eb4517e936549eedf56e598af740845de5c7dd306f,False,NEU-CLS,patches_65,2,-99
NEU,NEU::patches_66,NEU-DET/train/images/patches/patches_66.jpg,patches_66.jpg,patches,none,200,200,3,22316,c8f5da2d277d603369ac8288683add214cb7976ab9d2b05cfce59cbabe8a54f9,False,NEU-CLS,patches_66,2,-99
NEU,NEU::patches_67,NEU-DET/train/images/patches/patches_67.jpg,patches_67.jpg,patches,none,200,200,3,22624,65273259d3645fe141523228332b96bcc3b5a14a053204a4043287970f7a3b4d,False,NEU-CLS,patches_67,2,-99
NEU,NEU::patches_68,NEU-DET/train/images/patches/patches_68.jpg,patches_68.jpg,patches,none,200,200,3,21903,b321a0330bef26b422cb79a39196151b783bc28760ecc1dbe3f9efcf5d51b69d,False,NEU-CLS,patches_68,2,-99
NEU,NEU::patches_69,NEU-DET/train/images/patches/patches_69.jpg,patches_69.jpg,patches,none,200,200,3,22610,cb53b10f2f667f4e050dabad2aafb14e1cb930abc6618f4ec52cfca6fb615901,False,NEU-CLS,patches_69,2,-99
NEU,NEU::patches_7,NEU-DET/train/images/patches/patches_7.jpg,patches_7.jpg,patches,none,200,200,3,17970,45b4388e53fc01bd3c4a19b6febf047e0741c9ff5b592014978666c73df072ee,False,NEU-CLS,patches_7,2,-99
NEU,NEU::patches_70,NEU-DET/train/images/patches/patches_70.jpg,patches_70.jpg,patches,none,200,200,3,19123,3c7de7e24fbb1a48d6a302b7f81a1939560708b244193706851e985daa27cfe8,False,NEU-CLS,patches_70,2,-99
NEU,NEU::patches_71,NEU-DET/train/images/patches/patches_71.jpg,patches_71.jpg,patches,none,200,200,3,19819,260ebd8bea08ad0fff2b1aaf6d1353f474112c294438f3ced6bdbf5179393475,False,NEU-CLS,patches_71,2,-99
NEU,NEU::patches_72,NEU-DET/train/images/patches/patches_72.jpg,patches_72.jpg,patches,none,200,200,3,18387,6d6bed66ce3e74b682388888f50979c7ab563fdd636651b1e3b16ee4d3be34e7,False,NEU-CLS,patches_72,2,-99
NEU,NEU::patches_73,NEU-DET/train/images/patches/patches_73.jpg,patches_73.jpg,patches,none,200,200,3,22472,d9be27423d716b677d8a2bbcbc025bb34a076e172622a595a093e074bdcf925b,False,NEU-CLS,patches_73,2,-99
NEU,NEU::patches_74,NEU-DET/train/images/patches/patches_74.jpg,patches_74.jpg,patches,none,200,200,3,20478,83e61428e26252fe1f9d4c8d2f0f88b192744a8ff274501b9a27ab5c3444ba09,False,NEU-CLS,patches_74,2,-99
NEU,NEU::patches_75,NEU-DET/train/images/patches/patches_75.jpg,patches_75.jpg,patches,none,200,200,3,22511,4182308eccb755fbd7d58861f8662bc6e07234a5894e5dbf7c05fb3fe273e11c,False,NEU-CLS,patches_75,2,-99
NEU,NEU::patches_76,NEU-DET/train/images/patches/patches_76.jpg,patches_76.jpg,patches,none,200,200,3,21717,330bdf47b236f1e6f798999556beeb3325c19fffddd8173ef8aa9941f0af86ac,False,NEU-CLS,patches_76,2,-99
NEU,NEU::patches_77,NEU-DET/train/images/patches/patches_77.jpg,patches_77.jpg,patches,none,200,200,3,20866,916ccd6be14fd6c8677038281576b6ac0910f5a71f5db3b860e44e06d5edcdb6,False,NEU-CLS,patches_77,2,-99
NEU,NEU::patches_78,NEU-DET/train/images/patches/patches_78.jpg,patches_78.jpg,patches,none,200,200,3,22288,e13974fc75cf9fc1af00d028e2a7d7a8f79c4b41ead19a3d64242daf2946d941,False,NEU-CLS,patches_78,2,-99
NEU,NEU::patches_79,NEU-DET/train/images/patches/patches_79.jpg,patches_79.jpg,patches,none,200,200,3,22546,a067a12a0a6c2211bfb7a6f65a107bc5c247a47f420208d4504f14d68d456aef,False,NEU-CLS,patches_79,2,-99
NEU,NEU::patches_8,NEU-DET/train/images/patches/patches_8.jpg,patches_8.jpg,patches,none,200,200,3,21681,9de6dd8f908d03729a7030de8584eb3018c5509b1fabda27e9312b1cec901cb7,False,NEU-CLS,patches_8,2,-99
NEU,NEU::patches_80,NEU-DET/train/images/patches/patches_80.jpg,patches_80.jpg,patches,none,200,200,3,21187,31fe70de9d9bd5a348f84e7523682106f3cbac1a8fe2603421ae4792c98f1623,False,NEU-CLS,patches_80,2,-99
NEU,NEU::patches_81,NEU-DET/train/images/patches/patches_81.jpg,patches_81.jpg,patches,none,200,200,3,21861,166d260252071650251d0a7ae8ba380fc33005e882799871fe60074b61da1e30,False,NEU-CLS,patches_81,2,-99
NEU,NEU::patches_82,NEU-DET/train/images/patches/patches_82.jpg,patches_82.jpg,patches,none,200,200,3,23030,ef939b0e5fde664b7e4f703004b2227c81800c99aec3ac64aa97b26ee2f12664,False,NEU-CLS,patches_82,2,-99
NEU,NEU::patches_83,NEU-DET/train/images/patches/patches_83.jpg,patches_83.jpg,patches,none,200,200,3,20546,bff8b23555a6654dd5a240992aee08df5e9b3fe8c688fefa37cf17bc9c2b6a3f,False,NEU-CLS,patches_83,2,-99
NEU,NEU::patches_84,NEU-DET/train/images/patches/patches_84.jpg,patches_84.jpg,patches,none,200,200,3,20329,d0af1504ae045b785a8bfba9ede764ad8cb37122b544979d88beec7e82ce1819,False,NEU-CLS,patches_84,2,-99
NEU,NEU::patches_85,NEU-DET/train/images/patches/patches_85.jpg,patches_85.jpg,patches,none,200,200,3,20735,763fb3e085fc251574ac8c8891df7fc1df858adef7bf6af4533e4b8b052c628a,False,NEU-CLS,patches_85,2,-99
NEU,NEU::patches_86,NEU-DET/train/images/patches/patches_86.jpg,patches_86.jpg,patches,none,200,200,3,21284,2d3a44b12063dccbfb06c6efff8687bd7223450399e00c1ddcdaa8898699034f,False,NEU-CLS,patches_86,2,-99
NEU,NEU::patches_87,NEU-DET/train/images/patches/patches_87.jpg,patches_87.jpg,patches,none,200,200,3,21851,1e5af4ebaacd3bcaf9f1cdb5c446052192c78a2d6a5552d530a1187930e58d76,False,NEU-CLS,patches_87,2,-99
NEU,NEU::patches_88,NEU-DET/train/images/patches/patches_88.jpg,patches_88.jpg,patches,none,200,200,3,19822,611437ac025ff97ed6aa321aa504daee4f400921a1149a6ccc9eafe7e227ce29,False,NEU-CLS,patches_88,2,-99
NEU,NEU::patches_89,NEU-DET/train/images/patches/patches_89.jpg,patches_89.jpg,patches,none,200,200,3,20461,9d66c91aec906d8be6a0296ffd1fb2fb337b6804bf684adce43229bdd664570c,False,NEU-CLS,patches_89,2,-99
NEU,NEU::patches_9,NEU-DET/train/images/patches/patches_9.jpg,patches_9.jpg,patches,none,200,200,3,21689,48158c47d557ab7b499a34dbc2ba4955754a2235db290c5cc3c4a1266111494a,False,NEU-CLS,patches_9,2,-99
NEU,NEU::patches_90,NEU-DET/train/images/patches/patches_90.jpg,patches_90.jpg,patches,none,200,200,3,20623,65704f810f46a2dd58e1ff24c78f75e2c46678266e1f76b927da7a340f24eff8,False,NEU-CLS,patches_90,2,-99
NEU,NEU::patches_91,NEU-DET/train/images/patches/patches_91.jpg,patches_91.jpg,patches,none,200,200,3,18991,1443c2233065e7d99f7e24135b088e762f5ce1c09ac2662dbd2cb650490023d7,False,NEU-CLS,patches_91,2,-99
NEU,NEU::patches_92,NEU-DET/train/images/patches/patches_92.jpg,patches_92.jpg,patches,none,200,200,3,17560,8b3a734f92577c089878018dcf563cfd73eb93fe0c2c3e4be60749f4c3d29dfd,False,NEU-CLS,patches_92,2,-99
NEU,NEU::patches_93,NEU-DET/train/images/patches/patches_93.jpg,patches_93.jpg,patches,none,200,200,3,18626,1a7d1dbbb35ef9f8e44672cac1cf2018b00f61fd7547c3bd0283c7336fc7d9f7,False,NEU-CLS,patches_93,2,-99
NEU,NEU::patches_94,NEU-DET/train/images/patches/patches_94.jpg,patches_94.jpg,patches,none,200,200,3,22434,be4e2ca0cad95d9dc7effb02b1a10318235767391674217a8b59437730708ea6,False,NEU-CLS,patches_94,2,-99
NEU,NEU::patches_95,NEU-DET/train/images/patches/patches_95.jpg,patches_95.jpg,patches,none,200,200,3,20748,88c7fb7274a3d5d18a71143bb3c9fdc6acd0217d715300bd9195ce8eaf85874e,False,NEU-CLS,patches_95,2,-99
NEU,NEU::patches_96,NEU-DET/train/images/patches/patches_96.jpg,patches_96.jpg,patches,none,200,200,3,17005,25744eeaf0aac9ecd72d030ca47085843891b2d6e3b1c0971f02bd0eb43b6ba3,False,NEU-CLS,patches_96,2,-99
NEU,NEU::patches_97,NEU-DET/train/images/patches/patches_97.jpg,patches_97.jpg,patches,none,200,200,3,13840,9c08845910fa4492a657eaacb89a80890fd83010e79c94223dc38a6f4d6534b4,False,NEU-CLS,patches_97,2,-99
NEU,NEU::patches_98,NEU-DET/train/images/patches/patches_98.jpg,patches_98.jpg,patches,none,200,200,3,18961,e366ca0d4ab2d15235a71ada431c48963cbac46c44d730364afd6413648c7edf,False,NEU-CLS,patches_98,2,-99
NEU,NEU::patches_99,NEU-DET/train/images/patches/patches_99.jpg,patches_99.jpg,patches,none,200,200,3,18395,032e85df219d8d28b260d21b4171114711cab98cf525b8f61d832efd483723dc,False,NEU-CLS,patches_99,2,-99
NEU,NEU::pitted_surface_1,NEU-DET/train/images/pitted_surface/pitted_surface_1.jpg,pitted_surface_1.jpg,pitted_surface,none,200,200,3,8882,38a0ece141350f5bed53c99da4d96ce25d42b3ed4248e536a579ab823abfb318,False,NEU-CLS,pitted_surface_1,3,-99
NEU,NEU::pitted_surface_10,NEU-DET/train/images/pitted_surface/pitted_surface_10.jpg,pitted_surface_10.jpg,pitted_surface,none,200,200,3,9242,bd2c587072010df78e39b36790392ad28b6a0353b8d78a10afa56a25998a515c,False,NEU-CLS,pitted_surface_10,3,-99
NEU,NEU::pitted_surface_100,NEU-DET/train/images/pitted_surface/pitted_surface_100.jpg,pitted_surface_100.jpg,pitted_surface,none,200,200,3,12359,df878735886705a5cf3e8d4024cd8d2729fd16cbb8696a289a7252b1854e7f0a,False,NEU-CLS,pitted_surface_100,3,-99
NEU,NEU::pitted_surface_101,NEU-DET/train/images/pitted_surface/pitted_surface_101.jpg,pitted_surface_101.jpg,pitted_surface,none,200,200,3,12919,7df40e532413e8125e874e0d93467862e9b2aeba436d7e78f9fb93419e68a6eb,False,NEU-CLS,pitted_surface_101,3,-99
NEU,NEU::pitted_surface_102,NEU-DET/train/images/pitted_surface/pitted_surface_102.jpg,pitted_surface_102.jpg,pitted_surface,none,200,200,3,12182,04cb6afe5cb2b4026f4546a742fb8d19840269e963a684d30c7ab54e576800e4,False,NEU-CLS,pitted_surface_102,3,-99
NEU,NEU::pitted_surface_103,NEU-DET/train/images/pitted_surface/pitted_surface_103.jpg,pitted_surface_103.jpg,pitted_surface,none,200,200,3,10507,18a3a8a97ca9bb7b323dbba23ad48f391793626f8e1508b132ea3587e125a730,False,NEU-CLS,pitted_surface_103,3,-99
NEU,NEU::pitted_surface_104,NEU-DET/train/images/pitted_surface/pitted_surface_104.jpg,pitted_surface_104.jpg,pitted_surface,none,200,200,3,12814,38fd5d9f816505acfbdc0bd52255fc6a0a50db2b408fd42aa8b0384115fefe81,False,NEU-CLS,pitted_surface_104,3,-99
NEU,NEU::pitted_surface_105,NEU-DET/train/images/pitted_surface/pitted_surface_105.jpg,pitted_surface_105.jpg,pitted_surface,none,200,200,3,15511,dff0501d7a09a474271930b63e051e3a15613ab10d169c39d6c0453de23b3a59,False,NEU-CLS,pitted_surface_105,3,-99
NEU,NEU::pitted_surface_106,NEU-DET/train/images/pitted_surface/pitted_surface_106.jpg,pitted_surface_106.jpg,pitted_surface,none,200,200,3,11286,d0809bf74c816873f48e5690a3d7edb590821f7f7294594af6b29100066fc76f,False,NEU-CLS,pitted_surface_106,3,-99
NEU,NEU::pitted_surface_107,NEU-DET/train/images/pitted_surface/pitted_surface_107.jpg,pitted_surface_107.jpg,pitted_surface,none,200,200,3,10237,a1f9797208b18976c3ac2d9c80c9783dc747a812c47a40f1b6d72d92d78abf8c,False,NEU-CLS,pitted_surface_107,3,-99
NEU,NEU::pitted_surface_108,NEU-DET/train/images/pitted_surface/pitted_surface_108.jpg,pitted_surface_108.jpg,pitted_surface,none,200,200,3,9144,78a9395980390808492e802391815b49696c0fd0bc8ed2e2315e82f64b3a27d3,False,NEU-CLS,pitted_surface_108,3,-99
NEU,NEU::pitted_surface_109,NEU-DET/train/images/pitted_surface/pitted_surface_109.jpg,pitted_surface_109.jpg,pitted_surface,none,200,200,3,11920,dffb4f12feb3be5600277854c58ffe6b1579a5575a1d570838b0991280936c3d,False,NEU-CLS,pitted_surface_109,3,-99
NEU,NEU::pitted_surface_11,NEU-DET/train/images/pitted_surface/pitted_surface_11.jpg,pitted_surface_11.jpg,pitted_surface,none,200,200,3,12308,64dbfff0db96f94c0b52a4354c93b6196df3e5bb962e22116988d5e0b0eae195,False,NEU-CLS,pitted_surface_11,3,-99
NEU,NEU::pitted_surface_110,NEU-DET/train/images/pitted_surface/pitted_surface_110.jpg,pitted_surface_110.jpg,pitted_surface,none,200,200,3,12128,603b67f60855f5e5b99be81814987015fc24d8573390ea3995ac316e3739f43c,False,NEU-CLS,pitted_surface_110,3,-99
NEU,NEU::pitted_surface_111,NEU-DET/train/images/pitted_surface/pitted_surface_111.jpg,pitted_surface_111.jpg,pitted_surface,none,200,200,3,11167,08a6412fd55add10e1547133fde43b852ba20c4ddac317c950ffa05b2647c10d,False,NEU-CLS,pitted_surface_111,3,-99
NEU,NEU::pitted_surface_112,NEU-DET/train/images/pitted_surface/pitted_surface_112.jpg,pitted_surface_112.jpg,pitted_surface,none,200,200,3,10177,0c88b32244e8952c33367fbc895808513e4c7fc2396579ec0eb8a298777d5d2d,False,NEU-CLS,pitted_surface_112,3,-99
NEU,NEU::pitted_surface_113,NEU-DET/train/images/pitted_surface/pitted_surface_113.jpg,pitted_surface_113.jpg,pitted_surface,none,200,200,3,14539,85988f6cae7b26bbb95668ae57ba731cd733d700631f1072a41a1c511c7b133b,False,NEU-CLS,pitted_surface_113,3,-99
NEU,NEU::pitted_surface_114,NEU-DET/train/images/pitted_surface/pitted_surface_114.jpg,pitted_surface_114.jpg,pitted_surface,none,200,200,3,13978,f3baaa7f791f671bad4dd95f528746aaf40e677b8b5a371bc9e954559c5e1c13,False,NEU-CLS,pitted_surface_114,3,-99
NEU,NEU::pitted_surface_115,NEU-DET/train/images/pitted_surface/pitted_surface_115.jpg,pitted_surface_115.jpg,pitted_surface,none,200,200,3,13589,f1bc1a620c2c46140f68b20fd1d74d1d6f16f0317f9c052ead9c4291550bed3e,False,NEU-CLS,pitted_surface_115,3,-99
NEU,NEU::pitted_surface_116,NEU-DET/train/images/pitted_surface/pitted_surface_116.jpg,pitted_surface_116.jpg,pitted_surface,none,200,200,3,14359,65e9f60b8ed02f4891ae1b7759c57aa2295a67d5d8008aece4dfe6a925dc8c28,False,NEU-CLS,pitted_surface_116,3,-99
NEU,NEU::pitted_surface_117,NEU-DET/train/images/pitted_surface/pitted_surface_117.jpg,pitted_surface_117.jpg,pitted_surface,none,200,200,3,10565,0ba87e5908b2d654e157dee81160a2f5a711d6b631c9a95f65203c1d39a02998,False,NEU-CLS,pitted_surface_117,3,-99
NEU,NEU::pitted_surface_118,NEU-DET/train/images/pitted_surface/pitted_surface_118.jpg,pitted_surface_118.jpg,pitted_surface,none,200,200,3,10019,8fcda1c9f6a355a80e5411b5f88edbaf3069161bcba432fd9e4a529585d6156a,False,NEU-CLS,pitted_surface_118,3,-99
NEU,NEU::pitted_surface_119,NEU-DET/train/images/pitted_surface/pitted_surface_119.jpg,pitted_surface_119.jpg,pitted_surface,none,200,200,3,15596,22b00840d783585bee690a1be5e7ac194a8fa627e25573252cfff23002ea3444,False,NEU-CLS,pitted_surface_119,3,-99
NEU,NEU::pitted_surface_12,NEU-DET/train/images/pitted_surface/pitted_surface_12.jpg,pitted_surface_12.jpg,pitted_surface,none,200,200,3,13775,0c0f06d3952f180bb6723d619b50a5ff1c676fe14bfffe037397019f92e4b71e,False,NEU-CLS,pitted_surface_12,3,-99
NEU,NEU::pitted_surface_120,NEU-DET/train/images/pitted_surface/pitted_surface_120.jpg,pitted_surface_120.jpg,pitted_surface,none,200,200,3,14373,297ec1a0a369123845e17c413587e5ca71563008ceb91c5355162f3b9d7c5938,False,NEU-CLS,pitted_surface_120,3,-99
NEU,NEU::pitted_surface_121,NEU-DET/train/images/pitted_surface/pitted_surface_121.jpg,pitted_surface_121.jpg,pitted_surface,none,200,200,3,13159,edf9240aa7fe76ecfc0384e64000c24d59e38cbeab699f7c3a80bc908f5564a9,False,NEU-CLS,pitted_surface_121,3,-99
NEU,NEU::pitted_surface_122,NEU-DET/train/images/pitted_surface/pitted_surface_122.jpg,pitted_surface_122.jpg,pitted_surface,none,200,200,3,13281,5934e4cc5c6bbadc1cea805fe707cbf4180c0b7a1cf341cf79c6788ab87c7bf2,False,NEU-CLS,pitted_surface_122,3,-99
NEU,NEU::pitted_surface_123,NEU-DET/train/images/pitted_surface/pitted_surface_123.jpg,pitted_surface_123.jpg,pitted_surface,none,200,200,3,10665,cc953c4f1eac4e85ceef824bc68763ce0ab18af51799b5a19a0e258b868c6b62,False,NEU-CLS,pitted_surface_123,3,-99
NEU,NEU::pitted_surface_124,NEU-DET/train/images/pitted_surface/pitted_surface_124.jpg,pitted_surface_124.jpg,pitted_surface,none,200,200,3,10594,dac1e12ff8fd41f06d5275d1244f7c5b67c98d14bc3b053da947f94cdd76ac90,False,NEU-CLS,pitted_surface_124,3,-99
NEU,NEU::pitted_surface_125,NEU-DET/train/images/pitted_surface/pitted_surface_125.jpg,pitted_surface_125.jpg,pitted_surface,none,200,200,3,10484,a55b9e4172cde4c6441feb878a394c202b269bda1e9f4a7a61b41da7ac4fe85d,False,NEU-CLS,pitted_surface_125,3,-99
NEU,NEU::pitted_surface_126,NEU-DET/train/images/pitted_surface/pitted_surface_126.jpg,pitted_surface_126.jpg,pitted_surface,none,200,200,3,8405,51179378d603a639c6a7158107977d2e58c7072c1be248366f3debde1b5066cc,False,NEU-CLS,pitted_surface_126,3,-99
NEU,NEU::pitted_surface_127,NEU-DET/train/images/pitted_surface/pitted_surface_127.jpg,pitted_surface_127.jpg,pitted_surface,none,200,200,3,8827,f3e3485b985b6fc1bb6dd33232cd7140f25afc90fc8d3e3ac83d81571d847520,False,NEU-CLS,pitted_surface_127,3,-99
NEU,NEU::pitted_surface_128,NEU-DET/train/images/pitted_surface/pitted_surface_128.jpg,pitted_surface_128.jpg,pitted_surface,none,200,200,3,10318,11cad42985c50774cdfc37f6f91f625e86c73c8f10563c15a0e8bf73130ce945,False,NEU-CLS,pitted_surface_128,3,-99
NEU,NEU::pitted_surface_129,NEU-DET/train/images/pitted_surface/pitted_surface_129.jpg,pitted_surface_129.jpg,pitted_surface,none,200,200,3,7875,970f912b65572015c6be924332a361bc9033bbed55f7cfba4c9c48151b93cb3c,False,NEU-CLS,pitted_surface_129,3,-99
NEU,NEU::pitted_surface_13,NEU-DET/train/images/pitted_surface/pitted_surface_13.jpg,pitted_surface_13.jpg,pitted_surface,none,200,200,3,11584,c58dcd3efefdf6a427b95b49035a7b40e952c63be773efd56bdc2163a4db5679,False,NEU-CLS,pitted_surface_13,3,-99
NEU,NEU::pitted_surface_130,NEU-DET/train/images/pitted_surface/pitted_surface_130.jpg,pitted_surface_130.jpg,pitted_surface,none,200,200,3,10996,0d4d2589783dbf9ac9c1650c0134d14bac51c6e2f1e5308a82e8c4a132d83ec2,False,NEU-CLS,pitted_surface_130,3,-99
NEU,NEU::pitted_surface_131,NEU-DET/train/images/pitted_surface/pitted_surface_131.jpg,pitted_surface_131.jpg,pitted_surface,none,200,200,3,11999,0a83aa10ba7b994ff4f43e7a2253b1085ff9837f7879136edd37886a6cf16f23,False,NEU-CLS,pitted_surface_131,3,-99
NEU,NEU::pitted_surface_132,NEU-DET/train/images/pitted_surface/pitted_surface_132.jpg,pitted_surface_132.jpg,pitted_surface,none,200,200,3,12049,5f7a8aff9dc8874ed44837c96fdff07bb59e12d7db218ba92f46a9cf1017c570,False,NEU-CLS,pitted_surface_132,3,-99
NEU,NEU::pitted_surface_133,NEU-DET/train/images/pitted_surface/pitted_surface_133.jpg,pitted_surface_133.jpg,pitted_surface,none,200,200,3,13077,8d13fd79bbee3c0bce2ad1a50c361e50c172f7e59dfe26eeb5f41b25b096fb20,False,NEU-CLS,pitted_surface_133,3,-99
NEU,NEU::pitted_surface_134,NEU-DET/train/images/pitted_surface/pitted_surface_134.jpg,pitted_surface_134.jpg,pitted_surface,none,200,200,3,13044,4e77b73c0c3869eb8b9a94495c6296374f79976bfc68c2c83874e19371558831,False,NEU-CLS,pitted_surface_134,3,-99
NEU,NEU::pitted_surface_135,NEU-DET/train/images/pitted_surface/pitted_surface_135.jpg,pitted_surface_135.jpg,pitted_surface,none,200,200,3,13688,edfbf2614088b45c122de369f0ede6d4cf513b2dbb5e0a2aedc37e912d2ca15e,False,NEU-CLS,pitted_surface_135,3,-99
NEU,NEU::pitted_surface_136,NEU-DET/train/images/pitted_surface/pitted_surface_136.jpg,pitted_surface_136.jpg,pitted_surface,none,200,200,3,14727,be2dd28519b9d2e35420dab94db63adb8f1a0f5ff3012a75f69ef770c1b9e2c4,False,NEU-CLS,pitted_surface_136,3,-99
NEU,NEU::pitted_surface_137,NEU-DET/train/images/pitted_surface/pitted_surface_137.jpg,pitted_surface_137.jpg,pitted_surface,none,200,200,3,11257,db701df4413c5913f0f67f7374ffe50b52931b46afe0cf9a276df742983e44b6,False,NEU-CLS,pitted_surface_137,3,-99
NEU,NEU::pitted_surface_138,NEU-DET/train/images/pitted_surface/pitted_surface_138.jpg,pitted_surface_138.jpg,pitted_surface,none,200,200,3,16247,bec8cea242698b86eb179223494c7dba93a12e6e92c673623ce2148edc628b47,False,NEU-CLS,pitted_surface_138,3,-99
NEU,NEU::pitted_surface_139,NEU-DET/train/images/pitted_surface/pitted_surface_139.jpg,pitted_surface_139.jpg,pitted_surface,none,200,200,3,13470,3959b69b3cb5d73ca2aeacda703c42b34af2be1c3aacd59c9712de88c54c9e8c,False,NEU-CLS,pitted_surface_139,3,-99
NEU,NEU::pitted_surface_14,NEU-DET/train/images/pitted_surface/pitted_surface_14.jpg,pitted_surface_14.jpg,pitted_surface,none,200,200,3,14608,7898fe4fe87f61985faeff0c20476488180dca9545e324ce3710c8ac95d084f9,False,NEU-CLS,pitted_surface_14,3,-99
NEU,NEU::pitted_surface_140,NEU-DET/train/images/pitted_surface/pitted_surface_140.jpg,pitted_surface_140.jpg,pitted_surface,none,200,200,3,16375,b81cccbe01de965e89e23fee0630c23ffca236c2bd7b4a0bca2f5cb45817d1de,False,NEU-CLS,pitted_surface_140,3,-99
NEU,NEU::pitted_surface_141,NEU-DET/train/images/pitted_surface/pitted_surface_141.jpg,pitted_surface_141.jpg,pitted_surface,none,200,200,3,15318,d2ac0749d95210cdfddadfd8a28dae8a6b9ac7d1520daa2c9367b9a27648441d,False,NEU-CLS,pitted_surface_141,3,-99
NEU,NEU::pitted_surface_142,NEU-DET/train/images/pitted_surface/pitted_surface_142.jpg,pitted_surface_142.jpg,pitted_surface,none,200,200,3,12602,1aebf4e22b9afea31144533fda985009b887172939f45d20ac027be24fe0abef,False,NEU-CLS,pitted_surface_142,3,-99
NEU,NEU::pitted_surface_143,NEU-DET/train/images/pitted_surface/pitted_surface_143.jpg,pitted_surface_143.jpg,pitted_surface,none,200,200,3,14240,11989cce1e1ca2509772e88844ec32fb659d1a7a3fcb7e5ce9bf04e78f442fb6,False,NEU-CLS,pitted_surface_143,3,-99
NEU,NEU::pitted_surface_144,NEU-DET/train/images/pitted_surface/pitted_surface_144.jpg,pitted_surface_144.jpg,pitted_surface,none,200,200,3,13078,195f74c60474e1d873462ca82185a1909911b4e273dcd393514623db193564a7,False,NEU-CLS,pitted_surface_144,3,-99
NEU,NEU::pitted_surface_145,NEU-DET/train/images/pitted_surface/pitted_surface_145.jpg,pitted_surface_145.jpg,pitted_surface,none,200,200,3,10432,acdd1073b72b38592ca7e9f5e4b027eed2219769095c7fd5a990d310268fee87,False,NEU-CLS,pitted_surface_145,3,-99
NEU,NEU::pitted_surface_146,NEU-DET/train/images/pitted_surface/pitted_surface_146.jpg,pitted_surface_146.jpg,pitted_surface,none,200,200,3,15955,bd138a884896606799978fcda063bbaf2a1a0d986ffbe808f10b859b0199ea3e,False,NEU-CLS,pitted_surface_146,3,-99
NEU,NEU::pitted_surface_147,NEU-DET/train/images/pitted_surface/pitted_surface_147.jpg,pitted_surface_147.jpg,pitted_surface,none,200,200,3,15741,7c0b26e35c50d5fad55665427fa3a87712a9e2ea055d87906c56c146228ae41d,False,NEU-CLS,pitted_surface_147,3,-99
NEU,NEU::pitted_surface_148,NEU-DET/train/images/pitted_surface/pitted_surface_148.jpg,pitted_surface_148.jpg,pitted_surface,none,200,200,3,10611,1a2e08ad1a06c2df27a4e6d90cd433477e2937fe95ee70189ae9571b45ab88db,False,NEU-CLS,pitted_surface_148,3,-99
NEU,NEU::pitted_surface_149,NEU-DET/train/images/pitted_surface/pitted_surface_149.jpg,pitted_surface_149.jpg,pitted_surface,none,200,200,3,11599,733164e8a04943aae86a7b85d13331401b84f31f3413d99216c325f73306eeaf,False,NEU-CLS,pitted_surface_149,3,-99
NEU,NEU::pitted_surface_15,NEU-DET/train/images/pitted_surface/pitted_surface_15.jpg,pitted_surface_15.jpg,pitted_surface,none,200,200,3,15458,53e7260d78101d4313f81b01e063e47dd3cc8974062ae4bfe8f9966d9136668b,False,NEU-CLS,pitted_surface_15,3,-99
NEU,NEU::pitted_surface_150,NEU-DET/train/images/pitted_surface/pitted_surface_150.jpg,pitted_surface_150.jpg,pitted_surface,none,200,200,3,8827,3638923dd4d7c5f98dfbe9378fa009a8612d67f1a56f0f722a2a7f11c01ec6e8,False,NEU-CLS,pitted_surface_150,3,-99
NEU,NEU::pitted_surface_151,NEU-DET/train/images/pitted_surface/pitted_surface_151.jpg,pitted_surface_151.jpg,pitted_surface,none,200,200,3,11047,5cb95bafcb084497ec3874ad6efba69512ea522feae5e678033b017e847b9c16,False,NEU-CLS,pitted_surface_151,3,-99
NEU,NEU::pitted_surface_152,NEU-DET/train/images/pitted_surface/pitted_surface_152.jpg,pitted_surface_152.jpg,pitted_surface,none,200,200,3,10790,2f25db31d58ed8d62acd2371c9b9db717cda92f2436c4336c8956aa037d728ab,False,NEU-CLS,pitted_surface_152,3,-99
NEU,NEU::pitted_surface_153,NEU-DET/train/images/pitted_surface/pitted_surface_153.jpg,pitted_surface_153.jpg,pitted_surface,none,200,200,3,9903,edac63aa6c0baa6e30f86ec7797342cf96605d6e25fc566700589b9f4522e210,False,NEU-CLS,pitted_surface_153,3,-99
NEU,NEU::pitted_surface_154,NEU-DET/train/images/pitted_surface/pitted_surface_154.jpg,pitted_surface_154.jpg,pitted_surface,none,200,200,3,10356,cb154ef1ed441b221b54a0e298899c95ad04eb511ae31dfcea55d0a60ebc39d2,False,NEU-CLS,pitted_surface_154,3,-99
NEU,NEU::pitted_surface_155,NEU-DET/train/images/pitted_surface/pitted_surface_155.jpg,pitted_surface_155.jpg,pitted_surface,none,200,200,3,12706,aa593a59fdc9a434f81f20e63741b27c32c5fc8bace9902bdfd154c6971b1683,False,NEU-CLS,pitted_surface_155,3,-99
NEU,NEU::pitted_surface_156,NEU-DET/train/images/pitted_surface/pitted_surface_156.jpg,pitted_surface_156.jpg,pitted_surface,none,200,200,3,13224,8493666f951523858b3ef610f12f89c58a882e8044b618fe0685611e12824229,False,NEU-CLS,pitted_surface_156,3,-99
NEU,NEU::pitted_surface_157,NEU-DET/train/images/pitted_surface/pitted_surface_157.jpg,pitted_surface_157.jpg,pitted_surface,none,200,200,3,11958,33afa881416db262ff8d434879d5ddeb6339a1bee6424acbbb89c2dbb2f1e16c,False,NEU-CLS,pitted_surface_157,3,-99
NEU,NEU::pitted_surface_158,NEU-DET/train/images/pitted_surface/pitted_surface_158.jpg,pitted_surface_158.jpg,pitted_surface,none,200,200,3,12600,f974db6148b295ba3821601b906f828aa20a136cc6458af9fec9c24e5890922b,False,NEU-CLS,pitted_surface_158,3,-99
NEU,NEU::pitted_surface_159,NEU-DET/train/images/pitted_surface/pitted_surface_159.jpg,pitted_surface_159.jpg,pitted_surface,none,200,200,3,13825,ac4f0a45732551cfa164a3bc6ecd1675b9c8a9a087dd1ddc6bae708ec20c84d0,False,NEU-CLS,pitted_surface_159,3,-99
NEU,NEU::pitted_surface_16,NEU-DET/train/images/pitted_surface/pitted_surface_16.jpg,pitted_surface_16.jpg,pitted_surface,none,200,200,3,15922,aa77c688ffd4dfa8f6780653b961eb69bd28abfc1c7ec05c90e8bd214b393ad3,False,NEU-CLS,pitted_surface_16,3,-99
NEU,NEU::pitted_surface_160,NEU-DET/train/images/pitted_surface/pitted_surface_160.jpg,pitted_surface_160.jpg,pitted_surface,none,200,200,3,15525,b9d02dcd7624fa4acc749cd90926411fa3e96d578c7c979ff5f4241df835bb0a,False,NEU-CLS,pitted_surface_160,3,-99
NEU,NEU::pitted_surface_161,NEU-DET/train/images/pitted_surface/pitted_surface_161.jpg,pitted_surface_161.jpg,pitted_surface,none,200,200,3,14988,2e831d96126f240bc4615cddebe49aeef493d4927a05355541b845d624f4ea61,False,NEU-CLS,pitted_surface_161,3,-99
NEU,NEU::pitted_surface_162,NEU-DET/train/images/pitted_surface/pitted_surface_162.jpg,pitted_surface_162.jpg,pitted_surface,none,200,200,3,17160,91da27038e46931779bd62a50210ae239a8ee0f0b70725c0d5777414663a294c,False,NEU-CLS,pitted_surface_162,3,-99
NEU,NEU::pitted_surface_163,NEU-DET/train/images/pitted_surface/pitted_surface_163.jpg,pitted_surface_163.jpg,pitted_surface,none,200,200,3,15961,fab5744932d1ec330661ae33284428e376683c02514119f63c6de5d7e0de8f5e,False,NEU-CLS,pitted_surface_163,3,-99
NEU,NEU::pitted_surface_164,NEU-DET/train/images/pitted_surface/pitted_surface_164.jpg,pitted_surface_164.jpg,pitted_surface,none,200,200,3,17580,8e85eb2f09f0454ccbb6b209e4995f8c1e134ff2b710e2f983367ac641832da5,False,NEU-CLS,pitted_surface_164,3,-99
NEU,NEU::pitted_surface_165,NEU-DET/train/images/pitted_surface/pitted_surface_165.jpg,pitted_surface_165.jpg,pitted_surface,none,200,200,3,16667,33c41793939b2240f338bfd9bb83eb691d1b63b90326f48a4304fb44e0af7783,False,NEU-CLS,pitted_surface_165,3,-99
NEU,NEU::pitted_surface_166,NEU-DET/train/images/pitted_surface/pitted_surface_166.jpg,pitted_surface_166.jpg,pitted_surface,none,200,200,3,15106,60dca15dd3a36d24887daa91eb2a37c9aca3e793801aaaa35cfa70e76c09c825,False,NEU-CLS,pitted_surface_166,3,-99
NEU,NEU::pitted_surface_167,NEU-DET/train/images/pitted_surface/pitted_surface_167.jpg,pitted_surface_167.jpg,pitted_surface,none,200,200,3,11760,d7079a9f0b6fc5cc2e06959f2da61f863eb5a18454ced8fcc15f1137c8842c43,False,NEU-CLS,pitted_surface_167,3,-99
NEU,NEU::pitted_surface_168,NEU-DET/train/images/pitted_surface/pitted_surface_168.jpg,pitted_surface_168.jpg,pitted_surface,none,200,200,3,13744,08a5244832af8b28d9246cfe2287d465c133b0f187322da442348bb1f3d1d3d7,False,NEU-CLS,pitted_surface_168,3,-99
NEU,NEU::pitted_surface_169,NEU-DET/train/images/pitted_surface/pitted_surface_169.jpg,pitted_surface_169.jpg,pitted_surface,none,200,200,3,17728,8adde2933895b423743393c72db703ea996a0bec8dfe324ed055642763af28d1,False,NEU-CLS,pitted_surface_169,3,-99
NEU,NEU::pitted_surface_17,NEU-DET/train/images/pitted_surface/pitted_surface_17.jpg,pitted_surface_17.jpg,pitted_surface,none,200,200,3,17032,efa2e345933a082a83e015e77c8a6f478cc33c5a28cc4e46c9e6ce53d3769a73,False,NEU-CLS,pitted_surface_17,3,-99
NEU,NEU::pitted_surface_170,NEU-DET/train/images/pitted_surface/pitted_surface_170.jpg,pitted_surface_170.jpg,pitted_surface,none,200,200,3,15716,172e6d8fd52d7463fcf2576091971550f4b5de2d3567edc0c5e80f19e0f0cc91,False,NEU-CLS,pitted_surface_170,3,-99
NEU,NEU::pitted_surface_171,NEU-DET/train/images/pitted_surface/pitted_surface_171.jpg,pitted_surface_171.jpg,pitted_surface,none,200,200,3,12825,d6d441431fd93301874b9cf5d291f95c33b3a5424f6b1521f11e0dede07bb6c0,False,NEU-CLS,pitted_surface_171,3,-99
NEU,NEU::pitted_surface_172,NEU-DET/train/images/pitted_surface/pitted_surface_172.jpg,pitted_surface_172.jpg,pitted_surface,none,200,200,3,15365,1b6c04443bba76556ef7d2478932ea04ddac452ebe954f72c087f0ff8cc47b16,False,NEU-CLS,pitted_surface_172,3,-99
NEU,NEU::pitted_surface_173,NEU-DET/train/images/pitted_surface/pitted_surface_173.jpg,pitted_surface_173.jpg,pitted_surface,none,200,200,3,17491,70867ad2f8960e4f00f80db2d0dbb1fda2bea7cc382d42ade30606b49a762dbf,False,NEU-CLS,pitted_surface_173,3,-99
NEU,NEU::pitted_surface_174,NEU-DET/train/images/pitted_surface/pitted_surface_174.jpg,pitted_surface_174.jpg,pitted_surface,none,200,200,3,16975,af626cd84902cd7b4663043a36a81d0a019d954d9607879f6f7aaa96130441c8,False,NEU-CLS,pitted_surface_174,3,-99
NEU,NEU::pitted_surface_175,NEU-DET/train/images/pitted_surface/pitted_surface_175.jpg,pitted_surface_175.jpg,pitted_surface,none,200,200,3,16308,afb29b73d7fae466b00ad572d37ae5be308ccd91cf57c82309331ea58ebd3fa4,False,NEU-CLS,pitted_surface_175,3,-99
NEU,NEU::pitted_surface_176,NEU-DET/train/images/pitted_surface/pitted_surface_176.jpg,pitted_surface_176.jpg,pitted_surface,none,200,200,3,14474,8346be4d7aabc46d0886101c531a608c8a5b2873ba89b95648b59f6c91d20ec5,False,NEU-CLS,pitted_surface_176,3,-99
NEU,NEU::pitted_surface_177,NEU-DET/train/images/pitted_surface/pitted_surface_177.jpg,pitted_surface_177.jpg,pitted_surface,none,200,200,3,13230,cf734cb6382268765c36de9d9fe9fbbc7d082943b271062e1861a71c4da97347,False,NEU-CLS,pitted_surface_177,3,-99
NEU,NEU::pitted_surface_178,NEU-DET/train/images/pitted_surface/pitted_surface_178.jpg,pitted_surface_178.jpg,pitted_surface,none,200,200,3,13377,cf4f8193aeb1ca4c556720805b6b4ab7d8d0b4e30ee7d3ea1406bbfe0fe4a35e,False,NEU-CLS,pitted_surface_178,3,-99
NEU,NEU::pitted_surface_179,NEU-DET/train/images/pitted_surface/pitted_surface_179.jpg,pitted_surface_179.jpg,pitted_surface,none,200,200,3,13639,71bc95c2b31192ae504aea3f1dd50f22344f0407ba414da0ea219768189b1b1d,False,NEU-CLS,pitted_surface_179,3,-99
NEU,NEU::pitted_surface_18,NEU-DET/train/images/pitted_surface/pitted_surface_18.jpg,pitted_surface_18.jpg,pitted_surface,none,200,200,3,17495,d64413fba409a9234c5d72f363b09fec4938dc278f71e97377341671d3346628,False,NEU-CLS,pitted_surface_18,3,-99
NEU,NEU::pitted_surface_180,NEU-DET/train/images/pitted_surface/pitted_surface_180.jpg,pitted_surface_180.jpg,pitted_surface,none,200,200,3,14082,2b42007398e13ddb5babeb349d90e3635d53c3133d08372d287a95109ed37cc5,False,NEU-CLS,pitted_surface_180,3,-99
NEU,NEU::pitted_surface_181,NEU-DET/train/images/pitted_surface/pitted_surface_181.jpg,pitted_surface_181.jpg,pitted_surface,none,200,200,3,15904,31b7482b422c3941ac6a11ab1b2760253cd8961701b7a012035522cbea98c356,False,NEU-CLS,pitted_surface_181,3,-99
NEU,NEU::pitted_surface_182,NEU-DET/train/images/pitted_surface/pitted_surface_182.jpg,pitted_surface_182.jpg,pitted_surface,none,200,200,3,14980,495c9dd26758ca1cdfd39436f3d208104d15378a948c77eb240805626bfe3657,False,NEU-CLS,pitted_surface_182,3,-99
NEU,NEU::pitted_surface_183,NEU-DET/train/images/pitted_surface/pitted_surface_183.jpg,pitted_surface_183.jpg,pitted_surface,none,200,200,3,14627,08c86b3c67320c77cd7fdc77aa2485ed2b31c9a442399cbd5dff994ea41b3c5b,False,NEU-CLS,pitted_surface_183,3,-99
NEU,NEU::pitted_surface_184,NEU-DET/train/images/pitted_surface/pitted_surface_184.jpg,pitted_surface_184.jpg,pitted_surface,none,200,200,3,16237,a6764f42e7608e539fd3b60c663b8f3bfc7d863fde46b2f41cc1c3dedd92c724,False,NEU-CLS,pitted_surface_184,3,-99
NEU,NEU::pitted_surface_185,NEU-DET/train/images/pitted_surface/pitted_surface_185.jpg,pitted_surface_185.jpg,pitted_surface,none,200,200,3,17733,cbbd9e956886c5ea30e94d7f4cf26c81790b440839b7aa3f8fe08aa9cc6944ea,False,NEU-CLS,pitted_surface_185,3,-99
NEU,NEU::pitted_surface_186,NEU-DET/train/images/pitted_surface/pitted_surface_186.jpg,pitted_surface_186.jpg,pitted_surface,none,200,200,3,14085,a1b72ce8de5c400c85f76234f2178ae517d660d1a9292681217983bc9b709311,False,NEU-CLS,pitted_surface_186,3,-99
NEU,NEU::pitted_surface_187,NEU-DET/train/images/pitted_surface/pitted_surface_187.jpg,pitted_surface_187.jpg,pitted_surface,none,200,200,3,16970,df2347ec3e9637adcc36294b8a7b18060649129cdf2a7c23eca2ccccce60d227,False,NEU-CLS,pitted_surface_187,3,-99
NEU,NEU::pitted_surface_188,NEU-DET/train/images/pitted_surface/pitted_surface_188.jpg,pitted_surface_188.jpg,pitted_surface,none,200,200,3,15698,1e76a357d396dec239656007172e46997273ee8c3307b246eeae95303f1234da,False,NEU-CLS,pitted_surface_188,3,-99
NEU,NEU::pitted_surface_189,NEU-DET/train/images/pitted_surface/pitted_surface_189.jpg,pitted_surface_189.jpg,pitted_surface,none,200,200,3,15207,c1fa2cb0ed7e9bca3ca7b24bde379162d07de699bf37ae408b6cf57e551b0f84,False,NEU-CLS,pitted_surface_189,3,-99
NEU,NEU::pitted_surface_19,NEU-DET/train/images/pitted_surface/pitted_surface_19.jpg,pitted_surface_19.jpg,pitted_surface,none,200,200,3,16714,7ed12bdb7a30a918bdbf14b37b5a5dedaeabbe9e6f6a5b6c63aff9fdcf33ffd9,False,NEU-CLS,pitted_surface_19,3,-99
NEU,NEU::pitted_surface_190,NEU-DET/train/images/pitted_surface/pitted_surface_190.jpg,pitted_surface_190.jpg,pitted_surface,none,200,200,3,15848,cf3abc2609997d757cffee43193a1c17b3f17bfd96934e41be168254ffa0770a,False,NEU-CLS,pitted_surface_190,3,-99
NEU,NEU::pitted_surface_191,NEU-DET/train/images/pitted_surface/pitted_surface_191.jpg,pitted_surface_191.jpg,pitted_surface,none,200,200,3,13885,4280f3f673781287869bae98e82ddb0701c8d74c3836a1a8dcfbd59dd68a71cb,False,NEU-CLS,pitted_surface_191,3,-99
NEU,NEU::pitted_surface_192,NEU-DET/train/images/pitted_surface/pitted_surface_192.jpg,pitted_surface_192.jpg,pitted_surface,none,200,200,3,11661,6abbcc366958cfa091b89c4838ea43fe2b404b1456e94f1f454f027f0207e0ed,False,NEU-CLS,pitted_surface_192,3,-99
NEU,NEU::pitted_surface_193,NEU-DET/train/images/pitted_surface/pitted_surface_193.jpg,pitted_surface_193.jpg,pitted_surface,none,200,200,3,10081,4fbd168afd947dc6cd6440ba16c211c5892b776e9db0e3c1a037dea20c3102a3,False,NEU-CLS,pitted_surface_193,3,-99
NEU,NEU::pitted_surface_194,NEU-DET/train/images/pitted_surface/pitted_surface_194.jpg,pitted_surface_194.jpg,pitted_surface,none,200,200,3,8686,a8e91027261d33ad4c2058468f1b0a058fabfa6c29c4abfc1a0c9d42a80fe8f6,False,NEU-CLS,pitted_surface_194,3,-99
NEU,NEU::pitted_surface_195,NEU-DET/train/images/pitted_surface/pitted_surface_195.jpg,pitted_surface_195.jpg,pitted_surface,none,200,200,3,6765,496a7faddb7fb2c2d2454ba1ac3abcbdb7e0b2d35147015987422027a85d2dda,False,NEU-CLS,pitted_surface_195,3,-99
NEU,NEU::pitted_surface_196,NEU-DET/train/images/pitted_surface/pitted_surface_196.jpg,pitted_surface_196.jpg,pitted_surface,none,200,200,3,14004,e42dc05a223ea0e05edea37ff91b31c709dc061845dcbce245692bcff308bcbd,False,NEU-CLS,pitted_surface_196,3,-99
NEU,NEU::pitted_surface_197,NEU-DET/train/images/pitted_surface/pitted_surface_197.jpg,pitted_surface_197.jpg,pitted_surface,none,200,200,3,13171,9897a8daae0073eac185c034f3a664a21b586005fdf2069346dc2bebb83daf1c,False,NEU-CLS,pitted_surface_197,3,-99
NEU,NEU::pitted_surface_198,NEU-DET/train/images/pitted_surface/pitted_surface_198.jpg,pitted_surface_198.jpg,pitted_surface,none,200,200,3,8321,a460460283fd402e9e0f6cf07ed90cd0a3ce76e58ecedf31882adc9a02240f79,False,NEU-CLS,pitted_surface_198,3,-99
NEU,NEU::pitted_surface_199,NEU-DET/train/images/pitted_surface/pitted_surface_199.jpg,pitted_surface_199.jpg,pitted_surface,none,200,200,3,7385,92b64539dbef7c4e515d113a114ff19b22a0d80d9c13d06d7f96df48d0b5e75f,False,NEU-CLS,pitted_surface_199,3,-99
NEU,NEU::pitted_surface_2,NEU-DET/train/images/pitted_surface/pitted_surface_2.jpg,pitted_surface_2.jpg,pitted_surface,none,200,200,3,11291,389add56187e37997a7eebf2d6fe105ce47a9619560436bfc1ea32ec08f73d76,False,NEU-CLS,pitted_surface_2,3,-99
NEU,NEU::pitted_surface_20,NEU-DET/train/images/pitted_surface/pitted_surface_20.jpg,pitted_surface_20.jpg,pitted_surface,none,200,200,3,16576,6e20a0c048f099170f8cdf08b011c8da6794e0d49d7fbe986c9600e2d5bb972e,False,NEU-CLS,pitted_surface_20,3,-99
NEU,NEU::pitted_surface_200,NEU-DET/train/images/pitted_surface/pitted_surface_200.jpg,pitted_surface_200.jpg,pitted_surface,none,200,200,3,9115,05e116a8b71bbd2ef952d71836d43017f0b30940a17dce3ed62868c6d03cb865,False,NEU-CLS,pitted_surface_200,3,-99
NEU,NEU::pitted_surface_201,NEU-DET/train/images/pitted_surface/pitted_surface_201.jpg,pitted_surface_201.jpg,pitted_surface,none,200,200,3,13368,568bb30a2536d70ce4be156e2a98825eea9e20c45bd603c06678a07f5c5dfd04,False,NEU-CLS,pitted_surface_201,3,-99
NEU,NEU::pitted_surface_202,NEU-DET/train/images/pitted_surface/pitted_surface_202.jpg,pitted_surface_202.jpg,pitted_surface,none,200,200,3,13876,5897b0dbb3ed17cdafaf286793f856f3ee51e5aa507008204619909ee75652fc,False,NEU-CLS,pitted_surface_202,3,-99
NEU,NEU::pitted_surface_203,NEU-DET/train/images/pitted_surface/pitted_surface_203.jpg,pitted_surface_203.jpg,pitted_surface,none,200,200,3,13478,b1696ee15b32b9a837187462324f5d6d047cd3f89cdc56641d10153411e3e03d,False,NEU-CLS,pitted_surface_203,3,-99
NEU,NEU::pitted_surface_204,NEU-DET/train/images/pitted_surface/pitted_surface_204.jpg,pitted_surface_204.jpg,pitted_surface,none,200,200,3,14075,1e21cc5c368d9e015223dbac4771343d8acbb2b76c2ced5e49a319e1b1bb3f31,False,NEU-CLS,pitted_surface_204,3,-99
NEU,NEU::pitted_surface_205,NEU-DET/train/images/pitted_surface/pitted_surface_205.jpg,pitted_surface_205.jpg,pitted_surface,none,200,200,3,14613,fe06df43b595bf9b9067f6f4437aa3ffe3534eb7b56d400f0d2c1712d287daf5,False,NEU-CLS,pitted_surface_205,3,-99
NEU,NEU::pitted_surface_206,NEU-DET/train/images/pitted_surface/pitted_surface_206.jpg,pitted_surface_206.jpg,pitted_surface,none,200,200,3,14030,391de7caa6797b40467b1274be7b3b9241a79912813372ed40c061686dca3a95,False,NEU-CLS,pitted_surface_206,3,-99
NEU,NEU::pitted_surface_207,NEU-DET/train/images/pitted_surface/pitted_surface_207.jpg,pitted_surface_207.jpg,pitted_surface,none,200,200,3,15926,6afad28d421f88534c6f44a5c54185fe68d6e30fe4ce55f698c6a4eff97186aa,False,NEU-CLS,pitted_surface_207,3,-99
NEU,NEU::pitted_surface_208,NEU-DET/train/images/pitted_surface/pitted_surface_208.jpg,pitted_surface_208.jpg,pitted_surface,none,200,200,3,16148,2c14424b4a7895ac18bec0ad4692ceca810d5d099aeff58eeb741d5d8d40ff8c,False,NEU-CLS,pitted_surface_208,3,-99
NEU,NEU::pitted_surface_209,NEU-DET/train/images/pitted_surface/pitted_surface_209.jpg,pitted_surface_209.jpg,pitted_surface,none,200,200,3,11108,76aff94fc0715efb879685a56ab14ced25a300216035f1262a0223d3a77dfe22,False,NEU-CLS,pitted_surface_209,3,-99
NEU,NEU::pitted_surface_21,NEU-DET/train/images/pitted_surface/pitted_surface_21.jpg,pitted_surface_21.jpg,pitted_surface,none,200,200,3,12946,2e6e07a89d10430905dd4f20e89fecb5fd03c0e29e47de9f35e001a4209373ab,False,NEU-CLS,pitted_surface_21,3,-99
NEU,NEU::pitted_surface_210,NEU-DET/train/images/pitted_surface/pitted_surface_210.jpg,pitted_surface_210.jpg,pitted_surface,none,200,200,3,14390,885c345fcea43592d1b3b8b9d2ad23a1dd4db9ba812be39b2e7a0987d837f314,False,NEU-CLS,pitted_surface_210,3,-99
NEU,NEU::pitted_surface_211,NEU-DET/train/images/pitted_surface/pitted_surface_211.jpg,pitted_surface_211.jpg,pitted_surface,none,200,200,3,9990,29083485e5fe4dc1a540e30697534e268f7b646ea41e3397207dda5a48ea8b57,False,NEU-CLS,pitted_surface_211,3,-99
NEU,NEU::pitted_surface_212,NEU-DET/train/images/pitted_surface/pitted_surface_212.jpg,pitted_surface_212.jpg,pitted_surface,none,200,200,3,10419,d577914facd1ea5374575111d224ae145e0a6d76b642d3cea95a62121cc36983,False,NEU-CLS,pitted_surface_212,3,-99
NEU,NEU::pitted_surface_213,NEU-DET/train/images/pitted_surface/pitted_surface_213.jpg,pitted_surface_213.jpg,pitted_surface,none,200,200,3,12987,52ebe98212b1df478c828c7fea519c35e85f4c7cd7879fd510c9c836fbdf9492,False,NEU-CLS,pitted_surface_213,3,-99
NEU,NEU::pitted_surface_214,NEU-DET/train/images/pitted_surface/pitted_surface_214.jpg,pitted_surface_214.jpg,pitted_surface,none,200,200,3,13330,b700ddc547f3ffa22408554d90dbecc41870e42fb02cb030272fe1cb871c5e64,False,NEU-CLS,pitted_surface_214,3,-99
NEU,NEU::pitted_surface_215,NEU-DET/train/images/pitted_surface/pitted_surface_215.jpg,pitted_surface_215.jpg,pitted_surface,none,200,200,3,12364,43a0b26cea6a82a9d71121ffd0e736f6357fa9cbcc7aefb7ad35f5fe0e373342,False,NEU-CLS,pitted_surface_215,3,-99
NEU,NEU::pitted_surface_216,NEU-DET/train/images/pitted_surface/pitted_surface_216.jpg,pitted_surface_216.jpg,pitted_surface,none,200,200,3,10360,0cc8500cb005542f6dc42c57dc10439bb202d62b7b6376e0d7407ab63c073ec4,False,NEU-CLS,pitted_surface_216,3,-99
NEU,NEU::pitted_surface_217,NEU-DET/train/images/pitted_surface/pitted_surface_217.jpg,pitted_surface_217.jpg,pitted_surface,none,200,200,3,6715,6f1f26a6ace02993d898f43ca3e9d6d04bdbb8db1e7dac5d39129db0ec789791,False,NEU-CLS,pitted_surface_217,3,-99
NEU,NEU::pitted_surface_218,NEU-DET/train/images/pitted_surface/pitted_surface_218.jpg,pitted_surface_218.jpg,pitted_surface,none,200,200,3,9101,0f24dcb09eb61b04a299bdb63cb829404d787b8060f7900adab631178a9446f1,False,NEU-CLS,pitted_surface_218,3,-99
NEU,NEU::pitted_surface_219,NEU-DET/train/images/pitted_surface/pitted_surface_219.jpg,pitted_surface_219.jpg,pitted_surface,none,200,200,3,8206,5320c3405306655a27cb9452538ce7d3fd1f9a2b7be03e7f152472b1be5ce529,False,NEU-CLS,pitted_surface_219,3,-99
NEU,NEU::pitted_surface_22,NEU-DET/train/images/pitted_surface/pitted_surface_22.jpg,pitted_surface_22.jpg,pitted_surface,none,200,200,3,14390,7c856260062dd39b4a02f77d5387f7f29059de2cee995c2c2bb60cc9eada39ed,False,NEU-CLS,pitted_surface_22,3,-99
NEU,NEU::pitted_surface_220,NEU-DET/train/images/pitted_surface/pitted_surface_220.jpg,pitted_surface_220.jpg,pitted_surface,none,200,200,3,12189,fed492c4346a483756fffa78f1f97d92410b94afef6d20b470026dc21bd00f56,False,NEU-CLS,pitted_surface_220,3,-99
NEU,NEU::pitted_surface_221,NEU-DET/train/images/pitted_surface/pitted_surface_221.jpg,pitted_surface_221.jpg,pitted_surface,none,200,200,3,10766,6a2224a64ceffa893be6b282bca163a986567529f9ce5d52b949bc4fa2bab382,False,NEU-CLS,pitted_surface_221,3,-99
NEU,NEU::pitted_surface_222,NEU-DET/train/images/pitted_surface/pitted_surface_222.jpg,pitted_surface_222.jpg,pitted_surface,none,200,200,3,9600,44f1fa209748d5d5ace64ce627fedc76df2e88a1c54b20366a6becc6d723aeac,False,NEU-CLS,pitted_surface_222,3,-99
NEU,NEU::pitted_surface_223,NEU-DET/train/images/pitted_surface/pitted_surface_223.jpg,pitted_surface_223.jpg,pitted_surface,none,200,200,3,10549,93674f451227f71e21513aece38ffbd9de074ff66434bc640c5be7d0e52d5d41,False,NEU-CLS,pitted_surface_223,3,-99
NEU,NEU::pitted_surface_224,NEU-DET/train/images/pitted_surface/pitted_surface_224.jpg,pitted_surface_224.jpg,pitted_surface,none,200,200,3,9900,419e1d0d40ce7c53fcce40b55f4b8091d4573881d2315969d74318df493a0e80,False,NEU-CLS,pitted_surface_224,3,-99
NEU,NEU::pitted_surface_225,NEU-DET/train/images/pitted_surface/pitted_surface_225.jpg,pitted_surface_225.jpg,pitted_surface,none,200,200,3,11027,23be66132f661ba432b06ba402734cbe12d05d5eca0bebed90b99d9f15cec92f,False,NEU-CLS,pitted_surface_225,3,-99
NEU,NEU::pitted_surface_226,NEU-DET/train/images/pitted_surface/pitted_surface_226.jpg,pitted_surface_226.jpg,pitted_surface,none,200,200,3,9063,8d08c943af8c0783ac007753d6450fd5a5828e129e199d943015f2b45c54be9e,False,NEU-CLS,pitted_surface_226,3,-99
NEU,NEU::pitted_surface_227,NEU-DET/train/images/pitted_surface/pitted_surface_227.jpg,pitted_surface_227.jpg,pitted_surface,none,200,200,3,9184,67bc72dc62f6bfbcf417b731fab4a3dc6b4eb54079bd17195abfceae02a38454,False,NEU-CLS,pitted_surface_227,3,-99
NEU,NEU::pitted_surface_228,NEU-DET/train/images/pitted_surface/pitted_surface_228.jpg,pitted_surface_228.jpg,pitted_surface,none,200,200,3,12808,a10e61fcd8ebed18668bd1ff308bf7a7e51147e25d5aabe55cf37730058b94b7,False,NEU-CLS,pitted_surface_228,3,-99
NEU,NEU::pitted_surface_229,NEU-DET/train/images/pitted_surface/pitted_surface_229.jpg,pitted_surface_229.jpg,pitted_surface,none,200,200,3,14552,fcbea3daea2af57f5ecc704b6c61ac4c61a7e1e8ed047f8152b24c3c269f79a7,False,NEU-CLS,pitted_surface_229,3,-99
NEU,NEU::pitted_surface_23,NEU-DET/train/images/pitted_surface/pitted_surface_23.jpg,pitted_surface_23.jpg,pitted_surface,none,200,200,3,16974,8f5618c22dc644e5d6e2683217caebbacbe830d3279dc1fec9619a39380fc222,False,NEU-CLS,pitted_surface_23,3,-99
NEU,NEU::pitted_surface_230,NEU-DET/train/images/pitted_surface/pitted_surface_230.jpg,pitted_surface_230.jpg,pitted_surface,none,200,200,3,13384,c9eaa9c832649fe4b1fb3f7892bef6aff8f1dbdc00a4528f899bc6bfc303a8dd,False,NEU-CLS,pitted_surface_230,3,-99
NEU,NEU::pitted_surface_231,NEU-DET/train/images/pitted_surface/pitted_surface_231.jpg,pitted_surface_231.jpg,pitted_surface,none,200,200,3,15443,0bfa310238545597ac7a48495a85ae1a945d2f6f8e4fa470d1bce5f4648c931c,False,NEU-CLS,pitted_surface_231,3,-99
NEU,NEU::pitted_surface_232,NEU-DET/train/images/pitted_surface/pitted_surface_232.jpg,pitted_surface_232.jpg,pitted_surface,none,200,200,3,11186,7fc724b97720558c8368af9ba71a65c100eb8cf912904d40bebd69498d87c489,False,NEU-CLS,pitted_surface_232,3,-99
NEU,NEU::pitted_surface_233,NEU-DET/train/images/pitted_surface/pitted_surface_233.jpg,pitted_surface_233.jpg,pitted_surface,none,200,200,3,8742,a5e0724b49500d56911c65e25705e564217d7e39f098921845beb08feefc88e3,False,NEU-CLS,pitted_surface_233,3,-99
NEU,NEU::pitted_surface_234,NEU-DET/train/images/pitted_surface/pitted_surface_234.jpg,pitted_surface_234.jpg,pitted_surface,none,200,200,3,9551,60fc8a38f90fc137e91ccb6877a0fd38e882f696f8837382615b71ec712e1e70,False,NEU-CLS,pitted_surface_234,3,-99
NEU,NEU::pitted_surface_235,NEU-DET/train/images/pitted_surface/pitted_surface_235.jpg,pitted_surface_235.jpg,pitted_surface,none,200,200,3,7504,a5dcbe35d37f72bd55b1d06e9c1bc2ad856bfd522a4c615f707b0257340c4727,False,NEU-CLS,pitted_surface_235,3,-99
NEU,NEU::pitted_surface_236,NEU-DET/train/images/pitted_surface/pitted_surface_236.jpg,pitted_surface_236.jpg,pitted_surface,none,200,200,3,12704,4fe9242908c05da1e83d2d4c5aaa4ed0834e793e2f3de534a44da67fdb610617,False,NEU-CLS,pitted_surface_236,3,-99
NEU,NEU::pitted_surface_237,NEU-DET/train/images/pitted_surface/pitted_surface_237.jpg,pitted_surface_237.jpg,pitted_surface,none,200,200,3,13374,72b3058a737c51a0126269a3d3472d6221f5ca94d5000461adb2f96e3e54ef91,False,NEU-CLS,pitted_surface_237,3,-99
NEU,NEU::pitted_surface_238,NEU-DET/train/images/pitted_surface/pitted_surface_238.jpg,pitted_surface_238.jpg,pitted_surface,none,200,200,3,14004,90feebb241d179173583a55dcc2a072775de44e067038d60513c6c366d4eeeb3,False,NEU-CLS,pitted_surface_238,3,-99
NEU,NEU::pitted_surface_239,NEU-DET/train/images/pitted_surface/pitted_surface_239.jpg,pitted_surface_239.jpg,pitted_surface,none,200,200,3,16194,8d4e09024169da0d8576ade255faea115122b35cbfddb3861ba2831ecc31cb1c,False,NEU-CLS,pitted_surface_239,3,-99
NEU,NEU::pitted_surface_24,NEU-DET/train/images/pitted_surface/pitted_surface_24.jpg,pitted_surface_24.jpg,pitted_surface,none,200,200,3,18383,cb8db299c4721fe71c11b8e12b8cff93eb0ff2bf4581d3db218f4b2226a18166,False,NEU-CLS,pitted_surface_24,3,-99
NEU,NEU::pitted_surface_240,NEU-DET/train/images/pitted_surface/pitted_surface_240.jpg,pitted_surface_240.jpg,pitted_surface,none,200,200,3,16398,f15af60ae8db80ad345879098107b51cd4b89e1eb225a90a326d71d2be56e915,False,NEU-CLS,pitted_surface_240,3,-99
NEU,NEU::pitted_surface_241,NEU-DET/validation/images/pitted_surface/pitted_surface_241.jpg,pitted_surface_241.jpg,pitted_surface,none,200,200,3,16976,311893098116d7261e0b6a16e668067c7b6abf509fc77286fad3236eb66700f1,False,NEU-CLS,pitted_surface_241,3,-99
NEU,NEU::pitted_surface_242,NEU-DET/validation/images/pitted_surface/pitted_surface_242.jpg,pitted_surface_242.jpg,pitted_surface,none,200,200,3,16660,dc6698c721ce47ee32e523bda7d745ebe5f956adcdd3668f4333b2dc68678d54,False,NEU-CLS,pitted_surface_242,3,-99
NEU,NEU::pitted_surface_243,NEU-DET/validation/images/pitted_surface/pitted_surface_243.jpg,pitted_surface_243.jpg,pitted_surface,none,200,200,3,15266,0ff5b95f2010a0ab272018255023c9aac1018ec23243759e4d9eab1dafbff718,False,NEU-CLS,pitted_surface_243,3,-99
NEU,NEU::pitted_surface_244,NEU-DET/validation/images/pitted_surface/pitted_surface_244.jpg,pitted_surface_244.jpg,pitted_surface,none,200,200,3,8767,d52e8420e4e2cef07ecb4dd3ab16938d5c38b0389c2a525173cb61ff09879783,False,NEU-CLS,pitted_surface_244,3,-99
NEU,NEU::pitted_surface_245,NEU-DET/validation/images/pitted_surface/pitted_surface_245.jpg,pitted_surface_245.jpg,pitted_surface,none,200,200,3,11252,3d5d529e56063314e4d8ba3dd836dd7cd1604d39c02d5359394e98f8c5acc036,False,NEU-CLS,pitted_surface_245,3,-99
NEU,NEU::pitted_surface_246,NEU-DET/validation/images/pitted_surface/pitted_surface_246.jpg,pitted_surface_246.jpg,pitted_surface,none,200,200,3,12693,373a2ca677d011ed35deab53b76e08c8275a4c947eedfe70850f90d34ec7802c,False,NEU-CLS,pitted_surface_246,3,-99
NEU,NEU::pitted_surface_247,NEU-DET/validation/images/pitted_surface/pitted_surface_247.jpg,pitted_surface_247.jpg,pitted_surface,none,200,200,3,17734,8310db26d29d04eecf6ffbf01a3e3951f0a7286036c4bbb6c6c923c830708cd0,False,NEU-CLS,pitted_surface_247,3,-99
NEU,NEU::pitted_surface_248,NEU-DET/validation/images/pitted_surface/pitted_surface_248.jpg,pitted_surface_248.jpg,pitted_surface,none,200,200,3,18611,32d2a7a3b527376a150443b005919884a24715ca6dd95256d5bccec8a32c556b,False,NEU-CLS,pitted_surface_248,3,-99
NEU,NEU::pitted_surface_249,NEU-DET/validation/images/pitted_surface/pitted_surface_249.jpg,pitted_surface_249.jpg,pitted_surface,none,200,200,3,18691,d8edffece38a3c0e78aaff137446c7aab54a2277f46d8f743ff526a9a3033add,False,NEU-CLS,pitted_surface_249,3,-99
NEU,NEU::pitted_surface_25,NEU-DET/train/images/pitted_surface/pitted_surface_25.jpg,pitted_surface_25.jpg,pitted_surface,none,200,200,3,18394,943c5054815b05422d178b9f6040aaffd378bb094389e51662ab757e584a095c,False,NEU-CLS,pitted_surface_25,3,-99
NEU,NEU::pitted_surface_250,NEU-DET/validation/images/pitted_surface/pitted_surface_250.jpg,pitted_surface_250.jpg,pitted_surface,none,200,200,3,17509,6968f38ce345e863cff39de195f36252e62cc23b0c75cf12ff6a811e94c622b2,False,NEU-CLS,pitted_surface_250,3,-99
NEU,NEU::pitted_surface_251,NEU-DET/validation/images/pitted_surface/pitted_surface_251.jpg,pitted_surface_251.jpg,pitted_surface,none,200,200,3,13932,ac1bca8a4ecd2fb572b86695c488e6152db32675d9b651c062849a96bce9098c,False,NEU-CLS,pitted_surface_251,3,-99
NEU,NEU::pitted_surface_252,NEU-DET/validation/images/pitted_surface/pitted_surface_252.jpg,pitted_surface_252.jpg,pitted_surface,none,200,200,3,11200,71d965945231aa19dc245ecd53709cc421583984d1660edb5ab29a37ed06ed62,False,NEU-CLS,pitted_surface_252,3,-99
NEU,NEU::pitted_surface_253,NEU-DET/validation/images/pitted_surface/pitted_surface_253.jpg,pitted_surface_253.jpg,pitted_surface,none,200,200,3,18772,0c62aef76c0cf9fc3ec3f324ae4f52deeabbe7172ee2fe296f762ecb16d2bcab,False,NEU-CLS,pitted_surface_253,3,-99
NEU,NEU::pitted_surface_254,NEU-DET/validation/images/pitted_surface/pitted_surface_254.jpg,pitted_surface_254.jpg,pitted_surface,none,200,200,3,18907,f12aea95221e055b3707857a161825be6d9cd40cde27d53107b7009bc8a6a0a4,False,NEU-CLS,pitted_surface_254,3,-99
NEU,NEU::pitted_surface_255,NEU-DET/validation/images/pitted_surface/pitted_surface_255.jpg,pitted_surface_255.jpg,pitted_surface,none,200,200,3,17489,7d9a04ea3a7b664ae945103616f22ef85164b8a217a61890f02e26017c11ad05,False,NEU-CLS,pitted_surface_255,3,-99
NEU,NEU::pitted_surface_256,NEU-DET/validation/images/pitted_surface/pitted_surface_256.jpg,pitted_surface_256.jpg,pitted_surface,none,200,200,3,13580,ffe760f0e5b5f36859d09e5fa35ee754c2d4da0102a326c70293842868be4869,False,NEU-CLS,pitted_surface_256,3,-99
NEU,NEU::pitted_surface_257,NEU-DET/validation/images/pitted_surface/pitted_surface_257.jpg,pitted_surface_257.jpg,pitted_surface,none,200,200,3,11486,caf4b9386a635786a2cf3f09adfeeb163f36266378a0c31fcd904a97cb62c590,False,NEU-CLS,pitted_surface_257,3,-99
NEU,NEU::pitted_surface_258,NEU-DET/validation/images/pitted_surface/pitted_surface_258.jpg,pitted_surface_258.jpg,pitted_surface,none,200,200,3,18691,082cb141198cdc60879e15f3fa0765e99554ea4df0e7c7d6768eea189582c3c2,False,NEU-CLS,pitted_surface_258,3,-99
NEU,NEU::pitted_surface_259,NEU-DET/validation/images/pitted_surface/pitted_surface_259.jpg,pitted_surface_259.jpg,pitted_surface,none,200,200,3,17902,f224ab0dbbf358f4c6e7e23b6ac07127a11dd4ecc35e1875e7222ba0d9c0f127,False,NEU-CLS,pitted_surface_259,3,-99
NEU,NEU::pitted_surface_26,NEU-DET/train/images/pitted_surface/pitted_surface_26.jpg,pitted_surface_26.jpg,pitted_surface,none,200,200,3,18129,1aaffdbdb12f5d3dba85665e436e5e3b1d4a6deca67abdd0908185950c444644,False,NEU-CLS,pitted_surface_26,3,-99
NEU,NEU::pitted_surface_260,NEU-DET/validation/images/pitted_surface/pitted_surface_260.jpg,pitted_surface_260.jpg,pitted_surface,none,200,200,3,14810,5110aff87b7391929ab30ffbd01dc57c9ce8f4576f7257db6ebb541d2b6053ce,False,NEU-CLS,pitted_surface_260,3,-99
NEU,NEU::pitted_surface_261,NEU-DET/validation/images/pitted_surface/pitted_surface_261.jpg,pitted_surface_261.jpg,pitted_surface,none,200,200,3,16547,7882542d6bcef5c0a38b177bbd84c527fff9aa3fe289c71a7f7c16195212b984,False,NEU-CLS,pitted_surface_261,3,-99
NEU,NEU::pitted_surface_262,NEU-DET/validation/images/pitted_surface/pitted_surface_262.jpg,pitted_surface_262.jpg,pitted_surface,none,200,200,3,16593,003834a337c2a0e0f9239d0a6d44c15d8b3e74c1c9eca615ca35295f37b38778,False,NEU-CLS,pitted_surface_262,3,-99
NEU,NEU::pitted_surface_263,NEU-DET/validation/images/pitted_surface/pitted_surface_263.jpg,pitted_surface_263.jpg,pitted_surface,none,200,200,3,14543,6f0c8f0ed86a90ac96eb64bb8c6c1c67781c342b356797a01454f2ee013af18e,False,NEU-CLS,pitted_surface_263,3,-99
NEU,NEU::pitted_surface_264,NEU-DET/validation/images/pitted_surface/pitted_surface_264.jpg,pitted_surface_264.jpg,pitted_surface,none,200,200,3,12338,b8f33836036497d5b83075b2bf5a093601ecf13c4c81d35a1f3af008dfe52dc3,False,NEU-CLS,pitted_surface_264,3,-99
NEU,NEU::pitted_surface_265,NEU-DET/validation/images/pitted_surface/pitted_surface_265.jpg,pitted_surface_265.jpg,pitted_surface,none,200,200,3,11289,acd4b4df93e0c79a692fd5da209cacca3e35606263d5ede0c800773699cf13d7,False,NEU-CLS,pitted_surface_265,3,-99
NEU,NEU::pitted_surface_266,NEU-DET/validation/images/pitted_surface/pitted_surface_266.jpg,pitted_surface_266.jpg,pitted_surface,none,200,200,3,11696,d59af1a5f35ba00a9cfd9ef828b4817d110dde01008cf5132f33b852afb0e9f4,False,NEU-CLS,pitted_surface_266,3,-99
NEU,NEU::pitted_surface_267,NEU-DET/validation/images/pitted_surface/pitted_surface_267.jpg,pitted_surface_267.jpg,pitted_surface,none,200,200,3,11453,f09776c48b5920adfb3dc441e4cb2fc446b35fc45da3e39f71c2d6a625215788,False,NEU-CLS,pitted_surface_267,3,-99
NEU,NEU::pitted_surface_268,NEU-DET/validation/images/pitted_surface/pitted_surface_268.jpg,pitted_surface_268.jpg,pitted_surface,none,200,200,3,14362,62c8106f8afe8a3e0a3f6ab5245d6384f6f5f216333f1e73e0b5068b43833a7b,False,NEU-CLS,pitted_surface_268,3,-99
NEU,NEU::pitted_surface_269,NEU-DET/validation/images/pitted_surface/pitted_surface_269.jpg,pitted_surface_269.jpg,pitted_surface,none,200,200,3,18299,107570ad7f158697ba47bfc6d56b7bbcb59cb92f4f558e6517d5581f708b6a63,False,NEU-CLS,pitted_surface_269,3,-99
NEU,NEU::pitted_surface_27,NEU-DET/train/images/pitted_surface/pitted_surface_27.jpg,pitted_surface_27.jpg,pitted_surface,none,200,200,3,14640,725a5eae64a7b0d0324d363d6f9fd1fb2347d22d5c3fd0dbba958041cdd521ef,False,NEU-CLS,pitted_surface_27,3,-99
NEU,NEU::pitted_surface_270,NEU-DET/validation/images/pitted_surface/pitted_surface_270.jpg,pitted_surface_270.jpg,pitted_surface,none,200,200,3,18909,4d4074af862f2a649838d3e4ea4503d74de1a05b3d242eeb3eff323f9b2e1ebd,False,NEU-CLS,pitted_surface_270,3,-99
NEU,NEU::pitted_surface_271,NEU-DET/validation/images/pitted_surface/pitted_surface_271.jpg,pitted_surface_271.jpg,pitted_surface,none,200,200,3,17077,574c40cc98d5a5b62acef70b67953651a0f64ab32211eb30a47171c8812e1975,False,NEU-CLS,pitted_surface_271,3,-99
NEU,NEU::pitted_surface_272,NEU-DET/validation/images/pitted_surface/pitted_surface_272.jpg,pitted_surface_272.jpg,pitted_surface,none,200,200,3,13288,5276aef701a487548d42471c70ce9b1407c304313d9a36a5f7bf0e10c92467f5,False,NEU-CLS,pitted_surface_272,3,-99
NEU,NEU::pitted_surface_273,NEU-DET/validation/images/pitted_surface/pitted_surface_273.jpg,pitted_surface_273.jpg,pitted_surface,none,200,200,3,11507,478bc609f0ac13106fee87bd8b04b1f9c73159682ed58fff084611fa04b718c6,False,NEU-CLS,pitted_surface_273,3,-99
NEU,NEU::pitted_surface_274,NEU-DET/validation/images/pitted_surface/pitted_surface_274.jpg,pitted_surface_274.jpg,pitted_surface,none,200,200,3,11667,698933de2e9fdf591adcc3f7792c0447cf818b493b7072137c7773ae93b15870,False,NEU-CLS,pitted_surface_274,3,-99
NEU,NEU::pitted_surface_275,NEU-DET/validation/images/pitted_surface/pitted_surface_275.jpg,pitted_surface_275.jpg,pitted_surface,none,200,200,3,13339,58594a1b490b1918d0ac3a039550ce46634b19ca12602ce36c470af0b57b4f28,False,NEU-CLS,pitted_surface_275,3,-99
NEU,NEU::pitted_surface_276,NEU-DET/validation/images/pitted_surface/pitted_surface_276.jpg,pitted_surface_276.jpg,pitted_surface,none,200,200,3,15972,f381ba16a13c335d99e485080a8c771810d79a17e7f027acc417ce378f6e4c74,False,NEU-CLS,pitted_surface_276,3,-99
NEU,NEU::pitted_surface_277,NEU-DET/validation/images/pitted_surface/pitted_surface_277.jpg,pitted_surface_277.jpg,pitted_surface,none,200,200,3,14671,cfa49c7eb0958b57f8eb2f4c63042b188f3290ced92c015e774c8553e8431f3b,False,NEU-CLS,pitted_surface_277,3,-99
NEU,NEU::pitted_surface_278,NEU-DET/validation/images/pitted_surface/pitted_surface_278.jpg,pitted_surface_278.jpg,pitted_surface,none,200,200,3,14867,a2ca53c5f4dcbc1afb5c6bd056fd7b18f83e7a9619b617b050a0ac466758d3fb,False,NEU-CLS,pitted_surface_278,3,-99
NEU,NEU::pitted_surface_279,NEU-DET/validation/images/pitted_surface/pitted_surface_279.jpg,pitted_surface_279.jpg,pitted_surface,none,200,200,3,9363,54dc6e81c383ea7f2da249324069777408235d16a3ea21471b0573b94fa3aba7,False,NEU-CLS,pitted_surface_279,3,-99
NEU,NEU::pitted_surface_28,NEU-DET/train/images/pitted_surface/pitted_surface_28.jpg,pitted_surface_28.jpg,pitted_surface,none,200,200,3,11707,6500eecd69447d4979ad593da486c86baa426e3a4bce598962489750a56b63d9,False,NEU-CLS,pitted_surface_28,3,-99
NEU,NEU::pitted_surface_280,NEU-DET/validation/images/pitted_surface/pitted_surface_280.jpg,pitted_surface_280.jpg,pitted_surface,none,200,200,3,6771,a3d0169e01ee1ef9879e52fe2a9c3b9ff3ccce4efbaeb7b55d42e0385e751ca2,False,NEU-CLS,pitted_surface_280,3,-99
NEU,NEU::pitted_surface_281,NEU-DET/validation/images/pitted_surface/pitted_surface_281.jpg,pitted_surface_281.jpg,pitted_surface,none,200,200,3,11382,95f7917ac8309632a4c42576fbe2ca5b49aeecf0af6730762eda25ea3246795d,False,NEU-CLS,pitted_surface_281,3,-99
NEU,NEU::pitted_surface_282,NEU-DET/validation/images/pitted_surface/pitted_surface_282.jpg,pitted_surface_282.jpg,pitted_surface,none,200,200,3,9163,cddef1a10e36aa1dd8c42fc5f2acd66e74c50b547ad905eb8baa47fd5800321a,False,NEU-CLS,pitted_surface_282,3,-99
NEU,NEU::pitted_surface_283,NEU-DET/validation/images/pitted_surface/pitted_surface_283.jpg,pitted_surface_283.jpg,pitted_surface,none,200,200,3,13317,a7848a058d4eb08b6f4faaf3dd44c0a956650205748301236b17426d57097aa6,False,NEU-CLS,pitted_surface_283,3,-99
NEU,NEU::pitted_surface_284,NEU-DET/validation/images/pitted_surface/pitted_surface_284.jpg,pitted_surface_284.jpg,pitted_surface,none,200,200,3,14487,b91c92306577ac1022c23895570c9c24f29ee73745da604f5b75183b9c91b1f1,False,NEU-CLS,pitted_surface_284,3,-99
NEU,NEU::pitted_surface_285,NEU-DET/validation/images/pitted_surface/pitted_surface_285.jpg,pitted_surface_285.jpg,pitted_surface,none,200,200,3,8151,67ba9fbc2930c05bc1f4563f9124a711b16f1be6424cf1dab9278b9edf45fefe,False,NEU-CLS,pitted_surface_285,3,-99
NEU,NEU::pitted_surface_286,NEU-DET/validation/images/pitted_surface/pitted_surface_286.jpg,pitted_surface_286.jpg,pitted_surface,none,200,200,3,15545,8fa8faa63ff20acafbada36cfdba2d71202c7148af01e0c9e39b060b92c3d219,False,NEU-CLS,pitted_surface_286,3,-99
NEU,NEU::pitted_surface_287,NEU-DET/validation/images/pitted_surface/pitted_surface_287.jpg,pitted_surface_287.jpg,pitted_surface,none,200,200,3,12073,c77cc92be88c61ee91d1b79c527e158d457db236c4bcb844874350cb7dda7335,False,NEU-CLS,pitted_surface_287,3,-99
NEU,NEU::pitted_surface_288,NEU-DET/validation/images/pitted_surface/pitted_surface_288.jpg,pitted_surface_288.jpg,pitted_surface,none,200,200,3,14362,b816257cb09fcd1a3c70f8b1a11a459f21ca434490ae70d1c85b67fee97cf66d,False,NEU-CLS,pitted_surface_288,3,-99
NEU,NEU::pitted_surface_289,NEU-DET/validation/images/pitted_surface/pitted_surface_289.jpg,pitted_surface_289.jpg,pitted_surface,none,200,200,3,13043,657ff0c9728739c62c7b120e78cfe091740c7f466dd984467e8cb02f70e4b02e,False,NEU-CLS,pitted_surface_289,3,-99
NEU,NEU::pitted_surface_29,NEU-DET/train/images/pitted_surface/pitted_surface_29.jpg,pitted_surface_29.jpg,pitted_surface,none,200,200,3,13114,1cb876a9d3d7b1102b7a7af13d0bfadbe5b7055dbe84623c23ab972cd9ef79fd,False,NEU-CLS,pitted_surface_29,3,-99
NEU,NEU::pitted_surface_290,NEU-DET/validation/images/pitted_surface/pitted_surface_290.jpg,pitted_surface_290.jpg,pitted_surface,none,200,200,3,13339,a6eccecb7af92cb4b6a938125998e324391eadcb34122279cbfad15af17e347b,False,NEU-CLS,pitted_surface_290,3,-99
NEU,NEU::pitted_surface_291,NEU-DET/validation/images/pitted_surface/pitted_surface_291.jpg,pitted_surface_291.jpg,pitted_surface,none,200,200,3,17011,d5174521affd4f53f17e4f836b0e77cab67cbeb5eb27df3f455c945c74c32f0e,False,NEU-CLS,pitted_surface_291,3,-99
NEU,NEU::pitted_surface_292,NEU-DET/validation/images/pitted_surface/pitted_surface_292.jpg,pitted_surface_292.jpg,pitted_surface,none,200,200,3,12864,a42ca33bde4f8241cb41cc0898caa3e1251f11d271f516aff32314877dbac51d,False,NEU-CLS,pitted_surface_292,3,-99
NEU,NEU::pitted_surface_293,NEU-DET/validation/images/pitted_surface/pitted_surface_293.jpg,pitted_surface_293.jpg,pitted_surface,none,200,200,3,17313,59e6160da4dd50f8e6e9e80f0161aea97328d626a56c2e36403799975f0c3a17,False,NEU-CLS,pitted_surface_293,3,-99
NEU,NEU::pitted_surface_294,NEU-DET/validation/images/pitted_surface/pitted_surface_294.jpg,pitted_surface_294.jpg,pitted_surface,none,200,200,3,11483,3e8d7b4980ba54f2bf86ebcc9e8d72fb3cdf2dbe4c73c058e406c05b111b04a4,False,NEU-CLS,pitted_surface_294,3,-99
NEU,NEU::pitted_surface_295,NEU-DET/validation/images/pitted_surface/pitted_surface_295.jpg,pitted_surface_295.jpg,pitted_surface,none,200,200,3,11344,1a2471cd8d2434a2eb72aa2713ba06554da095ff8bef6da28b4c33b4d819fd3b,False,NEU-CLS,pitted_surface_295,3,-99
NEU,NEU::pitted_surface_296,NEU-DET/validation/images/pitted_surface/pitted_surface_296.jpg,pitted_surface_296.jpg,pitted_surface,none,200,200,3,15673,fce05758c0878c49a9a471888522d44883e9b6a4183a103acade9890c00b30dc,False,NEU-CLS,pitted_surface_296,3,-99
NEU,NEU::pitted_surface_297,NEU-DET/validation/images/pitted_surface/pitted_surface_297.jpg,pitted_surface_297.jpg,pitted_surface,none,200,200,3,8726,1cea18a9361b852b51ef437201890e7e6ced6d265b0249fa6dac144fe584076d,False,NEU-CLS,pitted_surface_297,3,-99
NEU,NEU::pitted_surface_298,NEU-DET/validation/images/pitted_surface/pitted_surface_298.jpg,pitted_surface_298.jpg,pitted_surface,none,200,200,3,10780,ffd6c20b0571b9d4a4cd08d8de1e3ea851989c12c5348c2acdd9bae2a4ad2a76,False,NEU-CLS,pitted_surface_298,3,-99
NEU,NEU::pitted_surface_299,NEU-DET/validation/images/pitted_surface/pitted_surface_299.jpg,pitted_surface_299.jpg,pitted_surface,none,200,200,3,6873,3f5cc6ab754ae9eea0ac28f797bdf7be4ca6d330791eb11361bd37a9e269f345,False,NEU-CLS,pitted_surface_299,3,-99
NEU,NEU::pitted_surface_3,NEU-DET/train/images/pitted_surface/pitted_surface_3.jpg,pitted_surface_3.jpg,pitted_surface,none,200,200,3,12926,03db264bd3a288ea60e0e40efd521e91f3d2c638a64df4fe9e51d1cce8617daf,False,NEU-CLS,pitted_surface_3,3,-99
NEU,NEU::pitted_surface_30,NEU-DET/train/images/pitted_surface/pitted_surface_30.jpg,pitted_surface_30.jpg,pitted_surface,none,200,200,3,14679,306098fc0e18d042291be4418c1c664271a7e851e0ca0f7b41f90ed485d83bda,False,NEU-CLS,pitted_surface_30,3,-99
NEU,NEU::pitted_surface_300,NEU-DET/validation/images/pitted_surface/pitted_surface_300.jpg,pitted_surface_300.jpg,pitted_surface,none,200,200,3,14908,8ed56df34f6bcbcb5c60384c1c37b05d01365dfbb81b1a8855fbbe260718a32a,False,NEU-CLS,pitted_surface_300,3,-99
NEU,NEU::pitted_surface_31,NEU-DET/train/images/pitted_surface/pitted_surface_31.jpg,pitted_surface_31.jpg,pitted_surface,none,200,200,3,17012,6be554255e6859c5e1dbd4c07fefe00e6e304362da5246dbdafd99341fe0086a,False,NEU-CLS,pitted_surface_31,3,-99
NEU,NEU::pitted_surface_32,NEU-DET/train/images/pitted_surface/pitted_surface_32.jpg,pitted_surface_32.jpg,pitted_surface,none,200,200,3,18905,507b255dbb67572f745c5b7e2a7407e7514bd2232f98f6fd524fee893d5bc7f3,False,NEU-CLS,pitted_surface_32,3,-99
NEU,NEU::pitted_surface_33,NEU-DET/train/images/pitted_surface/pitted_surface_33.jpg,pitted_surface_33.jpg,pitted_surface,none,200,200,3,18399,af99bdfab330b77986583aaa86da06f6ddfa291d2a365e6ac09e24b3ae17e321,False,NEU-CLS,pitted_surface_33,3,-99
NEU,NEU::pitted_surface_34,NEU-DET/train/images/pitted_surface/pitted_surface_34.jpg,pitted_surface_34.jpg,pitted_surface,none,200,200,3,16476,ed7d558322552b8c5e21af130313dcdceeb764c3764bb9f102eea47225a1fdd5,False,NEU-CLS,pitted_surface_34,3,-99
NEU,NEU::pitted_surface_35,NEU-DET/train/images/pitted_surface/pitted_surface_35.jpg,pitted_surface_35.jpg,pitted_surface,none,200,200,3,11105,e77933cb6d561b6fd5873d433367d4a504c6f53a6ed13576d516f3f9274b5c65,False,NEU-CLS,pitted_surface_35,3,-99
NEU,NEU::pitted_surface_36,NEU-DET/train/images/pitted_surface/pitted_surface_36.jpg,pitted_surface_36.jpg,pitted_surface,none,200,200,3,13068,3954a55a23832a84b6666510890149fd164489e1cecf94860d3defac8d2ef5ef,False,NEU-CLS,pitted_surface_36,3,-99
NEU,NEU::pitted_surface_37,NEU-DET/train/images/pitted_surface/pitted_surface_37.jpg,pitted_surface_37.jpg,pitted_surface,none,200,200,3,14607,eefa9cf6b94908b295f83a246db887ae02e8a97ccfdead52031be615d29f6e50,False,NEU-CLS,pitted_surface_37,3,-99
NEU,NEU::pitted_surface_38,NEU-DET/train/images/pitted_surface/pitted_surface_38.jpg,pitted_surface_38.jpg,pitted_surface,none,200,200,3,16098,f37fde07c3afe1f5051f0c31c9ff7d1cbbe1da703ff3d7b27125c3366f0b7ac2,False,NEU-CLS,pitted_surface_38,3,-99
NEU,NEU::pitted_surface_39,NEU-DET/train/images/pitted_surface/pitted_surface_39.jpg,pitted_surface_39.jpg,pitted_surface,none,200,200,3,17947,8045c0220b70504345d02c81c69845e48bac0417e3472d3703027c96965004fc,False,NEU-CLS,pitted_surface_39,3,-99
NEU,NEU::pitted_surface_4,NEU-DET/train/images/pitted_surface/pitted_surface_4.jpg,pitted_surface_4.jpg,pitted_surface,none,200,200,3,8990,d74f4eb848d694be8a3988fc327053dbea7dd0f0b2cbfc0fa48fc0a8a024b909,False,NEU-CLS,pitted_surface_4,3,-99
NEU,NEU::pitted_surface_40,NEU-DET/train/images/pitted_surface/pitted_surface_40.jpg,pitted_surface_40.jpg,pitted_surface,none,200,200,3,17011,90f777c4cf0471e5832ed22f5bd79bfef6be9dcef7f26f5655af2e7b4df91e71,False,NEU-CLS,pitted_surface_40,3,-99
NEU,NEU::pitted_surface_41,NEU-DET/train/images/pitted_surface/pitted_surface_41.jpg,pitted_surface_41.jpg,pitted_surface,none,200,200,3,15104,50ca0984e1b38189c34e62d61edd2a4c21202d3353a20ea9a31722dd25b72201,False,NEU-CLS,pitted_surface_41,3,-99
NEU,NEU::pitted_surface_42,NEU-DET/train/images/pitted_surface/pitted_surface_42.jpg,pitted_surface_42.jpg,pitted_surface,none,200,200,3,10115,5e71dd4fcf0975c0bd8bd75c24dc047627516f66d59401f941b97b469d016f48,False,NEU-CLS,pitted_surface_42,3,-99
NEU,NEU::pitted_surface_43,NEU-DET/train/images/pitted_surface/pitted_surface_43.jpg,pitted_surface_43.jpg,pitted_surface,none,200,200,3,11601,d13a0906ba9e34d170ca9d2309b7e713664b1da1c814a7aad16513f6a9ab9f60,False,NEU-CLS,pitted_surface_43,3,-99
NEU,NEU::pitted_surface_44,NEU-DET/train/images/pitted_surface/pitted_surface_44.jpg,pitted_surface_44.jpg,pitted_surface,none,200,200,3,12071,1d2129cadf9076d425e125a0596b462a8e5dc39398ca72902e4fa4df8beb6857,False,NEU-CLS,pitted_surface_44,3,-99
NEU,NEU::pitted_surface_45,NEU-DET/train/images/pitted_surface/pitted_surface_45.jpg,pitted_surface_45.jpg,pitted_surface,none,200,200,3,12841,afab3997bbd828d18fb1d87eec86e513cabecd63a6ce44207e35da85c7b043a9,False,NEU-CLS,pitted_surface_45,3,-99
NEU,NEU::pitted_surface_46,NEU-DET/train/images/pitted_surface/pitted_surface_46.jpg,pitted_surface_46.jpg,pitted_surface,none,200,200,3,11483,c5340e6c7f50d8676b0407259ee687b27f8920b441afe943e7ef800d93bb65a5,False,NEU-CLS,pitted_surface_46,3,-99
NEU,NEU::pitted_surface_47,NEU-DET/train/images/pitted_surface/pitted_surface_47.jpg,pitted_surface_47.jpg,pitted_surface,none,200,200,3,11208,e3c440844067a1022cabe8d8ab71283fda70210f94da1394f9296a58ed380ee6,False,NEU-CLS,pitted_surface_47,3,-99
NEU,NEU::pitted_surface_48,NEU-DET/train/images/pitted_surface/pitted_surface_48.jpg,pitted_surface_48.jpg,pitted_surface,none,200,200,3,13094,d5136b7f1a4b9588c04c1c30c329cbe45368cd9c5171370b38d0c0ef306d825b,False,NEU-CLS,pitted_surface_48,3,-99
NEU,NEU::pitted_surface_49,NEU-DET/train/images/pitted_surface/pitted_surface_49.jpg,pitted_surface_49.jpg,pitted_surface,none,200,200,3,11589,a9670be72781679c10fa4ae7c174ab3c6196e4a3b38545aa318116a58123d49f,False,NEU-CLS,pitted_surface_49,3,-99
NEU,NEU::pitted_surface_5,NEU-DET/train/images/pitted_surface/pitted_surface_5.jpg,pitted_surface_5.jpg,pitted_surface,none,200,200,3,12691,6484ec2d13587a91d44089148a7e64e5d9f51116715256d5d5b994f101b6b868,False,NEU-CLS,pitted_surface_5,3,-99
NEU,NEU::pitted_surface_50,NEU-DET/train/images/pitted_surface/pitted_surface_50.jpg,pitted_surface_50.jpg,pitted_surface,none,200,200,3,14584,046697383b1e45b1e6545bd84896610cdf9788643a11a525bd4e66809bf1f150,False,NEU-CLS,pitted_surface_50,3,-99
NEU,NEU::pitted_surface_51,NEU-DET/train/images/pitted_surface/pitted_surface_51.jpg,pitted_surface_51.jpg,pitted_surface,none,200,200,3,15658,1cc100bf4d30f06d7229f6be837fd25e84b7f2540b9b61c0752c7ea8290c6a68,False,NEU-CLS,pitted_surface_51,3,-99
NEU,NEU::pitted_surface_52,NEU-DET/train/images/pitted_surface/pitted_surface_52.jpg,pitted_surface_52.jpg,pitted_surface,none,200,200,3,13669,bbe51811b92b40d7c34e1c05de5ee74285e2dd605fa971e0c21b3aa74957a8ad,False,NEU-CLS,pitted_surface_52,3,-99
NEU,NEU::pitted_surface_53,NEU-DET/train/images/pitted_surface/pitted_surface_53.jpg,pitted_surface_53.jpg,pitted_surface,none,200,200,3,13182,4e8dd9c0a12898861a575108b45acddfdfc342f3d346c089f9eb9d56f3c4281f,False,NEU-CLS,pitted_surface_53,3,-99
NEU,NEU::pitted_surface_54,NEU-DET/train/images/pitted_surface/pitted_surface_54.jpg,pitted_surface_54.jpg,pitted_surface,none,200,200,3,11239,ea6601517e39dbac5c65bfe801ed5599befb64e7ff20b468d07e8e09148c95f5,False,NEU-CLS,pitted_surface_54,3,-99
NEU,NEU::pitted_surface_55,NEU-DET/train/images/pitted_surface/pitted_surface_55.jpg,pitted_surface_55.jpg,pitted_surface,none,200,200,3,17622,00cfb7a08d4bcc88ea6699a69bf1ecced87d2cd2d25e17b88ebad19d854ca63d,False,NEU-CLS,pitted_surface_55,3,-99
NEU,NEU::pitted_surface_56,NEU-DET/train/images/pitted_surface/pitted_surface_56.jpg,pitted_surface_56.jpg,pitted_surface,none,200,200,3,16871,92899dce5b9fba8de221a26a0e04c1f15d2f84c669d1b385803dbd8a76fd98c3,False,NEU-CLS,pitted_surface_56,3,-99
NEU,NEU::pitted_surface_57,NEU-DET/train/images/pitted_surface/pitted_surface_57.jpg,pitted_surface_57.jpg,pitted_surface,none,200,200,3,14860,59c28c2a5bb33b78236ba5035ab7e7e37acbe98c9f1d8bea9f9635aaa68cf2c1,False,NEU-CLS,pitted_surface_57,3,-99
NEU,NEU::pitted_surface_58,NEU-DET/train/images/pitted_surface/pitted_surface_58.jpg,pitted_surface_58.jpg,pitted_surface,none,200,200,3,11757,c739fc8183b7130b79c5950b62464216814b063ca268005e4aec08671b39bab5,False,NEU-CLS,pitted_surface_58,3,-99
NEU,NEU::pitted_surface_59,NEU-DET/train/images/pitted_surface/pitted_surface_59.jpg,pitted_surface_59.jpg,pitted_surface,none,200,200,3,17381,9dd92f35fe35591114f3c34c814f9a0706971153ea868a2a597e28aafabb2d29,False,NEU-CLS,pitted_surface_59,3,-99
NEU,NEU::pitted_surface_6,NEU-DET/train/images/pitted_surface/pitted_surface_6.jpg,pitted_surface_6.jpg,pitted_surface,none,200,200,3,14612,aaa6cc094dd7be08524e6fb7a9a861e885f4409dc96b53301392dbb6d0941e92,False,NEU-CLS,pitted_surface_6,3,-99
NEU,NEU::pitted_surface_60,NEU-DET/train/images/pitted_surface/pitted_surface_60.jpg,pitted_surface_60.jpg,pitted_surface,none,200,200,3,17470,cd6d2ba79d8acdea1aeb393182016fbee35d55dc142efac01c1706ef791bca8a,False,NEU-CLS,pitted_surface_60,3,-99
NEU,NEU::pitted_surface_61,NEU-DET/train/images/pitted_surface/pitted_surface_61.jpg,pitted_surface_61.jpg,pitted_surface,none,200,200,3,14582,ad6f2b128872256beeb6a0457377b4a834050a731f976fc8f3dcc75a0febcf23,False,NEU-CLS,pitted_surface_61,3,-99
NEU,NEU::pitted_surface_62,NEU-DET/train/images/pitted_surface/pitted_surface_62.jpg,pitted_surface_62.jpg,pitted_surface,none,200,200,3,11081,f2746e85b8590550ac82838e6539dcda6a0bfa68c95acfc98ba8281de62e963f,False,NEU-CLS,pitted_surface_62,3,-99
NEU,NEU::pitted_surface_63,NEU-DET/train/images/pitted_surface/pitted_surface_63.jpg,pitted_surface_63.jpg,pitted_surface,none,200,200,3,11734,c187ccec526bd06bfa42f36b6d928f87cad59bf691bb9e2fd6662b52395970e4,False,NEU-CLS,pitted_surface_63,3,-99
NEU,NEU::pitted_surface_64,NEU-DET/train/images/pitted_surface/pitted_surface_64.jpg,pitted_surface_64.jpg,pitted_surface,none,200,200,3,13343,37863072e74292a7743d079bff854875c9fa089a647b5eb9ca3ed889d51075e3,False,NEU-CLS,pitted_surface_64,3,-99
NEU,NEU::pitted_surface_65,NEU-DET/train/images/pitted_surface/pitted_surface_65.jpg,pitted_surface_65.jpg,pitted_surface,none,200,200,3,13925,f34e6e2986b6efc0c7281e6765d94c0e449dada265f65dd42074ba2abbdc63d7,False,NEU-CLS,pitted_surface_65,3,-99
NEU,NEU::pitted_surface_66,NEU-DET/train/images/pitted_surface/pitted_surface_66.jpg,pitted_surface_66.jpg,pitted_surface,none,200,200,3,14087,066bf3f2952da00ab4f5cdfa1bec8bce8c08d71ff7adb7a5ab55ad55caa02a0c,False,NEU-CLS,pitted_surface_66,3,-99
NEU,NEU::pitted_surface_67,NEU-DET/train/images/pitted_surface/pitted_surface_67.jpg,pitted_surface_67.jpg,pitted_surface,none,200,200,3,11023,4c4edeebf71125633834821d9fa8259881aa9881e715c9af06124da020081559,False,NEU-CLS,pitted_surface_67,3,-99
NEU,NEU::pitted_surface_68,NEU-DET/train/images/pitted_surface/pitted_surface_68.jpg,pitted_surface_68.jpg,pitted_surface,none,200,200,3,9711,6dce24c80afbd882a5c86c478aa66f292f40c415070a9ae0b3773b08ba55104c,False,NEU-CLS,pitted_surface_68,3,-99
NEU,NEU::pitted_surface_69,NEU-DET/train/images/pitted_surface/pitted_surface_69.jpg,pitted_surface_69.jpg,pitted_surface,none,200,200,3,9867,411dcbfc1f8252da5c9395b2036d6b90ce71fdf54b577380b1f30466945a467c,False,NEU-CLS,pitted_surface_69,3,-99
NEU,NEU::pitted_surface_7,NEU-DET/train/images/pitted_surface/pitted_surface_7.jpg,pitted_surface_7.jpg,pitted_surface,none,200,200,3,14994,c348e6929eb0d8c7f3207ea887e7a6ce4e7eeb43c354c28789927f0c625d1c2c,False,NEU-CLS,pitted_surface_7,3,-99
NEU,NEU::pitted_surface_70,NEU-DET/train/images/pitted_surface/pitted_surface_70.jpg,pitted_surface_70.jpg,pitted_surface,none,200,200,3,10859,873394e2dc97b96c8d1608bb7add234c4864d660ab46125af2e14053d04dd9d5,False,NEU-CLS,pitted_surface_70,3,-99
NEU,NEU::pitted_surface_71,NEU-DET/train/images/pitted_surface/pitted_surface_71.jpg,pitted_surface_71.jpg,pitted_surface,none,200,200,3,9725,58e9aec52c45805cab6805931fdeb0c2a07612157dd7085b298be65db55eb093,False,NEU-CLS,pitted_surface_71,3,-99
NEU,NEU::pitted_surface_72,NEU-DET/train/images/pitted_surface/pitted_surface_72.jpg,pitted_surface_72.jpg,pitted_surface,none,200,200,3,13440,7cef35017533cd98b77b8e622155d0292df3ac103876d9bf17710d240596833f,False,NEU-CLS,pitted_surface_72,3,-99
NEU,NEU::pitted_surface_73,NEU-DET/train/images/pitted_surface/pitted_surface_73.jpg,pitted_surface_73.jpg,pitted_surface,none,200,200,3,12772,821b1e0cea8c13bbf9629dac10958da3ebe4f74560d311b4fd398c820e76d129,False,NEU-CLS,pitted_surface_73,3,-99
NEU,NEU::pitted_surface_74,NEU-DET/train/images/pitted_surface/pitted_surface_74.jpg,pitted_surface_74.jpg,pitted_surface,none,200,200,3,11785,ad625a18cb4f61b4c35b5ea6618110cdfb5c8a0acb2e426e67befad791602db9,False,NEU-CLS,pitted_surface_74,3,-99
NEU,NEU::pitted_surface_75,NEU-DET/train/images/pitted_surface/pitted_surface_75.jpg,pitted_surface_75.jpg,pitted_surface,none,200,200,3,14759,6f488898023e07c9c4f37a59fcb942d667d544fc86c82acbc3b4562a884214fc,False,NEU-CLS,pitted_surface_75,3,-99
NEU,NEU::pitted_surface_76,NEU-DET/train/images/pitted_surface/pitted_surface_76.jpg,pitted_surface_76.jpg,pitted_surface,none,200,200,3,14845,7ab2624513ca51f7c4c6c1a6ce156c06a9e8ff023c7242526117bd278e7d89e8,False,NEU-CLS,pitted_surface_76,3,-99
NEU,NEU::pitted_surface_77,NEU-DET/train/images/pitted_surface/pitted_surface_77.jpg,pitted_surface_77.jpg,pitted_surface,none,200,200,3,14295,3a1c5c858c6e9c70173e96762537c1feb8cd9485de3ac29af1368094e5b6e4a4,False,NEU-CLS,pitted_surface_77,3,-99
NEU,NEU::pitted_surface_78,NEU-DET/train/images/pitted_surface/pitted_surface_78.jpg,pitted_surface_78.jpg,pitted_surface,none,200,200,3,15467,2ba18c894c2d9353754da4984dd1ae621f128b5de1ca2aa0c042516fbeaff6b1,False,NEU-CLS,pitted_surface_78,3,-99
NEU,NEU::pitted_surface_79,NEU-DET/train/images/pitted_surface/pitted_surface_79.jpg,pitted_surface_79.jpg,pitted_surface,none,200,200,3,15517,9a6eb4395b8b888b037d494e86346d76b6242dd3dc9b251df32bb772bbb21c75,False,NEU-CLS,pitted_surface_79,3,-99
NEU,NEU::pitted_surface_8,NEU-DET/train/images/pitted_surface/pitted_surface_8.jpg,pitted_surface_8.jpg,pitted_surface,none,200,200,3,15204,47557df4cbfeb87a1335f65ccaa5830016c88ac197a355ccb6ab22f3d277a46e,False,NEU-CLS,pitted_surface_8,3,-99
NEU,NEU::pitted_surface_80,NEU-DET/train/images/pitted_surface/pitted_surface_80.jpg,pitted_surface_80.jpg,pitted_surface,none,200,200,3,14481,8da70642715307b9cedb8fe544d24b948fb688144ef7b8bce2aebdd0f218f216,False,NEU-CLS,pitted_surface_80,3,-99
NEU,NEU::pitted_surface_81,NEU-DET/train/images/pitted_surface/pitted_surface_81.jpg,pitted_surface_81.jpg,pitted_surface,none,200,200,3,10556,5e66e37c6b75cf9dda04dca89743e43d082d6836931654abedfab076dd01adea,False,NEU-CLS,pitted_surface_81,3,-99
NEU,NEU::pitted_surface_82,NEU-DET/train/images/pitted_surface/pitted_surface_82.jpg,pitted_surface_82.jpg,pitted_surface,none,200,200,3,10756,43ef5709fb4ccf6404f6ee9c7e5c825ae5be8e16849061004245a3ccc8589505,False,NEU-CLS,pitted_surface_82,3,-99
NEU,NEU::pitted_surface_83,NEU-DET/train/images/pitted_surface/pitted_surface_83.jpg,pitted_surface_83.jpg,pitted_surface,none,200,200,3,14113,2d2b2d10955485622d89b2cab5d7d4038af5456b6f6459a56bf5c3d1766ca25f,False,NEU-CLS,pitted_surface_83,3,-99
NEU,NEU::pitted_surface_84,NEU-DET/train/images/pitted_surface/pitted_surface_84.jpg,pitted_surface_84.jpg,pitted_surface,none,200,200,3,12959,3e640b1c592ee8724aecc7b18a968b3e09031fbf64eb900e2bef6e2b6ee75816,False,NEU-CLS,pitted_surface_84,3,-99
NEU,NEU::pitted_surface_85,NEU-DET/train/images/pitted_surface/pitted_surface_85.jpg,pitted_surface_85.jpg,pitted_surface,none,200,200,3,10891,2e11fa5442f1b58a7e090e31cc2a011a9ec9cdad81413383cd6e4991ad361b7f,False,NEU-CLS,pitted_surface_85,3,-99
NEU,NEU::pitted_surface_86,NEU-DET/train/images/pitted_surface/pitted_surface_86.jpg,pitted_surface_86.jpg,pitted_surface,none,200,200,3,10020,25b7e6faf68ee791958c5c8caa63bfc4c667ec18b4d42c88fadfae6bfc8e1692,False,NEU-CLS,pitted_surface_86,3,-99
NEU,NEU::pitted_surface_87,NEU-DET/train/images/pitted_surface/pitted_surface_87.jpg,pitted_surface_87.jpg,pitted_surface,none,200,200,3,8069,0ccace87e701d4a71a88a4d2e4c9a81108689423739381751b8288b59856f4ca,False,NEU-CLS,pitted_surface_87,3,-99
NEU,NEU::pitted_surface_88,NEU-DET/train/images/pitted_surface/pitted_surface_88.jpg,pitted_surface_88.jpg,pitted_surface,none,200,200,3,11619,1865f9853c41358d27f2875a199897107cff1cb30728b9d007f3ec4e8c036fc2,False,NEU-CLS,pitted_surface_88,3,-99
NEU,NEU::pitted_surface_89,NEU-DET/train/images/pitted_surface/pitted_surface_89.jpg,pitted_surface_89.jpg,pitted_surface,none,200,200,3,9060,5aed54cf5ea07e4c3e0887eafd00d5d598ed4674ddeaf14422939205773b8ba7,False,NEU-CLS,pitted_surface_89,3,-99
NEU,NEU::pitted_surface_9,NEU-DET/train/images/pitted_surface/pitted_surface_9.jpg,pitted_surface_9.jpg,pitted_surface,none,200,200,3,10411,7555653ee061b383d285a6cd376e667aedac34ea732476d391fd8092e60ca8e7,False,NEU-CLS,pitted_surface_9,3,-99
NEU,NEU::pitted_surface_90,NEU-DET/train/images/pitted_surface/pitted_surface_90.jpg,pitted_surface_90.jpg,pitted_surface,none,200,200,3,11098,37d39470449b41e8b2bed692e5624906ea6fd392639f762c63c07600cea8f88e,False,NEU-CLS,pitted_surface_90,3,-99
NEU,NEU::pitted_surface_91,NEU-DET/train/images/pitted_surface/pitted_surface_91.jpg,pitted_surface_91.jpg,pitted_surface,none,200,200,3,11450,d2eb1c66180928c3b948559410ccf90f0749fbe0850fed78f7656ed2cb17f595,False,NEU-CLS,pitted_surface_91,3,-99
NEU,NEU::pitted_surface_92,NEU-DET/train/images/pitted_surface/pitted_surface_92.jpg,pitted_surface_92.jpg,pitted_surface,none,200,200,3,13967,d95d8a48879ce38151beb5e001ced0e53864715b1f70857f627fa31a2fa414c2,False,NEU-CLS,pitted_surface_92,3,-99
NEU,NEU::pitted_surface_93,NEU-DET/train/images/pitted_surface/pitted_surface_93.jpg,pitted_surface_93.jpg,pitted_surface,none,200,200,3,13811,a6a34a0c194e73d211c47ad1f48a399a6b91e7dc9b94522efd7b7d10a0c15f9d,False,NEU-CLS,pitted_surface_93,3,-99
NEU,NEU::pitted_surface_94,NEU-DET/train/images/pitted_surface/pitted_surface_94.jpg,pitted_surface_94.jpg,pitted_surface,none,200,200,3,13479,baf66a157f0c4ef7737f7cd340902aa4ed64f4cbcb168a246d00d5f8b45b2429,False,NEU-CLS,pitted_surface_94,3,-99
NEU,NEU::pitted_surface_95,NEU-DET/train/images/pitted_surface/pitted_surface_95.jpg,pitted_surface_95.jpg,pitted_surface,none,200,200,3,12170,05dc6ea787324508224df9abbd7fd16afa2cbb1c450f0a3fa2f220c1e6429c77,False,NEU-CLS,pitted_surface_95,3,-99
NEU,NEU::pitted_surface_96,NEU-DET/train/images/pitted_surface/pitted_surface_96.jpg,pitted_surface_96.jpg,pitted_surface,none,200,200,3,12554,ff293ea52301d6628bc0141a0632b70e6f2f4cbd9d05b0299d70a5b0d5e5cce0,False,NEU-CLS,pitted_surface_96,3,-99
NEU,NEU::pitted_surface_97,NEU-DET/train/images/pitted_surface/pitted_surface_97.jpg,pitted_surface_97.jpg,pitted_surface,none,200,200,3,10116,e98e59bf3ee6869a2f29c25a96f54c99f2aa159b1630595b3073465d26b5f807,False,NEU-CLS,pitted_surface_97,3,-99
NEU,NEU::pitted_surface_98,NEU-DET/train/images/pitted_surface/pitted_surface_98.jpg,pitted_surface_98.jpg,pitted_surface,none,200,200,3,13102,1b11011a86a04a76ab70c1aa2613c03f46bb46a59b4e860ce4e317b3b3218939,False,NEU-CLS,pitted_surface_98,3,-99
NEU,NEU::pitted_surface_99,NEU-DET/train/images/pitted_surface/pitted_surface_99.jpg,pitted_surface_99.jpg,pitted_surface,none,200,200,3,13145,df10830ccfd38fff5d9e418be80162e0846ccc33cb6a10e2143a8b2ae4c59e70,False,NEU-CLS,pitted_surface_99,3,-99
NEU,NEU::rolled-in_scale_1,NEU-DET/train/images/rolled-in_scale/rolled-in_scale_1.jpg,rolled-in_scale_1.jpg,rolled-in_scale,none,200,200,3,16253,e9d0358a2859da86a7a9cc75deb5c235fcb8b14e8773cd92e94593b0289736fd,False,NEU-CLS,rolled-in_scale_1,4,-99
NEU,NEU::rolled-in_scale_10,NEU-DET/train/images/rolled-in_scale/rolled-in_scale_10.jpg,rolled-in_scale_10.jpg,rolled-in_scale,none,200,200,3,15841,212c3cda10a863db2ee404baf29ee8a42adabe894b7aecd09591a86f177389f4,False,NEU-CLS,rolled-in_scale_10,4,-99
NEU,NEU::rolled-in_scale_100,NEU-DET/train/images/rolled-in_scale/rolled-in_scale_100.jpg,rolled-in_scale_100.jpg,rolled-in_scale,none,200,200,3,14866,b6660efc8a7cc57b7da616766b14c06812254c0422d48bfa0860db753c4f6cdd,False,NEU-CLS,rolled-in_scale_100,4,-99
NEU,NEU::rolled-in_scale_101,NEU-DET/train/images/rolled-in_scale/rolled-in_scale_101.jpg,rolled-in_scale_101.jpg,rolled-in_scale,none,200,200,3,16786,c7260b6097a950a585747137b69ceb34033c07de7c0c5c59f9e14170a963e3d2,False,NEU-CLS,rolled-in_scale_101,4,-99
NEU,NEU::rolled-in_scale_102,NEU-DET/train/images/rolled-in_scale/rolled-in_scale_102.jpg,rolled-in_scale_102.jpg,rolled-in_scale,none,200,200,3,15082,473ee8c670a34f306161b59bb73e96980bc77e9e163f7d198b49162cdf400f80,False,NEU-CLS,rolled-in_scale_102,4,-99
NEU,NEU::rolled-in_scale_103,NEU-DET/train/images/rolled-in_scale/rolled-in_scale_103.jpg,rolled-in_scale_103.jpg,rolled-in_scale,none,200,200,3,15100,d7dea4bf779ad8441b89cd7d2f76871c91843dc409ff818c3dd5baa554e05d8b,False,NEU-CLS,rolled-in_scale_103,4,-99
NEU,NEU::rolled-in_scale_104,NEU-DET/train/images/rolled-in_scale/rolled-in_scale_104.jpg,rolled-in_scale_104.jpg,rolled-in_scale,none,200,200,3,15348,4df8a84e0a9fa2a113f60bcee006696de72b5b95ff5dc4373884e1af26a0b557,False,NEU-CLS,rolled-in_scale_104,4,-99
NEU,NEU::rolled-in_scale_105,NEU-DET/train/images/rolled-in_scale/rolled-in_scale_105.jpg,rolled-in_scale_105.jpg,rolled-in_scale,none,200,200,3,15663,5eb3c30442e000e5cca7fd258ab6ace13428c3693754214790848537aa02858a,False,NEU-CLS,rolled-in_scale_105,4,-99
NEU,NEU::rolled-in_scale_106,NEU-DET/train/images/rolled-in_scale/rolled-in_scale_106.jpg,rolled-in_scale_106.jpg,rolled-in_scale,none,200,200,3,15750,1f8043beddd5cacb5b40128c4ca5e7169e0b370f1ab4ad979d31fa4b435d72fb,False,NEU-CLS,rolled-in_scale_106,4,-99
NEU,NEU::rolled-in_scale_107,NEU-DET/train/images/rolled-in_scale/rolled-in_scale_107.jpg,rolled-in_scale_107.jpg,rolled-in_scale,none,200,200,3,15536,322f329f990d8395b37fba49f1c2576c62725b29527ab0ffda2d1e1a1b7d8b1f,False,NEU-CLS,rolled-in_scale_107,4,-99
NEU,NEU::rolled-in_scale_108,NEU-DET/train/images/rolled-in_scale/rolled-in_scale_108.jpg,rolled-in_scale_108.jpg,rolled-in_scale,none,200,200,3,15513,ffdc76fe9be8fdf4e1e5bb4ae80332b666ad261e6d3cd0503bf35a55eea43129,False,NEU-CLS,rolled-in_scale_108,4,-99
NEU,NEU::rolled-in_scale_109,NEU-DET/train/images/rolled-in_scale/rolled-in_scale_109.jpg,rolled-in_scale_109.jpg,rolled-in_scale,none,200,200,3,15385,79f3889fd6010b1a29c5fbdd91f42b944f4d9f2b6bcfd1c39c02aa3141fddd69,False,NEU-CLS,rolled-in_scale_109,4,-99
NEU,NEU::rolled-in_scale_11,NEU-DET/train/images/rolled-in_scale/rolled-in_scale_11.jpg,rolled-in_scale_11.jpg,rolled-in_scale,none,200,200,3,18814,f6574911caa03dcd841d05ddb4511293e810d6090c30939fb8cc5b1d15fbc619,False,NEU-CLS,rolled-in_scale_11,4,-99
NEU,NEU::rolled-in_scale_110,NEU-DET/train/images/rolled-in_scale/rolled-in_scale_110.jpg,rolled-in_scale_110.jpg,rolled-in_scale,none,200,200,3,16173,9c17a7b7933a3e92a96f07ac5a29983975829331f76eee27cdeffc4440adaeea,False,NEU-CLS,rolled-in_scale_110,4,-99
NEU,NEU::rolled-in_scale_111,NEU-DET/train/images/rolled-in_scale/rolled-in_scale_111.jpg,rolled-in_scale_111.jpg,rolled-in_scale,none,200,200,3,16104,9dd2c202fda4487626bc55cf4f19052e3c818013da5577f33752c215befba9d3,False,NEU-CLS,rolled-in_scale_111,4,-99
NEU,NEU::rolled-in_scale_112,NEU-DET/train/images/rolled-in_scale/rolled-in_scale_112.jpg,rolled-in_scale_112.jpg,rolled-in_scale,none,200,200,3,15903,5cccbb78357361411b08ab5043df33c6b43a498c329a1e016c440354bdaed650,False,NEU-CLS,rolled-in_scale_112,4,-99
NEU,NEU::rolled-in_scale_113,NEU-DET/train/images/rolled-in_scale/rolled-in_scale_113.jpg,rolled-in_scale_113.jpg,rolled-in_scale,none,200,200,3,16325,bb50ff807baab8d9fcf4e041e8912056e0bda033236b58b4df1cbb5bd1a0cc88,False,NEU-CLS,rolled-in_scale_113,4,-99
NEU,NEU::rolled-in_scale_114,NEU-DET/train/images/rolled-in_scale/rolled-in_scale_114.jpg,rolled-in_scale_114.jpg,rolled-in_scale,none,200,200,3,16330,ee015e8ee7dd90a4436050ba07d4559c082ec6b1fae8f246c919f2895bb8efb4,False,NEU-CLS,rolled-in_scale_114,4,-99
NEU,NEU::rolled-in_scale_115,NEU-DET/train/images/rolled-in_scale/rolled-in_scale_115.jpg,rolled-in_scale_115.jpg,rolled-in_scale,none,200,200,3,16181,401ee72f6268de2c892ac3bc4649a2ecc0c50cce27f4c9702c93349b795812fd,False,NEU-CLS,rolled-in_scale_115,4,-99
NEU,NEU::rolled-in_scale_116,NEU-DET/train/images/rolled-in_scale/rolled-in_scale_116.jpg,rolled-in_scale_116.jpg,rolled-in_scale,none,200,200,3,15735,e0161a0bc31d0ddd2dfc780255faf3b92600172bac62383da6f060315a72189e,False,NEU-CLS,rolled-in_scale_116,4,-99
NEU,NEU::rolled-in_scale_117,NEU-DET/train/images/rolled-in_scale/rolled-in_scale_117.jpg,rolled-in_scale_117.jpg,rolled-in_scale,none,200,200,3,16701,ac828a14ac0c57bd27d57af57cf3f7fbc67291e545f5abdc2740224dd6c2bb95,False,NEU-CLS,rolled-in_scale_117,4,-99
NEU,NEU::rolled-in_scale_118,NEU-DET/train/images/rolled-in_scale/rolled-in_scale_118.jpg,rolled-in_scale_118.jpg,rolled-in_scale,none,200,200,3,16021,d16f1da313957faf235d8b3319b98f23d41395d05fcddf550f692492ade469e1,False,NEU-CLS,rolled-in_scale_118,4,-99
NEU,NEU::rolled-in_scale_119,NEU-DET/train/images/rolled-in_scale/rolled-in_scale_119.jpg,rolled-in_scale_119.jpg,rolled-in_scale,none,200,200,3,15987,1357eda53a93c92662358e19472067a1dc5012a0e64b40610c40a5e2c117d989,False,NEU-CLS,rolled-in_scale_119,4,-99
NEU,NEU::rolled-in_scale_12,NEU-DET/train/images/rolled-in_scale/rolled-in_scale_12.jpg,rolled-in_scale_12.jpg,rolled-in_scale,none,200,200,3,18490,8768477c21bcd4962b035083c1d6580b0b3829f12bdca9f67dcd5d83f1eb7c9e,False,NEU-CLS,rolled-in_scale_12,4,-99
NEU,NEU::rolled-in_scale_120,NEU-DET/train/images/rolled-in_scale/rolled-in_scale_120.jpg,rolled-in_scale_120.jpg,rolled-in_scale,none,200,200,3,17041,b39b01cbbff03c17be0e5a371b463c654c57880243dd59b17056b59fd9ac59b5,False,NEU-CLS,rolled-in_scale_120,4,-99
NEU,NEU::rolled-in_scale_121,NEU-DET/train/images/rolled-in_scale/rolled-in_scale_121.jpg,rolled-in_scale_121.jpg,rolled-in_scale,none,200,200,3,17645,fd23f268a5a08c4c3c93cf8918941fe2f7ef65b4177d5618f7867753dbe18748,False,NEU-CLS,rolled-in_scale_121,4,-99
NEU,NEU::rolled-in_scale_122,NEU-DET/train/images/rolled-in_scale/rolled-in_scale_122.jpg,rolled-in_scale_122.jpg,rolled-in_scale,none,200,200,3,16676,9360b0f69b9b4fb85e32baccd39b38158144d9c03eb72e6dbe8770b4d63934ac,False,NEU-CLS,rolled-in_scale_122,4,-99
NEU,NEU::rolled-in_scale_123,NEU-DET/train/images/rolled-in_scale/rolled-in_scale_123.jpg,rolled-in_scale_123.jpg,rolled-in_scale,none,200,200,3,18096,6df0809e12a02d021a499f5a27a31a9f6dd252eba4e03fa9378ae2b7702811e9,False,NEU-CLS,rolled-in_scale_123,4,-99
NEU,NEU::rolled-in_scale_124,NEU-DET/train/images/rolled-in_scale/rolled-in_scale_124.jpg,rolled-in_scale_124.jpg,rolled-in_scale,none,200,200,3,16494,73be4cbaf313e5af3f11d466d8991221e08bd3c9a22ed64f0275a786f1915d42,False,NEU-CLS,rolled-in_scale_124,4,-99
NEU,NEU::rolled-in_scale_125,NEU-DET/train/images/rolled-in_scale/rolled-in_scale_125.jpg,rolled-in_scale_125.jpg,rolled-in_scale,none,200,200,3,16298,846f14154996f68d7a8a46bd2f539b2127d745915148f8e61091e26a23a36e2a,False,NEU-CLS,rolled-in_scale_125,4,-99
NEU,NEU::rolled-in_scale_126,NEU-DET/train/images/rolled-in_scale/rolled-in_scale_126.jpg,rolled-in_scale_126.jpg,rolled-in_scale,none,200,200,3,17300,d30fc667041446291f87d08fb7c8d578e5d4d8c01dd69967401da2b039b2f6a6,False,NEU-CLS,rolled-in_scale_126,4,-99
NEU,NEU::rolled-in_scale_127,NEU-DET/train/images/rolled-in_scale/rolled-in_scale_127.jpg,rolled-in_scale_127.jpg,rolled-in_scale,none,200,200,3,16849,e8469d2b1f9c92183ea710ff52f084f002e4973fc3fc26ec236f36b8c73805ad,False,NEU-CLS,rolled-in_scale_127,4,-99
NEU,NEU::rolled-in_scale_128,NEU-DET/train/images/rolled-in_scale/rolled-in_scale_128.jpg,rolled-in_scale_128.jpg,rolled-in_scale,none,200,200,3,18099,eaf635337a9759b80e213844add9683e47b306868a1c2efda06654c22c326d82,False,NEU-CLS,rolled-in_scale_128,4,-99
NEU,NEU::rolled-in_scale_129,NEU-DET/train/images/rolled-in_scale/rolled-in_scale_129.jpg,rolled-in_scale_129.jpg,rolled-in_scale,none,200,200,3,17297,826a6d703d214dd004ef389462a6c506546350fbf8c4bd3e333f80ae3ad8b475,False,NEU-CLS,rolled-in_scale_129,4,-99
NEU,NEU::rolled-in_scale_13,NEU-DET/train/images/rolled-in_scale/rolled-in_scale_13.jpg,rolled-in_scale_13.jpg,rolled-in_scale,none,200,200,3,18087,d2f6a1222ef6f4634093ad11a7d0c4d1b58f61a1dc7b7c2ec7a1e73ae7c74b79,False,NEU-CLS,rolled-in_scale_13,4,-99
NEU,NEU::rolled-in_scale_130,NEU-DET/train/images/rolled-in_scale/rolled-in_scale_130.jpg,rolled-in_scale_130.jpg,rolled-in_scale,none,200,200,3,17303,9653b4b36b43fd6e4a556e11fce2383dabdabb70ae5793da9177922bbdb4c6e8,False,NEU-CLS,rolled-in_scale_130,4,-99
NEU,NEU::rolled-in_scale_131,NEU-DET/train/images/rolled-in_scale/rolled-in_scale_131.jpg,rolled-in_scale_131.jpg,rolled-in_scale,none,200,200,3,17371,248417bbf136b22ea071b88fdb1db110edda9e95d16c12bccc7c0d4e7fa4b44e,False,NEU-CLS,rolled-in_scale_131,4,-99
NEU,NEU::rolled-in_scale_132,NEU-DET/train/images/rolled-in_scale/rolled-in_scale_132.jpg,rolled-in_scale_132.jpg,rolled-in_scale,none,200,200,3,17306,82f323f11cc7425cfa715fb170ab484767f9af28758c8db9b8eab90a6e4e45d3,False,NEU-CLS,rolled-in_scale_132,4,-99
NEU,NEU::rolled-in_scale_133,NEU-DET/train/images/rolled-in_scale/rolled-in_scale_133.jpg,rolled-in_scale_133.jpg,rolled-in_scale,none,200,200,3,17581,f66ffd8a184bc11ec947078c3c206fac71b1118683deb5e8b3731811a0ae2ec3,False,NEU-CLS,rolled-in_scale_133,4,-99
NEU,NEU::rolled-in_scale_134,NEU-DET/train/images/rolled-in_scale/rolled-in_scale_134.jpg,rolled-in_scale_134.jpg,rolled-in_scale,none,200,200,3,17657,05f93afa29cddd07d19c79859070b8a0d40751d94f29d01aff714196612ef253,False,NEU-CLS,rolled-in_scale_134,4,-99
NEU,NEU::rolled-in_scale_135,NEU-DET/train/images/rolled-in_scale/rolled-in_scale_135.jpg,rolled-in_scale_135.jpg,rolled-in_scale,none,200,200,3,17458,a0602c9aba0fc87aa092acdb938758f317b699499a1c76c837fe822ba963c1bc,False,NEU-CLS,rolled-in_scale_135,4,-99
NEU,NEU::rolled-in_scale_136,NEU-DET/train/images/rolled-in_scale/rolled-in_scale_136.jpg,rolled-in_scale_136.jpg,rolled-in_scale,none,200,200,3,17586,3098125d30d183bf4dad699ee6cb042ed94c1f3fb40d5b8835fe622c2f453d1a,False,NEU-CLS,rolled-in_scale_136,4,-99
NEU,NEU::rolled-in_scale_137,NEU-DET/train/images/rolled-in_scale/rolled-in_scale_137.jpg,rolled-in_scale_137.jpg,rolled-in_scale,none,200,200,3,17119,72bd6673de3e9f7d8df1d69a024c04f714c19bb2ac8b45a0589d9b13244fce75,False,NEU-CLS,rolled-in_scale_137,4,-99
NEU,NEU::rolled-in_scale_138,NEU-DET/train/images/rolled-in_scale/rolled-in_scale_138.jpg,rolled-in_scale_138.jpg,rolled-in_scale,none,200,200,3,17481,4ce7e69bd28c5779a62a6e4d4c978aadc298e980c55048fe6ed210ea34cc9107,False,NEU-CLS,rolled-in_scale_138,4,-99
NEU,NEU::rolled-in_scale_139,NEU-DET/train/images/rolled-in_scale/rolled-in_scale_139.jpg,rolled-in_scale_139.jpg,rolled-in_scale,none,200,200,3,18667,17cdb3080dd730ebfe9e1216c2664442092375eceea32009b327af3669d611fa,False,NEU-CLS,rolled-in_scale_139,4,-99
NEU,NEU::rolled-in_scale_14,NEU-DET/train/images/rolled-in_scale/rolled-in_scale_14.jpg,rolled-in_scale_14.jpg,rolled-in_scale,none,200,200,3,16103,cb935dbbfa4cfc86e326b4e283a50561ddf03dccdc14b3edf89ccdaf538f0c9a,False,NEU-CLS,rolled-in_scale_14,4,-99
NEU,NEU::rolled-in_scale_140,NEU-DET/train/images/rolled-in_scale/rolled-in_scale_140.jpg,rolled-in_scale_140.jpg,rolled-in_scale,none,200,200,3,17366,110870b21a74fb75e099f5aee3b5efc0eded120128ef037b975829ec3505e8c6,False,NEU-CLS,rolled-in_scale_140,4,-99
NEU,NEU::rolled-in_scale_141,NEU-DET/train/images/rolled-in_scale/rolled-in_scale_141.jpg,rolled-in_scale_141.jpg,rolled-in_scale,none,200,200,3,17866,49fc9f06a417f3928df57cae40663098020c386560260e7c0eaf4860b6890409,False,NEU-CLS,rolled-in_scale_141,4,-99
NEU,NEU::rolled-in_scale_142,NEU-DET/train/images/rolled-in_scale/rolled-in_scale_142.jpg,rolled-in_scale_142.jpg,rolled-in_scale,none,200,200,3,18446,0d0586a8935e6edb3bfaab870cccae4235b0df8789d2fd7919e70c95e64e8607,False,NEU-CLS,rolled-in_scale_142,4,-99
NEU,NEU::rolled-in_scale_143,NEU-DET/train/images/rolled-in_scale/rolled-in_scale_143.jpg,rolled-in_scale_143.jpg,rolled-in_scale,none,200,200,3,17643,4477a67f96c14f186a4755640c6859f33f55cf6b8f004591e4cb1a9f1eef9474,False,NEU-CLS,rolled-in_scale_143,4,-99
NEU,NEU::rolled-in_scale_144,NEU-DET/train/images/rolled-in_scale/rolled-in_scale_144.jpg,rolled-in_scale_144.jpg,rolled-in_scale,none,200,200,3,17799,ed7c722ceab129d6b9e79d7eb1e27dc5309bddbc5632f40834029e7abe073aff,False,NEU-CLS,rolled-in_scale_144,4,-99
NEU,NEU::rolled-in_scale_145,NEU-DET/train/images/rolled-in_scale/rolled-in_scale_145.jpg,rolled-in_scale_145.jpg,rolled-in_scale,none,200,200,3,17306,d9b8e810d393975fd87bd0159e754c629d1b9615152effe7a979139d8f51600c,False,NEU-CLS,rolled-in_scale_145,4,-99
NEU,NEU::rolled-in_scale_146,NEU-DET/train/images/rolled-in_scale/rolled-in_scale_146.jpg,rolled-in_scale_146.jpg,rolled-in_scale,none,200,200,3,17199,4b76ee7c33602b95115a2acec07b4cd74cab87eeb2cdc2a602534646cbed047b,False,NEU-CLS,rolled-in_scale_146,4,-99
NEU,NEU::rolled-in_scale_147,NEU-DET/train/images/rolled-in_scale/rolled-in_scale_147.jpg,rolled-in_scale_147.jpg,rolled-in_scale,none,200,200,3,17412,c24c2aff998781d659ba588456925d38023aab9fb2eb3b361c301409b8998bd4,False,NEU-CLS,rolled-in_scale_147,4,-99
NEU,NEU::rolled-in_scale_148,NEU-DET/train/images/rolled-in_scale/rolled-in_scale_148.jpg,rolled-in_scale_148.jpg,rolled-in_scale,none,200,200,3,17238,cd2120b467030e47514308711746992fd0834b7d686cc767fdab0a12b0cef562,False,NEU-CLS,rolled-in_scale_148,4,-99
NEU,NEU::rolled-in_scale_149,NEU-DET/train/images/rolled-in_scale/rolled-in_scale_149.jpg,rolled-in_scale_149.jpg,rolled-in_scale,none,200,200,3,17461,02f72f8806f8258dbe04ca27f5567f30eafe0474336d6e575583707dfeda4d21,False,NEU-CLS,rolled-in_scale_149,4,-99
NEU,NEU::rolled-in_scale_15,NEU-DET/train/images/rolled-in_scale/rolled-in_scale_15.jpg,rolled-in_scale_15.jpg,rolled-in_scale,none,200,200,3,16364,cdb3dc250fecd3608553c3096fd76e9ce844ead8ae3f0be8cd361542c81a980a,False,NEU-CLS,rolled-in_scale_15,4,-99
NEU,NEU::rolled-in_scale_150,NEU-DET/train/images/rolled-in_scale/rolled-in_scale_150.jpg,rolled-in_scale_150.jpg,rolled-in_scale,none,200,200,3,17966,d1bcb5b47c285315af1493fd9ab6ba224040360881d013232b4fbb85e9f427fc,False,NEU-CLS,rolled-in_scale_150,4,-99
NEU,NEU::rolled-in_scale_151,NEU-DET/train/images/rolled-in_scale/rolled-in_scale_151.jpg,rolled-in_scale_151.jpg,rolled-in_scale,none,200,200,3,17358,059288fb7d76de2ed742c0d511d3faa6f340fbaed2efe5fab9f6de7851a9c268,False,NEU-CLS,rolled-in_scale_151,4,-99
NEU,NEU::rolled-in_scale_152,NEU-DET/train/images/rolled-in_scale/rolled-in_scale_152.jpg,rolled-in_scale_152.jpg,rolled-in_scale,none,200,200,3,17790,5c6086c4c85f0d219f7b7ecefea7d4542ba78b8728564b76f6ad0e1d27b46916,False,NEU-CLS,rolled-in_scale_152,4,-99
NEU,NEU::rolled-in_scale_153,NEU-DET/train/images/rolled-in_scale/rolled-in_scale_153.jpg,rolled-in_scale_153.jpg,rolled-in_scale,none,200,200,3,17530,d56e3eb807f29dc2b782b7b59d1daea82e5fcab810256d6b1d88f7993841bce6,False,NEU-CLS,rolled-in_scale_153,4,-99
NEU,NEU::rolled-in_scale_154,NEU-DET/train/images/rolled-in_scale/rolled-in_scale_154.jpg,rolled-in_scale_154.jpg,rolled-in_scale,none,200,200,3,17708,3382f949fadcfeaf5c2fdbc3e68abbe6fd8cd0b7d1687ebe0bca0a0c01a9878b,False,NEU-CLS,rolled-in_scale_154,4,-99
NEU,NEU::rolled-in_scale_155,NEU-DET/train/images/rolled-in_scale/rolled-in_scale_155.jpg,rolled-in_scale_155.jpg,rolled-in_scale,none,200,200,3,17613,a7484fea9a95d63d4eac0d7de6cd379dd86b20b255d52314fcff6398f72363a6,False,NEU-CLS,rolled-in_scale_155,4,-99
NEU,NEU::rolled-in_scale_156,NEU-DET/train/images/rolled-in_scale/rolled-in_scale_156.jpg,rolled-in_scale_156.jpg,rolled-in_scale,none,200,200,3,17608,f7b6d5bf6d6e8743784fbc2fa26de5ee2bba6876f9bca5c871febb818f60ef78,False,NEU-CLS,rolled-in_scale_156,4,-99
NEU,NEU::rolled-in_scale_157,NEU-DET/train/images/rolled-in_scale/rolled-in_scale_157.jpg,rolled-in_scale_157.jpg,rolled-in_scale,none,200,200,3,17090,9e6228457ed6f7926bf57627a4e4442dba9c40aa752201822e5af4dacb9aca41,False,NEU-CLS,rolled-in_scale_157,4,-99
NEU,NEU::rolled-in_scale_158,NEU-DET/train/images/rolled-in_scale/rolled-in_scale_158.jpg,rolled-in_scale_158.jpg,rolled-in_scale,none,200,200,3,18070,f5a8f1dcf27a3fd3fb04103878f4c655999391e88c73e58029d90688a7e9a3fe,False,NEU-CLS,rolled-in_scale_158,4,-99
NEU,NEU::rolled-in_scale_159,NEU-DET/train/images/rolled-in_scale/rolled-in_scale_159.jpg,rolled-in_scale_159.jpg,rolled-in_scale,none,200,200,3,17672,7c6f323094a3da43bf4664e30bb84691b91ffa9bcaf88b834321062710bceffa,False,NEU-CLS,rolled-in_scale_159,4,-99
NEU,NEU::rolled-in_scale_16,NEU-DET/train/images/rolled-in_scale/rolled-in_scale_16.jpg,rolled-in_scale_16.jpg,rolled-in_scale,none,200,200,3,16655,b20363e15f81eb8156cbf92b9a09ffdb6eae95f2f25ddf7645409baaa1ec83b7,False,NEU-CLS,rolled-in_scale_16,4,-99
NEU,NEU::rolled-in_scale_160,NEU-DET/train/images/rolled-in_scale/rolled-in_scale_160.jpg,rolled-in_scale_160.jpg,rolled-in_scale,none,200,200,3,17503,51a522f0eae177ce5c5db504f5c8fbba5ad7bdc8ed9d9c22b40ab0793490410f,False,NEU-CLS,rolled-in_scale_160,4,-99
NEU,NEU::rolled-in_scale_161,NEU-DET/train/images/rolled-in_scale/rolled-in_scale_161.jpg,rolled-in_scale_161.jpg,rolled-in_scale,none,200,200,3,17564,e875fc3bb9a8bed646825668981a24709e5cbbc630a28315c2fb56ec38e85a75,False,NEU-CLS,rolled-in_scale_161,4,-99
NEU,NEU::rolled-in_scale_162,NEU-DET/train/images/rolled-in_scale/rolled-in_scale_162.jpg,rolled-in_scale_162.jpg,rolled-in_scale,none,200,200,3,17748,a70854dd9ce3bdcbb135c855a2b21264b7438cfed2fda8f6ecb563205a9061cf,False,NEU-CLS,rolled-in_scale_162,4,-99
NEU,NEU::rolled-in_scale_163,NEU-DET/train/images/rolled-in_scale/rolled-in_scale_163.jpg,rolled-in_scale_163.jpg,rolled-in_scale,none,200,200,3,18124,95284a96beecc14dc4413d90c77440d775d99b565143cbe78db461e2a9f44cd2,False,NEU-CLS,rolled-in_scale_163,4,-99
NEU,NEU::rolled-in_scale_164,NEU-DET/train/images/rolled-in_scale/rolled-in_scale_164.jpg,rolled-in_scale_164.jpg,rolled-in_scale,none,200,200,3,17955,a315c102243ce4955cc39fa268ec8876b5fadffcedefaf76b710c776a89044ef,False,NEU-CLS,rolled-in_scale_164,4,-99
NEU,NEU::rolled-in_scale_165,NEU-DET/train/images/rolled-in_scale/rolled-in_scale_165.jpg,rolled-in_scale_165.jpg,rolled-in_scale,none,200,200,3,17550,f612a5beb338b77905658e99b54486ec4b76eef3ab30b65798dded7ce44c49b9,False,NEU-CLS,rolled-in_scale_165,4,-99
NEU,NEU::rolled-in_scale_166,NEU-DET/train/images/rolled-in_scale/rolled-in_scale_166.jpg,rolled-in_scale_166.jpg,rolled-in_scale,none,200,200,3,16993,b0270e7732b7975b02ecb7055262e1291a2e4d8174b5413dc1dffcddace6bfd7,False,NEU-CLS,rolled-in_scale_166,4,-99
NEU,NEU::rolled-in_scale_167,NEU-DET/train/images/rolled-in_scale/rolled-in_scale_167.jpg,rolled-in_scale_167.jpg,rolled-in_scale,none,200,200,3,17015,7c4e4919616fecbc4747e57697ee89d57fd5b84e29fd55d1a86f0ac74260541b,False,NEU-CLS,rolled-in_scale_167,4,-99
NEU,NEU::rolled-in_scale_168,NEU-DET/train/images/rolled-in_scale/rolled-in_scale_168.jpg,rolled-in_scale_168.jpg,rolled-in_scale,none,200,200,3,17905,bb86083ff29eb08d996a60130365c71cdda198982a3fcd1d187b6f15a6d2a713,False,NEU-CLS,rolled-in_scale_168,4,-99
NEU,NEU::rolled-in_scale_169,NEU-DET/train/images/rolled-in_scale/rolled-in_scale_169.jpg,rolled-in_scale_169.jpg,rolled-in_scale,none,200,200,3,17576,e48252b233324d081b482e4986db38a764533dcb1fa07f7a12d3adc9eb65ab88,False,NEU-CLS,rolled-in_scale_169,4,-99
NEU,NEU::rolled-in_scale_17,NEU-DET/train/images/rolled-in_scale/rolled-in_scale_17.jpg,rolled-in_scale_17.jpg,rolled-in_scale,none,200,200,3,16816,905bf78850ce127112df3ee1e3fbc58214a092ec7293e2c94bd90303ce1449e7,False,NEU-CLS,rolled-in_scale_17,4,-99
NEU,NEU::rolled-in_scale_170,NEU-DET/train/images/rolled-in_scale/rolled-in_scale_170.jpg,rolled-in_scale_170.jpg,rolled-in_scale,none,200,200,3,17970,67810ef98780f5f14bf0ba4530e77485595dae6d1ab7f9e393b19d07620fc19f,False,NEU-CLS,rolled-in_scale_170,4,-99
NEU,NEU::rolled-in_scale_171,NEU-DET/train/images/rolled-in_scale/rolled-in_scale_171.jpg,rolled-in_scale_171.jpg,rolled-in_scale,none,200,200,3,17863,5e6491de8526738699178356d17dee421c8cc19b86843634255cc817a8bdea20,False,NEU-CLS,rolled-in_scale_171,4,-99
NEU,NEU::rolled-in_scale_172,NEU-DET/train/images/rolled-in_scale/rolled-in_scale_172.jpg,rolled-in_scale_172.jpg,rolled-in_scale,none,200,200,3,18132,23411a8303eb381c161850dd189321771ce5228fac880e3698b84be2969afc5c,False,NEU-CLS,rolled-in_scale_172,4,-99
NEU,NEU::rolled-in_scale_173,NEU-DET/train/images/rolled-in_scale/rolled-in_scale_173.jpg,rolled-in_scale_173.jpg,rolled-in_scale,none,200,200,3,17929,aa7381ffdd6b16a56243d4dd16b4ad62a8aed4e1aeafca9fd1b78aef7f376f83,False,NEU-CLS,rolled-in_scale_173,4,-99
NEU,NEU::rolled-in_scale_174,NEU-DET/train/images/rolled-in_scale/rolled-in_scale_174.jpg,rolled-in_scale_174.jpg,rolled-in_scale,none,200,200,3,18127,893099724db1aca70561d00494b25d1e7653ba9b76bf1f2b2217fdf985b52f08,False,NEU-CLS,rolled-in_scale_174,4,-99
NEU,NEU::rolled-in_scale_175,NEU-DET/train/images/rolled-in_scale/rolled-in_scale_175.jpg,rolled-in_scale_175.jpg,rolled-in_scale,none,200,200,3,17934,7b875e816e7cbc6060c81cb99844a00389143b9ccc87047c090229923eef9ae1,False,NEU-CLS,rolled-in_scale_175,4,-99
NEU,NEU::rolled-in_scale_176,NEU-DET/train/images/rolled-in_scale/rolled-in_scale_176.jpg,rolled-in_scale_176.jpg,rolled-in_scale,none,200,200,3,17888,1615a1c38666f1af95fbc092291a00c9865a80a1f99941f8e58550ae40f915a4,False,NEU-CLS,rolled-in_scale_176,4,-99
NEU,NEU::rolled-in_scale_177,NEU-DET/train/images/rolled-in_scale/rolled-in_scale_177.jpg,rolled-in_scale_177.jpg,rolled-in_scale,none,200,200,3,18634,8101aa59bcd07d7c326a0bfb57d2adeea3b827ed81d980acd42ea87dbf5f16b1,False,NEU-CLS,rolled-in_scale_177,4,-99
NEU,NEU::rolled-in_scale_178,NEU-DET/train/images/rolled-in_scale/rolled-in_scale_178.jpg,rolled-in_scale_178.jpg,rolled-in_scale,none,200,200,3,18295,9c65edfe700d99926ff92b1a339fde54c8dfdda53ccb739825bd819affb8d2d8,False,NEU-CLS,rolled-in_scale_178,4,-99
NEU,NEU::rolled-in_scale_179,NEU-DET/train/images/rolled-in_scale/rolled-in_scale_179.jpg,rolled-in_scale_179.jpg,rolled-in_scale,none,200,200,3,18249,160a103396310d91e865e3aad4729a4f980f389c4cd0248c7c6977545b226c79,False,NEU-CLS,rolled-in_scale_179,4,-99
NEU,NEU::rolled-in_scale_18,NEU-DET/train/images/rolled-in_scale/rolled-in_scale_18.jpg,rolled-in_scale_18.jpg,rolled-in_scale,none,200,200,3,17258,ec6211d4c5f7d0f8418890fe2034d8dca7f0657eec769543f57c2b9f18b6b009,False,NEU-CLS,rolled-in_scale_18,4,-99
NEU,NEU::rolled-in_scale_180,NEU-DET/train/images/rolled-in_scale/rolled-in_scale_180.jpg,rolled-in_scale_180.jpg,rolled-in_scale,none,200,200,3,18102,b98e88200eaa222caf430a66cafa04eaa9bdc839bc2daa890418466ab58bb732,False,NEU-CLS,rolled-in_scale_180,4,-99
NEU,NEU::rolled-in_scale_181,NEU-DET/train/images/rolled-in_scale/rolled-in_scale_181.jpg,rolled-in_scale_181.jpg,rolled-in_scale,none,200,200,3,17847,d145ae4af8480a5cbc4d1cacecda897da12ab3ebc80afb41e11f17754f17f2e8,False,NEU-CLS,rolled-in_scale_181,4,-99
NEU,NEU::rolled-in_scale_182,NEU-DET/train/images/rolled-in_scale/rolled-in_scale_182.jpg,rolled-in_scale_182.jpg,rolled-in_scale,none,200,200,3,17620,faa9bd41e5b3cd827d48df20a5263cc278a6a7b7ef781935a9ffc7fac50bc6d4,False,NEU-CLS,rolled-in_scale_182,4,-99
NEU,NEU::rolled-in_scale_183,NEU-DET/train/images/rolled-in_scale/rolled-in_scale_183.jpg,rolled-in_scale_183.jpg,rolled-in_scale,none,200,200,3,17643,3f4c2164895955eb76bd2f0bbf506df06d129e1b9cad6705e92c988c18204ce4,False,NEU-CLS,rolled-in_scale_183,4,-99
NEU,NEU::rolled-in_scale_184,NEU-DET/train/images/rolled-in_scale/rolled-in_scale_184.jpg,rolled-in_scale_184.jpg,rolled-in_scale,none,200,200,3,18165,f957fc479504384d661036f2ecccb1e8c11c628fdb4e80b9088a6ac8528dcc96,False,NEU-CLS,rolled-in_scale_184,4,-99
NEU,NEU::rolled-in_scale_185,NEU-DET/train/images/rolled-in_scale/rolled-in_scale_185.jpg,rolled-in_scale_185.jpg,rolled-in_scale,none,200,200,3,17531,142b4072a53154a6b126aee143f5809bcab5c00b2a14f3a4dc22bea2b3813782,False,NEU-CLS,rolled-in_scale_185,4,-99
NEU,NEU::rolled-in_scale_186,NEU-DET/train/images/rolled-in_scale/rolled-in_scale_186.jpg,rolled-in_scale_186.jpg,rolled-in_scale,none,200,200,3,17297,a20f19e54cd1d59ce409c68ec065ea3c49cbbe16318071700eb68fad39419f24,False,NEU-CLS,rolled-in_scale_186,4,-99
NEU,NEU::rolled-in_scale_187,NEU-DET/train/images/rolled-in_scale/rolled-in_scale_187.jpg,rolled-in_scale_187.jpg,rolled-in_scale,none,200,200,3,17249,edd3198132d079aa0287a208589bf81e498fee708b96fa55e8563cde785c618c,False,NEU-CLS,rolled-in_scale_187,4,-99
NEU,NEU::rolled-in_scale_188,NEU-DET/train/images/rolled-in_scale/rolled-in_scale_188.jpg,rolled-in_scale_188.jpg,rolled-in_scale,none,200,200,3,17538,b932fa02ad9f1824c83627a391050a89f711a73d1dfddd59cf8c35066fe2eece,False,NEU-CLS,rolled-in_scale_188,4,-99
NEU,NEU::rolled-in_scale_189,NEU-DET/train/images/rolled-in_scale/rolled-in_scale_189.jpg,rolled-in_scale_189.jpg,rolled-in_scale,none,200,200,3,17068,ed60e7a1a857970c205dd4a58c5290c96cd1fe723559b7928615c869c684d7d8,False,NEU-CLS,rolled-in_scale_189,4,-99
NEU,NEU::rolled-in_scale_19,NEU-DET/train/images/rolled-in_scale/rolled-in_scale_19.jpg,rolled-in_scale_19.jpg,rolled-in_scale,none,200,200,3,17338,7e9815a17916514ba512bb345b193791d62e98f98e57359edd9cc9aa129e0629,False,NEU-CLS,rolled-in_scale_19,4,-99
NEU,NEU::rolled-in_scale_190,NEU-DET/train/images/rolled-in_scale/rolled-in_scale_190.jpg,rolled-in_scale_190.jpg,rolled-in_scale,none,200,200,3,16656,497e87842f2fe281ef3dc52a27444f7219545c9c4636b5cd7dead29b886b4213,False,NEU-CLS,rolled-in_scale_190,4,-99
NEU,NEU::rolled-in_scale_191,NEU-DET/train/images/rolled-in_scale/rolled-in_scale_191.jpg,rolled-in_scale_191.jpg,rolled-in_scale,none,200,200,3,16463,fd70388162d5acbea24a184309d372e9eb8dcc97c2fb86a2d1cba2e423a32451,False,NEU-CLS,rolled-in_scale_191,4,-99
NEU,NEU::rolled-in_scale_192,NEU-DET/train/images/rolled-in_scale/rolled-in_scale_192.jpg,rolled-in_scale_192.jpg,rolled-in_scale,none,200,200,3,16514,12b62135d61357a10b83d8e2ee60b3e0a9d42c74e081d9295981c265cb628de3,False,NEU-CLS,rolled-in_scale_192,4,-99
NEU,NEU::rolled-in_scale_193,NEU-DET/train/images/rolled-in_scale/rolled-in_scale_193.jpg,rolled-in_scale_193.jpg,rolled-in_scale,none,200,200,3,16860,f298f309e6f2c25904b3a066256cc028d60daf59d11c42baedf85a0a24366036,False,NEU-CLS,rolled-in_scale_193,4,-99
NEU,NEU::rolled-in_scale_194,NEU-DET/train/images/rolled-in_scale/rolled-in_scale_194.jpg,rolled-in_scale_194.jpg,rolled-in_scale,none,200,200,3,16534,ad6fde4e93a05bcdf13e95abd779ad39197fff8b728907c91a4f5a271d662dd6,False,NEU-CLS,rolled-in_scale_194,4,-99
NEU,NEU::rolled-in_scale_195,NEU-DET/train/images/rolled-in_scale/rolled-in_scale_195.jpg,rolled-in_scale_195.jpg,rolled-in_scale,none,200,200,3,15926,88ff2263d35206c0152a9569cfd8f41789398ddcc60351bf9b7111f35274b166,False,NEU-CLS,rolled-in_scale_195,4,-99
NEU,NEU::rolled-in_scale_196,NEU-DET/train/images/rolled-in_scale/rolled-in_scale_196.jpg,rolled-in_scale_196.jpg,rolled-in_scale,none,200,200,3,17363,a6c4471f4fc328e85cfd30545301a152839ae7ad2eed27a88ceb79fccd3aee5a,False,NEU-CLS,rolled-in_scale_196,4,-99
NEU,NEU::rolled-in_scale_197,NEU-DET/train/images/rolled-in_scale/rolled-in_scale_197.jpg,rolled-in_scale_197.jpg,rolled-in_scale,none,200,200,3,16385,377bc7dd25075830dffae3e80088ad088eb10e9e9ab6f341faf4b999752cf907,False,NEU-CLS,rolled-in_scale_197,4,-99
NEU,NEU::rolled-in_scale_198,NEU-DET/train/images/rolled-in_scale/rolled-in_scale_198.jpg,rolled-in_scale_198.jpg,rolled-in_scale,none,200,200,3,16922,878afdc20181822ac0dd78725612ee9b5ed4cd98ca5d5c0d19e4f261f8f780e3,False,NEU-CLS,rolled-in_scale_198,4,-99
NEU,NEU::rolled-in_scale_199,NEU-DET/train/images/rolled-in_scale/rolled-in_scale_199.jpg,rolled-in_scale_199.jpg,rolled-in_scale,none,200,200,3,17030,8ed028cf6ad8d6f9e0815b5d5f79f4f3b150024b4a2a590a68e7315cc6b8af1f,False,NEU-CLS,rolled-in_scale_199,4,-99
NEU,NEU::rolled-in_scale_2,NEU-DET/train/images/rolled-in_scale/rolled-in_scale_2.jpg,rolled-in_scale_2.jpg,rolled-in_scale,none,200,200,3,17234,b8a7cfe68f9863ad7885f5b7e9cdbb7b26a7a22ff9d634f9f19fa8438bc76464,False,NEU-CLS,rolled-in_scale_2,4,-99
NEU,NEU::rolled-in_scale_20,NEU-DET/train/images/rolled-in_scale/rolled-in_scale_20.jpg,rolled-in_scale_20.jpg,rolled-in_scale,none,200,200,3,16597,410585853745afbb7ef092bb290f3d5c971d455c02f00080868e302d113837f2,False,NEU-CLS,rolled-in_scale_20,4,-99
NEU,NEU::rolled-in_scale_200,NEU-DET/train/images/rolled-in_scale/rolled-in_scale_200.jpg,rolled-in_scale_200.jpg,rolled-in_scale,none,200,200,3,16635,862f59073f2cc237b7602df726d08128bac6cff58971ae7adf7becaab354c197,False,NEU-CLS,rolled-in_scale_200,4,-99
NEU,NEU::rolled-in_scale_201,NEU-DET/train/images/rolled-in_scale/rolled-in_scale_201.jpg,rolled-in_scale_201.jpg,rolled-in_scale,none,200,200,3,16951,93f1f4105e08e65c75283d4149248ca401de3251d994155ae08492de344cdf82,False,NEU-CLS,rolled-in_scale_201,4,-99
NEU,NEU::rolled-in_scale_202,NEU-DET/train/images/rolled-in_scale/rolled-in_scale_202.jpg,rolled-in_scale_202.jpg,rolled-in_scale,none,200,200,3,17313,32fdb597d1fbc3aedda1991fbfe3f811b33977334f5b7afea358bdb9daf5408d,False,NEU-CLS,rolled-in_scale_202,4,-99
NEU,NEU::rolled-in_scale_203,NEU-DET/train/images/rolled-in_scale/rolled-in_scale_203.jpg,rolled-in_scale_203.jpg,rolled-in_scale,none,200,200,3,16457,1318c0d9b059a08b3867d40ee1c18cd46adcac3b69d1790d4095995d311f8917,False,NEU-CLS,rolled-in_scale_203,4,-99
NEU,NEU::rolled-in_scale_204,NEU-DET/train/images/rolled-in_scale/rolled-in_scale_204.jpg,rolled-in_scale_204.jpg,rolled-in_scale,none,200,200,3,16735,8f6ae994413417fb2862cd6749fd91ea71363abf6074e95d0bcde36c8e988731,False,NEU-CLS,rolled-in_scale_204,4,-99
NEU,NEU::rolled-in_scale_205,NEU-DET/train/images/rolled-in_scale/rolled-in_scale_205.jpg,rolled-in_scale_205.jpg,rolled-in_scale,none,200,200,3,17167,24f72b90f91552273880ad40b7b4c44cf912cf917a94faa2e48273ff7994ac51,False,NEU-CLS,rolled-in_scale_205,4,-99
NEU,NEU::rolled-in_scale_206,NEU-DET/train/images/rolled-in_scale/rolled-in_scale_206.jpg,rolled-in_scale_206.jpg,rolled-in_scale,none,200,200,3,16904,dad964a1298e0e8550c652c2f6cd3dacda7096290117e4f96c499fc62f7e425a,False,NEU-CLS,rolled-in_scale_206,4,-99
NEU,NEU::rolled-in_scale_207,NEU-DET/train/images/rolled-in_scale/rolled-in_scale_207.jpg,rolled-in_scale_207.jpg,rolled-in_scale,none,200,200,3,16809,96659bb19494d4eb0119b38d152dd1adabd20c3ea9d95deaed85b44bfe8fb677,False,NEU-CLS,rolled-in_scale_207,4,-99
NEU,NEU::rolled-in_scale_208,NEU-DET/train/images/rolled-in_scale/rolled-in_scale_208.jpg,rolled-in_scale_208.jpg,rolled-in_scale,none,200,200,3,17152,9b48f38d6793c1be07470511f8dad09506c006bb491212c74da5d52e9ab3a06c,False,NEU-CLS,rolled-in_scale_208,4,-99
NEU,NEU::rolled-in_scale_209,NEU-DET/train/images/rolled-in_scale/rolled-in_scale_209.jpg,rolled-in_scale_209.jpg,rolled-in_scale,none,200,200,3,16345,5b0551a18f09969f80ea78107b8dc10472d4cb078b7e51f832c6058246a15ea9,False,NEU-CLS,rolled-in_scale_209,4,-99
NEU,NEU::rolled-in_scale_21,NEU-DET/train/images/rolled-in_scale/rolled-in_scale_21.jpg,rolled-in_scale_21.jpg,rolled-in_scale,none,200,200,3,16538,d8c183596170f6fa7db62baaf886d1e9d7c39fc32f1ac814c65ac34e75d4f60a,False,NEU-CLS,rolled-in_scale_21,4,-99
NEU,NEU::rolled-in_scale_210,NEU-DET/train/images/rolled-in_scale/rolled-in_scale_210.jpg,rolled-in_scale_210.jpg,rolled-in_scale,none,200,200,3,16221,c2803b6694a8172cc2ddcdf7c9f63d0b17a8f6aa243521792ba375cd20c42140,False,NEU-CLS,rolled-in_scale_210,4,-99
NEU,NEU::rolled-in_scale_211,NEU-DET/train/images/rolled-in_scale/rolled-in_scale_211.jpg,rolled-in_scale_211.jpg,rolled-in_scale,none,200,200,3,16427,6b67ec8c1e1ac58c71e316738504b32867dda9d020009c6be8f52cd1fb083933,False,NEU-CLS,rolled-in_scale_211,4,-99
NEU,NEU::rolled-in_scale_212,NEU-DET/train/images/rolled-in_scale/rolled-in_scale_212.jpg,rolled-in_scale_212.jpg,rolled-in_scale,none,200,200,3,16965,e2f57875cc30ccc3e2970b58ee4872c966cd042a88113aaf1fbd4dd18ad199f3,False,NEU-CLS,rolled-in_scale_212,4,-99
NEU,NEU::rolled-in_scale_213,NEU-DET/train/images/rolled-in_scale/rolled-in_scale_213.jpg,rolled-in_scale_213.jpg,rolled-in_scale,none,200,200,3,16791,9e6c5e6a46cc51960c7c2ddfebecbf68918a82e5974525446554934059ee38a7,False,NEU-CLS,rolled-in_scale_213,4,-99
NEU,NEU::rolled-in_scale_214,NEU-DET/train/images/rolled-in_scale/rolled-in_scale_214.jpg,rolled-in_scale_214.jpg,rolled-in_scale,none,200,200,3,16922,d2e758316abe8b3662048e3a73aebc934088ee2b18d9b3307d46dd8cfc48b29e,False,NEU-CLS,rolled-in_scale_214,4,-99
NEU,NEU::rolled-in_scale_215,NEU-DET/train/images/rolled-in_scale/rolled-in_scale_215.jpg,rolled-in_scale_215.jpg,rolled-in_scale,none,200,200,3,16474,3731f27e6665dbb752c8a1a3417f0b8eb59e952a934c98e015563db6be9c5afc,False,NEU-CLS,rolled-in_scale_215,4,-99
NEU,NEU::rolled-in_scale_216,NEU-DET/train/images/rolled-in_scale/rolled-in_scale_216.jpg,rolled-in_scale_216.jpg,rolled-in_scale,none,200,200,3,16832,d8393dae73ec0046eb91dd904987ece0d95782620520b50eb85e6a94651aff02,False,NEU-CLS,rolled-in_scale_216,4,-99
NEU,NEU::rolled-in_scale_217,NEU-DET/train/images/rolled-in_scale/rolled-in_scale_217.jpg,rolled-in_scale_217.jpg,rolled-in_scale,none,200,200,3,14969,6518cd1259ee169a39dd98f755a3dbb11175cf30bd346e2974d709362961824c,False,NEU-CLS,rolled-in_scale_217,4,-99
NEU,NEU::rolled-in_scale_218,NEU-DET/train/images/rolled-in_scale/rolled-in_scale_218.jpg,rolled-in_scale_218.jpg,rolled-in_scale,none,200,200,3,15592,d1487d000c49a0716fce28609f58883abb52df0618a64878f2fee5d534de4b04,False,NEU-CLS,rolled-in_scale_218,4,-99
NEU,NEU::rolled-in_scale_219,NEU-DET/train/images/rolled-in_scale/rolled-in_scale_219.jpg,rolled-in_scale_219.jpg,rolled-in_scale,none,200,200,3,15573,c669a2bc07a4c8538e5f41c48ae0f037a304f6714ac44100e8e13a93d1e8a17e,False,NEU-CLS,rolled-in_scale_219,4,-99
NEU,NEU::rolled-in_scale_22,NEU-DET/train/images/rolled-in_scale/rolled-in_scale_22.jpg,rolled-in_scale_22.jpg,rolled-in_scale,none,200,200,3,15841,8709b7a762ebfb915d7500413bbef14db7a3c96aefa729e255fafc97441b7625,False,NEU-CLS,rolled-in_scale_22,4,-99
NEU,NEU::rolled-in_scale_220,NEU-DET/train/images/rolled-in_scale/rolled-in_scale_220.jpg,rolled-in_scale_220.jpg,rolled-in_scale,none,200,200,3,14485,00901619c63fcffca7cbc105e0c946b296aa86b5d1070a5f8cf3fcd042a5a584,False,NEU-CLS,rolled-in_scale_220,4,-99
NEU,NEU::rolled-in_scale_221,NEU-DET/train/images/rolled-in_scale/rolled-in_scale_221.jpg,rolled-in_scale_221.jpg,rolled-in_scale,none,200,200,3,13789,b6bd54fc30e304aacb530d32bf3e393993c485d6a0bb0d6f45d86e60b2e336de,False,NEU-CLS,rolled-in_scale_221,4,-99
NEU,NEU::rolled-in_scale_222,NEU-DET/train/images/rolled-in_scale/rolled-in_scale_222.jpg,rolled-in_scale_222.jpg,rolled-in_scale,none,200,200,3,14374,aa02ff4ab1bbd725843fda80981d041d27cfbc8f8c864cbfdb052c0bde94baf8,False,NEU-CLS,rolled-in_scale_222,4,-99
NEU,NEU::rolled-in_scale_223,NEU-DET/train/images/rolled-in_scale/rolled-in_scale_223.jpg,rolled-in_scale_223.jpg,rolled-in_scale,none,200,200,3,15024,60206e7c54b2a2699f5913fd63591368550b8f2a3f9590bf42597afe5dc68a81,False,NEU-CLS,rolled-in_scale_223,4,-99
NEU,NEU::rolled-in_scale_224,NEU-DET/train/images/rolled-in_scale/rolled-in_scale_224.jpg,rolled-in_scale_224.jpg,rolled-in_scale,none,200,200,3,16021,efa3e16557e7141f5ee3f4e7a3ad096a37ac1f2d25e7e0cb335c908d475e09ef,False,NEU-CLS,rolled-in_scale_224,4,-99
NEU,NEU::rolled-in_scale_225,NEU-DET/train/images/rolled-in_scale/rolled-in_scale_225.jpg,rolled-in_scale_225.jpg,rolled-in_scale,none,200,200,3,15978,1509cd72de0b703b1328d59e5dd7705be79ffbf93c162986cec204330e5221e3,False,NEU-CLS,rolled-in_scale_225,4,-99
NEU,NEU::rolled-in_scale_226,NEU-DET/train/images/rolled-in_scale/rolled-in_scale_226.jpg,rolled-in_scale_226.jpg,rolled-in_scale,none,200,200,3,15296,32a71d087ccc2e2ab66cf2fdb1b941ed21ceda2c1cf822867d2cd392c759bba4,False,NEU-CLS,rolled-in_scale_226,4,-99
NEU,NEU::rolled-in_scale_227,NEU-DET/train/images/rolled-in_scale/rolled-in_scale_227.jpg,rolled-in_scale_227.jpg,rolled-in_scale,none,200,200,3,15140,d61a9d399c997f08c9a05f3242402d0e454df4029efe2a49bd973798a6a99cad,False,NEU-CLS,rolled-in_scale_227,4,-99
NEU,NEU::rolled-in_scale_228,NEU-DET/train/images/rolled-in_scale/rolled-in_scale_228.jpg,rolled-in_scale_228.jpg,rolled-in_scale,none,200,200,3,15176,47e47f02b1c9091211ec85cd5722832878bf5e1221268bf3bea5920541ff2fa0,False,NEU-CLS,rolled-in_scale_228,4,-99
NEU,NEU::rolled-in_scale_229,NEU-DET/train/images/rolled-in_scale/rolled-in_scale_229.jpg,rolled-in_scale_229.jpg,rolled-in_scale,none,200,200,3,14801,35c188bce490677f237f24a8185ea842bf60fd853e8f8e069d069bb5aed2615c,False,NEU-CLS,rolled-in_scale_229,4,-99
NEU,NEU::rolled-in_scale_23,NEU-DET/train/images/rolled-in_scale/rolled-in_scale_23.jpg,rolled-in_scale_23.jpg,rolled-in_scale,none,200,200,3,16170,0997be2658c69db807de7a33548ad0e80bc5c258a40d6d867df68b36010aca9a,False,NEU-CLS,rolled-in_scale_23,4,-99
NEU,NEU::rolled-in_scale_230,NEU-DET/train/images/rolled-in_scale/rolled-in_scale_230.jpg,rolled-in_scale_230.jpg,rolled-in_scale,none,200,200,3,15920,55a5388a166206a123baa7398212f06a762fc25d9e815fe65c1eff160c01295e,False,NEU-CLS,rolled-in_scale_230,4,-99
NEU,NEU::rolled-in_scale_231,NEU-DET/train/images/rolled-in_scale/rolled-in_scale_231.jpg,rolled-in_scale_231.jpg,rolled-in_scale,none,200,200,3,14951,37d99e66ff131f801cae1c63981fd832b28ffb5213334907954f15e8dd87457d,False,NEU-CLS,rolled-in_scale_231,4,-99
NEU,NEU::rolled-in_scale_232,NEU-DET/train/images/rolled-in_scale/rolled-in_scale_232.jpg,rolled-in_scale_232.jpg,rolled-in_scale,none,200,200,3,14583,fc9b8f1cd46c61eb07a338b199616644fbbbc3e8a36c2ca3096a5474cfc3e070,False,NEU-CLS,rolled-in_scale_232,4,-99
NEU,NEU::rolled-in_scale_233,NEU-DET/train/images/rolled-in_scale/rolled-in_scale_233.jpg,rolled-in_scale_233.jpg,rolled-in_scale,none,200,200,3,14382,f56a6df98a0f17232ea9c223bf874d124549d95d50550cd403f83f4a689ad59f,False,NEU-CLS,rolled-in_scale_233,4,-99
NEU,NEU::rolled-in_scale_234,NEU-DET/train/images/rolled-in_scale/rolled-in_scale_234.jpg,rolled-in_scale_234.jpg,rolled-in_scale,none,200,200,3,15040,e869be92a77550aed45bee599d3907c7c25733eca4f1e78b69e2fa40448c3dca,False,NEU-CLS,rolled-in_scale_234,4,-99
NEU,NEU::rolled-in_scale_235,NEU-DET/train/images/rolled-in_scale/rolled-in_scale_235.jpg,rolled-in_scale_235.jpg,rolled-in_scale,none,200,200,3,15442,167b7a8f8c23757c1ae2fd6966055d444eca638520cfb6f302b7d7abb76abac3,False,NEU-CLS,rolled-in_scale_235,4,-99
NEU,NEU::rolled-in_scale_236,NEU-DET/train/images/rolled-in_scale/rolled-in_scale_236.jpg,rolled-in_scale_236.jpg,rolled-in_scale,none,200,200,3,14324,3ad674d0391780b01e523ca82400a2ec52345f792b3e0a0061b43940ca2f5745,False,NEU-CLS,rolled-in_scale_236,4,-99
NEU,NEU::rolled-in_scale_237,NEU-DET/train/images/rolled-in_scale/rolled-in_scale_237.jpg,rolled-in_scale_237.jpg,rolled-in_scale,none,200,200,3,14266,9d51c68da7f07da8087f7b87454b32250d8fcf46e8111a14f42453c0e713e171,False,NEU-CLS,rolled-in_scale_237,4,-99
NEU,NEU::rolled-in_scale_238,NEU-DET/train/images/rolled-in_scale/rolled-in_scale_238.jpg,rolled-in_scale_238.jpg,rolled-in_scale,none,200,200,3,15008,aa83932b2073c75a818549dce83101bbaa764b2e705103289a8df4b22e01bc75,False,NEU-CLS,rolled-in_scale_238,4,-99
NEU,NEU::rolled-in_scale_239,NEU-DET/train/images/rolled-in_scale/rolled-in_scale_239.jpg,rolled-in_scale_239.jpg,rolled-in_scale,none,200,200,3,14395,ae5544f50fc8b02c72a3f70865a2268045aae78f996c05c4c4935c522e934563,False,NEU-CLS,rolled-in_scale_239,4,-99
NEU,NEU::rolled-in_scale_24,NEU-DET/train/images/rolled-in_scale/rolled-in_scale_24.jpg,rolled-in_scale_24.jpg,rolled-in_scale,none,200,200,3,16225,2cec4e53921fa8ebb9e1e79fc5da8fbbafc90b39abe2019704330ce4a0866622,False,NEU-CLS,rolled-in_scale_24,4,-99
NEU,NEU::rolled-in_scale_240,NEU-DET/train/images/rolled-in_scale/rolled-in_scale_240.jpg,rolled-in_scale_240.jpg,rolled-in_scale,none,200,200,3,14570,065a209c1ad451653cbfc914049240bed53e353dc91d0b7dffebc2b476542deb,False,NEU-CLS,rolled-in_scale_240,4,-99
NEU,NEU::rolled-in_scale_241,NEU-DET/validation/images/rolled-in_scale/rolled-in_scale_241.jpg,rolled-in_scale_241.jpg,rolled-in_scale,none,200,200,3,14073,3ae0c8e0b0ddab539bcb0ab86e04909543015fbbd4b0bf5eb12232e2274dea2b,False,NEU-CLS,rolled-in_scale_241,4,-99
NEU,NEU::rolled-in_scale_242,NEU-DET/validation/images/rolled-in_scale/rolled-in_scale_242.jpg,rolled-in_scale_242.jpg,rolled-in_scale,none,200,200,3,14928,455b206ff2cf9f9db1ce0e10e8f98b7c0f63a5a7490843ccab05d9e664915b24,False,NEU-CLS,rolled-in_scale_242,4,-99
NEU,NEU::rolled-in_scale_243,NEU-DET/validation/images/rolled-in_scale/rolled-in_scale_243.jpg,rolled-in_scale_243.jpg,rolled-in_scale,none,200,200,3,14576,76f707b0ddcb61796cede17b2af374b1a9f9c3856e214f6190db45a9a7d59a10,False,NEU-CLS,rolled-in_scale_243,4,-99
NEU,NEU::rolled-in_scale_244,NEU-DET/validation/images/rolled-in_scale/rolled-in_scale_244.jpg,rolled-in_scale_244.jpg,rolled-in_scale,none,200,200,3,14431,096c5b2a32ed8e1bb22722ddd9e05c0df42f6ff64231553cad00a63adf030c2c,False,NEU-CLS,rolled-in_scale_244,4,-99
NEU,NEU::rolled-in_scale_245,NEU-DET/validation/images/rolled-in_scale/rolled-in_scale_245.jpg,rolled-in_scale_245.jpg,rolled-in_scale,none,200,200,3,14809,56a9ff3d4572ee794e18f3c3c5e50d697805314e394c24c9aaa4f80072f44628,False,NEU-CLS,rolled-in_scale_245,4,-99
NEU,NEU::rolled-in_scale_246,NEU-DET/validation/images/rolled-in_scale/rolled-in_scale_246.jpg,rolled-in_scale_246.jpg,rolled-in_scale,none,200,200,3,14811,4dc20c200ab5c008bc52837fd52f62b30d194703bf4228b341d546a6b6b49516,False,NEU-CLS,rolled-in_scale_246,4,-99
NEU,NEU::rolled-in_scale_247,NEU-DET/validation/images/rolled-in_scale/rolled-in_scale_247.jpg,rolled-in_scale_247.jpg,rolled-in_scale,none,200,200,3,15075,4f0eadd40ba77606ab30299d77f301d20899892f0770fd46abd2005e72aab867,False,NEU-CLS,rolled-in_scale_247,4,-99
NEU,NEU::rolled-in_scale_248,NEU-DET/validation/images/rolled-in_scale/rolled-in_scale_248.jpg,rolled-in_scale_248.jpg,rolled-in_scale,none,200,200,3,14511,43711daddb5a88dc018727b193c9fe97c2f11c62e13976b4537e335bbbce8da8,False,NEU-CLS,rolled-in_scale_248,4,-99
NEU,NEU::rolled-in_scale_249,NEU-DET/validation/images/rolled-in_scale/rolled-in_scale_249.jpg,rolled-in_scale_249.jpg,rolled-in_scale,none,200,200,3,14300,1c3890d31127022991f0bb9abc16f627d694a55ddfa1f3fbc2f07647f7cc1cac,False,NEU-CLS,rolled-in_scale_249,4,-99
NEU,NEU::rolled-in_scale_25,NEU-DET/train/images/rolled-in_scale/rolled-in_scale_25.jpg,rolled-in_scale_25.jpg,rolled-in_scale,none,200,200,3,16209,4e60ed53dc7e487306e513f4cd47b37b838d61f83ce0b530dc6bf9b3e514ff8c,False,NEU-CLS,rolled-in_scale_25,4,-99
NEU,NEU::rolled-in_scale_250,NEU-DET/validation/images/rolled-in_scale/rolled-in_scale_250.jpg,rolled-in_scale_250.jpg,rolled-in_scale,none,200,200,3,13694,e650ab35f21fe74900f59596c2f6267972bb8a13423e477b2e61a6a48daec258,False,NEU-CLS,rolled-in_scale_250,4,-99
NEU,NEU::rolled-in_scale_251,NEU-DET/validation/images/rolled-in_scale/rolled-in_scale_251.jpg,rolled-in_scale_251.jpg,rolled-in_scale,none,200,200,3,14540,476f486823c97394604a832898feebb5f74eb94245eb931e16e43f9ef5e9077c,False,NEU-CLS,rolled-in_scale_251,4,-99
NEU,NEU::rolled-in_scale_252,NEU-DET/validation/images/rolled-in_scale/rolled-in_scale_252.jpg,rolled-in_scale_252.jpg,rolled-in_scale,none,200,200,3,14256,532b5e2791530183ec310caa1755eb9f56db6f3d498cb61350b601e3dc74ac54,False,NEU-CLS,rolled-in_scale_252,4,-99
NEU,NEU::rolled-in_scale_253,NEU-DET/validation/images/rolled-in_scale/rolled-in_scale_253.jpg,rolled-in_scale_253.jpg,rolled-in_scale,none,200,200,3,14678,d4b2444e9d47f22c7d9ea71b3f729f5c78b9c7c982d9a3139c80df73357585b3,False,NEU-CLS,rolled-in_scale_253,4,-99
NEU,NEU::rolled-in_scale_254,NEU-DET/validation/images/rolled-in_scale/rolled-in_scale_254.jpg,rolled-in_scale_254.jpg,rolled-in_scale,none,200,200,3,14060,0b1e990ceddfbffac2d54d03573f2fca9409d42cc81722f3ae2b6b030efc5826,False,NEU-CLS,rolled-in_scale_254,4,-99
NEU,NEU::rolled-in_scale_255,NEU-DET/validation/images/rolled-in_scale/rolled-in_scale_255.jpg,rolled-in_scale_255.jpg,rolled-in_scale,none,200,200,3,14878,a72bcf50bdd2205f21e997197cfd9b4773f53cf38059d358c225ad7c88a140b2,False,NEU-CLS,rolled-in_scale_255,4,-99
NEU,NEU::rolled-in_scale_256,NEU-DET/validation/images/rolled-in_scale/rolled-in_scale_256.jpg,rolled-in_scale_256.jpg,rolled-in_scale,none,200,200,3,14441,362130fefcc84a85d649b931dae18778b005752909e3706f25f64753e3de4663,False,NEU-CLS,rolled-in_scale_256,4,-99
NEU,NEU::rolled-in_scale_257,NEU-DET/validation/images/rolled-in_scale/rolled-in_scale_257.jpg,rolled-in_scale_257.jpg,rolled-in_scale,none,200,200,3,15230,9365fe96679d4a92779b3c016afdeed83d9fe56655efffe2def0723b38da34da,False,NEU-CLS,rolled-in_scale_257,4,-99
NEU,NEU::rolled-in_scale_258,NEU-DET/validation/images/rolled-in_scale/rolled-in_scale_258.jpg,rolled-in_scale_258.jpg,rolled-in_scale,none,200,200,3,14438,d091d280b0659547c7f9d7934e4911ef47821e527f1e5ba5268d3d0470c6f98a,False,NEU-CLS,rolled-in_scale_258,4,-99
NEU,NEU::rolled-in_scale_259,NEU-DET/validation/images/rolled-in_scale/rolled-in_scale_259.jpg,rolled-in_scale_259.jpg,rolled-in_scale,none,200,200,3,14747,460cdbb062037b8f7749feaa8e6d5e877abfaf6142b299bffccbdd00dcf6a3f2,False,NEU-CLS,rolled-in_scale_259,4,-99
NEU,NEU::rolled-in_scale_26,NEU-DET/train/images/rolled-in_scale/rolled-in_scale_26.jpg,rolled-in_scale_26.jpg,rolled-in_scale,none,200,200,3,16220,306d15079bdf6c6e274293fcc727c975e8d4765a086b36d4b22088e5a29aaa83,False,NEU-CLS,rolled-in_scale_26,4,-99
NEU,NEU::rolled-in_scale_260,NEU-DET/validation/images/rolled-in_scale/rolled-in_scale_260.jpg,rolled-in_scale_260.jpg,rolled-in_scale,none,200,200,3,15080,5dcc40fa363fbce80e11f1d785d71514e0c8bd80512d8078eacee3459ff5d435,False,NEU-CLS,rolled-in_scale_260,4,-99
NEU,NEU::rolled-in_scale_261,NEU-DET/validation/images/rolled-in_scale/rolled-in_scale_261.jpg,rolled-in_scale_261.jpg,rolled-in_scale,none,200,200,3,14608,dec6b67138f0b88c1d3ee616a6f0b9c012b504a2d122724d59ffcd5516bd6133,False,NEU-CLS,rolled-in_scale_261,4,-99
NEU,NEU::rolled-in_scale_262,NEU-DET/validation/images/rolled-in_scale/rolled-in_scale_262.jpg,rolled-in_scale_262.jpg,rolled-in_scale,none,200,200,3,14628,67cab4d93752e5def8a7d34b72504c1ecacadc673f252d4d719b716aeda0c083,False,NEU-CLS,rolled-in_scale_262,4,-99
NEU,NEU::rolled-in_scale_263,NEU-DET/validation/images/rolled-in_scale/rolled-in_scale_263.jpg,rolled-in_scale_263.jpg,rolled-in_scale,none,200,200,3,14679,2b95ea4b3d84b2808e6f2fccfe6e531ac1c047d6decefb202b33ac27b6efb244,False,NEU-CLS,rolled-in_scale_263,4,-99
NEU,NEU::rolled-in_scale_264,NEU-DET/validation/images/rolled-in_scale/rolled-in_scale_264.jpg,rolled-in_scale_264.jpg,rolled-in_scale,none,200,200,3,14698,bd817ff3e003a79a8899e4bd12bbba1c154d1fa6716d93ce64d6a8ce73938370,False,NEU-CLS,rolled-in_scale_264,4,-99
NEU,NEU::rolled-in_scale_265,NEU-DET/validation/images/rolled-in_scale/rolled-in_scale_265.jpg,rolled-in_scale_265.jpg,rolled-in_scale,none,200,200,3,15122,17cb540a2e51cacca588b9f7d62c429f0f410085fc40083a09794f7a62c21ddb,False,NEU-CLS,rolled-in_scale_265,4,-99
NEU,NEU::rolled-in_scale_266,NEU-DET/validation/images/rolled-in_scale/rolled-in_scale_266.jpg,rolled-in_scale_266.jpg,rolled-in_scale,none,200,200,3,15144,42451c010132c65c1b01ffbbe109839662e530a711d347463921973277505ff0,False,NEU-CLS,rolled-in_scale_266,4,-99
NEU,NEU::rolled-in_scale_267,NEU-DET/validation/images/rolled-in_scale/rolled-in_scale_267.jpg,rolled-in_scale_267.jpg,rolled-in_scale,none,200,200,3,14163,f94df50a93a2344276102c078efd1ed8e027d257d7be3913e123ea54a2c3b6b2,False,NEU-CLS,rolled-in_scale_267,4,-99
NEU,NEU::rolled-in_scale_268,NEU-DET/validation/images/rolled-in_scale/rolled-in_scale_268.jpg,rolled-in_scale_268.jpg,rolled-in_scale,none,200,200,3,14681,d08d423f369742f5b9f643421f0b3264b8443387e386441f335f18184b2f5268,False,NEU-CLS,rolled-in_scale_268,4,-99
NEU,NEU::rolled-in_scale_269,NEU-DET/validation/images/rolled-in_scale/rolled-in_scale_269.jpg,rolled-in_scale_269.jpg,rolled-in_scale,none,200,200,3,15126,74f80dee68c66b6f73e5c95dbb5e36e35cfe82b6800c13d5153cea1f0dc394fa,False,NEU-CLS,rolled-in_scale_269,4,-99
NEU,NEU::rolled-in_scale_27,NEU-DET/train/images/rolled-in_scale/rolled-in_scale_27.jpg,rolled-in_scale_27.jpg,rolled-in_scale,none,200,200,3,18217,708329b86ab6061f1adc9cd0c71b22b2e80fb88a60b15b799023e00b3e1dc24a,False,NEU-CLS,rolled-in_scale_27,4,-99
NEU,NEU::rolled-in_scale_270,NEU-DET/validation/images/rolled-in_scale/rolled-in_scale_270.jpg,rolled-in_scale_270.jpg,rolled-in_scale,none,200,200,3,14831,5a93c2c21a0ce009675aac1ed811ccba0595c25ef5653bc1d3f915e8832c8741,False,NEU-CLS,rolled-in_scale_270,4,-99
NEU,NEU::rolled-in_scale_271,NEU-DET/validation/images/rolled-in_scale/rolled-in_scale_271.jpg,rolled-in_scale_271.jpg,rolled-in_scale,none,200,200,3,14994,091a8e314a4cb03c29f24785e0cfc314211de5c2fbb84e11bb71b6c083e130f4,False,NEU-CLS,rolled-in_scale_271,4,-99
NEU,NEU::rolled-in_scale_272,NEU-DET/validation/images/rolled-in_scale/rolled-in_scale_272.jpg,rolled-in_scale_272.jpg,rolled-in_scale,none,200,200,3,15397,b21248385a58fada6936f04f5081b2198616126d34b1aa2e6e6f8be47ba18375,False,NEU-CLS,rolled-in_scale_272,4,-99
NEU,NEU::rolled-in_scale_273,NEU-DET/validation/images/rolled-in_scale/rolled-in_scale_273.jpg,rolled-in_scale_273.jpg,rolled-in_scale,none,200,200,3,15749,369d4bee8a232c19fb5ca45a2289822dcc0b1f1fd575fd7db35a9919d7d78f3d,False,NEU-CLS,rolled-in_scale_273,4,-99
NEU,NEU::rolled-in_scale_274,NEU-DET/validation/images/rolled-in_scale/rolled-in_scale_274.jpg,rolled-in_scale_274.jpg,rolled-in_scale,none,200,200,3,15530,c8adc3bab70516104fb67d4bdaf0af0d3833fd62deb583f621f56552e127aaec,False,NEU-CLS,rolled-in_scale_274,4,-99
NEU,NEU::rolled-in_scale_275,NEU-DET/validation/images/rolled-in_scale/rolled-in_scale_275.jpg,rolled-in_scale_275.jpg,rolled-in_scale,none,200,200,3,14799,3599208515192dac0d6b119f5985a5cf5a1855d3b89b2b38e0ed61ad46f92bf8,False,NEU-CLS,rolled-in_scale_275,4,-99
NEU,NEU::rolled-in_scale_276,NEU-DET/validation/images/rolled-in_scale/rolled-in_scale_276.jpg,rolled-in_scale_276.jpg,rolled-in_scale,none,200,200,3,14660,316cdf843c144524be06d3c237f8d2dc4424dca836f62a419e8346c3e17614c7,False,NEU-CLS,rolled-in_scale_276,4,-99
NEU,NEU::rolled-in_scale_277,NEU-DET/validation/images/rolled-in_scale/rolled-in_scale_277.jpg,rolled-in_scale_277.jpg,rolled-in_scale,none,200,200,3,15232,1faede96e2c51b32425dd0e77867e9b3b790ab0724bcd763cc1f4ea331afac5c,False,NEU-CLS,rolled-in_scale_277,4,-99
NEU,NEU::rolled-in_scale_278,NEU-DET/validation/images/rolled-in_scale/rolled-in_scale_278.jpg,rolled-in_scale_278.jpg,rolled-in_scale,none,200,200,3,15164,38b183d01f560b6edd8699985a7ab45896d03d056cf5830a3c1e5c20838ef014,False,NEU-CLS,rolled-in_scale_278,4,-99
NEU,NEU::rolled-in_scale_279,NEU-DET/validation/images/rolled-in_scale/rolled-in_scale_279.jpg,rolled-in_scale_279.jpg,rolled-in_scale,none,200,200,3,14936,7d6c2342ba3131dcf29b643c89a2f44609e9f7d5c388faa3366161ffa813bf18,False,NEU-CLS,rolled-in_scale_279,4,-99
NEU,NEU::rolled-in_scale_28,NEU-DET/train/images/rolled-in_scale/rolled-in_scale_28.jpg,rolled-in_scale_28.jpg,rolled-in_scale,none,200,200,3,18524,418d976e5b428aa954bb37d4eff3bad0e081c8f13266d0f9caada1dacb73adc5,False,NEU-CLS,rolled-in_scale_28,4,-99
NEU,NEU::rolled-in_scale_280,NEU-DET/validation/images/rolled-in_scale/rolled-in_scale_280.jpg,rolled-in_scale_280.jpg,rolled-in_scale,none,200,200,3,14644,f1269a5e170cbe86181350e5eceab2b88e820650629097d96ba3eef0e362f6d2,False,NEU-CLS,rolled-in_scale_280,4,-99
NEU,NEU::rolled-in_scale_281,NEU-DET/validation/images/rolled-in_scale/rolled-in_scale_281.jpg,rolled-in_scale_281.jpg,rolled-in_scale,none,200,200,3,15131,036fd9a28409d589230ceb99b63fdbc5110fa4fc61cd26088dd2a2d6901ba6a4,False,NEU-CLS,rolled-in_scale_281,4,-99
NEU,NEU::rolled-in_scale_282,NEU-DET/validation/images/rolled-in_scale/rolled-in_scale_282.jpg,rolled-in_scale_282.jpg,rolled-in_scale,none,200,200,3,15592,7c0e1e3d58500e5374437dfa05945eb160c057f19ae55d83dd14e9a622565321,False,NEU-CLS,rolled-in_scale_282,4,-99
NEU,NEU::rolled-in_scale_283,NEU-DET/validation/images/rolled-in_scale/rolled-in_scale_283.jpg,rolled-in_scale_283.jpg,rolled-in_scale,none,200,200,3,15681,9a2e4decb7af0132277f426b3adf4beb46f4e9b12567f5a06cc8106714280192,False,NEU-CLS,rolled-in_scale_283,4,-99
NEU,NEU::rolled-in_scale_284,NEU-DET/validation/images/rolled-in_scale/rolled-in_scale_284.jpg,rolled-in_scale_284.jpg,rolled-in_scale,none,200,200,3,15672,8a9f94de99649f32c9d914998e4a9208bc0d8a3792f2612fbf4b6055fec928ec,False,NEU-CLS,rolled-in_scale_284,4,-99
NEU,NEU::rolled-in_scale_285,NEU-DET/validation/images/rolled-in_scale/rolled-in_scale_285.jpg,rolled-in_scale_285.jpg,rolled-in_scale,none,200,200,3,15900,a8cca6d91ea7fb73283d88efd2d30e067b6d09ce645e5e85438441683f134e99,False,NEU-CLS,rolled-in_scale_285,4,-99
NEU,NEU::rolled-in_scale_286,NEU-DET/validation/images/rolled-in_scale/rolled-in_scale_286.jpg,rolled-in_scale_286.jpg,rolled-in_scale,none,200,200,3,15397,69fad71e435ce18f38396c088745f765a7d936b69025ef34c3fd8aca96744b64,False,NEU-CLS,rolled-in_scale_286,4,-99
NEU,NEU::rolled-in_scale_287,NEU-DET/validation/images/rolled-in_scale/rolled-in_scale_287.jpg,rolled-in_scale_287.jpg,rolled-in_scale,none,200,200,3,16416,45b1154ffcd65c9a971bf2a42aa3f0f489c9227a8550c1f52e04125e1ce05c40,False,NEU-CLS,rolled-in_scale_287,4,-99
NEU,NEU::rolled-in_scale_288,NEU-DET/validation/images/rolled-in_scale/rolled-in_scale_288.jpg,rolled-in_scale_288.jpg,rolled-in_scale,none,200,200,3,15955,c50614815646af4455639a530c283a0634aedee702befcc6ffbc6d0270a5953a,False,NEU-CLS,rolled-in_scale_288,4,-99
NEU,NEU::rolled-in_scale_289,NEU-DET/validation/images/rolled-in_scale/rolled-in_scale_289.jpg,rolled-in_scale_289.jpg,rolled-in_scale,none,200,200,3,16024,01cad42cc83646dbaee6842d9651e90dbd82fb02439766351fceaa1a133f142c,False,NEU-CLS,rolled-in_scale_289,4,-99
NEU,NEU::rolled-in_scale_29,NEU-DET/train/images/rolled-in_scale/rolled-in_scale_29.jpg,rolled-in_scale_29.jpg,rolled-in_scale,none,200,200,3,18255,b6775c39f808ce17a691b1e643d2c71bd0a6541642bddf1b81cad56dc0fc829a,False,NEU-CLS,rolled-in_scale_29,4,-99
NEU,NEU::rolled-in_scale_290,NEU-DET/validation/images/rolled-in_scale/rolled-in_scale_290.jpg,rolled-in_scale_290.jpg,rolled-in_scale,none,200,200,3,16087,74e7dc7f885b5880c6f09c38d27d8ec7f2c64891bf68320970edbd14ad703717,False,NEU-CLS,rolled-in_scale_290,4,-99
NEU,NEU::rolled-in_scale_291,NEU-DET/validation/images/rolled-in_scale/rolled-in_scale_291.jpg,rolled-in_scale_291.jpg,rolled-in_scale,none,200,200,3,15813,9f0edb4a349a72882d2526d2f77edd7ab85bd594128e1f6596b905f9e0a9d8d6,False,NEU-CLS,rolled-in_scale_291,4,-99
NEU,NEU::rolled-in_scale_292,NEU-DET/validation/images/rolled-in_scale/rolled-in_scale_292.jpg,rolled-in_scale_292.jpg,rolled-in_scale,none,200,200,3,16229,aca4945a18bc0445ff978f25c3431f3cda87f4035278dac3f1a764819d68467f,False,NEU-CLS,rolled-in_scale_292,4,-99
NEU,NEU::rolled-in_scale_293,NEU-DET/validation/images/rolled-in_scale/rolled-in_scale_293.jpg,rolled-in_scale_293.jpg,rolled-in_scale,none,200,200,3,16343,35b498a3b118f589321f340b8fe469a5403de0f70b44433ad846beb05624e2ba,False,NEU-CLS,rolled-in_scale_293,4,-99
NEU,NEU::rolled-in_scale_294,NEU-DET/validation/images/rolled-in_scale/rolled-in_scale_294.jpg,rolled-in_scale_294.jpg,rolled-in_scale,none,200,200,3,16205,0e183030b910288f3f7415ba98afec6477e51c2f5ac51d972246e15a5916fd37,False,NEU-CLS,rolled-in_scale_294,4,-99
NEU,NEU::rolled-in_scale_295,NEU-DET/validation/images/rolled-in_scale/rolled-in_scale_295.jpg,rolled-in_scale_295.jpg,rolled-in_scale,none,200,200,3,15976,813aa66d52a468359daa6cfe5d084b934b8649b782ada8d4342e33935327e722,False,NEU-CLS,rolled-in_scale_295,4,-99
NEU,NEU::rolled-in_scale_296,NEU-DET/validation/images/rolled-in_scale/rolled-in_scale_296.jpg,rolled-in_scale_296.jpg,rolled-in_scale,none,200,200,3,16497,c7b3c5e309632173863586042983ce86c7fe5813d24e1f23d00803ee66436692,False,NEU-CLS,rolled-in_scale_296,4,-99
NEU,NEU::rolled-in_scale_297,NEU-DET/validation/images/rolled-in_scale/rolled-in_scale_297.jpg,rolled-in_scale_297.jpg,rolled-in_scale,none,200,200,3,16423,e737ad2f0e6313c895f028fae7c937f0d1d77dd9511f325f23e912cc79daf2b5,False,NEU-CLS,rolled-in_scale_297,4,-99
NEU,NEU::rolled-in_scale_298,NEU-DET/validation/images/rolled-in_scale/rolled-in_scale_298.jpg,rolled-in_scale_298.jpg,rolled-in_scale,none,200,200,3,16450,4ee977480d64da6f6ff4c5de36bb2d534abcfd35d85b853fc3abd228b689cd86,False,NEU-CLS,rolled-in_scale_298,4,-99
NEU,NEU::rolled-in_scale_299,NEU-DET/validation/images/rolled-in_scale/rolled-in_scale_299.jpg,rolled-in_scale_299.jpg,rolled-in_scale,none,200,200,3,16539,35291b3e5390149b6473fa1ee16910b80c860897a62643cf82c65547d8337bb3,False,NEU-CLS,rolled-in_scale_299,4,-99
NEU,NEU::rolled-in_scale_3,NEU-DET/train/images/rolled-in_scale/rolled-in_scale_3.jpg,rolled-in_scale_3.jpg,rolled-in_scale,none,200,200,3,16774,146e4158d3a08e6c0c11c59efefc8c00c9324996be5cd4ec5697a88c89137636,False,NEU-CLS,rolled-in_scale_3,4,-99
NEU,NEU::rolled-in_scale_30,NEU-DET/train/images/rolled-in_scale/rolled-in_scale_30.jpg,rolled-in_scale_30.jpg,rolled-in_scale,none,200,200,3,15979,be507963548917b7dc2379663a1d7fe3daa06cef391b4a7ddc5319dc8bd20e03,False,NEU-CLS,rolled-in_scale_30,4,-99
NEU,NEU::rolled-in_scale_300,NEU-DET/validation/images/rolled-in_scale/rolled-in_scale_300.jpg,rolled-in_scale_300.jpg,rolled-in_scale,none,200,200,3,15696,2599551f47cdb8515d126969fe26a968f9519bf6a2ebeb7978fbeeddd0dd9300,False,NEU-CLS,rolled-in_scale_300,4,-99
NEU,NEU::rolled-in_scale_31,NEU-DET/train/images/rolled-in_scale/rolled-in_scale_31.jpg,rolled-in_scale_31.jpg,rolled-in_scale,none,200,200,3,15671,7535f7a4981574e0a021740800c34216eb75540011e3c685694aa5317272fc16,False,NEU-CLS,rolled-in_scale_31,4,-99
NEU,NEU::rolled-in_scale_32,NEU-DET/train/images/rolled-in_scale/rolled-in_scale_32.jpg,rolled-in_scale_32.jpg,rolled-in_scale,none,200,200,3,15731,0b234244c6ade925e1f08de73700d0682ea31fb8f25c3245ebf8b7b18604fd16,False,NEU-CLS,rolled-in_scale_32,4,-99
NEU,NEU::rolled-in_scale_33,NEU-DET/train/images/rolled-in_scale/rolled-in_scale_33.jpg,rolled-in_scale_33.jpg,rolled-in_scale,none,200,200,3,17859,2b2f8c1d313f4f281578546706dd5597d814d71e3150e5f40d11cba6f78860a5,False,NEU-CLS,rolled-in_scale_33,4,-99
NEU,NEU::rolled-in_scale_34,NEU-DET/train/images/rolled-in_scale/rolled-in_scale_34.jpg,rolled-in_scale_34.jpg,rolled-in_scale,none,200,200,3,18297,b2437bce6beff748accdab51b62221d28e75228c6812ca2b053b71fde2a3c64e,False,NEU-CLS,rolled-in_scale_34,4,-99
NEU,NEU::rolled-in_scale_35,NEU-DET/train/images/rolled-in_scale/rolled-in_scale_35.jpg,rolled-in_scale_35.jpg,rolled-in_scale,none,200,200,3,15961,1e49b720b81f3f59db9ffcacc1d8d7de09d7537f83ee7269834f4069bae65cdf,False,NEU-CLS,rolled-in_scale_35,4,-99
NEU,NEU::rolled-in_scale_36,NEU-DET/train/images/rolled-in_scale/rolled-in_scale_36.jpg,rolled-in_scale_36.jpg,rolled-in_scale,none,200,200,3,16180,6c996a06108fd2fe4c7b39f723675ac533c55e6123b2bc0ceacaf2f890cfbae3,False,NEU-CLS,rolled-in_scale_36,4,-99
NEU,NEU::rolled-in_scale_37,NEU-DET/train/images/rolled-in_scale/rolled-in_scale_37.jpg,rolled-in_scale_37.jpg,rolled-in_scale,none,200,200,3,16533,5c597a81b39c44c4b9a6c72281642c8c0db1c4ca34ea22f9d224b290d4bdb29f,False,NEU-CLS,rolled-in_scale_37,4,-99
NEU,NEU::rolled-in_scale_38,NEU-DET/train/images/rolled-in_scale/rolled-in_scale_38.jpg,rolled-in_scale_38.jpg,rolled-in_scale,none,200,200,3,15857,53c2b6c62288b2cad101b7cf739c3939a26c0a4b541734d6b453c0091032a993,False,NEU-CLS,rolled-in_scale_38,4,-99
NEU,NEU::rolled-in_scale_39,NEU-DET/train/images/rolled-in_scale/rolled-in_scale_39.jpg,rolled-in_scale_39.jpg,rolled-in_scale,none,200,200,3,16321,05e6927be61b1d9bd07e1db2f674b251dc41c931162b660e9a610f58f4a82fb3,False,NEU-CLS,rolled-in_scale_39,4,-99
NEU,NEU::rolled-in_scale_4,NEU-DET/train/images/rolled-in_scale/rolled-in_scale_4.jpg,rolled-in_scale_4.jpg,rolled-in_scale,none,200,200,3,17007,9814344b48b76c748b56d2bbcbb54f74717ef39ab016872a3e0cca19ade9c143,False,NEU-CLS,rolled-in_scale_4,4,-99
NEU,NEU::rolled-in_scale_40,NEU-DET/train/images/rolled-in_scale/rolled-in_scale_40.jpg,rolled-in_scale_40.jpg,rolled-in_scale,none,200,200,3,16686,83b5acc568e7cf423ac64edd489cc2bec7c91022b34420602762e8ac24670d98,False,NEU-CLS,rolled-in_scale_40,4,-99
NEU,NEU::rolled-in_scale_41,NEU-DET/train/images/rolled-in_scale/rolled-in_scale_41.jpg,rolled-in_scale_41.jpg,rolled-in_scale,none,200,200,3,15793,92e13acb9df5165a2f94a2360236f6a4ae6e6a24c069c0f742798d94640238ff,False,NEU-CLS,rolled-in_scale_41,4,-99
NEU,NEU::rolled-in_scale_42,NEU-DET/train/images/rolled-in_scale/rolled-in_scale_42.jpg,rolled-in_scale_42.jpg,rolled-in_scale,none,200,200,3,16341,4f4b79678da419f5c651213bb13a0b1aa8cf00e138e3430d78adb4a684c7d994,False,NEU-CLS,rolled-in_scale_42,4,-99
NEU,NEU::rolled-in_scale_43,NEU-DET/train/images/rolled-in_scale/rolled-in_scale_43.jpg,rolled-in_scale_43.jpg,rolled-in_scale,none,200,200,3,16551,986e7919ee85955cec1e9008f449524f67c9fef995785a87490345e0875e7dfa,False,NEU-CLS,rolled-in_scale_43,4,-99
NEU,NEU::rolled-in_scale_44,NEU-DET/train/images/rolled-in_scale/rolled-in_scale_44.jpg,rolled-in_scale_44.jpg,rolled-in_scale,none,200,200,3,16460,3a55d169f811d8c69a9177b324cf351f56ee3fe59aca6e605a4ed73a58f8a3c7,False,NEU-CLS,rolled-in_scale_44,4,-99
NEU,NEU::rolled-in_scale_45,NEU-DET/train/images/rolled-in_scale/rolled-in_scale_45.jpg,rolled-in_scale_45.jpg,rolled-in_scale,none,200,200,3,16131,652a11a0747b70d9537b2f7a272097383d66315f1974dbd1c0145bb98623f88a,False,NEU-CLS,rolled-in_scale_45,4,-99
NEU,NEU::rolled-in_scale_46,NEU-DET/train/images/rolled-in_scale/rolled-in_scale_46.jpg,rolled-in_scale_46.jpg,rolled-in_scale,none,200,200,3,17195,d1092df4031029a5d838948b39f1d08e01a8448ce8f6aa1a47489e9936c71768,False,NEU-CLS,rolled-in_scale_46,4,-99
NEU,NEU::rolled-in_scale_47,NEU-DET/train/images/rolled-in_scale/rolled-in_scale_47.jpg,rolled-in_scale_47.jpg,rolled-in_scale,none,200,200,3,16803,0eac381091303939359a7528a4f54b5107e53d5700e2dafd9e75c4c4e014eb44,False,NEU-CLS,rolled-in_scale_47,4,-99
NEU,NEU::rolled-in_scale_48,NEU-DET/train/images/rolled-in_scale/rolled-in_scale_48.jpg,rolled-in_scale_48.jpg,rolled-in_scale,none,200,200,3,16149,a55c1a286a9accf4bd7df64932ea0834d552068fefd6c369cdc0e865b4482985,False,NEU-CLS,rolled-in_scale_48,4,-99
NEU,NEU::rolled-in_scale_49,NEU-DET/train/images/rolled-in_scale/rolled-in_scale_49.jpg,rolled-in_scale_49.jpg,rolled-in_scale,none,200,200,3,16722,95e4ed37a0b7fbf54e713a9cfc6fc66aa9c3bb5ce170914576ffb125364f6e7b,False,NEU-CLS,rolled-in_scale_49,4,-99
NEU,NEU::rolled-in_scale_5,NEU-DET/train/images/rolled-in_scale/rolled-in_scale_5.jpg,rolled-in_scale_5.jpg,rolled-in_scale,none,200,200,3,17369,33166fb0d46e89004e309ad0c42ca44360cb550e3597c24a1661a4264c1bec8a,False,NEU-CLS,rolled-in_scale_5,4,-99
NEU,NEU::rolled-in_scale_50,NEU-DET/train/images/rolled-in_scale/rolled-in_scale_50.jpg,rolled-in_scale_50.jpg,rolled-in_scale,none,200,200,3,16578,712441fa10afa4879437fd2f6e4575210a0cdb45145c3ab677432d5392529230,False,NEU-CLS,rolled-in_scale_50,4,-99
NEU,NEU::rolled-in_scale_51,NEU-DET/train/images/rolled-in_scale/rolled-in_scale_51.jpg,rolled-in_scale_51.jpg,rolled-in_scale,none,200,200,3,16219,34b31308818cf1ae9fffba96d873f48699037fac12d5ec6c7554b3551380fef1,False,NEU-CLS,rolled-in_scale_51,4,-99
NEU,NEU::rolled-in_scale_52,NEU-DET/train/images/rolled-in_scale/rolled-in_scale_52.jpg,rolled-in_scale_52.jpg,rolled-in_scale,none,200,200,3,15791,cab9b6700d970cf1664a121a5e2ef0b7ea68e343e0b97c92335497cb23e4ac21,False,NEU-CLS,rolled-in_scale_52,4,-99
NEU,NEU::rolled-in_scale_53,NEU-DET/train/images/rolled-in_scale/rolled-in_scale_53.jpg,rolled-in_scale_53.jpg,rolled-in_scale,none,200,200,3,15843,f6d5a18d343c82237fa93d690ed3fbb67c6ffe6ebb6264e45f01c5d90a1f2fd3,False,NEU-CLS,rolled-in_scale_53,4,-99
NEU,NEU::rolled-in_scale_54,NEU-DET/train/images/rolled-in_scale/rolled-in_scale_54.jpg,rolled-in_scale_54.jpg,rolled-in_scale,none,200,200,3,16340,2dbecde0785dcce5cf252dc2f3fd5883255d0c39f7fe50cd64047c570f6c019d,False,NEU-CLS,rolled-in_scale_54,4,-99
NEU,NEU::rolled-in_scale_55,NEU-DET/train/images/rolled-in_scale/rolled-in_scale_55.jpg,rolled-in_scale_55.jpg,rolled-in_scale,none,200,200,3,17016,072a22d9d36ef3c96bcb376c4e53a1c46cf2ca74e88544c648acfaecb7b6742d,False,NEU-CLS,rolled-in_scale_55,4,-99
NEU,NEU::rolled-in_scale_56,NEU-DET/train/images/rolled-in_scale/rolled-in_scale_56.jpg,rolled-in_scale_56.jpg,rolled-in_scale,none,200,200,3,16056,3c4de9377069e0f71c348dc48e0b24a3536ad810f4f8eb958e4cc00e28a25238,False,NEU-CLS,rolled-in_scale_56,4,-99
NEU,NEU::rolled-in_scale_57,NEU-DET/train/images/rolled-in_scale/rolled-in_scale_57.jpg,rolled-in_scale_57.jpg,rolled-in_scale,none,200,200,3,16473,6a27271b80c5f64663072c045e1129bd1ef87808e23bee3f6888f9df6f6d66a6,False,NEU-CLS,rolled-in_scale_57,4,-99
NEU,NEU::rolled-in_scale_58,NEU-DET/train/images/rolled-in_scale/rolled-in_scale_58.jpg,rolled-in_scale_58.jpg,rolled-in_scale,none,200,200,3,16927,a61c00570d43bbb1ad886e52a8ba1e9893c324efd3b45b7c3724e3268662047a,False,NEU-CLS,rolled-in_scale_58,4,-99
NEU,NEU::rolled-in_scale_59,NEU-DET/train/images/rolled-in_scale/rolled-in_scale_59.jpg,rolled-in_scale_59.jpg,rolled-in_scale,none,200,200,3,18868,0c843636d6d6587940cfb935db13937c138253715185b7dc84fe8826cd7f4b07,False,NEU-CLS,rolled-in_scale_59,4,-99
NEU,NEU::rolled-in_scale_6,NEU-DET/train/images/rolled-in_scale/rolled-in_scale_6.jpg,rolled-in_scale_6.jpg,rolled-in_scale,none,200,200,3,17562,d24aed54c31d2d10b72e7cc27b0d82ed4eaca0a056143d8c6d43aa860bf09779,False,NEU-CLS,rolled-in_scale_6,4,-99
NEU,NEU::rolled-in_scale_60,NEU-DET/train/images/rolled-in_scale/rolled-in_scale_60.jpg,rolled-in_scale_60.jpg,rolled-in_scale,none,200,200,3,18878,0b080d23a13460c53c5eed5a92109aa9f98f2418ba7e84b7b305ea68597e7530,False,NEU-CLS,rolled-in_scale_60,4,-99
NEU,NEU::rolled-in_scale_61,NEU-DET/train/images/rolled-in_scale/rolled-in_scale_61.jpg,rolled-in_scale_61.jpg,rolled-in_scale,none,200,200,3,16579,761eab8b977173ddf7f56a7766654dfa4e58decbe5c4d27ce09311cf7f1befcb,False,NEU-CLS,rolled-in_scale_61,4,-99
NEU,NEU::rolled-in_scale_62,NEU-DET/train/images/rolled-in_scale/rolled-in_scale_62.jpg,rolled-in_scale_62.jpg,rolled-in_scale,none,200,200,3,18516,0440f32076f431968f3dec4a76415fcc3756e5871f0458e616548a7879aa3de2,False,NEU-CLS,rolled-in_scale_62,4,-99
NEU,NEU::rolled-in_scale_63,NEU-DET/train/images/rolled-in_scale/rolled-in_scale_63.jpg,rolled-in_scale_63.jpg,rolled-in_scale,none,200,200,3,18657,b60cc3734adb110230a6ad57527ba2956ffb5ff1465f358a11b69a780a4c1d28,False,NEU-CLS,rolled-in_scale_63,4,-99
NEU,NEU::rolled-in_scale_64,NEU-DET/train/images/rolled-in_scale/rolled-in_scale_64.jpg,rolled-in_scale_64.jpg,rolled-in_scale,none,200,200,3,15682,dfe0550cc7c989c54a4bf06474db51adbae12f77108dcd06287c94bf64eaa5c4,False,NEU-CLS,rolled-in_scale_64,4,-99
NEU,NEU::rolled-in_scale_65,NEU-DET/train/images/rolled-in_scale/rolled-in_scale_65.jpg,rolled-in_scale_65.jpg,rolled-in_scale,none,200,200,3,16183,484c528e94c1ca590ce089553358cf9256cad3191427c97c33e0f5ccc8dbe16e,False,NEU-CLS,rolled-in_scale_65,4,-99
NEU,NEU::rolled-in_scale_66,NEU-DET/train/images/rolled-in_scale/rolled-in_scale_66.jpg,rolled-in_scale_66.jpg,rolled-in_scale,none,200,200,3,16517,3c0b11eec5dd37b3a4cca5c3672b90653a7cf9aa74404546a55f32923136d7fa,False,NEU-CLS,rolled-in_scale_66,4,-99
NEU,NEU::rolled-in_scale_67,NEU-DET/train/images/rolled-in_scale/rolled-in_scale_67.jpg,rolled-in_scale_67.jpg,rolled-in_scale,none,200,200,3,16171,3aa0b6f6c8b159a29aed63f58da07cf5cf46139b0e2131da3b0c0e0d50a4c58f,False,NEU-CLS,rolled-in_scale_67,4,-99
NEU,NEU::rolled-in_scale_68,NEU-DET/train/images/rolled-in_scale/rolled-in_scale_68.jpg,rolled-in_scale_68.jpg,rolled-in_scale,none,200,200,3,15756,41f6330ef2509d5fd811c3d92f6e25cf78457b34b96af052d262c160a201c254,False,NEU-CLS,rolled-in_scale_68,4,-99
NEU,NEU::rolled-in_scale_69,NEU-DET/train/images/rolled-in_scale/rolled-in_scale_69.jpg,rolled-in_scale_69.jpg,rolled-in_scale,none,200,200,3,16149,7ea5f2851a73a14e51eb1a2b25298e25aad2ad01c61e92b1642a152d44c1551d,False,NEU-CLS,rolled-in_scale_69,4,-99
NEU,NEU::rolled-in_scale_7,NEU-DET/train/images/rolled-in_scale/rolled-in_scale_7.jpg,rolled-in_scale_7.jpg,rolled-in_scale,none,200,200,3,17932,d46891437253f761072ae7a4c72b2db01a5ed9f59d97f25052fd74e8ea0765ca,False,NEU-CLS,rolled-in_scale_7,4,-99
NEU,NEU::rolled-in_scale_70,NEU-DET/train/images/rolled-in_scale/rolled-in_scale_70.jpg,rolled-in_scale_70.jpg,rolled-in_scale,none,200,200,3,16568,2078e0a437a9b246c0c44b77031bcfe2903c6a2171dab4c128f96356ad17f2ee,False,NEU-CLS,rolled-in_scale_70,4,-99
NEU,NEU::rolled-in_scale_71,NEU-DET/train/images/rolled-in_scale/rolled-in_scale_71.jpg,rolled-in_scale_71.jpg,rolled-in_scale,none,200,200,3,16333,358892669ce9249d65eaaf16ef33c84d31f7c32e355f4acf23033b3b15c995fe,False,NEU-CLS,rolled-in_scale_71,4,-99
NEU,NEU::rolled-in_scale_72,NEU-DET/train/images/rolled-in_scale/rolled-in_scale_72.jpg,rolled-in_scale_72.jpg,rolled-in_scale,none,200,200,3,16875,56949cdeea9c339621667f8e982efe68a6926cda46fa6c22c14662ac359ec78e,False,NEU-CLS,rolled-in_scale_72,4,-99
NEU,NEU::rolled-in_scale_73,NEU-DET/train/images/rolled-in_scale/rolled-in_scale_73.jpg,rolled-in_scale_73.jpg,rolled-in_scale,none,200,200,3,18107,09de9d987c8ce064472cfb9f5be4d24338afb7edabd4dd9320b24fffd7a7bb91,False,NEU-CLS,rolled-in_scale_73,4,-99
NEU,NEU::rolled-in_scale_74,NEU-DET/train/images/rolled-in_scale/rolled-in_scale_74.jpg,rolled-in_scale_74.jpg,rolled-in_scale,none,200,200,3,18169,5fcbd4a9fdc7ae7378cb61de7f2c5ce58714cb6a1bdc4ea9bdbb35e8431432a2,False,NEU-CLS,rolled-in_scale_74,4,-99
NEU,NEU::rolled-in_scale_75,NEU-DET/train/images/rolled-in_scale/rolled-in_scale_75.jpg,rolled-in_scale_75.jpg,rolled-in_scale,none,200,200,3,16533,4d49093a4f5f411b11fd54f191d68ba35d2b09b110127df5bc7f33353028ab8b,False,NEU-CLS,rolled-in_scale_75,4,-99
NEU,NEU::rolled-in_scale_76,NEU-DET/train/images/rolled-in_scale/rolled-in_scale_76.jpg,rolled-in_scale_76.jpg,rolled-in_scale,none,200,200,3,15971,e5d8e417a0006dc7674e2f2c5725860119f50aed42a89faf2df14466f6bdbafa,False,NEU-CLS,rolled-in_scale_76,4,-99
NEU,NEU::rolled-in_scale_77,NEU-DET/train/images/rolled-in_scale/rolled-in_scale_77.jpg,rolled-in_scale_77.jpg,rolled-in_scale,none,200,200,3,18941,1904942da3a22567b129b107852c3d75f36dcca7a47ca412f24074f8bbb56a74,False,NEU-CLS,rolled-in_scale_77,4,-99
NEU,NEU::rolled-in_scale_78,NEU-DET/train/images/rolled-in_scale/rolled-in_scale_78.jpg,rolled-in_scale_78.jpg,rolled-in_scale,none,200,200,3,18825,548c4196df3aae2bd2d78bb2d597d94a62c327d67ea8946aec748348206ccfca,False,NEU-CLS,rolled-in_scale_78,4,-99
NEU,NEU::rolled-in_scale_79,NEU-DET/train/images/rolled-in_scale/rolled-in_scale_79.jpg,rolled-in_scale_79.jpg,rolled-in_scale,none,200,200,3,16629,bb247842774195a7b10f507c0dded14006456d9aa9c3de7d5728ae2c8ad86336,False,NEU-CLS,rolled-in_scale_79,4,-99
NEU,NEU::rolled-in_scale_8,NEU-DET/train/images/rolled-in_scale/rolled-in_scale_8.jpg,rolled-in_scale_8.jpg,rolled-in_scale,none,200,200,3,16301,fda0e799f5fc7d3d3550f9f44bdfa9efa8d43c068461d77f8d61386cad16d89e,False,NEU-CLS,rolled-in_scale_8,4,-99
NEU,NEU::rolled-in_scale_80,NEU-DET/train/images/rolled-in_scale/rolled-in_scale_80.jpg,rolled-in_scale_80.jpg,rolled-in_scale,none,200,200,3,18641,2f5dbc8dcaf15f87094aa7fad865b2d423616c9fe27489d0e8652aacb2794eb7,False,NEU-CLS,rolled-in_scale_80,4,-99
NEU,NEU::rolled-in_scale_81,NEU-DET/train/images/rolled-in_scale/rolled-in_scale_81.jpg,rolled-in_scale_81.jpg,rolled-in_scale,none,200,200,3,18911,834c71734fc6257e459b03759bdf40a8f010d968f9b051533ae2577f4ae2f403,False,NEU-CLS,rolled-in_scale_81,4,-99
NEU,NEU::rolled-in_scale_82,NEU-DET/train/images/rolled-in_scale/rolled-in_scale_82.jpg,rolled-in_scale_82.jpg,rolled-in_scale,none,200,200,3,18896,c9d46a65f395ae014460082797b42eb4288856a948b3a2b55e733360035ff926,False,NEU-CLS,rolled-in_scale_82,4,-99
NEU,NEU::rolled-in_scale_83,NEU-DET/train/images/rolled-in_scale/rolled-in_scale_83.jpg,rolled-in_scale_83.jpg,rolled-in_scale,none,200,200,3,18582,e2355db7b8e28cd116c85a7927a368021afc6744f3212f7df7fbc9ef474c9bfc,False,NEU-CLS,rolled-in_scale_83,4,-99
NEU,NEU::rolled-in_scale_84,NEU-DET/train/images/rolled-in_scale/rolled-in_scale_84.jpg,rolled-in_scale_84.jpg,rolled-in_scale,none,200,200,3,15912,f5be32a7ab25702e3167ed59f1e90e0a7eee288bb6de9c07c0c43c55ef0b77b8,False,NEU-CLS,rolled-in_scale_84,4,-99
NEU,NEU::rolled-in_scale_85,NEU-DET/train/images/rolled-in_scale/rolled-in_scale_85.jpg,rolled-in_scale_85.jpg,rolled-in_scale,none,200,200,3,15305,63dfda1af3445f8083a15bf5e70c4c9b16b50fd63947a09da875904ce2f6e4a6,False,NEU-CLS,rolled-in_scale_85,4,-99
NEU,NEU::rolled-in_scale_86,NEU-DET/train/images/rolled-in_scale/rolled-in_scale_86.jpg,rolled-in_scale_86.jpg,rolled-in_scale,none,200,200,3,15879,0804c9d747c8d0e68857e4610d406d613336e231954ac9273f82ad18a5327449,False,NEU-CLS,rolled-in_scale_86,4,-99
NEU,NEU::rolled-in_scale_87,NEU-DET/train/images/rolled-in_scale/rolled-in_scale_87.jpg,rolled-in_scale_87.jpg,rolled-in_scale,none,200,200,3,15298,0d578ed6ce0ca32f08ab71678389ee38ef8f3da4f1dcc9db287f9388c2eb7a39,False,NEU-CLS,rolled-in_scale_87,4,-99
NEU,NEU::rolled-in_scale_88,NEU-DET/train/images/rolled-in_scale/rolled-in_scale_88.jpg,rolled-in_scale_88.jpg,rolled-in_scale,none,200,200,3,16125,257fc94e3b1b098d42a0116ec9380d1e73f36f91d9367409a8e256c175e2ead2,False,NEU-CLS,rolled-in_scale_88,4,-99
NEU,NEU::rolled-in_scale_89,NEU-DET/train/images/rolled-in_scale/rolled-in_scale_89.jpg,rolled-in_scale_89.jpg,rolled-in_scale,none,200,200,3,16263,8fef9e33d39267d7b0ec2f2cb73e6b31ee0a288eea95ce815a56e0ae79abc237,False,NEU-CLS,rolled-in_scale_89,4,-99
NEU,NEU::rolled-in_scale_9,NEU-DET/train/images/rolled-in_scale/rolled-in_scale_9.jpg,rolled-in_scale_9.jpg,rolled-in_scale,none,200,200,3,15732,842947ed242d553d7fbc7bc3b3d1496cb7219559aa5820435b63399f5ef6e8e0,False,NEU-CLS,rolled-in_scale_9,4,-99
NEU,NEU::rolled-in_scale_90,NEU-DET/train/images/rolled-in_scale/rolled-in_scale_90.jpg,rolled-in_scale_90.jpg,rolled-in_scale,none,200,200,3,15543,b8c91113772659b2f81be97594eb4ef2dda89b0c3be83d49fd3df5065a33a14f,False,NEU-CLS,rolled-in_scale_90,4,-99
NEU,NEU::rolled-in_scale_91,NEU-DET/train/images/rolled-in_scale/rolled-in_scale_91.jpg,rolled-in_scale_91.jpg,rolled-in_scale,none,200,200,3,16325,526c022b8fa6b7e38ee9421af07405f5a94f4063d7af095ebcbd5c74b9e021f9,False,NEU-CLS,rolled-in_scale_91,4,-99
NEU,NEU::rolled-in_scale_92,NEU-DET/train/images/rolled-in_scale/rolled-in_scale_92.jpg,rolled-in_scale_92.jpg,rolled-in_scale,none,200,200,3,18359,d48e57e9b4fff76402baae8b6448cd0f3cedeb301b0299937f66a564e934c26d,False,NEU-CLS,rolled-in_scale_92,4,-99
NEU,NEU::rolled-in_scale_93,NEU-DET/train/images/rolled-in_scale/rolled-in_scale_93.jpg,rolled-in_scale_93.jpg,rolled-in_scale,none,200,200,3,18434,99b478d675dda0f992d0e70bddd9d631028575027a56e4be9f7a8741bdd6527e,False,NEU-CLS,rolled-in_scale_93,4,-99
NEU,NEU::rolled-in_scale_94,NEU-DET/train/images/rolled-in_scale/rolled-in_scale_94.jpg,rolled-in_scale_94.jpg,rolled-in_scale,none,200,200,3,18829,560cd19ca05fbc5396b48e54ba90b96323f8962d24a4b7a3a52af74aaf39eac4,False,NEU-CLS,rolled-in_scale_94,4,-99
NEU,NEU::rolled-in_scale_95,NEU-DET/train/images/rolled-in_scale/rolled-in_scale_95.jpg,rolled-in_scale_95.jpg,rolled-in_scale,none,200,200,3,15528,06594ca23a480e682a1ed69108cee823cb3fb6b1b0b67f9eb956b3c737ebbaaf,False,NEU-CLS,rolled-in_scale_95,4,-99
NEU,NEU::rolled-in_scale_96,NEU-DET/train/images/rolled-in_scale/rolled-in_scale_96.jpg,rolled-in_scale_96.jpg,rolled-in_scale,none,200,200,3,15450,e4a73e4215e5dfe1b068cf406ab200ee7ff269c8fa8543b16260568ecbb70e75,False,NEU-CLS,rolled-in_scale_96,4,-99
NEU,NEU::rolled-in_scale_97,NEU-DET/train/images/rolled-in_scale/rolled-in_scale_97.jpg,rolled-in_scale_97.jpg,rolled-in_scale,none,200,200,3,14826,fb0964326483cd3811425c0d43404fbe211b0c9055f9fa440f9d464ee4f6fbca,False,NEU-CLS,rolled-in_scale_97,4,-99
NEU,NEU::rolled-in_scale_98,NEU-DET/train/images/rolled-in_scale/rolled-in_scale_98.jpg,rolled-in_scale_98.jpg,rolled-in_scale,none,200,200,3,16837,c479d54d2c3b9850439534392e991f0bb70a8d44a8be33a97932722c9f26b072,False,NEU-CLS,rolled-in_scale_98,4,-99
NEU,NEU::rolled-in_scale_99,NEU-DET/train/images/rolled-in_scale/rolled-in_scale_99.jpg,rolled-in_scale_99.jpg,rolled-in_scale,none,200,200,3,16731,8ecbe05c11b7b043b5766f531a98ec31c41c5c615f8144ec671f61393e0961fa,False,NEU-CLS,rolled-in_scale_99,4,-99
NEU,NEU::scratches_1,NEU-DET/train/images/scratches/scratches_1.jpg,scratches_1.jpg,scratches,none,200,200,3,7415,500c46e2f5d7065d8c492b0cfb36c3ba77a85a744079bf6453dfc85e02b97a3c,False,NEU-CLS,scratches_1,5,-99
NEU,NEU::scratches_10,NEU-DET/train/images/scratches/scratches_10.jpg,scratches_10.jpg,scratches,none,200,200,3,10689,8790b870402cf95314da4d3ace3cc38d5721a3f1f321e3e346811988d7736600,False,NEU-CLS,scratches_10,5,-99
NEU,NEU::scratches_100,NEU-DET/train/images/scratches/scratches_100.jpg,scratches_100.jpg,scratches,none,200,200,3,12529,7e404244566609b8ef412f87a34aaff0af5ceb0c2140cc03e25e3f3e2f84f2af,False,NEU-CLS,scratches_100,5,-99
NEU,NEU::scratches_101,NEU-DET/train/images/scratches/scratches_101.jpg,scratches_101.jpg,scratches,none,200,200,3,10815,8cf6422094af770e264d9b25b74dd6e599f6b051f5fb45b8bf8070f4d0a42d34,False,NEU-CLS,scratches_101,5,-99
NEU,NEU::scratches_102,NEU-DET/train/images/scratches/scratches_102.jpg,scratches_102.jpg,scratches,none,200,200,3,8199,cdb86540a847d39765c21a839855cc7b81fa2c4a8637f77957378dccb011834e,False,NEU-CLS,scratches_102,5,-99
NEU,NEU::scratches_103,NEU-DET/train/images/scratches/scratches_103.jpg,scratches_103.jpg,scratches,none,200,200,3,5704,4238f54faa3fac98eec53d1fbdee0bbc92c523bf3110f1bc4ef5ba86f96b1a97,False,NEU-CLS,scratches_103,5,-99
NEU,NEU::scratches_104,NEU-DET/train/images/scratches/scratches_104.jpg,scratches_104.jpg,scratches,none,200,200,3,11383,a4b3fd60a8d48f44c1be792321014d13fa9032c3e54d1cafb13d4ebb8301839a,False,NEU-CLS,scratches_104,5,-99
NEU,NEU::scratches_105,NEU-DET/train/images/scratches/scratches_105.jpg,scratches_105.jpg,scratches,none,200,200,3,12357,bb2f2218a6f8e68156975ff64973af7fb5dcb5d6169f7715c452850c3e33eb92,False,NEU-CLS,scratches_105,5,-99
NEU,NEU::scratches_106,NEU-DET/train/images/scratches/scratches_106.jpg,scratches_106.jpg,scratches,none,200,200,3,10448,0fef5231d26c75256c723d862474768b95d71b5c0d7335a3f3112382b7baa86e,False,NEU-CLS,scratches_106,5,-99
NEU,NEU::scratches_107,NEU-DET/train/images/scratches/scratches_107.jpg,scratches_107.jpg,scratches,none,200,200,3,9427,de6826749f3a7b68e11a2395976c1bf9d818ac21c9920bd160138fd81f711ba6,False,NEU-CLS,scratches_107,5,-99
NEU,NEU::scratches_108,NEU-DET/train/images/scratches/scratches_108.jpg,scratches_108.jpg,scratches,none,200,200,3,8219,36f89d12c0c0226f5da438c2804a5ccd5505e6810e2daf7fb044dafd409aca5d,False,NEU-CLS,scratches_108,5,-99
NEU,NEU::scratches_109,NEU-DET/train/images/scratches/scratches_109.jpg,scratches_109.jpg,scratches,none,200,200,3,8505,3d95fc1b9cd493c3964fff0d33b8433c4e5b89075e0da4c8e7e7ccd6d33bbed3,False,NEU-CLS,scratches_109,5,-99
NEU,NEU::scratches_11,NEU-DET/train/images/scratches/scratches_11.jpg,scratches_11.jpg,scratches,none,200,200,3,10593,ad623cd9dd5fbdabfcbbf2239dc42618160ee0e46ea17d38be8aa31395072d8c,False,NEU-CLS,scratches_11,5,-99
NEU,NEU::scratches_110,NEU-DET/train/images/scratches/scratches_110.jpg,scratches_110.jpg,scratches,none,200,200,3,9088,92c615abaa1585c8fd675ea9b9b1320f89c797d53b652fea2b3ca26a55eb74e0,False,NEU-CLS,scratches_110,5,-99
NEU,NEU::scratches_111,NEU-DET/train/images/scratches/scratches_111.jpg,scratches_111.jpg,scratches,none,200,200,3,9501,6da2ffbb84b4b3d21754c472d7f5e729958e69bc3ea296a24ed215152c19b62c,False,NEU-CLS,scratches_111,5,-99
NEU,NEU::scratches_112,NEU-DET/train/images/scratches/scratches_112.jpg,scratches_112.jpg,scratches,none,200,200,3,9266,ba221858d8d1a1c17d7eaaa1ac72a33345cc803ba1b96620a576113f7dcabcdc,False,NEU-CLS,scratches_112,5,-99
NEU,NEU::scratches_113,NEU-DET/train/images/scratches/scratches_113.jpg,scratches_113.jpg,scratches,none,200,200,3,9902,e73a907d6406fb5b2872340cb49c2982b1724f71f75b66ade085c88fe736805c,False,NEU-CLS,scratches_113,5,-99
NEU,NEU::scratches_114,NEU-DET/train/images/scratches/scratches_114.jpg,scratches_114.jpg,scratches,none,200,200,3,10682,da3c3382f2fa9e1291e5da46d5ba96c1667229197dba56f1618c651379758571,False,NEU-CLS,scratches_114,5,-99
NEU,NEU::scratches_115,NEU-DET/train/images/scratches/scratches_115.jpg,scratches_115.jpg,scratches,none,200,200,3,10160,e2128a3bddd81fdf7631df469dbe36541dd5f62a829e8c3bd19795a3b84a9ee6,False,NEU-CLS,scratches_115,5,-99
NEU,NEU::scratches_116,NEU-DET/train/images/scratches/scratches_116.jpg,scratches_116.jpg,scratches,none,200,200,3,10890,c9a6354c889419d80851cfd192b535c2baeb699d59c7f1b8424552b7a134b955,False,NEU-CLS,scratches_116,5,-99
NEU,NEU::scratches_117,NEU-DET/train/images/scratches/scratches_117.jpg,scratches_117.jpg,scratches,none,200,200,3,10930,533ef411f0252d313a85b6f7b4057f036268cac900581bba1784588136a7716e,False,NEU-CLS,scratches_117,5,-99
NEU,NEU::scratches_118,NEU-DET/train/images/scratches/scratches_118.jpg,scratches_118.jpg,scratches,none,200,200,3,10499,11597fa66f475888f1b4bde318a741339467c1d074942361d0a391a61770f93e,False,NEU-CLS,scratches_118,5,-99
NEU,NEU::scratches_119,NEU-DET/train/images/scratches/scratches_119.jpg,scratches_119.jpg,scratches,none,200,200,3,10838,2686f354cee5cbdbde6d4421577055f26a60eb8c1d853f7841dd12cb41d49b33,False,NEU-CLS,scratches_119,5,-99
NEU,NEU::scratches_12,NEU-DET/train/images/scratches/scratches_12.jpg,scratches_12.jpg,scratches,none,200,200,3,9334,da988236def7af755e30945f33af20f73c08879111c072a4cd9b843f56f23272,False,NEU-CLS,scratches_12,5,-99
NEU,NEU::scratches_120,NEU-DET/train/images/scratches/scratches_120.jpg,scratches_120.jpg,scratches,none,200,200,3,10913,127ec91a3f350a9dde1521aa8bae0d7db6df29370141e74ea90876960b617b8b,False,NEU-CLS,scratches_120,5,-99
NEU,NEU::scratches_121,NEU-DET/train/images/scratches/scratches_121.jpg,scratches_121.jpg,scratches,none,200,200,3,10245,d3ee2418b21b7982b5621d5a0967dafd0e763142210518388ead02bac8f47dab,False,NEU-CLS,scratches_121,5,-99
NEU,NEU::scratches_122,NEU-DET/train/images/scratches/scratches_122.jpg,scratches_122.jpg,scratches,none,200,200,3,9881,02a6e790f7b37da8d0a2b260ee564e697dfcc590fa5b1f1ab27c5b9c26c3aad6,False,NEU-CLS,scratches_122,5,-99
NEU,NEU::scratches_123,NEU-DET/train/images/scratches/scratches_123.jpg,scratches_123.jpg,scratches,none,200,200,3,10129,181df005a3acd578c32e382485d60c8fd13340e57449557d786efd81d7fb01c8,False,NEU-CLS,scratches_123,5,-99
NEU,NEU::scratches_124,NEU-DET/train/images/scratches/scratches_124.jpg,scratches_124.jpg,scratches,none,200,200,3,8373,254855329c0254463fcfd0a155a644bdf2b955fda0e338ab7b1ce9cfb4bacf26,False,NEU-CLS,scratches_124,5,-99
NEU,NEU::scratches_125,NEU-DET/train/images/scratches/scratches_125.jpg,scratches_125.jpg,scratches,none,200,200,3,7246,855b302abb5f872b064e3161c84b9a6d4122d5e5118ab71f55a176b2fc193781,False,NEU-CLS,scratches_125,5,-99
NEU,NEU::scratches_126,NEU-DET/train/images/scratches/scratches_126.jpg,scratches_126.jpg,scratches,none,200,200,3,6375,fd1f86fe4349e991e98e1b00c1b1aa94088669822cdb30a5c0dfffa5782134c3,False,NEU-CLS,scratches_126,5,-99
NEU,NEU::scratches_127,NEU-DET/train/images/scratches/scratches_127.jpg,scratches_127.jpg,scratches,none,200,200,3,7927,f5d30a06efb4699e893da9705f6a09bef2e3f608d9b0995750e5b0c9dbab53c9,False,NEU-CLS,scratches_127,5,-99
NEU,NEU::scratches_128,NEU-DET/train/images/scratches/scratches_128.jpg,scratches_128.jpg,scratches,none,200,200,3,7141,c0f08d4440966af9cccd1ea0372b1a01d8063e4d4d1e2d189269d3c9e018e23e,False,NEU-CLS,scratches_128,5,-99
NEU,NEU::scratches_129,NEU-DET/train/images/scratches/scratches_129.jpg,scratches_129.jpg,scratches,none,200,200,3,7531,def28753fbc0d5050de6136e3c68e55b804577ba81f0dc0b64064fa5f5c2f591,False,NEU-CLS,scratches_129,5,-99
NEU,NEU::scratches_13,NEU-DET/train/images/scratches/scratches_13.jpg,scratches_13.jpg,scratches,none,200,200,3,9476,cb8b1f1a29552cbea5edb205c27add76522d4577b5154b3ba2c72ca17b055646,False,NEU-CLS,scratches_13,5,-99
NEU,NEU::scratches_130,NEU-DET/train/images/scratches/scratches_130.jpg,scratches_130.jpg,scratches,none,200,200,3,7677,20470387a65090ed71215af12c78d8ac0ee83566dde051b308abf149fb16c916,False,NEU-CLS,scratches_130,5,-99
NEU,NEU::scratches_131,NEU-DET/train/images/scratches/scratches_131.jpg,scratches_131.jpg,scratches,none,200,200,3,8999,cc441db6aa140baabb8fbb21cba10d0b952312438d0a96950e3a99497c45857f,False,NEU-CLS,scratches_131,5,-99
NEU,NEU::scratches_132,NEU-DET/train/images/scratches/scratches_132.jpg,scratches_132.jpg,scratches,none,200,200,3,7080,886e442a40f278acef38df92ca526b10ae6fdc02e6bdbb13d194e7b901b067b1,False,NEU-CLS,scratches_132,5,-99
NEU,NEU::scratches_133,NEU-DET/train/images/scratches/scratches_133.jpg,scratches_133.jpg,scratches,none,200,200,3,7998,21b5fa723bad108189e9da4101ade52ff3085d75e5cfecd6fa7b429cbd07fe43,False,NEU-CLS,scratches_133,5,-99
NEU,NEU::scratches_134,NEU-DET/train/images/scratches/scratches_134.jpg,scratches_134.jpg,scratches,none,200,200,3,8518,c8d0d68054aed82a7bcb3d01b06b945a6c984b98ddaa2eaf68285f2077ac7b20,False,NEU-CLS,scratches_134,5,-99
NEU,NEU::scratches_135,NEU-DET/train/images/scratches/scratches_135.jpg,scratches_135.jpg,scratches,none,200,200,3,9392,98a86b64f2ede209013c67f47f6ed288723db2d707d1f7ca0fa00409dd55b2fe,False,NEU-CLS,scratches_135,5,-99
NEU,NEU::scratches_136,NEU-DET/train/images/scratches/scratches_136.jpg,scratches_136.jpg,scratches,none,200,200,3,9709,574af2c4dcab39bea999116f72a1cef78d8f07ce061a49e68184d31094fa40ac,False,NEU-CLS,scratches_136,5,-99
NEU,NEU::scratches_137,NEU-DET/train/images/scratches/scratches_137.jpg,scratches_137.jpg,scratches,none,200,200,3,10158,0327d255906525e9e803f7bc308c5392351bf2ee7dbe384f38ffa84c9bafcd4e,False,NEU-CLS,scratches_137,5,-99
NEU,NEU::scratches_138,NEU-DET/train/images/scratches/scratches_138.jpg,scratches_138.jpg,scratches,none,200,200,3,10497,c6e07f851d11e72bf436fa082889f68c812fae81963e203d0a0420045e46dcbe,False,NEU-CLS,scratches_138,5,-99
NEU,NEU::scratches_139,NEU-DET/train/images/scratches/scratches_139.jpg,scratches_139.jpg,scratches,none,200,200,3,10063,6c27fce9d6b0256700b556afe6d71cc235d57fc7847c884857fd127b0656522d,False,NEU-CLS,scratches_139,5,-99
NEU,NEU::scratches_14,NEU-DET/train/images/scratches/scratches_14.jpg,scratches_14.jpg,scratches,none,200,200,3,9923,6665d90f599bbfeec1af1ad005f4436a3ecc4c96b135acf9fbdf3c19f373d2ed,False,NEU-CLS,scratches_14,5,-99
NEU,NEU::scratches_140,NEU-DET/train/images/scratches/scratches_140.jpg,scratches_140.jpg,scratches,none,200,200,3,10745,8c5e73aa15ca7cb47c092e58f8a3996e8648aac5c37c58dc1c3971fec8629d7b,False,NEU-CLS,scratches_140,5,-99
NEU,NEU::scratches_141,NEU-DET/train/images/scratches/scratches_141.jpg,scratches_141.jpg,scratches,none,200,200,3,11243,7a1ad51da018c844a6268ca8e3aa2e57ee3039be9ec3e1ab7891b814a6ea29c4,False,NEU-CLS,scratches_141,5,-99
NEU,NEU::scratches_142,NEU-DET/train/images/scratches/scratches_142.jpg,scratches_142.jpg,scratches,none,200,200,3,10427,36aa104a77f3477c7d6e0ec5b9cde40ed9d43dd1afd363718eef4a2f8e272005,False,NEU-CLS,scratches_142,5,-99
NEU,NEU::scratches_143,NEU-DET/train/images/scratches/scratches_143.jpg,scratches_143.jpg,scratches,none,200,200,3,10175,7c9f4ba1144fff57a958d90819038752b81751817126b9ad1893ae832f5518c7,False,NEU-CLS,scratches_143,5,-99
NEU,NEU::scratches_144,NEU-DET/train/images/scratches/scratches_144.jpg,scratches_144.jpg,scratches,none,200,200,3,10972,c56e618d14c9eed93ac564ef90d473fcff0ca75fb04b132fa0ae7842a93a5c05,False,NEU-CLS,scratches_144,5,-99
NEU,NEU::scratches_145,NEU-DET/train/images/scratches/scratches_145.jpg,scratches_145.jpg,scratches,none,200,200,3,10303,b5767351bb25860ccd2ff1de030a77c19d5f1fd721a7a01dbb289cba1f744d41,False,NEU-CLS,scratches_145,5,-99
NEU,NEU::scratches_146,NEU-DET/train/images/scratches/scratches_146.jpg,scratches_146.jpg,scratches,none,200,200,3,9403,3cfcbe9d9b896bd5dbb8324a25a623b3517f54093897b033864cf46e5adec869,False,NEU-CLS,scratches_146,5,-99
NEU,NEU::scratches_147,NEU-DET/train/images/scratches/scratches_147.jpg,scratches_147.jpg,scratches,none,200,200,3,9322,d7650322cf1946cf7736c53ca033d63f2e0c85f599b9c7f08f140c2af4211701,False,NEU-CLS,scratches_147,5,-99
NEU,NEU::scratches_148,NEU-DET/train/images/scratches/scratches_148.jpg,scratches_148.jpg,scratches,none,200,200,3,10041,57233642aa5fc43868562990bd26d535a5f9562b03eea239cdfe1d8a511b4602,False,NEU-CLS,scratches_148,5,-99
NEU,NEU::scratches_149,NEU-DET/train/images/scratches/scratches_149.jpg,scratches_149.jpg,scratches,none,200,200,3,7617,df3b444693b2d12424a853b58f666158155afbf368a5f467f6e126c343abf5f6,False,NEU-CLS,scratches_149,5,-99
NEU,NEU::scratches_15,NEU-DET/train/images/scratches/scratches_15.jpg,scratches_15.jpg,scratches,none,200,200,3,10042,367075d6695862c4493a7d39213ed66e50845e9ff3611a8212a2745ac2a8f1ad,False,NEU-CLS,scratches_15,5,-99
NEU,NEU::scratches_150,NEU-DET/train/images/scratches/scratches_150.jpg,scratches_150.jpg,scratches,none,200,200,3,6633,83242feddda09c84dd7648adf3b58ae9a02eafed278933423ac749f786345abc,False,NEU-CLS,scratches_150,5,-99
NEU,NEU::scratches_151,NEU-DET/train/images/scratches/scratches_151.jpg,scratches_151.jpg,scratches,none,200,200,3,7683,beb540cd87fe1fbdc765822430b4e9601713b72f32ccb0ff8fb8bc1d96828236,False,NEU-CLS,scratches_151,5,-99
NEU,NEU::scratches_152,NEU-DET/train/images/scratches/scratches_152.jpg,scratches_152.jpg,scratches,none,200,200,3,7938,7d92c3048cb2e54beff63e3a11a6d124578a6f27dbadb697e3d7c871c824eb69,False,NEU-CLS,scratches_152,5,-99
NEU,NEU::scratches_153,NEU-DET/train/images/scratches/scratches_153.jpg,scratches_153.jpg,scratches,none,200,200,3,8705,edfda57ed4467e635baeff00654d9774bd2e94483c0e1a28c59b5f7f34240807,False,NEU-CLS,scratches_153,5,-99
NEU,NEU::scratches_154,NEU-DET/train/images/scratches/scratches_154.jpg,scratches_154.jpg,scratches,none,200,200,3,9875,3e96489cf25f15a08c3dcebbec97afabdfb58468847e51a70d880a35a104b72c,False,NEU-CLS,scratches_154,5,-99
NEU,NEU::scratches_155,NEU-DET/train/images/scratches/scratches_155.jpg,scratches_155.jpg,scratches,none,200,200,3,10456,7c35c565c812851bc4edb26b9ce8d854badcd0f1191db15363bbecf676af005a,False,NEU-CLS,scratches_155,5,-99
NEU,NEU::scratches_156,NEU-DET/train/images/scratches/scratches_156.jpg,scratches_156.jpg,scratches,none,200,200,3,9058,b65e484717ff033687c7b03e79e6f151f60376f2ca033e9501d84da446226fbd,False,NEU-CLS,scratches_156,5,-99
NEU,NEU::scratches_157,NEU-DET/train/images/scratches/scratches_157.jpg,scratches_157.jpg,scratches,none,200,200,3,10244,1fc900a7b315be7a4d0368f98881ff34a1fbd78955818df2158cb75071236c68,False,NEU-CLS,scratches_157,5,-99
NEU,NEU::scratches_158,NEU-DET/train/images/scratches/scratches_158.jpg,scratches_158.jpg,scratches,none,200,200,3,10799,a91fc566e13d3253050d35b898b8ed659905a8268847ef06c1f7733757cb8788,False,NEU-CLS,scratches_158,5,-99
NEU,NEU::scratches_159,NEU-DET/train/images/scratches/scratches_159.jpg,scratches_159.jpg,scratches,none,200,200,3,11000,1ceb9bc125069bb842b141ef784cbcf4acb956e7ca12c7e4716a89cc3bb27e33,False,NEU-CLS,scratches_159,5,-99
NEU,NEU::scratches_16,NEU-DET/train/images/scratches/scratches_16.jpg,scratches_16.jpg,scratches,none,200,200,3,9174,08eb80f76650682dfc161e865d32bd78f1e002994f3d56ae1fcf81ab5ac9f47e,False,NEU-CLS,scratches_16,5,-99
NEU,NEU::scratches_160,NEU-DET/train/images/scratches/scratches_160.jpg,scratches_160.jpg,scratches,none,200,200,3,10286,cb0e882ebb77e62531cfa0a8e69f9d9fc97d7c51bd9b96e89ae1ca1a90daefb7,False,NEU-CLS,scratches_160,5,-99
NEU,NEU::scratches_161,NEU-DET/train/images/scratches/scratches_161.jpg,scratches_161.jpg,scratches,none,200,200,3,8666,3146339ef9953e19b3d631a2d3cb56e787b9d8a0bcb0128521d77bf09655ef4f,False,NEU-CLS,scratches_161,5,-99
NEU,NEU::scratches_162,NEU-DET/train/images/scratches/scratches_162.jpg,scratches_162.jpg,scratches,none,200,200,3,11156,da16a35094a01dffc8d66eaca235072417f9720656be808710acd5b5024206ae,False,NEU-CLS,scratches_162,5,-99
NEU,NEU::scratches_163,NEU-DET/train/images/scratches/scratches_163.jpg,scratches_163.jpg,scratches,none,200,200,3,11296,0986da5782a373f33155470d5eb85c601196eca8b1b76caf3934591a7bf20482,False,NEU-CLS,scratches_163,5,-99
NEU,NEU::scratches_164,NEU-DET/train/images/scratches/scratches_164.jpg,scratches_164.jpg,scratches,none,200,200,3,10249,7f816c8c5d58bab9547b2171ad8a4c68915259cdd4c659573a535cfe716387b4,False,NEU-CLS,scratches_164,5,-99
NEU,NEU::scratches_165,NEU-DET/train/images/scratches/scratches_165.jpg,scratches_165.jpg,scratches,none,200,200,3,9348,e4dd9c9a976cea57392ce1fbe49831c3c61c4bac70d5344e48a8b1d528b68890,False,NEU-CLS,scratches_165,5,-99
NEU,NEU::scratches_166,NEU-DET/train/images/scratches/scratches_166.jpg,scratches_166.jpg,scratches,none,200,200,3,9834,bda65326f1b3d151f35170e2f1ba61bffc1ee388bc601b55837211071db12d4e,False,NEU-CLS,scratches_166,5,-99
NEU,NEU::scratches_167,NEU-DET/train/images/scratches/scratches_167.jpg,scratches_167.jpg,scratches,none,200,200,3,7950,645d08a8c467c2f3287573a85ef08fee9d2637f9a77a3559c9f0ae5f93e44c99,False,NEU-CLS,scratches_167,5,-99
NEU,NEU::scratches_168,NEU-DET/train/images/scratches/scratches_168.jpg,scratches_168.jpg,scratches,none,200,200,3,7320,f2828d8e854b39edb1ae12541a0a70bd56ce0a75148b64cdc2e2e96377be894f,False,NEU-CLS,scratches_168,5,-99
NEU,NEU::scratches_169,NEU-DET/train/images/scratches/scratches_169.jpg,scratches_169.jpg,scratches,none,200,200,3,6551,4c0e084b88350fc15c22a71d0f278bb64d2d1dccc1f9ae2d60f197e0a25ea697,False,NEU-CLS,scratches_169,5,-99
NEU,NEU::scratches_17,NEU-DET/train/images/scratches/scratches_17.jpg,scratches_17.jpg,scratches,none,200,200,3,8708,72fe2e74a970fcf954bebf7138eb3d51fb66a3bf195c1dec95c89e29e3daefe3,False,NEU-CLS,scratches_17,5,-99
NEU,NEU::scratches_170,NEU-DET/train/images/scratches/scratches_170.jpg,scratches_170.jpg,scratches,none,200,200,3,6263,0d4082c1c2f2f4f05cd31266b9fa4b7eadbcd03444b7ec25ed960cc52f7d03ce,False,NEU-CLS,scratches_170,5,-99
NEU,NEU::scratches_171,NEU-DET/train/images/scratches/scratches_171.jpg,scratches_171.jpg,scratches,none,200,200,3,6112,46d2411ff95acdfb93d090e85f376f0c1f0cf669d18fbc315be3a2eacf312771,False,NEU-CLS,scratches_171,5,-99
NEU,NEU::scratches_172,NEU-DET/train/images/scratches/scratches_172.jpg,scratches_172.jpg,scratches,none,200,200,3,7082,a4c7cf896d8ac8507bc035b43dd15c54dec38e682c65e47e996c147c84fb05e1,False,NEU-CLS,scratches_172,5,-99
NEU,NEU::scratches_173,NEU-DET/train/images/scratches/scratches_173.jpg,scratches_173.jpg,scratches,none,200,200,3,5769,5184ecbfe922ef4222a98e2f1a54a1110e01cd2c0936d097e09ca0ae2e1ee74c,False,NEU-CLS,scratches_173,5,-99
NEU,NEU::scratches_174,NEU-DET/train/images/scratches/scratches_174.jpg,scratches_174.jpg,scratches,none,200,200,3,8857,e4b9101d64dd300257c823dd3dd3190b4b7763aae62dabe89276ac565db80dae,False,NEU-CLS,scratches_174,5,-99
NEU,NEU::scratches_175,NEU-DET/train/images/scratches/scratches_175.jpg,scratches_175.jpg,scratches,none,200,200,3,7826,59e1b3397d38846dfc4699a8a7315b84b4460a9137ff0754fa6e6baa6cda3053,False,NEU-CLS,scratches_175,5,-99
NEU,NEU::scratches_176,NEU-DET/train/images/scratches/scratches_176.jpg,scratches_176.jpg,scratches,none,200,200,3,8654,dcc7df64482b4f01ac887f0130709c862955a87d5b2f0793fdecd8d902f6e583,False,NEU-CLS,scratches_176,5,-99
NEU,NEU::scratches_177,NEU-DET/train/images/scratches/scratches_177.jpg,scratches_177.jpg,scratches,none,200,200,3,8840,c6ad18a288b8c427cb64bbacf5a76000a4ca9b030c91f7f42e0e22bad86a4030,False,NEU-CLS,scratches_177,5,-99
NEU,NEU::scratches_178,NEU-DET/train/images/scratches/scratches_178.jpg,scratches_178.jpg,scratches,none,200,200,3,9534,e4bcb2a80023991c71e22dd292b0b159ace79d9bd3f19532085f85fcd47629be,False,NEU-CLS,scratches_178,5,-99
NEU,NEU::scratches_179,NEU-DET/train/images/scratches/scratches_179.jpg,scratches_179.jpg,scratches,none,200,200,3,9360,844a990f43c6d4d5f598bac0b0521b9b1331be60c1bbb80991bc5765f203e71c,False,NEU-CLS,scratches_179,5,-99
NEU,NEU::scratches_18,NEU-DET/train/images/scratches/scratches_18.jpg,scratches_18.jpg,scratches,none,200,200,3,8394,fd74062b39027d7009e9e2c18575ee88b4bc910ccc33d5272473b116d812fae2,False,NEU-CLS,scratches_18,5,-99
NEU,NEU::scratches_180,NEU-DET/train/images/scratches/scratches_180.jpg,scratches_180.jpg,scratches,none,200,200,3,10025,3048cff42d4f3310d3d40ca46b24c4fd5695bf9c4172d4a65fddfa20084300e7,False,NEU-CLS,scratches_180,5,-99
NEU,NEU::scratches_181,NEU-DET/train/images/scratches/scratches_181.jpg,scratches_181.jpg,scratches,none,200,200,3,9297,6db0c14b65b0203a30f7c5a6b74c221ae403338ccf730ecebcca6e6ae31ad9d9,False,NEU-CLS,scratches_181,5,-99
NEU,NEU::scratches_182,NEU-DET/train/images/scratches/scratches_182.jpg,scratches_182.jpg,scratches,none,200,200,3,8550,5f6815063bd34c710c7565555d0c5325770145618e22e0bf89d579411d3d59d1,False,NEU-CLS,scratches_182,5,-99
NEU,NEU::scratches_183,NEU-DET/train/images/scratches/scratches_183.jpg,scratches_183.jpg,scratches,none,200,200,3,7805,592a97fc92cce801cba5ac473017a1b5d2cfd436a33a47696dac75d35d868925,False,NEU-CLS,scratches_183,5,-99
NEU,NEU::scratches_184,NEU-DET/train/images/scratches/scratches_184.jpg,scratches_184.jpg,scratches,none,200,200,3,7512,bf371d07f5158ca1d5229a8a3ac00192fe4db73d17f4f2d84e9656aad97438ac,False,NEU-CLS,scratches_184,5,-99
NEU,NEU::scratches_185,NEU-DET/train/images/scratches/scratches_185.jpg,scratches_185.jpg,scratches,none,200,200,3,9500,c4da2f96ef8e2cf70074638b5605bd523dddbf39d427a33c3a41b200cdd9001c,False,NEU-CLS,scratches_185,5,-99
NEU,NEU::scratches_186,NEU-DET/train/images/scratches/scratches_186.jpg,scratches_186.jpg,scratches,none,200,200,3,9955,14b5bd0852ede460a0168573ced17c4d94d3ba4d46badd2d7bd674828936998a,False,NEU-CLS,scratches_186,5,-99
NEU,NEU::scratches_187,NEU-DET/train/images/scratches/scratches_187.jpg,scratches_187.jpg,scratches,none,200,200,3,10224,d54832d718418cd38a79216afd468dce97987bd73b402836028bbf252145d7f1,False,NEU-CLS,scratches_187,5,-99
NEU,NEU::scratches_188,NEU-DET/train/images/scratches/scratches_188.jpg,scratches_188.jpg,scratches,none,200,200,3,10606,86e6dd23751d39a027043f9bb403d18ef1b1769594e526969e4ad5f144dd1600,False,NEU-CLS,scratches_188,5,-99
NEU,NEU::scratches_189,NEU-DET/train/images/scratches/scratches_189.jpg,scratches_189.jpg,scratches,none,200,200,3,10526,b0045d19ee0d7524102616e79eb0166e2e0ea5571d96fb1d1a0e2e76a0ba8142,False,NEU-CLS,scratches_189,5,-99
NEU,NEU::scratches_19,NEU-DET/train/images/scratches/scratches_19.jpg,scratches_19.jpg,scratches,none,200,200,3,8835,fa6b1b100fae3b3fb5b5dfb81a60043a3990bfe83db9a199d5491c4b5532caa2,False,NEU-CLS,scratches_19,5,-99
NEU,NEU::scratches_190,NEU-DET/train/images/scratches/scratches_190.jpg,scratches_190.jpg,scratches,none,200,200,3,10549,614d46bd35cc6a72c3637a88d82af76a5d6780e782656761c375c39effa2ac7a,False,NEU-CLS,scratches_190,5,-99
NEU,NEU::scratches_191,NEU-DET/train/images/scratches/scratches_191.jpg,scratches_191.jpg,scratches,none,200,200,3,9761,7412eddf9952e8a749c671e67390a5d3554aca259372d8e19d4ff17bc0816905,False,NEU-CLS,scratches_191,5,-99
NEU,NEU::scratches_192,NEU-DET/train/images/scratches/scratches_192.jpg,scratches_192.jpg,scratches,none,200,200,3,9615,5e5fd4e6a7d094ca79b157a8934e14ffaeaa5a4091ffcfbee3df19c0558a09e2,False,NEU-CLS,scratches_192,5,-99
NEU,NEU::scratches_193,NEU-DET/train/images/scratches/scratches_193.jpg,scratches_193.jpg,scratches,none,200,200,3,8351,d201e7c39a88ced01e99e541d0f6ba4c7c24ccd5091a8c86973187459146fe88,False,NEU-CLS,scratches_193,5,-99
NEU,NEU::scratches_194,NEU-DET/train/images/scratches/scratches_194.jpg,scratches_194.jpg,scratches,none,200,200,3,8614,d665bb3dd97b6c0b86930a6d78ac060d5acf91e74ffed2c7d06a3d28d6c0625c,False,NEU-CLS,scratches_194,5,-99
NEU,NEU::scratches_195,NEU-DET/train/images/scratches/scratches_195.jpg,scratches_195.jpg,scratches,none,200,200,3,7235,0612d85b835ce0d03d025b4ccf9b51b10e91f689a721a467d0c7723553fa59de,False,NEU-CLS,scratches_195,5,-99
NEU,NEU::scratches_196,NEU-DET/train/images/scratches/scratches_196.jpg,scratches_196.jpg,scratches,none,200,200,3,7896,c38a7908c9772c4a2bcfeec1eb39ffc0ded2d209ed7c342fcc3c7991bfd9d308,False,NEU-CLS,scratches_196,5,-99
NEU,NEU::scratches_197,NEU-DET/train/images/scratches/scratches_197.jpg,scratches_197.jpg,scratches,none,200,200,3,8056,c5f04d4f1bbb7f4fc54dca0f0bf1449ef5febc3dc11a11a074b0c60cf9170095,False,NEU-CLS,scratches_197,5,-99
NEU,NEU::scratches_198,NEU-DET/train/images/scratches/scratches_198.jpg,scratches_198.jpg,scratches,none,200,200,3,7700,d49bec319fb1619ef7e0fe67376127ea275d45e07708a65b6e97469652d9b656,False,NEU-CLS,scratches_198,5,-99
NEU,NEU::scratches_199,NEU-DET/train/images/scratches/scratches_199.jpg,scratches_199.jpg,scratches,none,200,200,3,7300,7bff3a2dd68537dd23af6a344a81a48e62f1a04c3595b6245d7a0b1d531a7be9,False,NEU-CLS,scratches_199,5,-99
NEU,NEU::scratches_2,NEU-DET/train/images/scratches/scratches_2.jpg,scratches_2.jpg,scratches,none,200,200,3,7541,960f6b75fb945308181a0736c176aff4c6fd94bb7e7956e26b04fd0cdbdf3657,False,NEU-CLS,scratches_2,5,-99
NEU,NEU::scratches_20,NEU-DET/train/images/scratches/scratches_20.jpg,scratches_20.jpg,scratches,none,200,200,3,6560,a9f3ed313d7494096d51b11a7bc6c5165cca735903f3d581f4d0df639572c294,False,NEU-CLS,scratches_20,5,-99
NEU,NEU::scratches_200,NEU-DET/train/images/scratches/scratches_200.jpg,scratches_200.jpg,scratches,none,200,200,3,6878,ac4ef4dd50e6d0e479e259103e4d7c9dbef146c7106986d38007baeeb3fa28e2,False,NEU-CLS,scratches_200,5,-99
NEU,NEU::scratches_201,NEU-DET/train/images/scratches/scratches_201.jpg,scratches_201.jpg,scratches,none,200,200,3,6502,8ffeaafbd98f91bac64788e47e2a85596158ed6867c3160eceb166cf5b2c2496,False,NEU-CLS,scratches_201,5,-99
NEU,NEU::scratches_202,NEU-DET/train/images/scratches/scratches_202.jpg,scratches_202.jpg,scratches,none,200,200,3,7965,d9153ae832dedaf4c547586dd094f443100aa43f1027c5eaf648eee75050ec51,False,NEU-CLS,scratches_202,5,-99
NEU,NEU::scratches_203,NEU-DET/train/images/scratches/scratches_203.jpg,scratches_203.jpg,scratches,none,200,200,3,8347,aa62a9634b38443e309b0122922048462238f4e45b7ebcb949504da4e054b0b4,False,NEU-CLS,scratches_203,5,-99
NEU,NEU::scratches_204,NEU-DET/train/images/scratches/scratches_204.jpg,scratches_204.jpg,scratches,none,200,200,3,7600,167102a4541146bab5a4ba84691d965d2120c65417dd9a9621aef54918b50cff,False,NEU-CLS,scratches_204,5,-99
NEU,NEU::scratches_205,NEU-DET/train/images/scratches/scratches_205.jpg,scratches_205.jpg,scratches,none,200,200,3,8006,593ae4063a1faee033ce6631d49ab717d7a0058dc118594b0484a3064bf307ad,False,NEU-CLS,scratches_205,5,-99
NEU,NEU::scratches_206,NEU-DET/train/images/scratches/scratches_206.jpg,scratches_206.jpg,scratches,none,200,200,3,10504,8a946044d3d5c1b22cc7990211c01ae53ee48af50e65ffdd426c3cb2d58ebe16,False,NEU-CLS,scratches_206,5,-99
NEU,NEU::scratches_207,NEU-DET/train/images/scratches/scratches_207.jpg,scratches_207.jpg,scratches,none,200,200,3,10093,1e50f6f095de57d44e34ef02be64e45e1dbc539f7c747a1eec13e19d598c3ce6,False,NEU-CLS,scratches_207,5,-99
NEU,NEU::scratches_208,NEU-DET/train/images/scratches/scratches_208.jpg,scratches_208.jpg,scratches,none,200,200,3,8628,38c3c035d209d38a5748908ba389d20c1aceef75edc0815bd8fb48eef0154ead,False,NEU-CLS,scratches_208,5,-99
NEU,NEU::scratches_209,NEU-DET/train/images/scratches/scratches_209.jpg,scratches_209.jpg,scratches,none,200,200,3,8260,9f7db1e44228cdaa737b8cc1788cf5a61f8687854c269210f86df8ab137c1f79,False,NEU-CLS,scratches_209,5,-99
NEU,NEU::scratches_21,NEU-DET/train/images/scratches/scratches_21.jpg,scratches_21.jpg,scratches,none,200,200,3,7141,f37c114c557ce9083e1a93b741455c6d7fff51b211887f7dd3e4ae1889950fa9,False,NEU-CLS,scratches_21,5,-99
NEU,NEU::scratches_210,NEU-DET/train/images/scratches/scratches_210.jpg,scratches_210.jpg,scratches,none,200,200,3,9279,81815ca5833575d725e3427a8a04e40b01e401c5560cd433e93467af16709d60,False,NEU-CLS,scratches_210,5,-99
NEU,NEU::scratches_211,NEU-DET/train/images/scratches/scratches_211.jpg,scratches_211.jpg,scratches,none,200,200,3,10182,016dcb3920a714e9fa14c02f366b4c3518dacc56d67ac884a85a9969b315328d,False,NEU-CLS,scratches_211,5,-99
NEU,NEU::scratches_212,NEU-DET/train/images/scratches/scratches_212.jpg,scratches_212.jpg,scratches,none,200,200,3,10205,81be89ee4448348af4831ac930b257d6e52eb903de190be6d68d87984859262e,False,NEU-CLS,scratches_212,5,-99
NEU,NEU::scratches_213,NEU-DET/train/images/scratches/scratches_213.jpg,scratches_213.jpg,scratches,none,200,200,3,10348,22d8674e352e68fb8e0f7aa69f1c4e8465628769bfafc90280d89307e7e25b3e,False,NEU-CLS,scratches_213,5,-99
NEU,NEU::scratches_214,NEU-DET/train/images/scratches/scratches_214.jpg,scratches_214.jpg,scratches,none,200,200,3,10416,ff6cd63f155b15695324ac6f4c9bc5ca1b9ddc7561c38eef5816bd9b1584ceae,False,NEU-CLS,scratches_214,5,-99
NEU,NEU::scratches_215,NEU-DET/train/images/scratches/scratches_215.jpg,scratches_215.jpg,scratches,none,200,200,3,10278,b5856bc3695fba2b9ace3caced3b1c783930b3c24380e8fea8ab079895f75c46,False,NEU-CLS,scratches_215,5,-99
NEU,NEU::scratches_216,NEU-DET/train/images/scratches/scratches_216.jpg,scratches_216.jpg,scratches,none,200,200,3,10825,eae4d2bcdc8207089e3462975687c8ecd02a33a66e73a4b1b007b7c7b400d3fe,False,NEU-CLS,scratches_216,5,-99
NEU,NEU::scratches_217,NEU-DET/train/images/scratches/scratches_217.jpg,scratches_217.jpg,scratches,none,200,200,3,9723,2076be693e7d6b5cdce9fdad174afba3d0efb9ea838cc510e0155517d46460b2,False,NEU-CLS,scratches_217,5,-99
NEU,NEU::scratches_218,NEU-DET/train/images/scratches/scratches_218.jpg,scratches_218.jpg,scratches,none,200,200,3,9308,59d528b51122a1e8ee4066f344d5f8c9b9f05173d5f78a2d86c19372e292f3da,False,NEU-CLS,scratches_218,5,-99
NEU,NEU::scratches_219,NEU-DET/train/images/scratches/scratches_219.jpg,scratches_219.jpg,scratches,none,200,200,3,9025,1311d76e721c2117dc81632dffe38aeb67d32a98aebab9c1d6a0242bd62ad53f,False,NEU-CLS,scratches_219,5,-99
NEU,NEU::scratches_22,NEU-DET/train/images/scratches/scratches_22.jpg,scratches_22.jpg,scratches,none,200,200,3,7363,d8e06e9ad964c453f51a097aa6bacdfc1a36c8db677a944e6a2c2df48fc44600,False,NEU-CLS,scratches_22,5,-99
NEU,NEU::scratches_220,NEU-DET/train/images/scratches/scratches_220.jpg,scratches_220.jpg,scratches,none,200,200,3,7968,c572667e09af38da19b1a49abad3b4de8c6e36b650856cd5942268eea7362e02,False,NEU-CLS,scratches_220,5,-99
NEU,NEU::scratches_221,NEU-DET/train/images/scratches/scratches_221.jpg,scratches_221.jpg,scratches,none,200,200,3,8078,e65d748792cd1010f663588aec6437acad9a26c92a30ea263b67febed363b27b,False,NEU-CLS,scratches_221,5,-99
NEU,NEU::scratches_222,NEU-DET/train/images/scratches/scratches_222.jpg,scratches_222.jpg,scratches,none,200,200,3,7482,bae054099edcb65dd3b0e71dcd271349a9670fbfddf07742dbc2a439ac3ce9f7,False,NEU-CLS,scratches_222,5,-99
NEU,NEU::scratches_223,NEU-DET/train/images/scratches/scratches_223.jpg,scratches_223.jpg,scratches,none,200,200,3,7949,669bfbce9330b39ec06dedc04b6dd3190b06cabb45d7de3159f254cae49f53a4,False,NEU-CLS,scratches_223,5,-99
NEU,NEU::scratches_224,NEU-DET/train/images/scratches/scratches_224.jpg,scratches_224.jpg,scratches,none,200,200,3,8071,677cedd6da38cc94bf2fc2d1f002894b9b75297269fb8775ba64c8634339c627,False,NEU-CLS,scratches_224,5,-99
NEU,NEU::scratches_225,NEU-DET/train/images/scratches/scratches_225.jpg,scratches_225.jpg,scratches,none,200,200,3,8856,0b994c808e2305028287cf23aa342f180813de9194fa902e63c8601ba4c0bad7,False,NEU-CLS,scratches_225,5,-99
NEU,NEU::scratches_226,NEU-DET/train/images/scratches/scratches_226.jpg,scratches_226.jpg,scratches,none,200,200,3,8366,97f4848d7dbad6c653b28d31be770e4143083cfd4dad87a8ea3a2b5b728f5adc,False,NEU-CLS,scratches_226,5,-99
NEU,NEU::scratches_227,NEU-DET/train/images/scratches/scratches_227.jpg,scratches_227.jpg,scratches,none,200,200,3,9804,907a347e448f18b9d2f3f7ada8a8b21367ac374e9a7e9d6830f5fa6ce9225120,False,NEU-CLS,scratches_227,5,-99
NEU,NEU::scratches_228,NEU-DET/train/images/scratches/scratches_228.jpg,scratches_228.jpg,scratches,none,200,200,3,7804,d74afc101feda03ef2b615ca2bf8bec85f315738e398a5420f8619d52a34135f,False,NEU-CLS,scratches_228,5,-99
NEU,NEU::scratches_229,NEU-DET/train/images/scratches/scratches_229.jpg,scratches_229.jpg,scratches,none,200,200,3,6651,2949be028ecd34f8d0791592c98a8bb3dce0f8a50927a054f7617101728d4698,False,NEU-CLS,scratches_229,5,-99
NEU,NEU::scratches_23,NEU-DET/train/images/scratches/scratches_23.jpg,scratches_23.jpg,scratches,none,200,200,3,8885,7afb3817ddfc9387a3ae636e3c2dd1e8745e1fba3f1ca3b0d62cde8589b037c5,False,NEU-CLS,scratches_23,5,-99
NEU,NEU::scratches_230,NEU-DET/train/images/scratches/scratches_230.jpg,scratches_230.jpg,scratches,none,200,200,3,8208,7dab5ab522b9ecb16d53c196b3b0f769c42cb9c5694373e15785acc5f4451d0b,False,NEU-CLS,scratches_230,5,-99
NEU,NEU::scratches_231,NEU-DET/train/images/scratches/scratches_231.jpg,scratches_231.jpg,scratches,none,200,200,3,9317,e1f2151bc40e1f09edaeb193c0c919961aaac065003f531f95cc59a19d07e88b,False,NEU-CLS,scratches_231,5,-99
NEU,NEU::scratches_232,NEU-DET/train/images/scratches/scratches_232.jpg,scratches_232.jpg,scratches,none,200,200,3,6003,5130a7a4352245c52b2301d40e92a6efb565c2f8007b67c68723af24ddc516bc,False,NEU-CLS,scratches_232,5,-99
NEU,NEU::scratches_233,NEU-DET/train/images/scratches/scratches_233.jpg,scratches_233.jpg,scratches,none,200,200,3,7585,52b547c24fcb07b514bfe71fc1cd617cdcf23090baa9d1bfb5e7544404e20b90,False,NEU-CLS,scratches_233,5,-99
NEU,NEU::scratches_234,NEU-DET/train/images/scratches/scratches_234.jpg,scratches_234.jpg,scratches,none,200,200,3,7223,cf652825b3c7cbea8ebf2b258989a4a915c5798fc29406294d458edb92fec80b,False,NEU-CLS,scratches_234,5,-99
NEU,NEU::scratches_235,NEU-DET/train/images/scratches/scratches_235.jpg,scratches_235.jpg,scratches,none,200,200,3,8354,508b8ec922f5bf951068199b2e96b3f82236385b4b63a52a2e1fb322927cd6ab,False,NEU-CLS,scratches_235,5,-99
NEU,NEU::scratches_236,NEU-DET/train/images/scratches/scratches_236.jpg,scratches_236.jpg,scratches,none,200,200,3,10285,2ebc998f51cf32215b60f9f91d37a4c58820f33a33d0dea03bc45c34d185df0f,False,NEU-CLS,scratches_236,5,-99
NEU,NEU::scratches_237,NEU-DET/train/images/scratches/scratches_237.jpg,scratches_237.jpg,scratches,none,200,200,3,9159,a0e5c95ef7df58b2b2e7869ea7b2a710038e3860b9fbf7cfe1eb168e7579119f,False,NEU-CLS,scratches_237,5,-99
NEU,NEU::scratches_238,NEU-DET/train/images/scratches/scratches_238.jpg,scratches_238.jpg,scratches,none,200,200,3,10354,84c074a67e8c075c794d045a27bed9fff93745b6c052df72196104c3329c0db1,False,NEU-CLS,scratches_238,5,-99
NEU,NEU::scratches_239,NEU-DET/train/images/scratches/scratches_239.jpg,scratches_239.jpg,scratches,none,200,200,3,9464,d6bb81f449e6ce915bd551db184920a8b46383c202f84a226b50b095abf50a95,False,NEU-CLS,scratches_239,5,-99
NEU,NEU::scratches_24,NEU-DET/train/images/scratches/scratches_24.jpg,scratches_24.jpg,scratches,none,200,200,3,8094,0e0ec49fe4e5c92719665bf0d133f6a633e6097ae343d34b6819d89e7db612a6,False,NEU-CLS,scratches_24,5,-99
NEU,NEU::scratches_240,NEU-DET/train/images/scratches/scratches_240.jpg,scratches_240.jpg,scratches,none,200,200,3,7840,52e15ece6022bcb42f2991a7acae1c4e6b26cac16976402aea424d356d7cb964,False,NEU-CLS,scratches_240,5,-99
NEU,NEU::scratches_241,NEU-DET/validation/images/scratches/scratches_241.jpg,scratches_241.jpg,scratches,none,200,200,3,10096,808c8053268c526a8230dd0d1c286af89a2f4d9e2fa015e64a9b3c0defc37f56,False,NEU-CLS,scratches_241,5,-99
NEU,NEU::scratches_242,NEU-DET/validation/images/scratches/scratches_242.jpg,scratches_242.jpg,scratches,none,200,200,3,8279,18297530aa9ba8fc6cb75c1b4b04d643dd668b1ab6930e8f1fffe33f6db6179e,False,NEU-CLS,scratches_242,5,-99
NEU,NEU::scratches_243,NEU-DET/validation/images/scratches/scratches_243.jpg,scratches_243.jpg,scratches,none,200,200,3,7724,21179d3baebad95f0de55c026ec10fc343d86134193f7dddfbfdc82fa450bf9b,False,NEU-CLS,scratches_243,5,-99
NEU,NEU::scratches_244,NEU-DET/validation/images/scratches/scratches_244.jpg,scratches_244.jpg,scratches,none,200,200,3,7250,b581ded4e4d3b08c9087063289a44a645aef732c0aaf3aca46a3551ac3481d8a,False,NEU-CLS,scratches_244,5,-99
NEU,NEU::scratches_245,NEU-DET/validation/images/scratches/scratches_245.jpg,scratches_245.jpg,scratches,none,200,200,3,7349,754c6a9d09b6eb882624de13e43415b31f97a135c403a5fbd3d2e37fb94932ea,False,NEU-CLS,scratches_245,5,-99
NEU,NEU::scratches_246,NEU-DET/validation/images/scratches/scratches_246.jpg,scratches_246.jpg,scratches,none,200,200,3,7717,06811a835826c47ad78e91e90cb758f6334f348d21765375b2ce9146be1309b4,False,NEU-CLS,scratches_246,5,-99
NEU,NEU::scratches_247,NEU-DET/validation/images/scratches/scratches_247.jpg,scratches_247.jpg,scratches,none,200,200,3,5979,6d4086b3f39a0620d9aaea5b60d4ab090253b7eb3de48e2f808c0d654bcd095a,False,NEU-CLS,scratches_247,5,-99
NEU,NEU::scratches_248,NEU-DET/validation/images/scratches/scratches_248.jpg,scratches_248.jpg,scratches,none,200,200,3,8290,bfb4e632f35b361a6ba2f736412ce5c970157b70df2727c7eb6fa18eb5d3f57f,False,NEU-CLS,scratches_248,5,-99
NEU,NEU::scratches_249,NEU-DET/validation/images/scratches/scratches_249.jpg,scratches_249.jpg,scratches,none,200,200,3,9097,815ac678ef7915d03d57f55c4c737df487a41d95f3cc5291742561d57768554b,False,NEU-CLS,scratches_249,5,-99
NEU,NEU::scratches_25,NEU-DET/train/images/scratches/scratches_25.jpg,scratches_25.jpg,scratches,none,200,200,3,9643,a396520aa648baf7345a7d1b88325650ff2dae4df1fc4d9e19bee4c714be8c82,False,NEU-CLS,scratches_25,5,-99
NEU,NEU::scratches_250,NEU-DET/validation/images/scratches/scratches_250.jpg,scratches_250.jpg,scratches,none,200,200,3,9580,a3c414db4f4b09b5ec40700dc76531408d3a8f536347ec4114677c8814e2d2cc,False,NEU-CLS,scratches_250,5,-99
NEU,NEU::scratches_251,NEU-DET/validation/images/scratches/scratches_251.jpg,scratches_251.jpg,scratches,none,200,200,3,10192,509be19bbc2074e59ef928b35a615edd7829f205ff37941f132b6afd3563d97e,False,NEU-CLS,scratches_251,5,-99
NEU,NEU::scratches_252,NEU-DET/validation/images/scratches/scratches_252.jpg,scratches_252.jpg,scratches,none,200,200,3,10398,dec9b4c8b7e3b31c3d91640230f30623c6cc9931a0999e6c221e0ff616513bb8,False,NEU-CLS,scratches_252,5,-99
NEU,NEU::scratches_253,NEU-DET/validation/images/scratches/scratches_253.jpg,scratches_253.jpg,scratches,none,200,200,3,10395,237fafe2a77579d4be8dbddb236f26ab2409efb2aeb63a85811b7e104ee7d5fc,False,NEU-CLS,scratches_253,5,-99
NEU,NEU::scratches_254,NEU-DET/validation/images/scratches/scratches_254.jpg,scratches_254.jpg,scratches,none,200,200,3,9318,ffd21c5983d44ff61cccc9fb15c6317e1d4159a931f5f4949d6524bff72b0d70,False,NEU-CLS,scratches_254,5,-99
NEU,NEU::scratches_255,NEU-DET/validation/images/scratches/scratches_255.jpg,scratches_255.jpg,scratches,none,200,200,3,6922,cbce8cec9fcd71dd78f91976544b9544af1c346172efa4c335959f3ff6fd68b6,False,NEU-CLS,scratches_255,5,-99
NEU,NEU::scratches_256,NEU-DET/validation/images/scratches/scratches_256.jpg,scratches_256.jpg,scratches,none,200,200,3,7257,79ee78cd754bce9d099e9d4b8b6ea6fce9bf957306d4a69d2f4448073ccfc41d,False,NEU-CLS,scratches_256,5,-99
NEU,NEU::scratches_257,NEU-DET/validation/images/scratches/scratches_257.jpg,scratches_257.jpg,scratches,none,200,200,3,7898,b397d474777da6843cbd252388515502c645877636b353b46f0ce6e5c770ec35,False,NEU-CLS,scratches_257,5,-99
NEU,NEU::scratches_258,NEU-DET/validation/images/scratches/scratches_258.jpg,scratches_258.jpg,scratches,none,200,200,3,9492,75e32b02e1e07874ecb43a28da7bcafccde3e60675fba729359714e10dd0f092,False,NEU-CLS,scratches_258,5,-99
NEU,NEU::scratches_259,NEU-DET/validation/images/scratches/scratches_259.jpg,scratches_259.jpg,scratches,none,200,200,3,9636,3d9f70b84f17226fb5791ebfccef99ca7bd17c6a1e340f972ab21cedd5de2663,False,NEU-CLS,scratches_259,5,-99
NEU,NEU::scratches_26,NEU-DET/train/images/scratches/scratches_26.jpg,scratches_26.jpg,scratches,none,200,200,3,8133,ecf6a8e75fbe2f932cdf56268090f788a4ec120e93bb4839dda8c88d57d1cbf6,False,NEU-CLS,scratches_26,5,-99
NEU,NEU::scratches_260,NEU-DET/validation/images/scratches/scratches_260.jpg,scratches_260.jpg,scratches,none,200,200,3,9193,9262b8fb9e7e920cf7caab7316f34e95b114dbeb2e05f526fd9bab6e69beb376,False,NEU-CLS,scratches_260,5,-99
NEU,NEU::scratches_261,NEU-DET/validation/images/scratches/scratches_261.jpg,scratches_261.jpg,scratches,none,200,200,3,8816,6ac6ec84031512ca7ffb7e83367ca26f49067a4a27bdfe561608861ea047e97a,False,NEU-CLS,scratches_261,5,-99
NEU,NEU::scratches_262,NEU-DET/validation/images/scratches/scratches_262.jpg,scratches_262.jpg,scratches,none,200,200,3,7962,c07cf45a10ffb89016260ed213866b555c2c152a9e0207d6d9e44e490bd307f4,False,NEU-CLS,scratches_262,5,-99
NEU,NEU::scratches_263,NEU-DET/validation/images/scratches/scratches_263.jpg,scratches_263.jpg,scratches,none,200,200,3,7572,fe216505917b1c9c31f5925244ff60cda229409dc13f9c4f39f0dccec4e90efd,False,NEU-CLS,scratches_263,5,-99
NEU,NEU::scratches_264,NEU-DET/validation/images/scratches/scratches_264.jpg,scratches_264.jpg,scratches,none,200,200,3,9934,c10b3007a57fb80c25869bccf631d4cd0e297faeec200609f4ca39670e5421c1,False,NEU-CLS,scratches_264,5,-99
NEU,NEU::scratches_265,NEU-DET/validation/images/scratches/scratches_265.jpg,scratches_265.jpg,scratches,none,200,200,3,11284,d47e69763a49d5d5a927a191715710198c5ecb75673ee835d645b8bd71d25e92,False,NEU-CLS,scratches_265,5,-99
NEU,NEU::scratches_266,NEU-DET/validation/images/scratches/scratches_266.jpg,scratches_266.jpg,scratches,none,200,200,3,10423,225caa8efad179c0a1ded2de25800945db661f6868339660df089846e297cda0,False,NEU-CLS,scratches_266,5,-99
NEU,NEU::scratches_267,NEU-DET/validation/images/scratches/scratches_267.jpg,scratches_267.jpg,scratches,none,200,200,3,9641,a916d3fb45316693e6d93749e4141fa444b2bb87f4f5b3433aca92ce85887aa8,False,NEU-CLS,scratches_267,5,-99
NEU,NEU::scratches_268,NEU-DET/validation/images/scratches/scratches_268.jpg,scratches_268.jpg,scratches,none,200,200,3,8713,2bcfea24551cb98e0a64b81d515eda2d597b71bb5d8391a0eff4d61a3cabccf8,False,NEU-CLS,scratches_268,5,-99
NEU,NEU::scratches_269,NEU-DET/validation/images/scratches/scratches_269.jpg,scratches_269.jpg,scratches,none,200,200,3,9827,7ff3ed684221fd04a55f13f87a5fbd3958414b91145e88af651cb97fbb85eeb4,False,NEU-CLS,scratches_269,5,-99
NEU,NEU::scratches_27,NEU-DET/train/images/scratches/scratches_27.jpg,scratches_27.jpg,scratches,none,200,200,3,9861,f0162be4de935f4064486990a524a4b7b8a816bc0a39f8fff3ee58034546e9e0,False,NEU-CLS,scratches_27,5,-99
NEU,NEU::scratches_270,NEU-DET/validation/images/scratches/scratches_270.jpg,scratches_270.jpg,scratches,none,200,200,3,10467,cf07fc75c1b3fc8e03ce7ebfeb7e6881d3dac5967012f06a1faec86bdb1d7a87,False,NEU-CLS,scratches_270,5,-99
NEU,NEU::scratches_271,NEU-DET/validation/images/scratches/scratches_271.jpg,scratches_271.jpg,scratches,none,200,200,3,10889,89fce9a3ee105dfd7d3a55749854d04ddc2fd14bd920bc06ec9fb417d08f9147,False,NEU-CLS,scratches_271,5,-99
NEU,NEU::scratches_272,NEU-DET/validation/images/scratches/scratches_272.jpg,scratches_272.jpg,scratches,none,200,200,3,9036,36c685908f06b7609fee229a4f5283176bf1ed5dc3953eb4becaf76b5e7e5e08,False,NEU-CLS,scratches_272,5,-99
NEU,NEU::scratches_273,NEU-DET/validation/images/scratches/scratches_273.jpg,scratches_273.jpg,scratches,none,200,200,3,10546,06fd8df49222af37b7a66f9868dab365bd946f29fddda8fec763fa4bc8a232f1,False,NEU-CLS,scratches_273,5,-99
NEU,NEU::scratches_274,NEU-DET/validation/images/scratches/scratches_274.jpg,scratches_274.jpg,scratches,none,200,200,3,11152,aeffae1b86245a95003da86b5acfd5b14c4dfe93138c3c4ac16ac0c933de77ce,False,NEU-CLS,scratches_274,5,-99
NEU,NEU::scratches_275,NEU-DET/validation/images/scratches/scratches_275.jpg,scratches_275.jpg,scratches,none,200,200,3,10662,0e3f6a2090474df8934b4c3a19a311bee21113c9aff36d07793e181bf47f5645,False,NEU-CLS,scratches_275,5,-99
NEU,NEU::scratches_276,NEU-DET/validation/images/scratches/scratches_276.jpg,scratches_276.jpg,scratches,none,200,200,3,7845,5425066031254b9a916291955733134e6aa6f0af5d7d59686de98d165226fe3e,False,NEU-CLS,scratches_276,5,-99
NEU,NEU::scratches_277,NEU-DET/validation/images/scratches/scratches_277.jpg,scratches_277.jpg,scratches,none,200,200,3,7829,0f1d2f918fd93652f92a25de19f74324cfc879a77e39e5b911eb30fc3a82a75d,False,NEU-CLS,scratches_277,5,-99
NEU,NEU::scratches_278,NEU-DET/validation/images/scratches/scratches_278.jpg,scratches_278.jpg,scratches,none,200,200,3,8846,2250c7ee89a2d4d03656a9ac3643ede3f8e2225b184472836d62c07024af5356,False,NEU-CLS,scratches_278,5,-99
NEU,NEU::scratches_279,NEU-DET/validation/images/scratches/scratches_279.jpg,scratches_279.jpg,scratches,none,200,200,3,9880,07eaa26e72ed58dce79a1ed22881149ed9d4f202f925b1b3055a1c0fbadf27c2,False,NEU-CLS,scratches_279,5,-99
NEU,NEU::scratches_28,NEU-DET/train/images/scratches/scratches_28.jpg,scratches_28.jpg,scratches,none,200,200,3,7380,b573375056053983d38edd2061ee73fd7de209f1010c1ed07eb8046480b4348a,False,NEU-CLS,scratches_28,5,-99
NEU,NEU::scratches_280,NEU-DET/validation/images/scratches/scratches_280.jpg,scratches_280.jpg,scratches,none,200,200,3,9841,3f14a2b13cd4a4fd99666fae2c83eaea7c00d8373c3ae764697eef527df9b729,False,NEU-CLS,scratches_280,5,-99
NEU,NEU::scratches_281,NEU-DET/validation/images/scratches/scratches_281.jpg,scratches_281.jpg,scratches,none,200,200,3,7689,ae4d4b4b847f5056c96807f335a663b434f77391aafec7133236bf95221cb256,False,NEU-CLS,scratches_281,5,-99
NEU,NEU::scratches_282,NEU-DET/validation/images/scratches/scratches_282.jpg,scratches_282.jpg,scratches,none,200,200,3,6571,d526f36419cd66b2269d6ee46f3e18e798ac6dba9657676359566d7268ec666a,False,NEU-CLS,scratches_282,5,-99
NEU,NEU::scratches_283,NEU-DET/validation/images/scratches/scratches_283.jpg,scratches_283.jpg,scratches,none,200,200,3,6789,b8ac3cae8163a749ccfad675864d4337332e77a1b6105f72114497fcfb555376,False,NEU-CLS,scratches_283,5,-99
NEU,NEU::scratches_284,NEU-DET/validation/images/scratches/scratches_284.jpg,scratches_284.jpg,scratches,none,200,200,3,6394,7460cc96b7ca26a5118ce716a8e7f66d210d35e15e596597d8f204b021b293d2,False,NEU-CLS,scratches_284,5,-99
NEU,NEU::scratches_285,NEU-DET/validation/images/scratches/scratches_285.jpg,scratches_285.jpg,scratches,none,200,200,3,5834,5255774b455b8b94eefa05c803d031a4f3ac8e2b7a3936d2d694b29935accb60,False,NEU-CLS,scratches_285,5,-99
NEU,NEU::scratches_286,NEU-DET/validation/images/scratches/scratches_286.jpg,scratches_286.jpg,scratches,none,200,200,3,6099,5c6854da13a98037918d0b476bb0eb2b505478e878fb0c2f3ebaea30d9bb8cf8,False,NEU-CLS,scratches_286,5,-99
NEU,NEU::scratches_287,NEU-DET/validation/images/scratches/scratches_287.jpg,scratches_287.jpg,scratches,none,200,200,3,9237,6daf546f9bb1a4b58b9a76f4fe912418426b9a97448610edec52314f66fc140f,False,NEU-CLS,scratches_287,5,-99
NEU,NEU::scratches_288,NEU-DET/validation/images/scratches/scratches_288.jpg,scratches_288.jpg,scratches,none,200,200,3,7750,0ffe135744b30b96bb0ced670e532d08473f2462177d8437aa6678b4910457e2,False,NEU-CLS,scratches_288,5,-99
NEU,NEU::scratches_289,NEU-DET/validation/images/scratches/scratches_289.jpg,scratches_289.jpg,scratches,none,200,200,3,9852,3fe8d86cfc4a4c60cdf65babd227d6ce88a6d690eadc8f9b56465c7d58ee4937,False,NEU-CLS,scratches_289,5,-99
NEU,NEU::scratches_29,NEU-DET/train/images/scratches/scratches_29.jpg,scratches_29.jpg,scratches,none,200,200,3,8474,80a15969e4d2f6cff472bd0018fe3af757850351f95f2142ff39d1994d7628d7,False,NEU-CLS,scratches_29,5,-99
NEU,NEU::scratches_290,NEU-DET/validation/images/scratches/scratches_290.jpg,scratches_290.jpg,scratches,none,200,200,3,10157,fa4a943f2ef491d03248145846c5d455e038c45d543aed7b13dd3fa4a3777d4f,False,NEU-CLS,scratches_290,5,-99
NEU,NEU::scratches_291,NEU-DET/validation/images/scratches/scratches_291.jpg,scratches_291.jpg,scratches,none,200,200,3,9918,0d6b2134052adc7618ff5c6635a1034f17f9e049d972ce2115528bafa72c8294,False,NEU-CLS,scratches_291,5,-99
NEU,NEU::scratches_292,NEU-DET/validation/images/scratches/scratches_292.jpg,scratches_292.jpg,scratches,none,200,200,3,10790,66e096173ceefd42aa909bea0e76e26d1a1dc54a2abab61e1149e045ac11403d,False,NEU-CLS,scratches_292,5,-99
NEU,NEU::scratches_293,NEU-DET/validation/images/scratches/scratches_293.jpg,scratches_293.jpg,scratches,none,200,200,3,10161,94b9655b1f1d32e520618aeb2ff2ddc930c1d2b11aa35074604d6a294ec4d240,False,NEU-CLS,scratches_293,5,-99
NEU,NEU::scratches_294,NEU-DET/validation/images/scratches/scratches_294.jpg,scratches_294.jpg,scratches,none,200,200,3,9090,29689c1398eed61d94cfab12e65f38f42df006064ef85567b3568de836a12e98,False,NEU-CLS,scratches_294,5,-99
NEU,NEU::scratches_295,NEU-DET/validation/images/scratches/scratches_295.jpg,scratches_295.jpg,scratches,none,200,200,3,9631,68afd07195ce3186bec3c02447d2f284ed40e7d616144040a18335b27daa9d14,False,NEU-CLS,scratches_295,5,-99
NEU,NEU::scratches_296,NEU-DET/validation/images/scratches/scratches_296.jpg,scratches_296.jpg,scratches,none,200,200,3,9554,9e3d08b4ef099411d675d18db9f006b0d6739bc6cb33c27221a7c50efd7aeedb,False,NEU-CLS,scratches_296,5,-99
NEU,NEU::scratches_297,NEU-DET/validation/images/scratches/scratches_297.jpg,scratches_297.jpg,scratches,none,200,200,3,7775,795dc162bec70f7a16abc2f434cdd72fe84a504c456269d7176e6a4789066768,False,NEU-CLS,scratches_297,5,-99
NEU,NEU::scratches_298,NEU-DET/validation/images/scratches/scratches_298.jpg,scratches_298.jpg,scratches,none,200,200,3,8115,c408389639cce8c2da2ba020370457279429b80420e7379bb997392bcafd03d5,False,NEU-CLS,scratches_298,5,-99
NEU,NEU::scratches_299,NEU-DET/validation/images/scratches/scratches_299.jpg,scratches_299.jpg,scratches,none,200,200,3,10484,adeb6ac5a2be5c145131e2fc450a8f628402f7c56eea38b102c288ae58fc9219,False,NEU-CLS,scratches_299,5,-99
NEU,NEU::scratches_3,NEU-DET/train/images/scratches/scratches_3.jpg,scratches_3.jpg,scratches,none,200,200,3,8002,f2e1cb55c6aff957fc5cb7b32703e675fbaf2d9c4ef6c6151e10ab25f48ce78c,False,NEU-CLS,scratches_3,5,-99
NEU,NEU::scratches_30,NEU-DET/train/images/scratches/scratches_30.jpg,scratches_30.jpg,scratches,none,200,200,3,9232,fb713f67c2e5a92c14645272f257cc3ef80c1bef743c7a27d19f26ba3b3870b1,False,NEU-CLS,scratches_30,5,-99
NEU,NEU::scratches_300,NEU-DET/validation/images/scratches/scratches_300.jpg,scratches_300.jpg,scratches,none,200,200,3,7827,16419bc0544ffe145aa39c786be8af7d45c1b740b144e4366429fb8c7912713e,False,NEU-CLS,scratches_300,5,-99
NEU,NEU::scratches_31,NEU-DET/train/images/scratches/scratches_31.jpg,scratches_31.jpg,scratches,none,200,200,3,7920,20a6c5b8dcb9df14f4753eb767e2472b5b26668a30947342fb0571c3338ff665,False,NEU-CLS,scratches_31,5,-99
NEU,NEU::scratches_32,NEU-DET/train/images/scratches/scratches_32.jpg,scratches_32.jpg,scratches,none,200,200,3,7195,d59906181fc273fa0b4b7e0c526d81443cfaae8c9cdbc3ed4a50e040297f1a19,False,NEU-CLS,scratches_32,5,-99
NEU,NEU::scratches_33,NEU-DET/train/images/scratches/scratches_33.jpg,scratches_33.jpg,scratches,none,200,200,3,6445,c5c302e720075c67817605d4715a7f1e63df3bff7f531d0cfb289068728efce5,False,NEU-CLS,scratches_33,5,-99
NEU,NEU::scratches_34,NEU-DET/train/images/scratches/scratches_34.jpg,scratches_34.jpg,scratches,none,200,200,3,7990,4752971b7ad7b3b8d509d0b8c67eb8a683c8a5f95f62896cb25b6207a7fbdd05,False,NEU-CLS,scratches_34,5,-99
NEU,NEU::scratches_35,NEU-DET/train/images/scratches/scratches_35.jpg,scratches_35.jpg,scratches,none,200,200,3,8198,ac93ce819e7fc8800a2052f0e4f31cc1acedb1c534a5bb4bbbf654445bfcaa55,False,NEU-CLS,scratches_35,5,-99
NEU,NEU::scratches_36,NEU-DET/train/images/scratches/scratches_36.jpg,scratches_36.jpg,scratches,none,200,200,3,7961,a8ea1585ed3a91616f526de49ab9534159c4c26c847d9ac6e0d90f69dca2fa6f,False,NEU-CLS,scratches_36,5,-99
NEU,NEU::scratches_37,NEU-DET/train/images/scratches/scratches_37.jpg,scratches_37.jpg,scratches,none,200,200,3,9133,75f393a35dd2c29e2703d6693c1b43593718ed6afcf1a9e07a0e86d0c5e0b1a3,False,NEU-CLS,scratches_37,5,-99
NEU,NEU::scratches_38,NEU-DET/train/images/scratches/scratches_38.jpg,scratches_38.jpg,scratches,none,200,200,3,9039,888229a1bd266a7cc25bcb8944bae5ac0450dddb8b308b32dda3eb52be77a432,False,NEU-CLS,scratches_38,5,-99
NEU,NEU::scratches_39,NEU-DET/train/images/scratches/scratches_39.jpg,scratches_39.jpg,scratches,none,200,200,3,8622,bbd99962679d7a31f269865c9e8f774fc65602b35e1b1272e181173c601ac7da,False,NEU-CLS,scratches_39,5,-99
NEU,NEU::scratches_4,NEU-DET/train/images/scratches/scratches_4.jpg,scratches_4.jpg,scratches,none,200,200,3,9570,d7a5a987b96863bb3cdd161c6f81c841ed7c9dadaf048db31fb3bdc70de95f21,False,NEU-CLS,scratches_4,5,-99
NEU,NEU::scratches_40,NEU-DET/train/images/scratches/scratches_40.jpg,scratches_40.jpg,scratches,none,200,200,3,9550,5ff1878abdab2d030b32896486b498d1ecdf6d8f439f664bed53a8ba246de332,False,NEU-CLS,scratches_40,5,-99
NEU,NEU::scratches_41,NEU-DET/train/images/scratches/scratches_41.jpg,scratches_41.jpg,scratches,none,200,200,3,8818,b92004ba11866501f5a257dcb5f2840bc9265ffe8e9e5f48f554d68c7bef35b0,False,NEU-CLS,scratches_41,5,-99
NEU,NEU::scratches_42,NEU-DET/train/images/scratches/scratches_42.jpg,scratches_42.jpg,scratches,none,200,200,3,8130,e1b749959308e24dd64947abb166f1762ed86ec3e5bde99998631cd44936b7c0,False,NEU-CLS,scratches_42,5,-99
NEU,NEU::scratches_43,NEU-DET/train/images/scratches/scratches_43.jpg,scratches_43.jpg,scratches,none,200,200,3,6788,c1b2e9040a2251c020966264cc8a5cb7ce311df6294f21e1db8b09c96b360ca4,False,NEU-CLS,scratches_43,5,-99
NEU,NEU::scratches_44,NEU-DET/train/images/scratches/scratches_44.jpg,scratches_44.jpg,scratches,none,200,200,3,6763,ce77e911d526b114709fdaaf19c3c3520ad73e75543ee37b4f3aa6de89d21b62,False,NEU-CLS,scratches_44,5,-99
NEU,NEU::scratches_45,NEU-DET/train/images/scratches/scratches_45.jpg,scratches_45.jpg,scratches,none,200,200,3,9049,62c747044d5744d1b985f4123983f57e8ac130cb66ffd4cd415d2873094c8672,False,NEU-CLS,scratches_45,5,-99
NEU,NEU::scratches_46,NEU-DET/train/images/scratches/scratches_46.jpg,scratches_46.jpg,scratches,none,200,200,3,9593,cc4ce3b9394afa13e4715d4ef0f878fb2982a0b52c5b4b1561e0eff80d6dedcd,False,NEU-CLS,scratches_46,5,-99
NEU,NEU::scratches_47,NEU-DET/train/images/scratches/scratches_47.jpg,scratches_47.jpg,scratches,none,200,200,3,7889,ab7f194af65ec63adeed6df943a63393c334f88246170651321e6626629b40a0,False,NEU-CLS,scratches_47,5,-99
NEU,NEU::scratches_48,NEU-DET/train/images/scratches/scratches_48.jpg,scratches_48.jpg,scratches,none,200,200,3,8687,b4bd572594231c39df923fd9a81ae1cbfaa975054c2af4000ef1d7a3ceb21e8a,False,NEU-CLS,scratches_48,5,-99
NEU,NEU::scratches_49,NEU-DET/train/images/scratches/scratches_49.jpg,scratches_49.jpg,scratches,none,200,200,3,8419,e39f96db2c4012d8d67a10c8d39dc580e99cdac09112d4b5da5a047389b120e2,False,NEU-CLS,scratches_49,5,-99
NEU,NEU::scratches_5,NEU-DET/train/images/scratches/scratches_5.jpg,scratches_5.jpg,scratches,none,200,200,3,9927,dfe599fd61cf93513ab221e5731036badaa27b8a304d2c0e5f9b083128b6100c,False,NEU-CLS,scratches_5,5,-99
NEU,NEU::scratches_50,NEU-DET/train/images/scratches/scratches_50.jpg,scratches_50.jpg,scratches,none,200,200,3,9291,758368569146183dac0848ccc2193f160ee9599a28c9976ceee557058971d178,False,NEU-CLS,scratches_50,5,-99
NEU,NEU::scratches_51,NEU-DET/train/images/scratches/scratches_51.jpg,scratches_51.jpg,scratches,none,200,200,3,9712,f772fdadf1cb110c929ec3b3204a390c7a64713141bbc666e6872fd163fc7e6c,False,NEU-CLS,scratches_51,5,-99
NEU,NEU::scratches_52,NEU-DET/train/images/scratches/scratches_52.jpg,scratches_52.jpg,scratches,none,200,200,3,9925,dd38b433da3cdc86d90aa14b5394c82ce3441eaa1e1bba8d304b088d929b5c15,False,NEU-CLS,scratches_52,5,-99
NEU,NEU::scratches_53,NEU-DET/train/images/scratches/scratches_53.jpg,scratches_53.jpg,scratches,none,200,200,3,10366,3bcac890eee84445a798a20289599d44e664300658111da743a4073900a95a41,False,NEU-CLS,scratches_53,5,-99
NEU,NEU::scratches_54,NEU-DET/train/images/scratches/scratches_54.jpg,scratches_54.jpg,scratches,none,200,200,3,9865,f5d65ef7d240395e5a5d421abe66da227dd4047891a81c276acf1cc7ab34a0bb,False,NEU-CLS,scratches_54,5,-99
NEU,NEU::scratches_55,NEU-DET/train/images/scratches/scratches_55.jpg,scratches_55.jpg,scratches,none,200,200,3,9631,93a94941ea35cdcd24a196fb0b12aa9b2bd082ce839e67fbdb237e96a8c03f7b,False,NEU-CLS,scratches_55,5,-99
NEU,NEU::scratches_56,NEU-DET/train/images/scratches/scratches_56.jpg,scratches_56.jpg,scratches,none,200,200,3,9057,5d8ab302afd6923b3f5573fd369b925a99302a031c565352af3556b36b4c78a3,False,NEU-CLS,scratches_56,5,-99
NEU,NEU::scratches_57,NEU-DET/train/images/scratches/scratches_57.jpg,scratches_57.jpg,scratches,none,200,200,3,7970,b46371506a9386702aa82e3707f8d315ecec02f17912f76f6aaefaac87946d53,False,NEU-CLS,scratches_57,5,-99
NEU,NEU::scratches_58,NEU-DET/train/images/scratches/scratches_58.jpg,scratches_58.jpg,scratches,none,200,200,3,8001,c756058aafb82eb234af08537dc69e4f96e69b84ca7d019d9acf4e673e359582,False,NEU-CLS,scratches_58,5,-99
NEU,NEU::scratches_59,NEU-DET/train/images/scratches/scratches_59.jpg,scratches_59.jpg,scratches,none,200,200,3,10065,5681e8705d15961faea00d3225aacbf31eea774faebf4a0b7df6e5903a107c94,False,NEU-CLS,scratches_59,5,-99
NEU,NEU::scratches_6,NEU-DET/train/images/scratches/scratches_6.jpg,scratches_6.jpg,scratches,none,200,200,3,10613,cb03aeb9bd78d5b28768ff9fb9b55edeedfe2617e11400a1391eea34d60ec285,False,NEU-CLS,scratches_6,5,-99
NEU,NEU::scratches_60,NEU-DET/train/images/scratches/scratches_60.jpg,scratches_60.jpg,scratches,none,200,200,3,10425,0c8af0a11fea79c84b240ccaf15d1d958f67f1259ab66b6633e12c86e05c54df,False,NEU-CLS,scratches_60,5,-99
NEU,NEU::scratches_61,NEU-DET/train/images/scratches/scratches_61.jpg,scratches_61.jpg,scratches,none,200,200,3,9639,3eaa5ab2b314c9c0e39e3b164711c4c4032fee3e2bbcd31fd88f4e483787f634,False,NEU-CLS,scratches_61,5,-99
NEU,NEU::scratches_62,NEU-DET/train/images/scratches/scratches_62.jpg,scratches_62.jpg,scratches,none,200,200,3,8184,836b98d7c217f5e61b9bc2e5c0adb7f59db0a2df31943d783581e712b82fb48a,False,NEU-CLS,scratches_62,5,-99
NEU,NEU::scratches_63,NEU-DET/train/images/scratches/scratches_63.jpg,scratches_63.jpg,scratches,none,200,200,3,8576,cddf7573256ad9017ac18d1bfa81e49ae87d0cda40a01ff63d6be0b1ae720348,False,NEU-CLS,scratches_63,5,-99
NEU,NEU::scratches_64,NEU-DET/train/images/scratches/scratches_64.jpg,scratches_64.jpg,scratches,none,200,200,3,8408,7d99c9e9cbaf265ce716c689bbab80e30ea79134559190126afdf2695165619c,False,NEU-CLS,scratches_64,5,-99
NEU,NEU::scratches_65,NEU-DET/train/images/scratches/scratches_65.jpg,scratches_65.jpg,scratches,none,200,200,3,10209,6d0e29f19f167c5e34bce00ec93c0b6f58c3905d23d53fef977d7dd27f2b5ea8,False,NEU-CLS,scratches_65,5,-99
NEU,NEU::scratches_66,NEU-DET/train/images/scratches/scratches_66.jpg,scratches_66.jpg,scratches,none,200,200,3,9458,883988251961da0342ce6f0b3d2a5658d77b78603c246c19f9b325b8b419cd14,False,NEU-CLS,scratches_66,5,-99
NEU,NEU::scratches_67,NEU-DET/train/images/scratches/scratches_67.jpg,scratches_67.jpg,scratches,none,200,200,3,9636,cd9d73852c23f8ddd6a2729fda97cbe965fb20e4c85b21c2f5e44d5ea886a289,False,NEU-CLS,scratches_67,5,-99
NEU,NEU::scratches_68,NEU-DET/train/images/scratches/scratches_68.jpg,scratches_68.jpg,scratches,none,200,200,3,9456,65121e6d4710b6e80a595e3b8212c8c99ae5535bc0b2dd3d1b09c966b09341dd,False,NEU-CLS,scratches_68,5,-99
NEU,NEU::scratches_69,NEU-DET/train/images/scratches/scratches_69.jpg,scratches_69.jpg,scratches,none,200,200,3,7635,61f13b13ef12c191b6191692fecbfb215e939f23c5e8f6b4756e7d8431c1d814,False,NEU-CLS,scratches_69,5,-99
NEU,NEU::scratches_7,NEU-DET/train/images/scratches/scratches_7.jpg,scratches_7.jpg,scratches,none,200,200,3,10680,150ffc419c103081f8c192b60d27d5019512633184d45cc78cc7e8f4413b3b0b,False,NEU-CLS,scratches_7,5,-99
NEU,NEU::scratches_70,NEU-DET/train/images/scratches/scratches_70.jpg,scratches_70.jpg,scratches,none,200,200,3,9183,5e36d31d04d2f41d47ade42df79f55cc74d4a8c32e40c9316a1a0f08ffc50768,False,NEU-CLS,scratches_70,5,-99
NEU,NEU::scratches_71,NEU-DET/train/images/scratches/scratches_71.jpg,scratches_71.jpg,scratches,none,200,200,3,11716,56f53870f0da42c81bd067c953afe9a891e704b0b178bcae46c6c59fc7d3fcaa,False,NEU-CLS,scratches_71,5,-99
NEU,NEU::scratches_72,NEU-DET/train/images/scratches/scratches_72.jpg,scratches_72.jpg,scratches,none,200,200,3,12986,a959ecae55ba0edb6e5fc0622131cf49bd22dec8a386a16da0948df0bd0ff29a,False,NEU-CLS,scratches_72,5,-99
NEU,NEU::scratches_73,NEU-DET/train/images/scratches/scratches_73.jpg,scratches_73.jpg,scratches,none,200,200,3,9489,3d85a326f477da24bf6d84411a65ffbfc93e1a5fd7187fdf3c530e04aed886fb,False,NEU-CLS,scratches_73,5,-99
NEU,NEU::scratches_74,NEU-DET/train/images/scratches/scratches_74.jpg,scratches_74.jpg,scratches,none,200,200,3,10198,7c1919325465e8a762552e839a93c141ca6d44777136e663676fbb3644fc6eaa,False,NEU-CLS,scratches_74,5,-99
NEU,NEU::scratches_75,NEU-DET/train/images/scratches/scratches_75.jpg,scratches_75.jpg,scratches,none,200,200,3,8288,76e7b6a0047b0f68573828f4aa67453e3c515a7f93c7b67bfdcfe9eca518feb7,False,NEU-CLS,scratches_75,5,-99
NEU,NEU::scratches_76,NEU-DET/train/images/scratches/scratches_76.jpg,scratches_76.jpg,scratches,none,200,200,3,9626,80608058e915f920b897fa32d1c3a2ab583f3fd21acd5742f77cfb2c413c8058,False,NEU-CLS,scratches_76,5,-99
NEU,NEU::scratches_77,NEU-DET/train/images/scratches/scratches_77.jpg,scratches_77.jpg,scratches,none,200,200,3,11273,0f30ad864afb086b06c24e27574fb0ebe3412b58ee8173ece1d047eef34116d8,False,NEU-CLS,scratches_77,5,-99
NEU,NEU::scratches_78,NEU-DET/train/images/scratches/scratches_78.jpg,scratches_78.jpg,scratches,none,200,200,3,12649,f49a4f4de991681f64f39e2393a488b5753a603a499b2234b0cbc8d494416f2a,False,NEU-CLS,scratches_78,5,-99
NEU,NEU::scratches_79,NEU-DET/train/images/scratches/scratches_79.jpg,scratches_79.jpg,scratches,none,200,200,3,13933,11528fc593f9a25b6a691f06d1309f34660e6583dd7ea9939e06491eb6b68274,False,NEU-CLS,scratches_79,5,-99
NEU,NEU::scratches_8,NEU-DET/train/images/scratches/scratches_8.jpg,scratches_8.jpg,scratches,none,200,200,3,10393,955c57d2a7b44986a8e17d4171f42c4d17b4f93314cd9a4bf48a3c3e9123e38d,False,NEU-CLS,scratches_8,5,-99
NEU,NEU::scratches_80,NEU-DET/train/images/scratches/scratches_80.jpg,scratches_80.jpg,scratches,none,200,200,3,10044,7be113457f8fc94dee9e4b7a325e6b787999ea83e39f6c7389618582e8146a98,False,NEU-CLS,scratches_80,5,-99
NEU,NEU::scratches_81,NEU-DET/train/images/scratches/scratches_81.jpg,scratches_81.jpg,scratches,none,200,200,3,11014,18601fce531059a2faee79d8b1d9881964b1fd486c837c99fc0bb970bcb9d7ad,False,NEU-CLS,scratches_81,5,-99
NEU,NEU::scratches_82,NEU-DET/train/images/scratches/scratches_82.jpg,scratches_82.jpg,scratches,none,200,200,3,11872,6d38da963a2d6b10870b423a6761769a8e4e6235e4538522cacf503e5ce1c0e5,False,NEU-CLS,scratches_82,5,-99
NEU,NEU::scratches_83,NEU-DET/train/images/scratches/scratches_83.jpg,scratches_83.jpg,scratches,none,200,200,3,12171,3fa1db26236a08d8aa468d37a484fba3351869ff4081fc560f2fad60e3a91e28,False,NEU-CLS,scratches_83,5,-99
NEU,NEU::scratches_84,NEU-DET/train/images/scratches/scratches_84.jpg,scratches_84.jpg,scratches,none,200,200,3,10808,0e25a596a7ddcb6b78b1f608c01a9ab168748556ee87e7feb2293ce3de87cd78,False,NEU-CLS,scratches_84,5,-99
NEU,NEU::scratches_85,NEU-DET/train/images/scratches/scratches_85.jpg,scratches_85.jpg,scratches,none,200,200,3,10669,31a229ddb970db1b9da2ba0c08670ee44380d9e1ecfb0921780a5806bda96663,False,NEU-CLS,scratches_85,5,-99
NEU,NEU::scratches_86,NEU-DET/train/images/scratches/scratches_86.jpg,scratches_86.jpg,scratches,none,200,200,3,8902,cac62465b7def9d197411a35f77cf35b291f957dae5bca8adbc5ad1708744249,False,NEU-CLS,scratches_86,5,-99
NEU,NEU::scratches_87,NEU-DET/train/images/scratches/scratches_87.jpg,scratches_87.jpg,scratches,none,200,200,3,11073,83d98ea2597e4bf47fcaa8fb4f5df31c347fc89bfd88f57d5ef9035b6d013382,False,NEU-CLS,scratches_87,5,-99
NEU,NEU::scratches_88,NEU-DET/train/images/scratches/scratches_88.jpg,scratches_88.jpg,scratches,none,200,200,3,10168,60c8756c32648ebad1dddd7df9a2d5105db9f18941ec159bf0294d760009af51,False,NEU-CLS,scratches_88,5,-99
NEU,NEU::scratches_89,NEU-DET/train/images/scratches/scratches_89.jpg,scratches_89.jpg,scratches,none,200,200,3,7484,2384449a35b02b37ab9678138e8c631214475d595867dfa6c1fa4c83ac5f36b1,False,NEU-CLS,scratches_89,5,-99
NEU,NEU::scratches_9,NEU-DET/train/images/scratches/scratches_9.jpg,scratches_9.jpg,scratches,none,200,200,3,10680,345c4f6e6f0f2fcd9f9be2df77a9a9ac9bcb74a3594fb51ebec3ef9c5ea1ba41,False,NEU-CLS,scratches_9,5,-99
NEU,NEU::scratches_90,NEU-DET/train/images/scratches/scratches_90.jpg,scratches_90.jpg,scratches,none,200,200,3,9305,3ab8a57c251a314ecb243bd97375429ffcf365f30b79042642b0d2e7c57ec820,False,NEU-CLS,scratches_90,5,-99
NEU,NEU::scratches_91,NEU-DET/train/images/scratches/scratches_91.jpg,scratches_91.jpg,scratches,none,200,200,3,10067,813631d06c87300d272a76afcfee0cd684879c9ef83c2b54a2d01ff13691ca80,False,NEU-CLS,scratches_91,5,-99
NEU,NEU::scratches_92,NEU-DET/train/images/scratches/scratches_92.jpg,scratches_92.jpg,scratches,none,200,200,3,9775,78f0f67d7827a24cee83e9e3f8c7698f362bb37725243568d2ef547d66945704,False,NEU-CLS,scratches_92,5,-99
NEU,NEU::scratches_93,NEU-DET/train/images/scratches/scratches_93.jpg,scratches_93.jpg,scratches,none,200,200,3,10444,f2c63aa948bc31467e855168bb2b85fd37c2564c555d61655ceee222662037d3,False,NEU-CLS,scratches_93,5,-99
NEU,NEU::scratches_94,NEU-DET/train/images/scratches/scratches_94.jpg,scratches_94.jpg,scratches,none,200,200,3,10774,f800f9f5e2181940b19a12bd8d488d374bf2d3f17ba8aee0a3708b222c5e8996,False,NEU-CLS,scratches_94,5,-99
NEU,NEU::scratches_95,NEU-DET/train/images/scratches/scratches_95.jpg,scratches_95.jpg,scratches,none,200,200,3,9700,cf7df984c2b5a1d0dedc493859c99729645d851fc2c136e847acde750b1e1e78,False,NEU-CLS,scratches_95,5,-99
NEU,NEU::scratches_96,NEU-DET/train/images/scratches/scratches_96.jpg,scratches_96.jpg,scratches,none,200,200,3,8118,f1901ab02ee93901ed9f372eb0060c5ba09fabaec1e9a18faa56652eff8ed9f2,False,NEU-CLS,scratches_96,5,-99
NEU,NEU::scratches_97,NEU-DET/train/images/scratches/scratches_97.jpg,scratches_97.jpg,scratches,none,200,200,3,10454,a676d6115dd0e39e2cf5ee2e8aa6cf784c6d6b1156f7da3f202e962bf5f67d32,False,NEU-CLS,scratches_97,5,-99
NEU,NEU::scratches_98,NEU-DET/train/images/scratches/scratches_98.jpg,scratches_98.jpg,scratches,none,200,200,3,9499,38d29272c69d03f3dae4da3fa497ba33bcb3f19caf3fdcb65d5773bbced0f585,False,NEU-CLS,scratches_98,5,-99
NEU,NEU::scratches_99,NEU-DET/train/images/scratches/scratches_99.jpg,scratches_99.jpg,scratches,none,200,200,3,11834,b69942dc74c0fec6a6d6166831f68b4273558ae5ba4b10e67688106bcb309cab,False,NEU-CLS,scratches_99,5,-99
